customer_id,first_name,last_name,email,signup_date,city,state,is_active
1,Danielle,Johnson,,2023-06-22,Johnberg,WA,1
2,Curtis,Yang,curtis.yang2@example.com,2025-04-27,,ND,1
3,Christopher,Henderson,christopher.henderson3@example.com,2023-02-11,North Jefferyhaven,PA,1
4,Anthony,Gonzalez,not-an-email,2024-03-08,Robinsonshire,KY,1
5,Lisa,Smith,lisa.smith5@example.com,2024-06-06,Lake Roberto,KY,1
6,Eric,Bernard,eric.bernard6@example.com,2023-03-09,Curtisfurt,CT,1
7,Michael,Cooper,michael.cooper7@example.com,2024-07-15,,KS,1
8,Lindsay,Blair,lindsay.blair8@example.com,2023-05-04,South Christianport,MP,1
9,Courtney,Mcclure,courtney.mcclure9@example.com,2023-09-10,Barbaraland,AZ,1
10,Donna,Mejia,donna.mejia10@example.com,2023-09-23,Port Jesseville,MS,0
11,Joshua,Reid,joshua.reid11@example.com,2023-12-08,Franciscostad,IL,1
12,Elizabeth,Miles,elizabeth.miles12@example.com,2024-05-05,New Cynthiaside,VA,1
13,John,Ford,john.ford13@example.com,2023-11-27,Veronicaside,IN,1
14,Gabrielle,Cameron,gabrielle.cameron14@example.com,2024-01-19,East Lydiamouth,MO,1
15,Joseph,Clark,joseph.clark15@example.com,2024-07-16,Jasonfort,MO,1
16,Nicole,Day,nicole.day16@example.com,2023-06-20,West Donald,WA,1
17,Anna,Baker,anna.baker17@example.com,2024-12-28,Hurstfurt,,1
18,Michael,Osborn,michael.osborn18@example.com,2025-04-14,New Trevor,WV,1
19,Brandon,Rodriguez,brandon.rodriguez19@example.com,2023-01-06,Port Erin,PA,1
20,Bryan,James,bryan.james20@example.com,2023-06-15,Riceside,VI,1
21,Sherri,Frazier,sherri.frazier21@example.com,2023-09-08,Lake Nicoleview,,1
22,Kayla,Peterson,kayla.peterson22@example.com,2023-01-31,Ryanmouth,AL,1
23,Stephanie,Liu,stephanie.liu23@example.com,2024-01-10,Teresaburgh,NY,1
24,Rita,Harrell,rita.harrell24@example.com,2025-04-07,Meaganhaven,PA,1
25,James,Brooks,james.brooks25@example.com,2024-10-19,New Stephanie,NC,1
26,Samantha,George,samantha.george26@example.com,2024-09-11,Smithstad,FM,1
27,Tricia,Roman,tricia.roman27@example.com ,2023-12-16,North John,,1
28,Ashley,Miller,ashley.miller28@example.com,2023-04-02,Cabreraside,WI,1
29,David,Keller,david.keller29@example.com,2025-01-24,West Allison,PA,1
30,Rodney,Lewis,rodney.lewis30@example.com,2025-01-04,Lake Larry,TN,1
31,Debra,Kim,debra.kim31@example.com,2024-12-26,Martinezbury,CA,1
32,Matthew,Chapman,matthew.chapman32@example.com,2024-06-11,New Jeffrey,CA,1
33,Jean,Brown,jean.brown33@example.com,2023-10-13,North Micheleland,NY,1
34,John,Caldwell,john.caldwell34@example.com,2023-06-02,New David,FM,0
35,Ashley,Kennedy,ashley.kennedy35@example.com,2024-01-03,Aguirreborough,CT,1
36,Collin,Jordan,,2024-08-11,Jenkinston,TX,1
37,Denise,Lucas,denise.lucas37@example.com,2024-03-19,South Jessicaville,IA,1
38,James,Herrera,james.herrera38@example.com,2023-08-29,South Isaiah,NH,1
39,John,Leblanc,john.leblanc39@example.com,2024-05-02,Mortonside,CT,1
40,Brent,Kidd,brent.kidd40@example.com,2025-02-27,North Sarabury,GA,1
41,Richard,Olson,richard.olson41@example.com,2023-07-06,Barreraburgh,MS,1
42,Aaron,Myers,aaron.myers42@example.com,2025-03-23,Mitchellside,TN,1
43,Jennifer,Moore,jennifer.moore43@example.com,2023-07-23,Jeffton,OR,1
44,Jill,Brown,jill.brown44@example.com,2024-12-12,Brianshire,NJ,1
45,Wesley,Farrell,wesley.farrell45@example.com,2023-07-25,North Susan,CO,1
46,Melissa,Jones,melissa.jones46@example.com,2025-04-23,Lake Michellefurt,DE,1
47,Shelly,Hudson,shelly.hudson47@example.com,2024-04-10,New Christophershire,OK,1
48,Alexandra,Donovan,alexandra.donovan48@example.com,2023-08-30,Lake Jennifer,IA,1
49,Joseph,Anderson,joseph.anderson49@example.com,2024-02-15,Stephenland,AL,1
50,Stephen,Murillo,,2024-03-05,North Amandahaven,KS,0
51,David,Bailey,david.bailey51@example.com,2023-09-09,East Mikeburgh,,1
52,Samuel,Daniels,samuel.daniels52@example.com,2023-08-20,Cherylhaven,AL,1
53,Elizabeth,Spencer,elizabeth.spencer53@example.com,2024-04-23,East Josephville,WA,1
54,Angela,Nelson,angela.nelson54@example.com,2024-01-23,Lake Matthew,TX,0
55,Cynthia,Baker,cynthia.baker55@example.com,2023-08-29,Kington,CO,1
56,Cynthia,Calderon,,2024-10-02,North Matthewberg,SC,0
57,Tina,Martin,tina.martin57@example.com,2024-01-21,Arnoldchester,OH,1
58,Alec,Jones,alec.jones58@example.com,2023-12-12,New Barry,MN,1
59,Brandi,Hernandez,,2023-12-13,North Kyle,MH,1
60,Sarah,Stanton,sarah.stanton60@example.com,2024-03-09,West Jasonbury,TN,1
61,Curtis,Deleon,curtis.deleon61@example.com,2023-02-12,Dicksonberg,IA,1
62,Michelle,Cherry,michelle.cherry62@example.com,2023-06-18,South Angel,WA,0
63,Sandra,Patton,sandra.patton63@example.com,2023-06-29,Phambury,KY,1
64,Erik,Haynes,erik.haynes64@example.com,2025-04-16,Brennanfort,IN,1
65,James,Sellers,james.sellers65@example.com,2024-05-27,Kevinbury,IN,1
66,Andrew,Lee,andrew.lee66@example.com,2024-09-26,Joshualand,WI,1
67,Joshua,May,joshua.may67@example.com,2024-08-11,Frazierside,MA,1
68,Sheila,Wilson,sheila.wilson68@example.com,2023-01-01,Gregoryview,AZ,1
69,Daniel,Hamilton,daniel.hamilton69@example.com,2024-11-17,Samuelhaven,DE,1
70,Paul,Ray,paul.ray70@example.com,2023-09-21,Bradleychester,AL,1
71,April,Drake,april.drake71@example.com,2023-12-31,West Ryan,TN,1
72,Samantha,Hanson,samantha.hanson72@example.com,2025-01-08,Lake Rachelhaven,ME,1
73,Elizabeth,Nguyen,elizabeth.nguyen73@example.com,2024-08-19,Angelaborough,,1
74,Robert,Bentley,robert.bentley74@example.com,2023-06-15,New Ashley,MO,1
75,Amy,Smith,amy.smith75@example.com,2024-01-23,Jasonshire,PA,1
76,Diana,Marshall,diana.marshall76@example.com,2024-05-07,Lowehaven,NJ,1
77,Laura,Moyer,laura.moyer77@example.com,2024-11-23,Lake Christopher,NY,1
78,Elizabeth,Harvey,elizabeth.harvey78@example.com,2024-03-06,Port Stephaniebury,TX,1
79,Lance,Drake,lance.drake79@example.com,2024-03-19,North Brandon,NJ,1
80,Cheryl,Mack,cheryl.mack80@example.com,2024-08-18,Perryshire,ID,1
81,Jennifer,Cruz,jennifer.cruz81@example.com,2024-10-07,Sancheztown,MH,0
82,Karen,Carrillo,karen.carrillo82@example.com,2023-01-31,Port Ronaldburgh,,1
83,Linda,Dominguez,linda.dominguez83@example.com,2024-08-28,Williamsbury,PW,1
84,Melinda,Bryant,melinda.bryant84@example.com,2023-12-09,Contrerasside,PA,1
85,Logan,Fischer,logan.fischer85@example.com,2024-09-20,Salazarhaven,NE,1
86,Maria,Kelley,maria.kelley86@example.com,2024-09-04,Lake Michelle,NV,1
87,Jonathon,Wright,jonathon.wright87@example.com,2023-10-10,Katiehaven,NM,1
88,Courtney,Hill,courtney.hill88@example.com,2024-08-11,Lake Justinview,MA,1
89,Luis,Fernandez,luis.fernandez89@example.com,2025-04-17,East Jesse,UT,0
90,Eric,Lewis,eric.lewis90@example.com,2023-03-04,Russellside,NH,1
91,Robert,Clark,robert.clark91@example.com,2023-07-16,Priceshire,UT,1
92,Andrew,Gilmore,andrew.gilmore92@example.com,2024-07-27,Woodsstad,ME,1
93,Karen,Castaneda,KAREN.CASTANEDA93@EXAMPLE.COM,2024-04-28,Medinaside,AS,1
94,Carrie,Walker,carrie.walker94@example.com,2023-11-05,West Ryan,AK,1
95,Paul,Caldwell,paul.caldwell95@example.com,2023-07-08,,AS,1
96,Richard,Martin,richard.martin96@example.com,2023-04-18,Calhounside,AK,1
97,Rebecca,Vargas,rebecca.vargas97@example.com,2024-07-16,North Dawnberg,VI,1
98,Steven,Williams,steven.williams98@example.com,2024-02-24,Murphymouth,MD,1
99,Matthew,Hobbs,matthew.hobbs99@example.com,2024-02-21,Karenchester,KS,1
100,Mary,Ruiz,mary.ruiz100@example.com,2024-12-22,West Jeffreyland,WI,1
101,Susan,Williams,susan.williams101@example.com,2025-01-27,East Jamestown,RI,1
102,Elijah,Martinez,elijah.martinez102@example.com,2024-03-05,New Staciemouth,UT,1
103,Jonathan,Wood,jonathan.wood103@example.com,2024-01-09,Port Loriport,CT,1
104,Beth,Hickman,beth.hickman104@example.com,2023-12-11,Sandersborough,CA,1
105,Brittany,Rivas,brittany.rivas105@example.com,2024-06-18,North Heidi,ME,1
106,Melissa,Burke,melissa.burke106@example.com,2024-01-26,Port Tonyaton,MI,0
107,Amanda,Stanley,amanda.stanley107@example.com,2023-10-15,New Deborahtown,PR,1
108,Robert,Henry,robert.henry108@example.com,2024-03-15,Yumouth,VT,1
109,Eric,Thompson,eric.thompson109@example.com,2025-04-09,Christinaside,WI,0
110,Timothy,Graham,TIMOTHY.GRAHAM110@EXAMPLE.COM,2025-02-01,Marcusbury,MP,0
111,Sarah,Ramirez,sarah.ramirez111@example.com,2024-01-28,Sanchezmouth,OK,1
112,Cheryl,Gray,cheryl.gray112@example.com,2023-03-25,South Melissaburgh,NM,1
113,Jason,Salinas,jason.salinas113@example.com,2024-10-08,Joshuaview,OH,1
114,Alejandro,Vaughan,alejandro.vaughan114@example.com,2024-11-18,East Jenniferfort,OH,1
115,Katherine,Vaughn,katherine.vaughn115@example.com,2023-06-04,Westtown,CO,1
116,Kelly,Sullivan,kelly.sullivan116@example.com,2023-09-28,West Elizabeth,MN,1
117,Thomas,Schmidt,thomas.schmidt117@example.com,2023-02-20,Barajasside,MA,1
118,Michael,Chavez,michael.chavez118@example.com,2024-02-15,Johnville,VA,1
119,James,Wilson,james.wilson119@example.com,2025-04-25,East Javier,NJ,1
120,Joshua,Lawrence,joshua.lawrence120@example.com,2024-04-22,Tinaborough,LA,1
121,Jeremy,White,jeremy.white121@example.com,2024-04-17,Lake Amandaview,AZ,1
122,Terri,Tran,terri.tran122@example.com,2023-03-03,Lake Miranda,NM,1
123,Curtis,Smith,curtis.smith123@example.com,2023-02-02,Taylormouth,MA,1
124,Jack,Williams,jack.williams124@example.com,2024-12-31,Wilsonland,MO,1
125,Travis,Ray,travis.ray125@example.com,2025-02-02,East Edwardshire,ME,1
126,Christopher,Wright,christopher.wright126@example.com,2023-09-07,Obrienbury,WI,1
127,Alexandra,Hayes,alexandra.hayes127@example.com,2023-02-27,Evansshire,NE,1
128,Kevin,Oliver,,2025-03-10,Port Jaredborough,KS,1
129,Donna,Moore,donna.moore129@example.com,2025-02-13,New Charles,AL,0
130,Ricky,Norris,ricky.norris130@example.com,2024-11-11,,NJ,1
131,Kelly,Hall,KELLY.HALL131@EXAMPLE.COM,2023-09-04,Jacquelinemouth,CA,1
132,Grace,Bradshaw,grace.bradshaw132@example.com,2023-07-02,South Danny,IN,1
133,Deborah,Kerr,deborah.kerr133@example.com,2024-10-07,North Brian,WY,1
134,Kyle,Curry,kyle.curry134@example.com,2025-02-28,Scottmouth,UT,1
135,Kevin,Powell,kevin.powell135@example.com,2024-06-11,Vincentfort,NV,1
136,Christopher,Williams,christopher.williams136@example.com,2025-01-30,Navarroview,AK,1
137,Christopher,Hayden,christopher.hayden137@example.com,2024-08-08,Port Emilyview,OK,1
138,Billy,Avila,billy.avila138@example.com,2023-12-29,Stonemouth,PW,0
139,Joshua,Shea,joshua.shea139@example.com,2024-08-15,Waltersfort,CO,1
140,Theodore,Ortiz,theodore.ortiz140@example.com,2023-02-27,Elizabethburgh,MA,1
141,Robert,Simpson,robert.simpson141@example.com,2023-06-04,Cervantesside,AZ,1
142,Shawn,Edwards,shawn.edwards142@example.com,2023-08-28,Darrellfurt,VI,1
143,Xavier,Travis,xavier.travis143@example.com,2023-05-05,Gutierrezborough,NC,1
144,Michael,Avila,michael.avila144@example.com,2025-01-28,Wolfborough,KY,0
145,Andrea,Pennington,andrea.pennington145@example.com,2023-12-20,Gilmorefort,DE,1
146,Anthony,Mccoy,anthony.mccoy146@example.com,2024-11-20,,AS,1
147,John,Moore,john.moore147@example.com,2024-07-10,New Rickybury,MP,1
148,Robin,Murray,robin.murray148@example.com,2023-09-22,Lake Marilynfort,VT,1
149,Kelly,Thornton,kelly.thornton149@example.com,2023-08-11,Davenportfort,IA,1
150,Stephen,Thomas,stephen.thomas150@example.com,2024-12-23,New William,FM,1
151,Derek,Jones,derek.jones151@example.com,2024-04-09,Morganhaven,KY,1
152,Lori,Campbell,lori.campbell152@example.com,2024-08-20,Maryshire,TN,1
153,Tracy,Hernandez,,2024-04-03,Reedside,WV,1
154,Amy,Gibson,amy.gibson154@example.com,2023-03-18,Mollybury,OK,1
155,Patrick,Chase,patrick.chase155@example.com,2023-12-24,Williamsfort,VT,1
156,Robin,James,robin.james156@example.com,2023-08-01,South Tammie,DC,1
157,Wayne,Lawrence,wayne.lawrence157@example.com,2024-07-20,Port Meganville,NC,1
158,Renee,Smith,renee.smith158@example.com,2023-07-25,South Monica,FL,1
159,Charles,Harrington,charles.harrington159@example.com,2023-09-13,Matthewfurt,SD,1
160,Christopher,Murphy,christopher.murphy160@example.com,2024-06-10,Finleyfort,VI,1
161,Amber,Williamson,amber.williamson161@example.com,2024-09-09,Lake Gabrielle,LA,1
162,Wendy,Francis,wendy.francis162@example.com,2025-04-13,Goodville,NV,1
163,Garrett,Evans,garrett.evans163@example.com,2024-07-31,,AK,1
164,Brandon,Flynn,brandon.flynn164@example.com,2023-12-10,Michaelchester,FL,1
165,John,Jenkins,john.jenkins165@example.com,2023-07-01,East Gregory,RI,1
166,Monica,Harvey,monica.harvey166@example.com,2025-04-15,South Roberta,FL,0
167,Jesse,Little,jesse.little167@example.com,2024-10-13,Scotttown,MH,1
168,Linda,Santana,linda.santana168@example.com,2024-09-25,North Scott,MI,1
169,Vanessa,Evans,vanessa.evans169@example.com,2024-01-02,Vaughnmouth,PR,0
170,Kevin,Kidd,kevin.kidd170@example.com,2024-07-11,Rodriguezfurt,OK,1
171,Michael,Phillips,michael.phillips171@example.com,2023-05-23,Andrewfurt,KY,1
172,Alan,Grimes,alan.grimes172@example.com,2024-01-14,New Julieport,WI,1
173,Lauren,Lawson,lauren.lawson173@example.com,2023-12-02,Jefferyborough,RI,1
174,John,Campos,john.campos174@example.com,2024-03-06,Lake Colton,SC,1
175,Debbie,Parker,debbie.parker175@example.com,2023-02-10,Johnsonstad,VA,1
176,David,Browning,david.browning176@example.com,2024-02-17,Julieburgh,ID,1
177,David,Ryan,david.ryan177@example.com,2024-07-16,Alyssaview,MP,1
178,Franklin,Sloan,franklin.sloan178@example.com,2025-03-21,,NJ,1
179,Tammy,Phillips,tammy.phillips179@example.com,2024-10-24,Lindamouth,CA,1
180,Donald,Levy,donald.levy180@example.com,2023-08-19,Coffeyside,MN,1
181,Christopher,Foster,christopher.foster181@example.com,2025-04-04,Amandamouth,MN,1
182,Emily,Chambers,emily.chambers182@example.com,2023-12-01,Carsonstad,CT,1
183,Emily,Ruiz,emily.ruiz183@example.com,2023-05-28,Rosebury,SD,1
184,Bryan,Colon,bryan.colon184@example.com,2025-01-06,Debraville,DC,1
185,Brandon,Johnson,brandon.johnson185@example.com,2023-07-22,Wilsonbury,FM,1
186,Amanda,Price,amanda.price186@example.com,2024-07-03,Ellenside,MT,1
187,Brenda,Barber,brenda.barber187@example.com,2024-03-22,Penafort,RI,1
188,Ricky,Lynn,ricky.lynn188@example.com,2023-12-15,Lake Mitchellmouth,NV,1
189,Stephanie,Foley,stephanie.foley189@example.com,2023-12-18,Lake Michaelstad,AR,1
190,Raymond,Lopez,raymond.lopez190@example.com,2023-02-10,Port Madisonland,TN,1
191,Jason,Fowler,jason.fowler191@example.com,2024-04-24,North Kristinbury,DC,1
192,Kristin,Harris,kristin.harris192@example.com,2023-04-19,,MP,1
193,Kathy,Clark,kathy.clark193@example.com,2024-10-14,Port Molly,MA,0
194,Kim,Kramer,kim.kramer194@example.com,2023-05-12,West Micheleberg,DC,1
195,Amber,Lindsey,amber.lindsey195@example.com,2024-11-19,Lake Michelleberg,AL,1
196,Michael,Kramer,michael.kramer196@example.com,2023-06-26,Alfredview,AR,1
197,David,Fisher,,2024-04-24,Lake Brycemouth,WI,1
198,Michael,Wheeler,michael.wheeler198@example.com,2024-04-13,Gordonton,VA,1
199,Krista,Camacho,krista.camacho199@example.com,2025-02-11,Stephentown,AR,1
200,Yolanda,Boone,yolanda.boone200@example.com,2024-07-04,,,0
201,Ronald,Rodriguez,ronald.rodriguez201@example.com,2024-05-01,Jonesland,MD,1
202,Charlene,Jones,charlene.jones202@example.com,2023-02-02,Claudiashire,OH,1
203,Jennifer,James,jennifer.james203@example.com,2024-07-16,Shawnchester,CT,1
204,Laura,Wilson,laura.wilson204@example.com,2024-09-06,South Shannon,IN,1
205,Robert,Wilcox,robert.wilcox205@example.com,2023-06-27,Perryville,MD,0
206,Ronald,Ortega,ronald.ortega206@example.com,2023-08-18,Stephaniefort,CA,1
207,Christopher,Miller,christopher.miller207@example.com,2023-04-28,Davisstad,AS,1
208,David,Brown,david.brown208@example.com,2024-11-28,Elizabethchester,MI,1
209,Morgan,Pugh,morgan.pugh209@example.com,2024-05-06,Parrishton,LA,1
210,Caroline,Bell,caroline.bell210@example.com,2023-03-29,East Diane,IN,1
211,Melanie,Bell,melanie.bell211@example.com,2024-03-21,Dannyview,OK,1
212,Jeremy,Patterson,jeremy.patterson212@example.com,2024-12-19,New Sarahview,AK,0
213,Henry,Park,henry.park213@example.com,2023-10-20,Sandrastad,AL,1
214,Howard,Thomas,howard.thomas214@example.com,2024-06-17,Jonestown,CO,1
215,Julie,Lewis,julie.lewis215@example.com,2024-11-13,Chavezburgh,MN,1
216,Larry,Nguyen,larry.nguyen216@example.com,2024-06-09,North Ericton,TX,1
217,Christopher,Ramos,christopher.ramos217@example.com,2024-08-23,Tuckermouth,MT,1
218,Joshua,Fischer,joshua.fischer218@example.com,2024-06-01,West Russellport,TX,1
219,Erika,Tucker,erika.tucker219@example.com,2024-08-31,Brandonfurt,PA,1
220,Brian,Harris,brian.harris220@example.com,2024-05-25,Port Derrick,KS,1
221,Keith,Wilson,keith.wilson221@example.com,2025-03-28,Burgessburgh,,1
222,David,Patel,david.patel222@example.com,2023-11-29,New Angelica,TN,1
223,Linda,Jones,linda.jones223@example.com,2024-04-04,South Andrewland,VI,1
224,Lawrence,Patterson,lawrence.patterson224@example.com,2023-02-28,Mckinneychester,LA,1
225,Darius,Smith,darius.smith225@example.com,2023-10-08,Georgemouth,MP,1
226,Hannah,Cox,hannah.cox226@example.com,2024-09-30,Richardbury,NE,1
227,Brianna,Warren,brianna.warren227@example.com,2024-11-28,Harrellmouth,IN,0
228,Mason,Jackson,mason.jackson228@example.com,2023-10-29,New Williamstad,MI,1
229,Jessica,Fuentes,jessica.fuentes229@example.com,2024-08-16,East Curtis,KS,1
230,James,Morrison,james.morrison230@example.com,2024-01-24,East Stephaniefort,NH,1
231,Karen,Wolf,karen.wolf231@example.com,2025-03-12,Maldonadoshire,SD,0
232,Cynthia,Weber,cynthia.weber232@example.com,2023-08-17,Edwardland,NJ,1
233,Scott,Turner,scott.turner233@example.com,2023-02-11,Brittanystad,NY,1
234,Charles,Murray,,2023-12-15,North Miguelport,CA,1
235,Deanna,Madden,deanna.madden235@example.com,2023-08-15,New Brookefurt,NH,1
236,Betty,Best,betty.best236example.com,2024-12-29,South Reginashire,SD,1
237,Jacob,Jacobs,jacob.jacobs237@example.com,2025-03-30,North Shannon,AS,1
238,Rachel,Cooper,rachel.cooper238@example.com,2024-12-11,New Debbieton,IA,1
239,Jasmine,Ritter,jasmine.ritter239@example.com,2024-01-11,,NC,1
240,Alexandra,Moore,alexandra.moore240@example.com,2023-10-18,Samanthafurt,MT,1
241,Kim,Shelton,kim.shelton241@example.com,2025-02-27,,AR,1
242,Kristina,Holland,kristina.holland242@example.com,2024-08-23,,CA,1
243,Mark,Grant,mark.grant243@example.com,2023-06-11,Mitchellberg,MA,1
244,Christopher,Alvarado,christopher.alvarado244@example.com,2023-09-29,Kylefurt,DC,1
245,Brooke,Hurley,brooke.hurley245@example.com,2023-07-29,Angelicamouth,GU,1
246,David,Warner,david.warner246@example.com,2023-11-06,Lake Ellenhaven,MN,1
247,Andrew,Parker,andrew.parker247@example.com,2025-01-05,West Stacey,NM,1
248,James,Cooke,james.cooke248@example.com,2024-05-30,North Kenneth,WY,1
249,Craig,Wise,craig.wise249@example.com,2024-08-23,Lake Matthewberg,PA,1
250,Nicholas,Martin,nicholas.martin250@example.com,2024-02-19,Lake Samuel,MT,1
251,Michael,Ball,michael.ball251@example.com,2025-04-27,Bishopmouth,IN,1
252,Amanda,Collins,amanda.collins252@example.com,2024-10-23,Mckeeborough,MN,0
253,Erika,Hudson,erika.hudson253@example.com,2024-11-06,Murrayport,WI,1
254,Patrick,Rose,patrick.rose254@example.com,2024-07-18,Port James,PA,1
255,Devon,Wright,,2024-11-11,Sawyerside,CT,1
256,Jennifer,Black,jennifer.black256@example.com,2024-08-17,West Christopherburgh,KY,1
257,Shannon,Palmer,shannon.palmer257@example.com,2024-11-20,Davisbury,GU,1
258,Shannon,Bailey,shannon.bailey258example.com,2024-01-23,South Brianhaven,MN,1
259,Joe,Vang,joe.vang259@example.com,2024-02-09,Jeffreymouth,CT,0
260,Mary,Santos,mary.santos260@example.com,2023-11-07,East Benjamin,PW,1
261,Maria,Horton,maria.horton261@example.com,2023-05-17,Port Janice,NV,1
262,Christina,Bullock,christina.bullock262@example.com,2025-04-22,West Jasonberg,OH,1
263,Shelby,Lynch,shelby.lynch263@example.com,2023-09-28,Rodriguezport,IA,1
264,Kevin,Williams,,2025-02-06,Fowlermouth,CA,1
265,Daniel,Stein,daniel.stein265@example.com,2023-07-21,Lake Zacharybury,VT,1
266,Douglas,Patterson,douglas.patterson266@example.com,2025-03-27,Johnchester,HI,1
267,Elizabeth,Miller,elizabeth.miller267@example.com,2023-04-26,Carloshaven,ND,1
268,William,Mcneil,william.mcneil268@example.com,2023-10-10,South Morganton,SC,1
269,Paul,Brooks,paul.brooks269@example.com,2025-03-15,West Kristinastad,IA,1
270,Jessica,Fuller,jessica.fuller270@example.com,2025-03-17,Dennisstad,ND,1
271,Matthew,Day,matthew.day271@example.com,2023-07-14,Pollardfort,SC,1
272,Ian,Taylor,ian.taylor272@example.com,2023-08-28,Johnsonborough,AZ,0
273,Kylie,Blackwell,kylie.blackwell273example.com,2023-03-05,Sarahhaven,MO,1
274,Veronica,Daniels,veronica.daniels274@example.com,2024-10-09,Benjaminborough,LA,1
275,Michael,Norman,michael.norman275@example.com,2024-04-14,Joshuastad,NE,1
276,Pamela,Paul,pamela.paul276@example.com,2023-04-04,Morganburgh,NM,1
277,Heather,Richardson,heather.richardson277@example.com,2024-05-11,Lauriechester,CO,1
278,Ryan,Carney,ryan.carney278@example.com,2023-06-14,New Kelly,CT,1
279,Christopher,Guerrero,christopher.guerrero279@example.com,2024-03-26,Seanchester,GA,0
280,Hannah,Bell,hannah.bell280@example.com,2024-05-23,Lake Mollystad,RI,0
281,Whitney,Hill,whitney.hill281@example.com,2024-12-26,,WY,1
282,Stacy,Jones,stacy.jones282@example.com,2024-01-09,Coxburgh,AK,1
283,Douglas,Lawson,douglas.lawson283example.com,2025-01-01,Johnsonland,IA,1
284,Kimberly,Diaz,kimberly.diaz284@example.com,2024-09-18,Herrington,PA,1
285,Eric,Cole,eric.cole285@example.com,2023-04-25,Nathanland,OK,1
286,Devin,Richardson,devin.richardson286@example.com,2023-07-04,Debrabury,DE,1
287,Anthony,Lopez,anthony.lopez287@example.com,2024-07-21,Mcintyreville,KS,1
288,Kimberly,Padilla,kimberly.padilla288@example.com,2023-08-01,New Justin,PW,1
289,Yolanda,Gonzalez,yolanda.gonzalez289@example.com,2023-08-06,Port Charles,HI,1
290,Rachel,Wallace,rachel.wallace290@example.com,2024-04-09,Port Evelynmouth,TN,1
291,Michael,Brown,michael.brown291@example.com,2025-01-07,Patriciaburgh,VT,1
292,Jenna,Graves,jenna.graves292@example.com,2023-02-11,Port Michael,IN,1
293,David,Harris,david.harris293@example.com,2023-12-20,East Kristy,AK,1
294,Michael,Armstrong,michael.armstrong294@example.com,2024-08-13,,NH,1
295,Linda,Arnold,linda.arnold295@example.com,2023-01-30,North Kylefort,NC,1
296,Robert,Ortiz,robert.ortiz296@example.com,2025-01-02,East Teresaland,NV,1
297,Steven,Holmes,steven.holmes297@example.com,2024-05-19,Port Kimberly,SC,1
298,Briana,Saunders,briana.saunders298@example.com,2025-04-08,South Wesley,VI,1
299,Brian,Martinez,brian.martinez299@example.com,2024-02-15,West Fred,MD,1
300,Sarah,Perez,sarah.perez300@example.com,2024-04-07,Meghanview,ID,1
301,Cynthia,Pierce,cynthia.pierce301@example.com,2024-02-29,Lake Kevin,ND,1
302,Clarence,Davidson,clarence.davidson302@example.com,2024-06-20,East Donna,VA,1
303,Rachel,Morgan,rachel.morgan303@example.com,2024-06-22,Port Michelleland,AZ,1
304,Stacy,Wise,stacy.wise304@example.com,2024-02-26,Debrashire,MT,1
305,Christine,Johnson,christine.johnson305@example.com,2024-01-12,Dawnport,NJ,1
306,John,Aguirre,john.aguirre306@example.com,2024-05-28,Evansland,,1
307,Haley,Moore,haley.moore307@example.com,2023-09-03,Washingtonborough,MA,1
308,Catherine,Edwards,catherine.edwards308@example.com,2024-03-22,Jessicastad,MO,1
309,David,Wood,david.wood309@example.com,2025-04-11,,OH,1
310,Daniel,Allen,daniel.allen310@example.com,2023-10-01,West Shannonberg,CT,1
311,Brent,Dougherty,brent.dougherty311@example.com ,2024-03-25,Wrightburgh,GU,1
312,Mark,Lane,mark.lane312@example.com,2025-04-23,Jamesburgh,NM,1
313,Wendy,Owens,wendy.owens313@example.com,2023-06-24,Tylerland,MO,1
314,William,Levy,william.levy314@example.com,2024-06-07,New Michael,AR,1
315,Juan,Harper,juan.harper315@example.com,2024-09-21,Mitchelltown,PR,1
316,Daniel,Anderson,daniel.anderson316@example.com,2023-08-07,,KS,1
317,Jessica,Gallagher,jessica.gallagher317@example.com,2024-02-19,Brandonton,,1
318,Ashley,Lee,ashley.lee318@example.com,2024-01-03,Charleshaven,NV,1
319,Kathy,Ramirez,kathy.ramirez319@example.com,2024-04-28,East Theresafurt,MN,1
320,Laura,Morgan,laura.morgan320@example.com,2023-07-27,Kariborough,PA,1
321,William,Porter,william.porter321@example.com,2025-01-01,North Derrickmouth,AS,1
322,Thomas,Bryant,thomas.bryant322@example.com,2023-05-08,West Sarah,MD,1
323,Francisco,Ewing,francisco.ewing323@example.com,2025-04-30,Brittneyhaven,MP,1
324,William,Burns,william.burns324@example.com,2024-11-17,Thomastown,MN,1
325,Mark,Rodriguez,mark.rodriguez325@example.com,2023-03-28,Silvatown,PA,1
326,Thomas,Coffey,thomas.coffey326@example.com,2024-04-23,Lake Brett,NJ,1
327,George,Fuller,george.fuller327@example.com,2023-03-12,Hernandezbury,AZ,1
328,Ashley,Graves,,2025-01-03,North Scott,MT,1
329,Edward,Vaughn,edward.vaughn329@example.com,2024-10-15,Shawfort,VI,1
330,Melinda,Luna,melinda.luna330@example.com,2023-05-05,New Jared,MD,1
331,Whitney,Mendoza,whitney.mendoza331@example.com,2023-10-05,Edwardsburgh,NH,1
332,Rhonda,Peterson,rhonda.peterson332@example.com,2023-02-05,Ericaview,RI,1
333,Todd,Bernard,todd.bernard333@example.com,2023-12-23,Angelabury,ME,1
334,Kellie,Bush,,2023-06-25,Stewartstad,OH,0
335,Sarah,Pope,sarah.pope335@example.com,2023-01-25,Keithshire,TX,1
336,Amy,Huang,amy.huang336@example.com,2023-03-17,Cardenasberg,LA,1
337,Bobby,Moses,bobby.moses337@example.com,2023-03-29,West Sandraview,WA,1
338,Timothy,Harris,timothy.harris338@example.com,2024-05-13,Sarahview,DC,1
339,Daniel,Yang,daniel.yang339@example.com,2024-03-03,East Brent,MH,1
340,Amanda,Little,amanda.little340@example.com,2024-10-25,North Robertfort,CT,1
341,Erin,Taylor,erin.taylor341@example.com,2025-03-25,South Denise,FM,1
342,Natalie,Woods,natalie.woods342@example.com,2025-01-05,Port Tamara,MD,1
343,Justin,Brown,justin.brown343@example.com,2023-03-31,Lake Audreyside,WA,1
344,Jennifer,Zuniga,jennifer.zuniga344@example.com,2023-11-12,South Nicole,HI,1
345,Sarah,Johnson,sarah.johnson345@example.com,2023-10-23,Frenchburgh,WA,1
346,Suzanne,Howe,suzanne.howe346@example.com,2023-12-04,North Kennethville,MA,1
347,Justin,Hays,justin.hays347@example.com,2023-10-23,Smallberg,PR,1
348,William,Nelson,william.nelson348@example.com,2023-11-14,West Franciscomouth,SD,1
349,Jonathan,Lopez,jonathan.lopez349@example.com,2024-07-12,Krystalshire,TX,1
350,Katherine,Thompson,katherine.thompson350@example.com,2024-12-30,Wilcoxhaven,MD,1
351,Christopher,Caldwell,christopher.caldwell351@example.com ,2023-12-10,East Thomas,IA,1
352,Adam,Reyes,adam.reyes352@example.com,2023-11-01,Molinamouth,ME,1
353,Brandi,Berry,brandi.berry353@example.com,2024-06-08,Desireebury,AR,1
354,Elizabeth,Marshall,elizabeth.marshall354@example.com,2023-09-19,South Gina,MH,1
355,Pamela,Carrillo,pamela.carrillo355@example.com,2025-04-22,Lake Sabrinaport,MN,1
356,Christina,Robinson,christina.robinson356@example.com,2023-03-17,South Eric,WA,1
357,Vanessa,Brooks,vanessa.brooks357@example.com,2023-01-15,Toddborough,WV,0
358,John,Fischer,john.fischer358@example.com ,2025-01-20,New Seanstad,,1
359,Christian,Elliott,not-an-email,2025-04-12,Port Amyhaven,ID,0
360,Ashley,Hernandez,ashley.hernandez360@example.com,2023-06-16,Melissamouth,DE,1
361,Erin,Love,erin.love361@example.com,2024-07-04,Davishaven,NV,1
362,Lindsey,Chavez,lindsey.chavez362@example.com,2023-12-17,Bryantton,OH,1
363,Steven,Roman,steven.roman363@example.com,2023-02-19,South Jonathantown,WA,1
364,Jeffery,Jones,jeffery.jones364@example.com,2023-09-24,Cooperland,ND,0
365,Virginia,Michael,virginia.michael365@example.com,2023-05-29,South Anthonychester,HI,1
366,Kayla,Cannon,kayla.cannon366@example.com,2025-01-08,Brooksfurt,NV,1
367,Molly,Knox,molly.knox367@example.com,2023-02-21,,MS,1
368,Christopher,Brandt,christopher.brandt368@example.com,2024-09-10,Lake Michelle,DE,1
369,Gregory,Medina,gregory.medina369@example.com,2025-04-19,Lake Tiffany,MP,1
370,Adam,Johnson,adam.johnson370@example.com,2025-02-16,Stevenside,NE,1
371,Amanda,Morrow,amanda.morrow371@example.com,2024-09-08,South Michael,KY,1
372,Jacob,Golden,jacob.golden372@example.com,2023-12-21,North Lisachester,RI,1
373,Katie,Stephenson,katie.stephenson373@example.com,2023-05-14,East Jamieville,PA,1
374,Arthur,Harper,arthur.harper374@example.com,2024-08-13,East Joyfurt,NV,1
375,Jimmy,Robinson,jimmy.robinson375@example.com,2023-01-09,East Williamport,IN,1
376,Lisa,Dennis,lisa.dennis376@example.com,2024-10-31,Barbaramouth,IA,1
377,Kevin,Thomas,kevin.thomas377@example.com,2023-05-25,South Kevin,,1
378,Bruce,Fry,bruce.fry378@example.com,2023-05-12,Lake Erika,OH,1
379,Tyler,Compton,tyler.compton379@example.com,2024-08-14,Floydmouth,UT,1
380,Robert,Hernandez,robert.hernandez380@example.com,2024-03-04,Whiteside,NJ,1
381,John,Perez,john.perez381@example.com,2025-02-09,Port Steven,AR,0
382,Anna,Faulkner,anna.faulkner382@example.com,2024-05-31,South John,IL,1
383,Mark,Miller,mark.miller383@example.com,2023-07-31,Booneland,ND,1
384,Jenny,Lee,jenny.lee384@example.com,2024-09-10,Nicholaston,VI,1
385,Charles,Ballard,charles.ballard385@example.com,2024-01-12,South Jason,PW,0
386,Mason,Krueger,mason.krueger386@example.com,2023-11-07,East Sharonville,WA,0
387,Yvonne,Mendoza,yvonne.mendoza387@example.com,2024-12-18,Lake Cassandra,IL,1
388,Randy,Allen,randy.allen388@example.com,2024-09-27,Kimberlyfurt,NH,1
389,Amanda,Howard,amanda.howard389@example.com,2024-10-19,Michaelfort,NH,1
390,Corey,Zavala,corey.zavala390@example.com,2025-02-25,Gillmouth,PW,0
391,James,Edwards,james.edwards391@example.com,2025-04-14,New Michelleberg,AK,1
392,Jose,Donovan,jose.donovan392@example.com,2023-09-16,Phillipsborough,MA,1
393,Jerry,Hudson,jerry.hudson393@example.com,2024-05-30,,IA,1
394,Victor,Pena,victor.pena394@example.com,2025-03-16,Jonathanfort,VA,1
395,Darlene,Henry,darlene.henry395@example.com,2025-02-16,Lake Laura,GA,0
396,Donald,Payne,donald.payne396@example.com,2023-05-14,New Veronica,AR,1
397,Alexandria,Combs,alexandria.combs397@example.com,2023-11-18,Port Elizabethtown,MT,1
398,Derrick,Mccoy,derrick.mccoy398@example.com,2023-04-15,Lake Edwardborough,NY,1
399,Stephen,Brown,stephen.brown399@example.com,2023-09-13,Hopkinstown,AL,1
400,Amanda,Jenkins,amanda.jenkins400@example.com,2024-10-24,New Jenniferside,LA,1
401,Andre,Li,andre.li401@example.com,2024-11-02,Drakeburgh,CT,1
402,Samantha,Warren,samantha.warren402@example.com,2023-01-07,East Christine,KS,1
403,Lisa,Adams,lisa.adams403@example.com,2023-06-08,Millerfurt,NH,1
404,Annette,Branch,annette.branch404@example.com,2025-01-30,West Gabriella,PR,1
405,Christopher,Frey,christopher.frey405@example.com,2024-06-24,North Richardfurt,OH,1
406,Thomas,Walsh,thomas.walsh406@example.com,2023-05-12,North Vincent,NE,1
407,Deanna,Rivera,deanna.rivera407@example.com,2023-08-08,New Samanthabury,IL,1
408,Rachel,Schwartz,rachel.schwartz408@example.com,2025-04-14,Nelsonland,TX,1
409,Sara,Lam,sara.lam409@example.com,2023-08-06,East Sarahmouth,AK,0
410,Suzanne,Matthews,suzanne.matthews410@example.com,2025-01-22,Hickmanport,GA,1
411,Anne,Knight,anne.knight411@example.com,2025-02-02,Rhodesside,MA,1
412,Patrick,Singh,patrick.singh412@example.com,2023-12-09,New Juliestad,AR,1
413,Connor,Hall,connor.hall413@example.com,2025-02-08,West Cassiefurt,WI,1
414,Mark,Walters,mark.walters414@example.com,2024-07-23,Henrystad,OH,1
415,Shelley,Reynolds,shelley.reynolds415@example.com,2024-10-22,Millerport,AS,0
416,John,Jones,john.jones416@example.com,2024-11-29,Ericberg,WA,1
417,Peter,Ward,peter.ward417@example.com,2024-01-04,North Sherrymouth,MN,1
418,Kathleen,Garcia,kathleen.garcia418@example.com,2024-10-27,East Ryanside,OH,1
419,William,Garcia,william.garcia419@example.com,2024-06-28,West Angelamouth,VI,1
420,Paul,Carter,paul.carter420@example.com,2024-02-20,Maxwellside,MH,1
421,Victoria,Sanchez,victoria.sanchez421@example.com,2024-10-01,Lake Oscar,DC,1
422,Joseph,Adams,joseph.adams422@example.com,2024-01-23,North Gary,KY,1
423,Robert,Washington,robert.washington423@example.com,2023-08-09,West Johnathanbury,VA,1
424,Colleen,Wheeler,colleen.wheeler424@example.com,2023-05-25,South Daniel,ME,1
425,Adam,Foster,not-an-email,2025-01-28,Brockmouth,NV,1
426,Matthew,Ochoa,matthew.ochoa426@example.com,2024-07-10,West Malik,UT,1
427,James,Edwards,james.edwards427@example.com,2025-02-07,Novakport,WA,1
428,Heather,Henry,heather.henry428@example.com,2025-01-23,West Nicholas,GU,1
429,Kristi,Diaz,,2024-12-14,New Wendy,HI,1
430,Erin,Pierce,erin.pierce430@example.com,2024-10-26,Hahnborough,NV,1
431,Lauren,Guerra,lauren.guerra431@example.com,2024-03-01,Port Melaniechester,TX,1
432,Victor,Schultz,victor.schultz432@example.com,2023-03-22,West Donna,VT,1
433,Rodney,Bennett,,2023-05-28,Ewingfort,OR,1
434,Richard,Hunter,,2024-11-22,Stephensstad,UT,0
435,Paula,Herrera,paula.herrera435@example.com,2024-10-18,North Kaylastad,GA,1
436,Deborah,Williams,deborah.williams436@example.com,2023-06-10,Rasmussenmouth,WY,1
437,Russell,Smith,russell.smith437@example.com,2023-07-26,Jeffreyhaven,OH,1
438,Beverly,Johnston,beverly.johnston438@example.com,2023-09-12,Brooksmouth,WI,1
439,Erin,Vaughn,erin.vaughn439@example.com,2024-11-18,West Whitney,NJ,1
440,Dan,Perry,dan.perry440@example.com,2024-08-19,North Marieberg,MI,1
441,Larry,Gibson,larry.gibson441@example.com,2024-01-21,New Timothy,NJ,1
442,Connor,Bowen,connor.bowen442@example.com,2024-04-13,Floresport,AZ,1
443,Lisa,Wilson,lisa.wilson443@example.com,2024-01-07,Deborahburgh,WA,1
444,John,Thompson,john.thompson444@example.com,2023-01-19,West Anita,NH,1
445,Jesse,Sullivan,jesse.sullivan445@example.com,2024-07-21,East Danielle,NE,1
446,Randall,Mclaughlin,,2023-04-15,South Brittany,MS,0
447,Adam,Lewis,adam.lewis447@example.com,2024-09-10,Karenland,OK,1
448,Cristian,Wiggins,cristian.wiggins448@example.com,2023-05-09,West Mark,NH,1
449,Daniel,Lambert,daniel.lambert449@example.com,2023-11-12,Rosemouth,PA,1
450,Paul,Long,paul.long450@example.com,2023-04-13,West Michaelmouth,RI,1
451,Gerald,Nunez,gerald.nunez451@example.com,2024-11-05,Samanthashire,CO,1
452,Emily,Edwards,emily.edwards452@example.com,2023-09-30,West Daryl,MN,0
453,Heather,Dixon,heather.dixon453@example.com,2025-03-23,Carlsonshire,MS,1
454,Rodney,Tucker,rodney.tucker454@example.com,2024-02-22,New Garrett,LA,1
455,Donald,Edwards,donald.edwards455@example.com,2025-03-24,Harveystad,AL,1
456,Todd,Lee,todd.lee456@example.com,2024-07-13,Maynardhaven,SD,1
457,Troy,Cohen,troy.cohen457@example.com,2023-06-29,,MT,1
458,Jennifer,Wallace,jennifer.wallace458@example.com,2025-01-02,North Ariana,WY,1
459,Kathleen,Carter,kathleen.carter459@example.com,2024-10-13,Jeffreyport,GA,1
460,Kimberly,Cunningham,kimberly.cunningham460@example.com,2024-08-02,Dunnville,OK,1
461,Danny,Hampton,danny.hampton461@example.com,2023-03-13,Amberton,WV,1
462,Jennifer,Payne,jennifer.payne462@example.com,2024-05-23,Garciabury,ME,1
463,Nancy,Johnson,nancy.johnson463@example.com,2024-01-12,Michaelland,NV,1
464,Michelle,Wilson,michelle.wilson464@example.com,2025-04-29,,AS,1
465,Joel,Cochran,joel.cochran465@example.com,2024-06-22,,OR,1
466,Hannah,Callahan,hannah.callahan466@example.com,2024-08-07,Martinberg,WY,1
467,Jamie,Clark,jamie.clark467@example.com,2025-02-03,New Michaelview,PA,1
468,Amber,Morris,amber.morris468@example.com,2023-12-26,Keithview,PR,0
469,Wyatt,Mccullough,wyatt.mccullough469@example.com,2023-05-12,East Sydneychester,PW,1
470,Brian,Ramirez,brian.ramirez470@example.com,2023-04-07,Lake Michelle,IA,1
471,Dustin,Morris,dustin.morris471@example.com,2024-09-02,Port Megan,MO,1
472,Tracy,Ray,tracy.ray472@example.com,2023-11-11,Courtneyfurt,NV,1
473,Charles,Norton,charles.norton473@example.com,2024-05-02,South Zacharyview,UT,1
474,Sharon,Wood,sharon.wood474@example.com,2024-02-16,Murphytown,VI,1
475,Kim,Oconnor,kim.oconnor475@example.com,2023-03-04,Reidstad,PR,0
476,Bryan,Ferguson,bryan.ferguson476@example.com,2024-09-07,South Mallory,NM,1
477,Joseph,Clayton,joseph.clayton477@example.com,2024-09-20,Amyberg,OK,1
478,Melissa,Kramer,melissa.kramer478@example.com,2023-08-06,North Corymouth,AK,1
479,David,Mathews,david.mathews479@example.com,2024-09-14,Bryantchester,ID,1
480,Wendy,Blankenship,,2023-04-27,Erikview,CO,1
481,Diamond,Wright,diamond.wright481@example.com,2023-07-20,Elizabethburgh,AR,0
482,Randy,Torres,randy.torres482@example.com,2023-03-20,South Diana,VT,1
483,Cody,Lewis,cody.lewis483@example.com,2024-10-24,East Brittneyhaven,TX,1
484,Sean,Smith,sean.smith484@example.com,2023-02-23,Lisachester,UT,1
485,David,Jones,david.jones485@example.com,2025-01-14,Davisville,CT,1
486,Lawrence,Ibarra,lawrence.ibarra486@example.com,2025-03-27,South Kiara,,1
487,Karen,Anderson,karen.anderson487@example.com,2024-07-11,North Alyssa,AL,1
488,Chelsey,Martin,chelsey.martin488@example.com,2024-02-25,Jenniferberg,PW,1
489,Robert,Parks,robert.parks489@example.com,2023-04-02,North Peggy,DC,1
490,Karen,Lawrence,karen.lawrence490@example.com,2023-09-05,Bellchester,MD,0
491,Kylie,Wright,kylie.wright491@example.com,2023-03-28,East Angelaport,WI,1
492,Shelly,Johnson,shelly.johnson492@example.com,2023-09-27,Jamiehaven,ID,0
493,Julie,Phillips,julie.phillips493@example.com,2023-02-13,Port Rachaelbury,NM,0
494,Paul,Allen,paul.allen494@example.com,2025-02-03,,SC,1
495,Brittney,Rice,,2023-01-31,West Sarahberg,MS,1
496,Michelle,Carroll,michelle.carroll496@example.com,2024-05-17,Amyburgh,WV,1
497,Thomas,Archer,thomas.archer497@example.com,2025-03-28,North Brendatown,KS,1
498,Jason,Livingston,jason.livingston498@example.com,2023-06-06,Hunterhaven,WI,1
499,Robert,Miles,robert.miles499@example.com,2025-01-26,Lake Amandaberg,KY,0
500,Christopher,Miller,christopher.miller500@example.com,2024-07-08,Port Eric,MD,1
501,Peter,Walters,not-an-email,2023-07-17,West Hollybury,AR,1
502,John,Middleton,john.middleton502@example.com,2023-02-20,South Cherylton,ME,1
503,Elizabeth,Barrett,elizabeth.barrett503@example.com,2023-06-11,North Alexander,DC,0
504,Jacqueline,Martin,jacqueline.martin504@example.com,2023-09-18,Alexandraview,GA,1
505,Nathan,Brady,nathan.brady505@example.com,2024-06-05,Jessicaville,WI,1
506,Rachel,Rogers,rachel.rogers506@example.com,2023-06-17,Nelsonland,KS,1
507,Jennifer,Ray,jennifer.ray507@example.com,2024-10-05,South Spencerstad,AR,1
508,Victor,Bradley,victor.bradley508@example.com,2023-12-17,Ericville,MH,1
509,Audrey,Sharp,audrey.sharp509@example.com,2023-06-12,Lake William,AZ,1
510,Michele,Smith,michele.smith510@example.com,2023-05-25,South Michaelberg,HI,1
511,Sarah,Mathews,sarah.mathews511@example.com,2023-09-14,Walkerbury,MT,0
512,Ruth,Flores,ruth.flores512@example.com,2024-09-27,New Nathanhaven,TX,1
513,Rachel,White,rachel.white513@example.com,2024-01-05,South Caseymouth,VI,1
514,Justin,Kirk,justin.kirk514@example.com,2023-01-06,Christophermouth,AL,1
515,Miguel,Carter,miguel.carter515@example.com,2023-02-09,Jodibury,NH,1
516,Micheal,Bonilla,micheal.bonilla516@example.com,2024-09-09,Lake Rachel,WV,1
517,Laura,Hernandez,laura.hernandez517@example.com,2024-07-30,Johnsonside,MI,1
518,Cynthia,Steele,cynthia.steele518@example.com,2023-12-18,West Aaronfurt,PR,1
519,Joann,Parker,joann.parker519@example.com,2024-06-18,New Tonya,MT,1
520,Travis,Brown,travis.brown520@example.com,2024-08-24,Lake Joshua,AZ,1
521,Samantha,Merritt,samantha.merritt521@example.com,2024-01-02,Haynesstad,NH,1
522,Terri,Miller,terri.miller522@example.com,2025-03-13,New Dennisfurt,CA,1
523,Brittany,Brown,brittany.brown523@example.com,2023-09-26,East Kelly,PR,1
524,Leslie,Owen,leslie.owen524@example.com,2023-05-02,Louisview,IN,1
525,Charles,Harris,charles.harris525@example.com,2024-02-05,East Danielmouth,NH,1
526,Lee,Martinez,lee.martinez526@example.com,2024-05-21,Tamiborough,,1
527,Shannon,Ford,shannon.ford527@example.com,2025-03-22,North Ericport,GU,1
528,Janet,Morrison,janet.morrison528@example.com,2023-06-05,Port Melissa,FL,1
529,Christopher,Wright,christopher.wright529@example.com,2024-06-18,Randyton,TX,1
530,Kent,Wilkins,kent.wilkins530@example.com,2023-09-25,North Stephanie,PR,1
531,Shannon,Adkins,shannon.adkins531@example.com,2024-05-29,North Steven,AS,1
532,Laura,Martinez,laura.martinez532@example.com,2024-06-08,Port Kimberlybury,DC,1
533,James,Morales,james.morales533@example.com,2023-06-02,New Brendaland,AK,1
534,Wendy,Gonzalez,wendy.gonzalez534@example.com,2024-05-13,Lambland,MH,1
535,Melanie,Lamb,melanie.lamb535@example.com,2024-09-24,North Sheriton,GA,1
536,Sandra,Hamilton,sandra.hamilton536@example.com,2023-09-04,Crawfordfurt,TX,1
537,Ronald,Gomez,ronald.gomez537@example.com,2023-02-14,West Joshua,FM,1
538,Edgar,Mendez,edgar.mendez538@example.com,2023-03-20,Lake Kenneth,MT,1
539,Nicole,Mendoza,nicole.mendoza539@example.com,2023-07-12,West Patrickchester,ID,0
540,Dawn,Robles,dawn.robles540@example.com,2025-01-07,Lake Virginia,ND,1
541,Laura,Mayo,laura.mayo541@example.com,2023-05-21,Timothyfort,MI,0
542,Roberta,Shaw,roberta.shaw542@example.com,2023-12-10,Nelsontown,MD,1
543,Carla,Johnson,carla.johnson543@example.com,2023-01-14,Brianfort,NC,1
544,Michael,Silva,michael.silva544@example.com,2024-04-19,East Craig,TN,1
545,John,Ferguson,john.ferguson545@example.com,2024-12-14,Port Wendybury,OK,1
546,Meghan,Salinas,,2023-06-08,Savannahburgh,HI,1
547,Joel,Stewart,joel.stewart547@example.com,2024-03-15,Robintown,VT,1
548,Jackie,Meza,jackie.meza548@example.com,2024-03-06,New Stacy,MP,1
549,Vanessa,Keith,vanessa.keith549@example.com,2024-01-09,Weaverburgh,NM,1
550,Benjamin,Brown,benjamin.brown550@example.com,2023-08-06,North Alisha,AL,1
551,Martin,Mendez,martin.mendez551@example.com,2024-08-26,West Jennifer,PW,1
552,Leah,Oneill,leah.oneill552@example.com,2023-12-12,North Dylanberg,WI,1
553,Daniel,Fox,daniel.fox553@example.com,2024-04-11,Susanstad,VT,1
554,Sheri,Foster,sheri.foster554@example.com,2023-07-18,West Kevinberg,GA,0
555,Jessica,Kim,jessica.kim555@example.com,2024-06-05,Banksburgh,VT,1
556,Tanya,Steele,tanya.steele556@example.com,2024-05-29,Jeffreyshire,GU,1
557,Gregory,Parker,gregory.parker557@example.com,2023-04-21,Davidtown,UT,1
558,Stacy,Myers,stacy.myers558@example.com,2024-10-03,East Carriebury,SC,1
559,Ariana,Zuniga,ariana.zuniga559@example.com,2024-12-11,West Julie,IA,1
560,Michael,Flores,michael.flores560@example.com,2023-10-02,Port Jennamouth,NV,1
561,Alexander,Clark,alexander.clark561@example.com,2023-09-04,West Jonathanville,VA,1
562,Aaron,Cruz,aaron.cruz562@example.com,2024-09-18,,VA,1
563,Robert,Jackson,robert.jackson563@example.com,2023-01-22,Snyderfurt,,1
564,Michael,Bennett,michael.bennett564@example.com,2024-01-22,Kramershire,SD,1
565,Katherine,Perez,katherine.perez565@example.com,2024-04-20,Joneston,LA,1
566,Andrew,Green,andrew.green566@example.com,2025-03-25,North Matthewfurt,GA,0
567,Jessica,Payne,jessica.payne567@example.com,2024-07-12,West Brookefort,VT,1
568,Anthony,Dunlap,anthony.dunlap568@example.com,2023-12-15,New Pamela,GA,1
569,Brian,Rivera,brian.rivera569@example.com,2024-07-23,South Heidi,VA,1
570,Sara,Fernandez,sara.fernandez570@example.com,2023-03-17,Kennethville,AR,1
571,Philip,Dunn,philip.dunn571@example.com,2023-06-29,Hernandezstad,AL,1
572,Ronald,Phillips,ronald.phillips572@example.com,2023-01-15,Gonzaleztown,IL,1
573,George,Carter,george.carter573@example.com,2023-08-02,South Meganport,WY,1
574,Raymond,Burns,raymond.burns574@example.com,2023-06-15,Christopherside,MS,0
575,Jackson,Mcclure,jackson.mcclure575@example.com,2024-07-10,,MN,1
576,Jacob,Williams,jacob.williams576@example.com ,2025-01-16,Marshallbury,MP,1
577,Joseph,Brown,joseph.brown577@example.com,2023-08-20,North Elizabethside,MT,0
578,Tara,Lawrence,tara.lawrence578@example.com,2023-12-26,Port Paulhaven,MT,1
579,Tammy,Mcdaniel,tammy.mcdaniel579@example.com,2023-03-03,Armstrongbury,NJ,1
580,Kent,Foster,,2023-03-13,New Ashleyhaven,AS,1
581,Ashley,Mcgrath,ashley.mcgrath581@example.com,2024-11-10,North Stacy,NV,1
582,Gerald,Joyce,gerald.joyce582@example.com,2023-06-26,Port James,AZ,1
583,Rodney,Mcneil,rodney.mcneil583@example.com,2024-10-17,Harrisberg,MP,1
584,Brooke,Flores,brooke.flores584@example.com,2023-09-05,North Paulfurt,OH,1
585,Mark,Hill,mark.hill585@example.com,2024-08-12,Starktown,WY,1
586,Isabella,Matthews,isabella.matthews586@example.com,2023-07-22,Rodriguezberg,FL,1
587,Ashley,Aguilar,,2024-05-03,North Annaville,WY,1
588,Justin,Nichols,justin.nichols588@example.com,2023-12-14,Natalieview,MS,1
589,Diana,Armstrong,diana.armstrong589@example.com,2023-05-28,Johnsonview,MO,1
590,Douglas,Franklin,douglas.franklin590@example.com,2023-08-19,Williamsmouth,UT,1
591,John,Reese,john.reese591@example.com,2023-09-01,Pennytown,MA,1
592,Lisa,Turner,lisa.turner592@example.com,2024-05-13,Meganville,VI,1
593,Jeremy,Turner,jeremy.turner593@example.com,2024-09-18,Schroedermouth,KY,1
594,Jessica,Jacobs,jessica.jacobs594@example.com,2025-02-13,East Scottchester,WA,1
595,Todd,Black,,2024-10-02,Lorihaven,WY,1
596,Erik,Collins,erik.collins596@example.com,2024-04-18,Taylorhaven,FM,1
597,Ashley,Thompson,ashley.thompson597@example.com,2023-03-26,Port Brian,AZ,1
598,Stephen,Hull,stephen.hull598@example.com,2024-07-18,West Micheal,NH,1
599,William,Reid,william.reid599@example.com,2024-03-29,Lake Anthonystad,NM,1
600,Brooke,Thompson,brooke.thompson600@example.com,2024-09-27,Matthewsstad,MI,1
601,Frank,Kline,frank.kline601@example.com,2024-12-10,West Anthonyton,GA,1
602,Melissa,Chan,melissa.chan602@example.com,2023-07-11,Port Jeffrey,IN,1
603,Erica,Adams,,2025-02-13,Palmertown,NJ,1
604,Rhonda,Holland,rhonda.holland604@example.com,2025-01-20,East Johnnyport,VT,1
605,Tammy,Day,tammy.day605@example.com,2023-07-19,Woodardstad,NH,1
606,Johnathan,Owens,johnathan.owens606@example.com,2024-10-12,Silvatown,NY,0
607,Yvonne,Levy,yvonne.levy607@example.com,2024-04-01,Annaport,ME,1
608,Gabrielle,Olson,gabrielle.olson608@example.com,2024-04-09,Vanessamouth,VI,1
609,Joshua,Douglas,joshua.douglas609@example.com,2023-12-04,Jacobhaven,WV,1
610,John,Brown,john.brown610@example.com,2023-10-04,Guerreroberg,VA,1
611,Anthony,Jimenez,anthony.jimenez611@example.com,2025-01-16,Jordanchester,MO,1
612,Paul,Johnson,paul.johnson612@example.com,2025-04-09,West Jessica,IN,1
613,Gina,Little,gina.little613@example.com,2023-08-14,Knoxstad,NY,0
614,Kevin,Jackson,kevin.jackson614@example.com,2024-01-25,West Connor,DC,1
615,Joyce,Hardy,joyce.hardy615@example.com,2024-07-11,Lake Rachel,SD,1
616,Christopher,Kelly,christopher.kelly616@example.com,2024-08-27,Robertmouth,MN,1
617,Jorge,Carter,jorge.carter617@example.com,2024-08-15,South Brianshire,OR,1
618,Sheryl,Jones,sheryl.jones618@example.com,2023-01-21,New David,TX,1
619,Patrick,Evans,patrick.evans619@example.com,2023-12-17,Port Melissaberg,ID,1
620,Matthew,Benitez,matthew.benitez620@example.com,2023-11-02,Thomasburgh,WI,1
621,Christopher,Cook,christopher.cook621@example.com,2023-10-18,West Cynthia,AL,1
622,Shannon,Clark,shannon.clark622@example.com,2024-02-15,New Kathy,NM,1
623,Kristen,Chan,,2023-08-29,New Ryan,NE,1
624,Richard,Sanford,richard.sanford624@example.com,2024-04-12,Smithside,ID,1
625,Jessica,Dodson,jessica.dodson625@example.com,2023-12-08,Katherinehaven,ID,1
626,Andrew,Smith,andrew.smith626@example.com,2024-09-18,East Heather,MI,1
627,Larry,Garcia,larry.garcia627@example.com,2023-12-06,Garyton,ME,1
628,Stacy,Bryant,stacy.bryant628@example.com,2023-01-14,Ryanberg,MA,0
629,Wendy,Henry,wendy.henry629@example.com,2024-01-14,East Stacy,PW,0
630,Lisa,Smith,lisa.smith630@example.com,2024-08-22,,IN,1
631,Jessica,Anderson,jessica.anderson631@example.com,2025-03-09,,VA,1
632,Andrew,Wagner,andrew.wagner632@example.com,2025-03-09,West Jenniferton,MS,1
633,Nancy,Scott,nancy.scott633@example.com,2023-04-12,New Virginiaville,SD,1
634,Mary,Williams,mary.williams634@example.com,2023-11-16,South Seanville,OH,1
635,Johnny,Miles,johnny.miles635@example.com,2023-04-23,Lake Gina,AL,1
636,Kevin,Stanley,kevin.stanley636@example.com,2023-03-26,Cindyberg,MT,0
637,Maria,Garcia,maria.garcia637@example.com,2024-09-25,West Danielville,,1
638,Tyler,Lynch,,2025-04-10,Marieborough,MI,1
639,Jade,Phillips,jade.phillips639@example.com,2023-03-12,New Tylerborough,UT,1
640,Sarah,Rivera,sarah.rivera640@example.com,2024-04-13,North Emilyville,MP,1
641,Audrey,Snyder,audrey.snyder641@example.com,2023-02-17,Port Williamville,MH,1
642,Jonathan,Hall,jonathan.hall642@example.com,2025-04-27,Josephton,CT,0
643,Lisa,Sawyer,,2024-08-02,Michaelmouth,NE,1
644,Joanna,Davis,joanna.davis644@example.com,2024-09-04,North Melissaburgh,MA,0
645,Michael,Kim,michael.kim645@example.com,2024-06-18,Natalieland,MN,1
646,Lisa,White,lisa.white646@example.com,2024-01-28,Rossmouth,KY,1
647,Mary,Vaughn,mary.vaughn647@example.com,2024-12-17,Marshburgh,DE,1
648,David,Barber,david.barber648@example.com,2025-01-26,North Robert,OR,1
649,Timothy,Carroll,timothy.carroll649@example.com,2023-04-19,Whitefurt,WI,1
650,Michael,Johnson,michael.johnson650@example.com,2023-08-25,South Samantha,DE,1
651,Paige,Alexander,paige.alexander651@example.com,2024-01-18,West Dianatown,VT,1
652,Miranda,Warren,miranda.warren652@example.com,2024-05-30,Lake Morgan,NC,1
653,Alexandra,Haynes,alexandra.haynes653@example.com,2023-10-01,South Dorothybury,NJ,1
654,Michael,Rhodes,michael.rhodes654@example.com,2023-11-02,Hernandezside,MH,1
655,Vanessa,Brown,vanessa.brown655@example.com,2025-02-26,New Melinda,PR,1
656,Tyler,Martin,tyler.martin656@example.com,2023-02-26,Floresmouth,KY,1
657,Brent,Walker,brent.walker657@example.com,2024-07-22,Powellbury,CO,1
658,Stephen,Solis,stephen.solis658@example.com,2025-02-17,Millerfort,NV,1
659,Leslie,Hooper,leslie.hooper659@example.com,2023-09-15,North Richardton,OH,1
660,Andrea,Petersen,andrea.petersen660@example.com,2023-08-16,Pamelaside,IL,1
661,Diamond,Bryant,diamond.bryant661@example.com,2023-04-08,Michaelton,GU,1
662,Jeffrey,Gibson,jeffrey.gibson662@example.com,2024-08-25,,OH,1
663,Katrina,Greene,katrina.greene663@example.com,2025-03-20,Jenniferville,CT,1
664,Katherine,Walker,katherine.walker664@example.com,2024-08-08,Michaelport,OH,1
665,Alejandra,Park,alejandra.park665@example.com,2024-08-07,East Travischester,CT,1
666,Jonathan,Gonzalez,,2025-01-18,Port Philipmouth,GU,1
667,Kimberly,Love,kimberly.love667@example.com,2024-03-12,Port Robertshire,DE,1
668,Kelsey,Hayes,kelsey.hayes668@example.com,2023-12-24,South Adam,WA,1
669,Brandon,Mcconnell,brandon.mcconnell669@example.com,2023-09-08,Glassburgh,UT,1
670,Beth,Cross,beth.cross670@example.com,2023-07-29,North Paul,PA,1
671,Catherine,Morris,catherine.morris671@example.com,2023-10-07,Barnesbury,KY,1
672,Raymond,Cooper,raymond.cooper672@example.com,2024-03-16,Shawnberg,DC,1
673,Robert,Graves,robert.graves673@example.com,2023-12-07,Meganside,VI,1
674,Lee,Doyle,lee.doyle674@example.com,2025-03-04,East Jason,VT,1
675,Kelly,Reed,kelly.reed675@example.com,2023-12-24,,TX,0
676,David,Page,david.page676@example.com,2024-10-14,New Amy,SC,1
677,Marcus,Wilson,marcus.wilson677@example.com,2025-04-05,Annashire,OK,1
678,Sherri,Mckinney,sherri.mckinney678@example.com,2023-01-02,Nataliechester,AS,1
679,Alexander,Rodriguez,alexander.rodriguez679@example.com,2023-03-09,Thomaston,ID,1
680,Joseph,Floyd,joseph.floyd680@example.com,2024-06-28,Francesberg,MP,1
681,Bryan,Mueller,bryan.mueller681@example.com,2023-07-27,Port Amber,MI,1
682,Lisa,Garcia,lisa.garcia682@example.com,2025-04-24,Lake Deborah,MS,1
683,John,Mueller,john.mueller683@example.com,2023-07-03,Heatherton,MS,1
684,Paul,Frye,paul.frye684@example.com,2023-06-15,Tammyton,AL,1
685,Julia,Harris,julia.harris685@example.com,2024-07-22,Greerstad,WV,1
686,Brianna,Rodgers,brianna.rodgers686@example.com,2025-01-19,Port Jenny,ID,1
687,Kelly,Thompson,kelly.thompson687@example.com,2024-09-10,East Sydneyhaven,DE,1
688,Nicholas,Patterson,nicholas.patterson688@example.com,2023-09-09,Davidshire,PR,1
689,Jonathan,Rivera,jonathan.rivera689@example.com,2023-03-22,,VT,1
690,Sharon,Williams,sharon.williams690@example.com,2024-11-07,Candiceport,NM,1
691,Kristy,Pierce,kristy.pierce691@example.com,2024-09-14,Port Jasminehaven,IN,0
692,Susan,Meyer,susan.meyer692@example.com,2023-09-30,South Amy,MO,1
693,Christopher,Walker,christopher.walker693@example.com,2024-03-20,Lake Martin,MN,1
694,Kelly,Clements,kelly.clements694@example.com,2023-02-26,Barajastown,DE,1
695,Elizabeth,Griffin,elizabeth.griffin695@example.com,2024-09-12,North Felicia,MD,1
696,Patrick,Hogan,patrick.hogan696@example.com,2023-04-17,South Jonathanport,AK,1
697,Rhonda,Short,rhonda.short697@example.com,2024-06-23,Williehaven,NV,0
698,Tommy,Phillips,tommy.phillips698@example.com,2023-01-08,West Willie,CT,1
699,Gary,Huber,gary.huber699@example.com,2023-07-01,Lake Cameronborough,VI,1
700,Gina,Houston,gina.houston700@example.com,2024-11-18,New Maria,FM,0
701,Theresa,Rowe,theresa.rowe701@example.com,2024-12-13,Lake Ginatown,NH,1
702,Jennifer,Johnson,jennifer.johnson702@example.com,2024-08-17,North Gregoryview,OH,1
703,Chad,Underwood,not-an-email,2024-07-02,Rickeymouth,SC,1
704,Richard,Stewart,richard.stewart704@example.com,2024-06-15,Nunezside,AL,1
705,Darlene,Montgomery,darlene.montgomery705@example.com,2024-02-22,Lake Melaniestad,NY,1
706,Daniel,Buchanan,daniel.buchanan706@example.com,2023-12-31,Catherineport,WV,1
707,Sara,James,sara.james707@example.com,2024-07-07,South Ericbury,DC,1
708,Julie,Robles,julie.robles708@example.com,2023-01-11,,PR,1
709,Amy,Choi,amy.choi709@example.com,2025-02-03,West Erica,PW,1
710,Tammy,Camacho,tammy.camacho710@example.com,2025-03-05,Susantown,OH,1
711,Nancy,Thomas,nancy.thomas711@example.com,2025-01-13,North Ashleyfurt,ND,1
712,Amy,Miller,amy.miller712@example.com,2024-12-11,Lake Judith,VA,1
713,Maurice,Gutierrez,maurice.gutierrez713@example.com,2023-11-24,East Jack,RI,1
714,Mary,Lee,mary.lee714@example.com,2024-02-13,Lake Lauren,PR,1
715,Brian,Potter,brian.potter715@example.com,2023-11-24,Newmanland,LA,1
716,Emily,King,emily.king716@example.com,2023-07-23,Lake Beverly,MA,1
717,Michael,Lambert,michael.lambert717@example.com,2024-11-02,North Justin,CA,1
718,Rachel,Stewart,rachel.stewart718@example.com,2023-01-16,Murphyport,UT,1
719,Breanna,Cunningham,breanna.cunningham719@example.com,2024-05-05,Lindseychester,GA,1
720,Adam,Sanchez,adam.sanchez720@example.com,2023-09-11,Lake Jodi,NE,1
721,Joshua,Ward,joshua.ward721@example.com,2024-06-03,Nataliemouth,NV,1
722,Michael,Torres,michael.torres722@example.com,2024-10-01,East Debbieland,MP,1
723,Juan,Serrano,juan.serrano723@example.com,2025-04-16,West Jessica,SC,1
724,Charles,Jones,charles.jones724@example.com,2024-11-25,Port Williamtown,GU,1
725,Bonnie,Sullivan,bonnie.sullivan725@example.com,2023-09-18,North Andrea,ND,1
726,Patricia,Fernandez,patricia.fernandez726@example.com,2023-04-21,West Philip,MH,1
727,Kelsey,Quinn,kelsey.quinn727@example.com,2024-09-06,Dennishaven,NY,1
728,Christopher,Cox,christopher.cox728@example.com,2024-11-30,,AL,1
729,Elaine,Charles,elaine.charles729@example.com,2023-05-05,Port Willie,NV,1
730,Erik,Knight,,2023-03-25,Lake Jessica,MI,1
731,Billy,Juarez,billy.juarez731@example.com,2024-02-12,North Joseph,IN,1
732,Brad,Clark,brad.clark732@example.com,2024-03-17,Paulmouth,FM,1
733,Brandon,Hooper,brandon.hooper733@example.com,2024-07-08,Dakotahaven,SC,1
734,Maria,Davenport,maria.davenport734@example.com,2024-02-28,Bethshire,HI,1
735,Nicholas,Gray,nicholas.gray735@example.com,2024-12-10,New Johnbury,NC,1
736,Richard,Roth,richard.roth736@example.com,2024-04-26,Tommyfort,FM,1
737,Cassandra,Shaw,cassandra.shaw737@example.com,2024-10-02,,DC,1
738,Scott,Hall,scott.hall738@example.com,2024-06-18,Jasonburgh,GA,1
739,Michael,Love,,2024-04-10,Lake Jerrymouth,VA,1
740,Daniel,Leonard,daniel.leonard740@example.com,2023-01-12,Clarkburgh,SD,1
741,Martha,Johnson,martha.johnson741@example.com,2024-08-28,East Ashleyburgh,DC,1
742,Crystal,Williams,crystal.williams742@example.com,2024-02-27,North Gabriel,HI,1
743,Zachary,Sullivan,zachary.sullivan743@example.com,2023-10-11,Lake Jessicaport,CO,1
744,Jay,Obrien,jay.obrien744example.com,2025-02-03,Dillonburgh,IN,1
745,Maria,Burke,maria.burke745@example.com,2024-02-23,,WY,1
746,Brandi,Saunders,brandi.saunders746@example.com,2023-12-04,Garymouth,NH,1
747,Candace,Jones,candace.jones747@example.com,2023-02-19,Cruzville,AK,1
748,James,Heath,james.heath748@example.com,2023-04-21,Serranoville,HI,1
749,Thomas,Mendez,thomas.mendez749@example.com,2023-01-20,Port Amandaville,CO,1
750,Timothy,Anderson,timothy.anderson750@example.com,2023-02-22,Port Erikachester,NC,1
751,Robert,Golden,robert.golden751@example.com,2024-08-27,Perezfort,WY,1
752,Kayla,Bell,kayla.bell752@example.com,2025-03-20,South Dennisfort,WI,1
753,Jesse,Trevino,jesse.trevino753@example.com,2023-12-05,Carmenside,,1
754,Ricky,Lopez,ricky.lopez754@example.com,2023-07-05,New Alexandrahaven,AL,1
755,Nicholas,Harris,nicholas.harris755@example.com,2023-08-29,Robertville,FL,1
756,Ronald,Richards,ronald.richards756@example.com,2023-04-04,Melissachester,OK,1
757,Michael,Hill,michael.hill757@example.com,2023-12-28,Fischerchester,OH,1
758,Kristen,Olson,,2023-10-27,Angiefort,KS,1
759,Vanessa,Lane,vanessa.lane759@example.com,2023-03-03,Fitzgeraldville,WA,1
760,Jerry,Logan,jerry.logan760@example.com,2023-10-17,North Jason,MO,1
761,Kristi,Owen,kristi.owen761@example.com,2023-09-07,East Paultown,AS,1
762,Christopher,Thomas,christopher.thomas762@example.com,2023-01-02,Davisview,IN,1
763,Nathan,Lynch,nathan.lynch763@example.com,2024-07-19,Ariasfurt,RI,1
764,Diana,Mitchell,diana.mitchell764@example.com,2024-08-24,Port Lorifort,NV,1
765,Alex,Jefferson,alex.jefferson765@example.com,2024-09-28,Jameshaven,NC,1
766,Holly,Gilbert,holly.gilbert766@example.com,2023-07-21,West Johntown,GA,1
767,Christopher,Hill,christopher.hill767@example.com,2024-08-26,Gomezfurt,MO,1
768,Brenda,Holmes,,2023-04-21,North Andreaside,PW,0
769,Brandi,Bailey,brandi.bailey769@example.com,2023-05-05,Jeremyborough,NH,1
770,Sarah,Andrews,sarah.andrews770@example.com,2024-07-27,Gregoryhaven,CT,1
771,Angelica,Gordon,angelica.gordon771@example.com,2024-04-17,Staceyhaven,KS,1
772,Nancy,Li,nancy.li772@example.com,2024-08-21,Heatherfurt,OK,1
773,Timothy,Sanchez,timothy.sanchez773@example.com,2024-10-06,Susanmouth,TX,1
774,Steven,Matthews,steven.matthews774@example.com,2024-10-25,South Darrenland,MS,1
775,Cynthia,Gamble,cynthia.gamble775@example.com,2023-09-03,Port Leslie,MI,1
776,Zachary,Smith,zachary.smith776@example.com,2024-05-19,Johnland,MO,1
777,Emily,Nicholson,emily.nicholson777@example.com,2024-01-09,New Sarahfort,MD,1
778,Michael,Shannon,michael.shannon778@example.com,2024-12-03,Ianborough,NM,1
779,Jillian,Young,jillian.young779@example.com,2025-03-15,,IA,1
780,Monique,Clark,,2024-05-04,Port John,RI,1
781,Michael,Maxwell,michael.maxwell781@example.com,2025-03-05,North Emmafort,RI,1
782,Adam,Vincent,adam.vincent782@example.com,2023-08-04,Port Timothymouth,NM,1
783,Rachael,Ibarra,rachael.ibarra783@example.com,2024-09-13,Travishaven,KY,1
784,Raymond,Christensen,raymond.christensen784@example.com,2025-01-28,North Alicia,NE,1
785,Timothy,Fernandez,,2024-04-11,Phillipburgh,NH,1
786,Tiffany,Wolfe,tiffany.wolfe786@example.com,2024-06-03,Stewarttown,AL,1
787,Emily,Gray,emily.gray787@example.com,2023-12-19,West Michaelview,HI,1
788,Amy,Young,amy.young788@example.com,2023-03-26,Mullenmouth,MN,1
789,Ivan,Coleman,ivan.coleman789@example.com,2023-12-09,Haynesstad,MN,1
790,Melissa,Ramirez,melissa.ramirez790@example.com,2025-02-23,New David,OK,1
791,Gina,Olsen,gina.olsen791@example.com,2025-01-09,Lindaside,NE,1
792,Melissa,Gonzalez,melissa.gonzalez792@example.com,2023-07-22,South Linda,HI,1
793,Robert,Taylor,robert.taylor793@example.com,2025-03-25,Kristenport,KS,0
794,Anna,Bradley,anna.bradley794@example.com,2023-05-20,Garciaburgh,AR,1
795,Jason,King,jason.king795@example.com,2023-02-07,South Julieview,MN,1
796,Michael,Grant,michael.grant796@example.com,2023-08-15,Mauricechester,DE,1
797,Michael,Frazier,michael.frazier797@example.com,2023-05-14,New Barbara,SD,1
798,Amanda,Krause,,2024-03-22,Michaelhaven,NM,1
799,Kim,Griffin,kim.griffin799@example.com,2023-02-05,South Christinamouth,SC,1
800,Sue,Oneill,sue.oneill800@example.com,2025-01-20,Robertshire,MO,1
801,Melinda,Jones,,2025-03-29,West Jeremy,MD,1
802,Denise,Page,denise.page802@example.com,2024-02-26,,PA,1
803,Deanna,Nelson,,2024-07-13,Normanstad,WA,1
804,Brenda,Sheppard,brenda.sheppard804@example.com,2023-06-04,Jacksontown,DC,1
805,Jessica,Stanley,jessica.stanley805@example.com,2024-12-12,,WA,1
806,Jackie,Miller,jackie.miller806@example.com,2025-01-31,South Dakota,CA,1
807,Sharon,Kennedy,sharon.kennedy807@example.com,2024-01-02,North Kellihaven,WV,1
808,Wendy,Garcia,wendy.garcia808@example.com,2024-08-24,,RI,1
809,Eric,Pena,eric.pena809@example.com,2023-08-24,Parkerbury,WA,1
810,Justin,Sims,justin.sims810@example.com,2023-12-20,New Mary,AK,1
811,Austin,Kelly,austin.kelly811@example.com,2024-11-28,Michellemouth,VI,1
812,Amber,Nelson,amber.nelson812@example.com,2023-08-03,Taylorside,HI,0
813,Brittany,Bryant,brittany.bryant813@example.com,2023-08-14,Millsside,ME,1
814,Regina,Olson,regina.olson814@example.com,2023-07-03,Port Christopher,ME,1
815,Michael,Green,michael.green815@example.com,2024-10-05,Alexhaven,GU,1
816,Katherine,Taylor,katherine.taylor816@example.com,2024-03-01,Taylortown,UT,0
817,Sandra,Arroyo,sandra.arroyo817@example.com,2024-02-19,Evanschester,AS,1
818,Kelly,Hall,kelly.hall818@example.com,2023-05-04,New Nathanielchester,FM,1
819,Ann,Foster,ann.foster819@example.com,2024-08-03,Lake Jillian,MS,1
820,Maria,Walker,MARIA.WALKER820@EXAMPLE.COM,2024-09-26,South Colleenhaven,WV,0
821,Lauren,Austin,lauren.austin821@example.com,2023-11-14,Justinside,AS,1
822,Joseph,Lopez,joseph.lopez822@example.com,2024-05-19,East Derrickville,SC,1
823,Stanley,Chavez,stanley.chavez823@example.com,2024-08-13,Lopeztown,FL,1
824,Brandon,Nichols,brandon.nichols824@example.com,2023-03-01,North Julian,DC,0
825,Jennifer,Acosta,jennifer.acosta825@example.com,2025-03-16,,IN,1
826,Christopher,Smith,christopher.smith826@example.com,2023-03-18,West Robert,WY,1
827,Lauren,Bolton,lauren.bolton827@example.com,2023-09-16,Terryton,MA,1
828,Christopher,Christensen,christopher.christensen828@example.com,2024-12-02,North Joseph,MO,1
829,Charles,Harrison,charles.harrison829@example.com,2025-04-28,Port John,MS,1
830,Maria,Martinez,maria.martinez830@example.com,2023-11-10,South Kelsey,NV,1
831,John,Vang,john.vang831@example.com,2023-09-12,South Jill,CT,1
832,Adriana,Hendrix,adriana.hendrix832@example.com,2025-03-24,Priceport,MD,1
833,Eric,Chandler,,2024-08-14,West Timothyport,ID,1
834,Michael,Williams,michael.williams834@example.com,2023-08-22,North Joel,NE,1
835,Mark,Jackson,mark.jackson835@example.com,2024-11-24,Brendafurt,WY,1
836,John,Novak,,2024-01-29,Barkerberg,MN,1
837,Kelli,Wright,kelli.wright837@example.com,2025-02-05,Davismouth,WV,1
838,Colleen,Brown,colleen.brown838@example.com,2023-01-11,Lake Amanda,CT,1
839,David,Hall,david.hall839@example.com,2023-03-17,Lindamouth,VA,1
840,James,Norris,james.norris840@example.com,2024-04-08,Jenniferview,MH,1
841,Benjamin,Mann,benjamin.mann841@example.com,2024-03-17,Amyfort,ID,1
842,Ashley,Stephens,ashley.stephens842@example.com,2024-12-08,,MD,1
843,Jessica,Hill,jessica.hill843@example.com,2024-08-11,North Amanda,NV,1
844,Kenneth,Baker,kenneth.baker844@example.com,2023-07-09,Shawnhaven,MS,1
845,Jessica,Andrade,jessica.andrade845@example.com,2023-04-01,Kimberlybury,MD,1
846,Jennifer,Barrett,jennifer.barrett846@example.com,2024-03-22,Leefort,WI,1
847,Andrea,Austin,andrea.austin847@example.com,2023-07-21,Robertmouth,DE,1
848,Cole,Hopkins,cole.hopkins848@example.com,2023-12-28,,AZ,1
849,Mary,Anderson,mary.anderson849@example.com,2023-07-03,East Danielborough,CT,1
850,Anthony,May,anthony.may850@example.com,2024-06-27,,MS,1
851,Diane,Fox,diane.fox851@example.com,2023-04-16,Brandonbury,,1
852,Catherine,Jones,catherine.jones852@example.com,2024-06-14,Lake Travis,FM,1
853,Marilyn,Mcdonald,marilyn.mcdonald853@example.com,2024-06-08,West Angelachester,GU,1
854,Miguel,Erickson,miguel.erickson854@example.com,2023-08-30,Allisonland,MP,1
855,Kevin,Blackburn,kevin.blackburn855@example.com,2024-10-05,North Jessicaside,MS,1
856,Jake,Fox,,2025-04-12,New Colleen,HI,0
857,Angela,Grant,angela.grant857@example.com,2024-07-03,Port Daniellestad,TX,1
858,Stephen,Ortega,stephen.ortega858@example.com,2025-04-09,East Lauraside,MO,1
859,William,Sandoval,william.sandoval859@example.com,2024-04-23,,ND,1
860,Yesenia,Ramos,yesenia.ramos860@example.com,2024-01-05,Rachelside,MD,1
861,Megan,Gutierrez,megan.gutierrez861@example.com,2024-08-04,Mckenziemouth,PA,1
862,John,Gardner,john.gardner862@example.com,2025-01-19,Cannonview,MN,1
863,Suzanne,West,suzanne.west863@example.com,2024-04-27,Smithton,LA,0
864,Caitlin,Holmes,caitlin.holmes864@example.com,2023-07-26,Adambury,IL,1
865,Melissa,Smith,melissa.smith865@example.com,2024-04-28,Samanthahaven,OH,1
866,Ashley,Duncan,ashley.duncan866@example.com,2023-03-13,North Stevenberg,DC,1
867,Joseph,Preston,joseph.preston867@example.com,2023-11-22,East Jonathan,ME,1
868,Christopher,Ross,christopher.ross868@example.com,2023-07-02,Lake Chris,MD,1
869,Laura,Thompson,laura.thompson869@example.com,2023-06-09,New Dawnton,VA,1
870,Lindsey,James,lindsey.james870@example.com,2024-03-16,Port Matthewchester,MT,1
871,Sarah,Martinez,sarah.martinez871@example.com,2023-03-20,Lake Denise,PA,1
872,Sarah,Walters,sarah.walters872@example.com,2024-10-24,Brownhaven,AZ,1
873,Luis,Cunningham,luis.cunningham873@example.com,2024-11-23,Waynebury,FL,1
874,Brent,Dennis,brent.dennis874@example.com,2025-04-08,Maddoxshire,NY,1
875,Christopher,Reynolds,christopher.reynolds875@example.com,2024-12-28,Hernandezmouth,CO,1
876,Thomas,Mcgee,thomas.mcgee876@example.com,2023-12-14,Bakerfurt,NY,1
877,Ryan,Wolfe,ryan.wolfe877@example.com,2024-05-28,South Anita,NM,1
878,Randall,Duncan,randall.duncan878@example.com,2024-06-29,East Charles,WI,1
879,Russell,Cohen,russell.cohen879@example.com,2025-02-28,North Emilychester,MN,1
880,Michael,Flores,michael.flores880@example.com,2024-04-14,Port Kevinstad,RI,1
881,Lorraine,Lang,lorraine.lang881@example.com,2025-01-19,South Brady,GU,1
882,Jesus,Jennings,jesus.jennings882@example.com,2024-11-07,Port Jessica,CO,1
883,Daniel,Brown,daniel.brown883@example.com,2025-01-25,Port Marissa,LA,1
884,Alexander,Benson,alexander.benson884@example.com,2024-04-23,West Shannontown,MA,1
885,Jason,Medina,jason.medina885@example.com,2024-08-11,New Alexandra,KS,1
886,Ana,Dean,ana.dean886@example.com,2023-01-01,Lake Holly,AK,1
887,Nicholas,Escobar,nicholas.escobar887@example.com,2024-11-25,West Georgeport,ID,0
888,Kristina,Williamson,kristina.williamson888@example.com,2024-04-18,South Dianatown,CA,0
889,Paul,Nelson,paul.nelson889@example.com,2023-01-13,Michelletown,LA,1
890,Michelle,Banks,,2023-03-24,South William,VT,1
891,Cory,Stewart,cory.stewart891@example.com,2024-03-14,East Jamesmouth,OH,1
892,Sara,Smith,sara.smith892@example.com,2024-08-17,New Kevin,NM,1
893,Phillip,Moore,phillip.moore893@example.com,2024-08-20,Gabriellestad,SC,1
894,Kevin,Ferrell,kevin.ferrell894@example.com,2023-07-15,,NY,1
895,Joshua,Brown,joshua.brown895@example.com,2024-11-09,Natashatown,OH,1
896,Stacy,Perez,stacy.perez896@example.com,2024-10-23,Pennyberg,CO,1
897,Jessica,Meyer,jessica.meyer897@example.com,2023-12-17,South John,FL,1
898,Ronald,Edwards,ronald.edwards898@example.com,2025-02-18,Shaneberg,IL,1
899,Denise,Carpenter,denise.carpenter899@example.com,2025-01-20,Port Devin,UT,1
900,Janet,Mills,janet.mills900@example.com,2025-03-28,South Wendy,WI,1
901,Dustin,Fitzpatrick,dustin.fitzpatrick901@example.com,2023-05-18,West Carlos,ND,1
902,Stacy,Wilson,stacy.wilson902@example.com,2025-04-17,Maryberg,VA,1
903,Anthony,Flores,anthony.flores903@example.com,2024-12-29,Aliport,NV,1
904,Julie,Underwood,julie.underwood904@example.com,2024-04-02,Edwinborough,CT,1
905,David,Johnson,david.johnson905@example.com,2024-02-09,Catherinebury,PA,0
906,Jesse,Mcdaniel,jesse.mcdaniel906@example.com,2023-02-12,Christopherfort,DC,1
907,Wayne,Jacobs,wayne.jacobs907@example.com,2023-07-25,Jackfurt,NM,1
908,Thomas,Martin,thomas.martin908@example.com,2023-08-23,North Ricky,AL,1
909,Sara,Clements,sara.clements909@example.com,2023-10-08,Lake Emily,ID,1
910,Katherine,Jones,katherine.jones910@example.com,2023-08-28,Camachofort,UT,1
911,Mark,Ellis,mark.ellis911@example.com,2023-09-17,South Richard,AZ,1
912,Cathy,Holloway,cathy.holloway912@example.com,2023-06-30,Phillipshire,PA,0
913,Amanda,Davidson,amanda.davidson913@example.com,2025-04-07,New Danielmouth,GU,1
914,Natalie,Rich,,2024-11-06,New Amanda,WA,1
915,Benjamin,Hughes,benjamin.hughes915@example.com,2025-04-03,East Kellyfurt,FM,0
916,Kevin,Carey,kevin.carey916@example.com,2024-11-01,Jacksonport,RI,1
917,Samantha,Vaughn,samantha.vaughn917@example.com,2024-02-01,South Maria,NV,1
918,Christopher,Mason,christopher.mason918@example.com,2023-10-30,Port Brenda,MH,1
919,Heather,Taylor,heather.taylor919example.com,2023-01-14,Morristown,HI,1
920,Shawn,Mosley,shawn.mosley920@example.com,2024-03-16,South Christopher,MD,1
921,Heather,Meadows,heather.meadows921@example.com,2023-12-03,Lake Jessica,CO,1
922,Danny,Cole,danny.cole922@example.com,2023-07-21,Christopherfurt,VA,1
923,Kylie,Hunt,kylie.hunt923@example.com,2023-06-22,South Andrea,AZ,1
924,Kayla,Barr,kayla.barr924@example.com,2024-03-05,East Misty,HI,1
925,Kayla,Williams,kayla.williams925@example.com,2023-04-25,Kylemouth,LA,1
926,Courtney,Wilson,courtney.wilson926@example.com,2024-02-16,East Adam,WV,1
927,Johnny,Ellis,johnny.ellis927@example.com,2025-02-03,Stephenstown,PA,1
928,Nicole,Young,nicole.young928@example.com,2024-11-16,Chavezmouth,CO,1
929,Carolyn,Smith,,2024-11-23,Christineside,GU,1
930,Marcia,Williams,marcia.williams930@example.com,2023-02-28,North Denise,AZ,1
931,Dustin,Johnson,dustin.johnson931@example.com,2025-03-11,Markland,AR,1
932,Daniel,Chaney,,2023-04-19,Lake Justin,TN,1
933,Heather,Larson,heather.larson933@example.com,2024-07-11,South Kara,MN,1
934,Sarah,Davis,sarah.davis934@example.com,2024-07-21,Marcusfurt,GU,1
935,Carlos,Simmons,carlos.simmons935@example.com,2023-11-12,West Thomasville,UT,1
936,Michele,Murphy,michele.murphy936@example.com,2023-06-15,Warrenborough,RI,1
937,Brian,Duncan,,2023-08-06,,SC,1
938,Allison,Miller,allison.miller938@example.com,2024-08-26,Ronaldmouth,KS,1
939,Alicia,Carney,ALICIA.CARNEY939@EXAMPLE.COM,2024-11-28,Sarashire,NM,1
940,April,Welch,april.welch940@example.com,2023-11-25,Mortonbury,VT,1
941,Kelly,Lee,kelly.lee941@example.com,2023-08-20,North Stevenville,WA,1
942,Melanie,Marsh,melanie.marsh942@example.com,2023-01-30,,MT,1
943,Robert,Cook,robert.cook943@example.com,2023-09-25,North Danielle,UT,1
944,Juan,Tyler,juan.tyler944@example.com,2023-04-10,Kevinside,MD,1
945,Katie,Wilson,katie.wilson945@example.com,2023-11-11,Matthewshire,RI,1
946,Susan,Collier,susan.collier946@example.com,2025-04-28,West Martha,TX,1
947,Timothy,Wells,timothy.wells947@example.com,2024-06-05,Lake Derekberg,SC,1
948,Steven,Grimes,steven.grimes948@example.com,2023-09-14,,MH,1
949,Matthew,Bowers,MATTHEW.BOWERS949@EXAMPLE.COM,2024-08-07,,MT,1
950,Sarah,Brown,sarah.brown950@example.com,2024-03-16,Annettemouth,OH,1
951,Amanda,Clark,amanda.clark951@example.com,2024-02-25,Laurenstad,CA,1
952,Tara,Ramirez,tara.ramirez952@example.com,2023-10-07,West Tonyaside,MP,1
953,Gabriel,Obrien,,2024-10-12,New Darryl,WY,1
954,Karen,Thornton,karen.thornton954@example.com,2023-05-29,Jenniferview,MT,1
955,Christopher,Wiley,christopher.wiley955@example.com,2023-11-20,Shannonport,IL,0
956,Alicia,Thompson,alicia.thompson956@example.com,2025-01-06,Kristenborough,PW,1
957,Christopher,Hunter,christopher.hunter957@example.com,2023-11-22,Steinberg,ID,1
958,Matthew,Webb,matthew.webb958@example.com,2023-03-23,Kimberlyberg,WI,1
959,Monica,Short,monica.short959@example.com,2024-01-01,East Jenny,NH,1
960,Paul,Hancock,paul.hancock960@example.com,2024-05-20,North Larryton,TX,1
961,Melanie,Wiggins,melanie.wiggins961@example.com,2023-11-07,Steventon,CT,1
962,Abigail,Hopkins,abigail.hopkins962@example.com,2023-08-14,Andrewport,SC,1
963,Patricia,Flores,patricia.flores963@example.com,2023-10-29,West Joshua,MD,1
964,Kendra,Lambert,kendra.lambert964@example.com,2023-04-03,Edwardview,DE,1
965,Alexis,Dean,alexis.dean965@example.com,2023-12-08,East Amyside,MD,1
966,Joseph,Harding,joseph.harding966@example.com,2023-09-21,Audreyburgh,CA,1
967,Larry,Mcclain,larry.mcclain967@example.com,2023-12-03,Williamstown,NJ,1
968,Rebecca,Williams,rebecca.williams968@example.com,2024-01-19,Brownchester,MO,0
969,Harold,Carlson,harold.carlson969@example.com,2023-01-08,Jensenport,MA,1
970,Lisa,Marquez,lisa.marquez970@example.com,2024-10-23,Port Kathyshire,DC,1
971,Christopher,Lang,christopher.lang971@example.com,2024-01-09,Davisport,TX,1
972,Deanna,Miranda,deanna.miranda972@example.com,2024-07-10,Hallbury,FL,1
973,Michelle,Jensen,michelle.jensen973@example.com,2024-12-14,,PW,1
974,Michael,White,michael.white974@example.com,2024-09-21,Kristinamouth,NH,1
975,Tony,Jones,tony.jones975@example.com,2023-04-20,West Timothyburgh,LA,1
976,Katrina,Munoz,katrina.munoz976@example.com,2025-04-22,New Dakota,GU,1
977,Jennifer,Rodriguez,jennifer.rodriguez977@example.com,2023-03-27,Port Kevinmouth,MO,1
978,Brittany,Allen,brittany.allen978@example.com,2024-12-23,New Erik,NJ,1
979,Patrick,Peterson,patrick.peterson979@example.com,2023-11-15,Muellerchester,OK,1
980,Kristin,Stephens,kristin.stephens980@example.com,2023-11-22,East Elaine,CA,1
981,Jodi,Joseph,jodi.joseph981@example.com,2024-10-18,Wilsonmouth,MD,1
982,Angela,Short,angela.short982@example.com,2023-07-10,West Stephanie,CA,1
983,Carmen,Jennings,carmen.jennings983@example.com,2024-07-25,Murphyton,CO,1
984,Jeff,Taylor,jeff.taylor984@example.com,2024-12-12,Port Dwayneberg,NV,1
985,Amanda,Price,amanda.price985@example.com,2023-09-13,Gonzalezmouth,ME,1
986,Ashley,Gentry,ashley.gentry986@example.com,2023-02-05,Samanthachester,VT,1
987,Toni,Cooper,toni.cooper987example.com,2024-11-20,,CO,1
988,Brandi,Carr,brandi.carr988@example.com,2025-03-18,Abbottport,AR,1
989,Mike,Dunn,mike.dunn989@example.com,2025-04-03,North Jacquelinestad,DE,1
990,Michelle,Glenn,michelle.glenn990@example.com,2023-09-24,South Jacqueline,MO,1
991,Colleen,Joseph,colleen.joseph991@example.com,2023-08-19,Jamesside,IL,1
992,Elaine,Wells,elaine.wells992@example.com,2024-03-19,New Patrick,MN,1
993,Mary,Moore,mary.moore993@example.com,2023-09-08,East Alexander,SD,1
994,Alfred,Griffith,alfred.griffith994@example.com,2023-10-14,Barrettberg,CO,1
995,Derrick,Shaffer,derrick.shaffer995@example.com,2024-11-27,Englishchester,RI,1
996,Hector,Hicks,hector.hicks996@example.com,2025-02-14,Cruzbury,HI,0
997,Roger,Smith,roger.smith997@example.com,2025-04-28,Bradfordbury,VT,1
998,Walter,Jenkins,walter.jenkins998@example.com,2023-08-17,Arthurton,OK,1
999,Timothy,Richardson,timothy.richardson999@example.com,2025-01-14,Nixonland,FL,1
1000,Jessica,Fox,jessica.fox1000@example.com,2023-12-09,Stevenland,NC,1
1001,Pamela,Davis,pamela.davis1001@example.com,2023-12-12,Mccoyland,TX,1
1002,Cynthia,Yates,cynthia.yates1002@example.com,2023-05-16,Chloemouth,ND,1
1003,Kimberly,Harrison,kimberly.harrison1003@example.com,2023-03-29,Berrymouth,MT,1
1004,Michael,Levine,,2024-08-02,Keithton,UT,1
1005,Sandra,Curry,sandra.curry1005@example.com,2023-05-17,Bryanfort,OR,1
1006,Gary,Williams,gary.williams1006@example.com,2023-09-12,Lisatown,LA,1
1007,Todd,Martinez,todd.martinez1007@example.com,2023-05-14,Port Kristenview,DC,1
1008,Christina,Hill,christina.hill1008@example.com,2024-08-06,Alexisville,PA,1
1009,Greg,Vargas,greg.vargas1009@example.com,2023-08-01,Lake Sean,AS,1
1010,Gregory,Patton,gregory.patton1010@example.com,2024-04-14,South Henry,NC,1
1011,Michelle,Cooper,michelle.cooper1011@example.com,2023-01-04,East Caitlinberg,MP,1
1012,Tyler,Chaney,tyler.chaney1012@example.com,2024-03-22,Youngmouth,VA,1
1013,Dana,Clark,dana.clark1013@example.com,2024-03-06,Brianview,WV,1
1014,Lori,Williams,lori.williams1014@example.com,2024-11-08,Rossport,NJ,1
1015,Julie,Goodwin,JULIE.GOODWIN1015@EXAMPLE.COM,2025-03-07,South Frances,MS,1
1016,Thomas,Thomas,thomas.thomas1016@example.com,2023-07-30,Smithmouth,MS,0
1017,Erika,Nixon,erika.nixon1017@example.com,2023-03-17,North Samanthastad,PR,1
1018,Ryan,Hull,ryan.hull1018@example.com,2023-10-12,Matthewview,AS,1
1019,Corey,Pena,corey.pena1019@example.com,2024-04-12,Murraybury,VA,1
1020,Emily,Townsend,,2023-08-12,Ericaburgh,MD,1
1021,Amy,Chambers,amy.chambers1021@example.com,2024-06-12,North Roberthaven,CT,1
1022,Gina,Bell,gina.bell1022@example.com,2025-03-27,Johnathanton,AK,1
1023,Christine,Brown,christine.brown1023@example.com,2023-04-29,,PA,1
1024,Diane,Houston,diane.houston1024@example.com,2023-08-04,Lake Susanland,PR,1
1025,Cassandra,Bennett,,2024-04-18,North Heather,KS,1
1026,Kenneth,Guerrero,kenneth.guerrero1026@example.com,2023-08-10,Lake Shawnview,WI,1
1027,Ronald,Berger,ronald.berger1027@example.com,2023-06-23,Jonathanland,KY,1
1028,Kimberly,Reyes,kimberly.reyes1028@example.com,2025-03-08,Wendyview,GU,1
1029,Joseph,Alexander,joseph.alexander1029@example.com,2023-01-16,Krauseborough,RI,0
1030,Philip,Brewer,philip.brewer1030example.com,2023-10-15,East Amberchester,IL,1
1031,Christina,Rodriguez,christina.rodriguez1031@example.com,2024-07-01,Baldwinville,AZ,1
1032,Charles,Duncan,charles.duncan1032@example.com,2023-06-03,Kimberlytown,MH,0
1033,Tyler,Delgado,tyler.delgado1033@example.com,2023-09-24,North Elizabethview,FL,1
1034,Isabel,Conway,isabel.conway1034@example.com,2025-02-22,New Jasminefort,NJ,1
1035,Ryan,Anthony,ryan.anthony1035@example.com,2023-06-16,New Jeremiahfurt,UT,1
1036,Lisa,Olson,lisa.olson1036@example.com,2023-06-25,Mathewport,MO,1
1037,Brian,Shea,brian.shea1037@example.com,2024-07-15,,SD,1
1038,Christopher,Nichols,christopher.nichols1038@example.com,2024-03-16,Christophermouth,WV,1
1039,Katie,Holland,katie.holland1039@example.com,2024-09-24,New Benjamin,MS,1
1040,Donna,Evans,donna.evans1040@example.com,2025-01-08,,MS,1
1041,Peggy,Mccoy,peggy.mccoy1041@example.com,2024-09-07,Tommouth,WA,1
1042,Jake,Johnson,jake.johnson1042@example.com,2023-06-08,Lake Wendybury,NM,1
1043,Paul,Sparks,paul.sparks1043@example.com,2023-11-08,Victormouth,AK,1
1044,Benjamin,Brown,benjamin.brown1044@example.com,2024-03-08,South Davidhaven,NH,1
1045,Shelby,Berg,shelby.berg1045@example.com,2024-09-13,Lake Beth,CA,1
1046,Benjamin,Thomas,benjamin.thomas1046@example.com,2023-08-17,South Rebeccaton,IA,1
1047,Jacqueline,Anderson,,2023-07-29,Lake Brendan,ME,1
1048,Lori,Davis,lori.davis1048@example.com,2023-02-11,Port Brittany,GU,1
1049,Lisa,Wilson,lisa.wilson1049@example.com,2023-05-30,North Linda,NE,1
1050,Matthew,Huff,matthew.huff1050@example.com,2024-04-01,Nguyenshire,ND,1
1051,Derrick,Copeland,,2025-04-29,Port Brandon,HI,1
1052,Matthew,Martinez,matthew.martinez1052@example.com,2023-07-05,Port Robert,UT,1
1053,Mitchell,Martin,mitchell.martin1053@example.com,2024-04-15,New Billy,CT,1
1054,Kylie,Chen,kylie.chen1054@example.com,2023-06-19,Stricklandtown,FM,1
1055,Tony,Smith,tony.smith1055@example.com,2023-08-31,North Jasmine,OR,1
1056,Olivia,Butler,olivia.butler1056@example.com,2024-07-01,Schwartzborough,FL,1
1057,Danielle,Mills,danielle.mills1057@example.com,2024-07-23,,MT,1
1058,John,Thompson,john.thompson1058@example.com,2023-06-01,New Hectorfort,RI,1
1059,Stephanie,Burton,stephanie.burton1059@example.com,2023-12-31,Michaeltown,OH,1
1060,Joe,Wilson,joe.wilson1060@example.com,2024-06-08,,NC,1
1061,Tiffany,Montgomery,tiffany.montgomery1061@example.com,2025-03-10,South Kaylee,TN,0
1062,Jared,Brown,jared.brown1062@example.com,2024-08-09,Port Edwardfort,NM,1
1063,Gregory,Santiago,gregory.santiago1063@example.com,2023-11-16,North Deannaport,IL,1
1064,Ryan,Cook,ryan.cook1064@example.com,2024-07-18,Williamston,ND,1
1065,Gregory,Floyd,gregory.floyd1065@example.com,2025-04-12,Robertsonland,MH,1
1066,Joe,Wallace,joe.wallace1066@example.com,2023-05-23,Robertmouth,IN,1
1067,Kimberly,Nguyen,kimberly.nguyen1067@example.com,2025-04-04,East Joanborough,MS,1
1068,Patricia,Jones,patricia.jones1068@example.com,2024-04-10,Brownchester,FL,1
1069,Javier,Lynch,javier.lynch1069@example.com,2024-12-05,South Nathaniel,NH,1
1070,Jennifer,Chen,jennifer.chen1070@example.com,2023-10-17,Jamesberg,AZ,1
1071,Heather,Brown,heather.brown1071@example.com,2025-04-07,North Melissa,NH,1
1072,Robert,Wolf,robert.wolf1072@example.com,2023-04-04,West Cassandra,WY,1
1073,Laura,Cisneros,laura.cisneros1073@example.com,2024-04-11,New Tara,PR,1
1074,Jerry,Jenkins,jerry.jenkins1074@example.com,2024-10-02,Atkinsborough,OR,1
1075,Thomas,Ford,thomas.ford1075@example.com,2024-01-06,Lake Ronniebury,IA,1
1076,Mark,Riley,mark.riley1076@example.com,2024-11-08,New Rachel,MT,1
1077,Tina,Williams,tina.williams1077@example.com,2024-03-07,Quinnhaven,AZ,1
1078,Ronald,Foster,ronald.foster1078@example.com,2023-01-31,South Tylerland,OH,1
1079,Karen,Steele,karen.steele1079@example.com,2024-09-24,Dodsonberg,MI,1
1080,Kenneth,Holland,kenneth.holland1080@example.com,2023-08-07,North Timothyport,GA,1
1081,Jacqueline,Hodge,jacqueline.hodge1081@example.com,2025-03-26,South Stevenberg,VI,1
1082,Jacqueline,Lopez,jacqueline.lopez1082@example.com,2024-05-26,Courtneytown,VI,0
1083,Courtney,Cruz,courtney.cruz1083@example.com,2023-12-05,Alyssaport,NE,1
1084,Karen,Wolfe,karen.wolfe1084@example.com,2023-03-28,Port Gail,RI,1
1085,Nicole,Fitzgerald,nicole.fitzgerald1085@example.com,2024-01-18,New Sierrastad,FM,1
1086,Brett,Reyes,,2024-04-23,Harveystad,MN,1
1087,Gregory,Hansen,gregory.hansen1087@example.com,2023-03-26,New Jennaborough,DC,1
1088,Tina,Allen,tina.allen1088@example.com,2024-07-17,Lake Timothyshire,VI,1
1089,Susan,Clark,susan.clark1089@example.com,2023-01-13,West Michael,KY,1
1090,Wesley,Henderson,wesley.henderson1090@example.com,2024-01-01,North Nathanmouth,NM,1
1091,Walter,Gallegos,walter.gallegos1091@example.com,2024-09-23,Mckinneyside,MH,1
1092,Kelly,Oliver,kelly.oliver1092@example.com,2024-10-03,East Patriciamouth,CO,1
1093,Christopher,Hurst,christopher.hurst1093@example.com,2023-09-07,Susanland,CT,1
1094,Fred,Rodriguez,fred.rodriguez1094example.com,2024-05-22,South Edward,IL,1
1095,Abigail,Burton,,2023-07-31,Robertside,DC,1
1096,Thomas,Fisher,thomas.fisher1096@example.com,2023-06-22,West Jaimetown,VI,1
1097,Laurie,Conley,laurie.conley1097@example.com,2024-09-29,Robertmouth,SD,1
1098,Debbie,Nguyen,debbie.nguyen1098@example.com,2024-05-23,Ellisshire,DC,1
1099,Rachel,Parker,,2023-12-15,,WY,1
1100,Jordan,Washington,jordan.washington1100@example.com,2023-12-22,Kaylaton,FL,1
1101,Michael,Bryant,michael.bryant1101@example.com,2024-09-14,New Sandra,VT,1
1102,Amanda,White,,2023-07-02,Port Jean,MH,0
1103,Elizabeth,Hernandez,elizabeth.hernandez1103@example.com,2025-02-06,North Blake,MD,1
1104,Autumn,Alexander,autumn.alexander1104@example.com,2024-03-23,Jackside,VT,1
1105,Austin,Stewart,austin.stewart1105@example.com,2024-03-15,Earlmouth,ND,1
1106,Theresa,Ferguson,theresa.ferguson1106@example.com,2024-02-11,North Richardfort,WI,1
1107,Dustin,Ellis,,2023-05-14,Ericside,NY,1
1108,Mark,Thornton,mark.thornton1108@example.com,2023-11-26,Kempshire,TN,1
1109,Dylan,Cunningham,dylan.cunningham1109@example.com,2023-04-02,Morganville,VA,1
1110,Timothy,Williams,,2023-03-12,West Angelbury,NV,0
1111,Michael,Nguyen,michael.nguyen1111@example.com,2024-07-30,,PA,1
1112,Danielle,Silva,danielle.silva1112@example.com,2025-02-04,Port Shari,KY,1
1113,James,Miller,james.miller1113@example.com,2023-08-09,Rhodesland,NY,0
1114,Preston,Henry,preston.henry1114@example.com,2024-03-12,Lake Michaelberg,VT,1
1115,Melissa,Wood,melissa.wood1115@example.com,2024-02-14,Alexanderstad,MI,1
1116,Kyle,Griffin,kyle.griffin1116@example.com,2023-08-23,East Jessicamouth,WA,1
1117,Victoria,Lara,victoria.lara1117@example.com,2023-03-26,Frankchester,VA,1
1118,Peggy,Taylor,,2025-02-07,East Jaredfort,VI,1
1119,Alicia,Rogers,alicia.rogers1119@example.com,2025-02-04,Davischester,SC,1
1120,Robin,Perry,robin.perry1120@example.com,2024-03-17,Pageberg,ID,1
1121,Jacob,James,jacob.james1121@example.com,2023-11-26,Williamsport,MP,1
1122,Brenda,Snyder,brenda.snyder1122@example.com,2023-04-30,Walkertown,FL,1
1123,Jose,Blanchard,jose.blanchard1123@example.com,2023-07-09,Martinezport,MT,1
1124,Harry,Knox,harry.knox1124@example.com,2023-05-06,North David,KY,1
1125,Trevor,Arellano,trevor.arellano1125@example.com,2023-01-10,Biancashire,NE,0
1126,Miranda,Burton,miranda.burton1126@example.com,2023-07-20,Mccannville,MN,1
1127,William,Johnston,william.johnston1127@example.com,2023-04-20,Franciscoton,FL,1
1128,Luis,Johns,luis.johns1128@example.com,2024-09-11,West Frank,KY,1
1129,Michael,Fields,michael.fields1129@example.com,2023-08-28,Brandonport,NC,1
1130,Danielle,Jones,danielle.jones1130@example.com,2023-07-23,Port Courtney,WV,1
1131,Cody,Goodwin,cody.goodwin1131@example.com,2024-08-25,Moniqueport,KY,1
1132,Gina,Barker,gina.barker1132@example.com,2023-10-17,,CT,1
1133,Amanda,Bell,amanda.bell1133@example.com,2023-12-15,North Derrick,LA,1
1134,Nathan,Washington,nathan.washington1134@example.com,2023-05-11,Samanthaburgh,CT,1
1135,Jeffery,Gordon,jeffery.gordon1135@example.com,2023-07-18,Port Penny,RI,1
1136,Hannah,Cisneros,hannah.cisneros1136@example.com,2023-04-29,South Stevenland,DE,1
1137,Lori,Mclean,lori.mclean1137@example.com,2024-01-29,Baileystad,,1
1138,Don,Ramos,don.ramos1138@example.com,2024-12-20,Geraldport,AK,1
1139,Julie,Wilson,julie.wilson1139@example.com,2024-04-07,Port Heather,UT,1
1140,Jeremy,Martinez,jeremy.martinez1140@example.com,2024-06-14,North Roger,WV,1
1141,Kristen,Jones,kristen.jones1141@example.com,2024-02-07,Toddton,,1
1142,James,Johnson,james.johnson1142@example.com,2023-09-24,South Davidview,AZ,1
1143,Carl,Contreras,carl.contreras1143@example.com,2025-01-26,Port Davidborough,OR,0
1144,Rachel,Lopez,rachel.lopez1144@example.com,2024-09-05,Anthonyberg,PR,1
1145,Julie,Ramirez,julie.ramirez1145@example.com,2023-10-20,Michaelhaven,WI,1
1146,Jessica,Allen,jessica.allen1146@example.com,2025-04-16,North Loritown,NC,1
1147,Jay,Lee,jay.lee1147@example.com,2023-09-16,Georgeside,AL,1
1148,Teresa,Garcia,teresa.garcia1148@example.com,2024-11-29,New Melissa,NJ,1
1149,Michael,Lawrence,michael.lawrence1149@example.com,2023-01-13,Nunezville,HI,1
1150,Mary,Zavala,,2024-03-27,Lewisbury,MT,1
1151,Daniel,Rollins,daniel.rollins1151@example.com,2025-01-27,,DE,1
1152,Steven,Stone,steven.stone1152@example.com,2024-02-21,Farmerport,OH,0
1153,Jennifer,Miller,jennifer.miller1153@example.com,2024-06-22,Wilsonport,NH,1
1154,Caroline,Collins,caroline.collins1154@example.com,2024-11-11,Perezchester,LA,1
1155,Traci,Patterson,traci.patterson1155@example.com,2024-12-28,Port Leahstad,HI,1
1156,Alexander,Craig,alexander.craig1156@example.com,2024-07-13,South Samuelland,DE,1
1157,Douglas,Morales,douglas.morales1157@example.com,2023-05-14,Lake Saraburgh,CA,1
1158,Michael,Gonzalez,michael.gonzalez1158@example.com,2024-10-08,New Megan,MO,0
1159,David,Massey,david.massey1159@example.com,2024-07-11,Ramirezshire,OR,1
1160,Joshua,Clarke,joshua.clarke1160@example.com,2023-02-19,Kellyfurt,NM,1
1161,William,Hernandez,william.hernandez1161@example.com,2025-01-25,Rodriguezview,NM,1
1162,Tyler,Fuller,tyler.fuller1162@example.com,2024-02-20,North Cory,AR,1
1163,Maria,Jimenez,maria.jimenez1163@example.com,2023-03-20,East Patrickmouth,FL,1
1164,Kevin,Hanson,kevin.hanson1164@example.com,2023-06-14,Lake Karenfort,WY,1
1165,Steven,Carter,steven.carter1165@example.com,2025-02-27,Henryview,ND,1
1166,Matthew,Heath,matthew.heath1166@example.com,2024-03-29,Port Anthonychester,FM,1
1167,Robin,Reyes,robin.reyes1167@example.com,2024-07-19,Melissamouth,NH,1
1168,Barry,Thompson,barry.thompson1168@example.com,2023-01-11,Nicoleburgh,NM,1
1169,Ryan,Edwards,ryan.edwards1169@example.com,2024-08-01,Freemanville,OK,1
1170,Emily,Keller,emily.keller1170@example.com,2025-04-02,Alvarezburgh,NY,1
1171,Brian,Baker,brian.baker1171@example.com,2024-12-13,Jensenstad,WI,1
1172,Tiffany,Flores,tiffany.flores1172@example.com,2023-01-16,New Brandonstad,MI,1
1173,Lisa,Silva,lisa.silva1173@example.com,2023-09-13,,WV,1
1174,Patricia,Peterson,patricia.peterson1174@example.com,2023-03-31,South Michaelstad,MT,0
1175,Michael,Stanley,michael.stanley1175@example.com,2024-10-13,East Deborah,OR,1
1176,Christopher,Watts,,2024-06-18,Dannyburgh,AK,0
1177,Amanda,Johnson,amanda.johnson1177@example.com,2024-09-19,Bradleychester,KY,1
1178,Andrew,Harrison,andrew.harrison1178@example.com,2024-06-20,West Nicholasfurt,MD,1
1179,Ashley,Stokes,ashley.stokes1179@example.com,2023-02-27,Lake Emilymouth,NM,1
1180,Wesley,Hubbard,wesley.hubbard1180@example.com,2025-04-20,Garrettport,MN,1
1181,Tara,Harris,,2023-09-06,Port Melissaborough,LA,1
1182,Joseph,Evans,joseph.evans1182@example.com,2024-04-17,Ballardland,VT,1
1183,Megan,Davis,megan.davis1183@example.com,2025-02-27,Joshuashire,AS,1
1184,Amanda,Simmons,amanda.simmons1184@example.com,2023-01-09,Lauraport,NY,1
1185,Linda,Reynolds,linda.reynolds1185@example.com,2025-04-08,Jamesfurt,KS,1
1186,Colleen,Chavez,colleen.chavez1186@example.com,2023-08-06,North Courtney,NC,1
1187,Michelle,Ray,michelle.ray1187@example.com,2024-07-15,Lake Suzanne,WA,1
1188,Sharon,Adams,sharon.adams1188@example.com,2024-10-22,Michaelton,NC,1
1189,James,Ford,james.ford1189@example.com,2025-03-17,East Julie,WV,0
1190,Kevin,Graham,kevin.graham1190@example.com,2025-01-30,Michelleland,SC,1
1191,James,Gutierrez,james.gutierrez1191@example.com,2024-12-12,Debbieview,TX,1
1192,Carolyn,Sullivan,,2025-01-05,East Jamesbury,AS,0
1193,Margaret,Marshall,margaret.marshall1193@example.com,2023-07-04,Hendersonton,ID,1
1194,Erik,Taylor,erik.taylor1194@example.com,2023-08-27,Kristineview,TN,1
1195,Andrea,Newman,andrea.newman1195@example.com,2023-08-10,,AZ,1
1196,Tamara,Tucker,tamara.tucker1196@example.com,2023-12-01,,AK,1
1197,Brian,Mosley,brian.mosley1197@example.com,2023-03-11,Carolynland,MH,1
1198,Stephanie,Mosley,stephanie.mosley1198@example.com,2025-01-08,South Sherryberg,IA,1
1199,Daniel,Navarro,daniel.navarro1199@example.com,2024-11-29,New Elizabethshire,WI,1
1200,Sarah,King,sarah.king1200@example.com,2024-09-28,East Carolmouth,MA,1
1201,Marisa,Mclaughlin,marisa.mclaughlin1201@example.com,2024-11-19,South Jeffery,CT,1
1202,Gregory,Booker,gregory.booker1202@example.com,2024-04-24,Ortizshire,AR,1
1203,Tracy,Brooks,tracy.brooks1203@example.com,2023-03-24,West Amyfort,TX,1
1204,John,Ramirez,not-an-email,2025-04-06,West Thomas,MN,1
1205,Lori,Smith,lori.smith1205@example.com,2024-11-21,Port Joditon,UT,1
1206,Samantha,Powers,samantha.powers1206@example.com,2023-02-06,,KS,1
1207,Angela,Parker,angela.parker1207@example.com,2023-05-22,Rebeccaville,ND,1
1208,Michelle,Mathews,michelle.mathews1208@example.com,2023-05-20,Smithfurt,PW,0
1209,Jonathan,Davis,,2023-10-09,West Jason,FM,1
1210,Ethan,Gonzales,ethan.gonzales1210@example.com,2024-10-03,Natashachester,WY,1
1211,Austin,Delacruz,austin.delacruz1211@example.com,2024-01-08,Ruizchester,MP,1
1212,Marvin,Henderson,marvin.henderson1212@example.com,2023-06-28,Port Ethanview,NY,1
1213,Carl,Fisher,carl.fisher1213@example.com ,2023-12-30,Shawntown,WV,1
1214,Brett,May,brett.may1214@example.com,2023-07-15,Gibbsberg,AL,1
1215,Richard,Fuller,richard.fuller1215@example.com,2023-08-10,Barbaraville,GA,1
1216,John,Reeves,,2024-12-02,Port Brooke,MT,1
1217,Laura,Flores,,2023-09-18,Russoberg,KS,1
1218,Glenn,Watkins,glenn.watkins1218@example.com,2024-08-13,Laurenborough,CO,1
1219,Robert,White,robert.white1219@example.com,2023-09-08,Duffyshire,IN,1
1220,Andrew,Johnson,andrew.johnson1220@example.com,2023-08-05,North Terri,ID,1
1221,Jose,Christian,jose.christian1221@example.com,2024-05-09,South Christineview,FL,1
1222,Christopher,Richardson,christopher.richardson1222@example.com,2024-02-29,North Jenniferchester,WI,1
1223,Samantha,Chavez,samantha.chavez1223@example.com,2023-01-25,Wilsonborough,ID,1
1224,Sophia,Li,sophia.li1224@example.com,2023-01-15,Keithfort,MS,1
1225,David,Gates,david.gates1225@example.com,2025-04-15,Port Justin,TX,1
1226,Jaime,White,jaime.white1226@example.com,2024-11-22,North Kelly,KS,1
1227,Joe,Hayes,joe.hayes1227@example.com,2023-10-03,West Brandi,SD,1
1228,Stephen,Smith,stephen.smith1228@example.com,2023-10-27,,DC,0
1229,Monica,Mccann,monica.mccann1229@example.com,2024-07-09,Mcdanielfurt,VT,1
1230,Rodney,Harper,rodney.harper1230@example.com,2025-02-06,North Angelaton,MA,1
1231,Sarah,Ruiz,sarah.ruiz1231@example.com,2023-01-12,Wendyton,AL,1
1232,Jon,Harvey,jon.harvey1232@example.com,2025-02-06,Tiffanystad,DC,1
1233,Tammy,Hansen,tammy.hansen1233@example.com,2023-09-30,West Geoffrey,NM,1
1234,Sarah,Humphrey,sarah.humphrey1234@example.com,2023-12-21,North Logan,NC,1
1235,Ryan,Green,ryan.green1235@example.com,2025-04-07,Bradleyberg,,1
1236,Victor,Mcpherson,victor.mcpherson1236@example.com,2023-03-22,Juliechester,LA,1
1237,Raven,Baker,raven.baker1237@example.com,2025-03-16,Zacharychester,MH,1
1238,Frederick,Doyle,frederick.doyle1238@example.com,2024-03-07,Gallagherberg,OH,1
1239,Melissa,Sandoval,melissa.sandoval1239@example.com,2023-02-09,Brownberg,AR,0
1240,Jerry,Johnson,jerry.johnson1240@example.com,2023-11-02,Frankmouth,NE,1
1241,Darren,Woodard,darren.woodard1241@example.com,2023-02-07,Williamsstad,VT,1
1242,Ann,Ellis,ann.ellis1242@example.com,2024-01-06,Port Jenniferberg,DE,1
1243,Michael,Harris,michael.harris1243@example.com,2023-04-24,Henryburgh,WA,1
1244,William,Nelson,william.nelson1244@example.com,2023-05-13,New Whitney,AL,1
1245,Alicia,Duncan,alicia.duncan1245@example.com,2023-07-18,Knappbury,WI,1
1246,Tyler,Davis,tyler.davis1246@example.com,2023-06-08,Anthonyville,MO,1
1247,Nathaniel,Hickman,nathaniel.hickman1247@example.com,2024-09-30,Port Marcustown,,1
1248,Christopher,Rivas,christopher.rivas1248@example.com,2024-10-27,Gibsonview,PA,1
1249,Diane,Rivera,diane.rivera1249@example.com,2024-12-06,Lake Cindymouth,,1
1250,Mark,Dennis,mark.dennis1250@example.com,2023-10-28,East Michelle,AS,1
1251,Dawn,Morris,dawn.morris1251@example.com,2024-11-21,,AR,1
1252,Julia,Payne,julia.payne1252@example.com,2025-03-08,Davisview,HI,1
1253,John,Wise,john.wise1253@example.com,2023-08-17,Davisborough,GA,1
1254,Paul,Powell,paul.powell1254@example.com,2023-08-13,North Kenneth,AS,1
1255,Ryan,Drake,ryan.drake1255@example.com,2023-10-31,Rebeccaberg,MI,1
1256,Elizabeth,Collier,elizabeth.collier1256@example.com,2025-01-09,South Sean,MS,1
1257,Thomas,Hart,thomas.hart1257@example.com,2024-06-05,Davischester,AS,1
1258,Micheal,Lopez,micheal.lopez1258@example.com,2023-03-07,Davishaven,MA,1
1259,Teresa,Rhodes,teresa.rhodes1259@example.com,2023-11-28,South Alison,SD,1
1260,Alicia,Roberts,alicia.roberts1260@example.com,2023-11-15,,,1
1261,Samuel,Solomon,samuel.solomon1261@example.com,2023-06-28,Evansberg,TX,1
1262,Rebecca,Skinner,rebecca.skinner1262@example.com,2023-02-16,Phillipston,OH,1
1263,Charles,Williams,not-an-email,2024-01-18,New Rogerville,NH,1
1264,Donna,Carroll,donna.carroll1264@example.com,2024-08-11,Michaelshire,CO,1
1265,Kayla,Smith,kayla.smith1265@example.com,2024-07-28,Whiteburgh,MP,0
1266,Phillip,Miller,phillip.miller1266@example.com,2024-11-04,Leemouth,WV,1
1267,Ellen,Hanson,ellen.hanson1267@example.com,2023-10-25,Matthewburgh,IL,1
1268,Jacob,Burgess,jacob.burgess1268@example.com,2023-03-13,Monicaville,NE,1
1269,Amanda,Smith,amanda.smith1269@example.com,2024-01-19,North Georgefort,NH,0
1270,Heather,Melton,heather.melton1270@example.com,2025-01-29,Turnerstad,UT,1
1271,Emily,Vaughn,emily.vaughn1271@example.com,2025-03-01,Ballardland,DC,1
1272,Derek,Lee,derek.lee1272@example.com,2023-10-06,Lake Taratown,IL,1
1273,Timothy,Thomas,timothy.thomas1273@example.com,2024-02-21,South Megan,PR,1
1274,Kristy,Lee,kristy.lee1274@example.com,2023-11-12,Kaylaberg,NJ,1
1275,Robert,Wilson,robert.wilson1275@example.com,2023-09-02,Lake Jacqueline,NM,1
1276,Thomas,Heath,thomas.heath1276@example.com,2024-11-21,,OR,1
1277,John,Phillips,john.phillips1277@example.com,2024-12-01,Williamstown,CT,1
1278,Crystal,Marquez,crystal.marquez1278@example.com,2023-10-06,Allisonshire,PA,1
1279,Jessica,Duarte,jessica.duarte1279@example.com,2025-02-18,South Ricardohaven,OR,1
1280,Jenny,Mcconnell,jenny.mcconnell1280@example.com,2023-04-21,Hallton,NC,1
1281,Andrew,Ray,andrew.ray1281@example.com,2024-03-02,West Patriciachester,FM,1
1282,Thomas,Simpson,THOMAS.SIMPSON1282@EXAMPLE.COM,2025-04-23,Shanechester,AK,1
1283,Evan,Barber,evan.barber1283@example.com,2024-09-22,,NJ,0
1284,Maurice,Hall,maurice.hall1284@example.com,2023-08-20,New Regina,MA,1
1285,Sandra,Castaneda,sandra.castaneda1285@example.com,2024-12-29,Andersonport,VA,1
1286,Jennifer,Moyer,jennifer.moyer1286@example.com,2024-10-10,Lauraburgh,RI,1
1287,Jared,Vazquez,jared.vazquez1287@example.com,2023-07-19,Lake Timothyburgh,ID,1
1288,Eric,Vasquez,eric.vasquez1288@example.com,2023-12-17,Hahnfort,ME,1
1289,Jimmy,Hawkins,jimmy.hawkins1289@example.com,2024-05-21,,AK,0
1290,Michael,Green,michael.green1290@example.com,2024-05-28,East Maria,MH,1
1291,Wesley,Roman,wesley.roman1291@example.com,2024-08-15,Ryanbury,DE,1
1292,Anna,Tucker,anna.tucker1292@example.com,2024-12-02,Kristenton,WI,1
1293,Natalie,Adams,,2025-01-29,Port Hannah,NY,1
1294,Cassandra,Garcia,cassandra.garcia1294@example.com,2023-11-16,South Laurenville,CT,1
1295,Kimberly,Lynch,kimberly.lynch1295@example.com,2023-09-24,Port Annahaven,CT,1
1296,Gary,Wilson,gary.wilson1296@example.com,2024-10-11,West Eric,LA,1
1297,Jean,Gill,jean.gill1297@example.com,2023-11-16,Oconnorville,FL,1
1298,Deborah,Cook,deborah.cook1298@example.com,2024-04-27,North Melinda,NV,1
1299,Tara,Hammond,tara.hammond1299@example.com,2023-08-10,East Maryfort,MA,1
1300,Justin,Jackson,justin.jackson1300@example.com,2025-02-01,Nathanchester,MN,1
1301,Crystal,Sanchez,crystal.sanchez1301@example.com,2024-12-09,Cobbberg,AS,1
1302,Roy,Hardin,roy.hardin1302@example.com,2023-09-30,Cranehaven,WY,1
1303,Evelyn,Acevedo,evelyn.acevedo1303@example.com,2023-10-12,Thomastown,VT,1
1304,Linda,Acevedo,linda.acevedo1304@example.com,2023-09-03,West Leroyburgh,NE,1
1305,Bryan,Malone,bryan.malone1305@example.com,2023-12-04,New Brian,SC,1
1306,Tina,Lloyd,tina.lloyd1306@example.com,2023-06-13,Robertside,VI,1
1307,Kevin,Newton,kevin.newton1307@example.com,2023-03-11,Alanview,MH,1
1308,Allison,Knapp,allison.knapp1308@example.com,2024-09-12,,UT,0
1309,Richard,Schneider,richard.schneider1309@example.com,2024-05-23,Terryfurt,WI,1
1310,James,Turner,james.turner1310@example.com,2024-11-10,New Matthewberg,NC,1
1311,Victoria,Campbell,victoria.campbell1311@example.com,2023-06-06,New Andreahaven,MA,1
1312,Katherine,Moore,katherine.moore1312@example.com,2023-01-18,Port Amberview,IA,1
1313,Marilyn,Torres,marilyn.torres1313@example.com,2025-04-06,Benitezville,VA,1
1314,Brian,Watson,brian.watson1314@example.com,2023-06-09,Davidville,,1
1315,Shane,Armstrong,shane.armstrong1315@example.com,2023-11-10,South Matthewbury,AS,1
1316,Julie,Perkins,julie.perkins1316@example.com,2023-01-23,West Kevin,TN,1
1317,Kristen,Espinoza,kristen.espinoza1317@example.com,2023-09-18,Lake Nicholas,WA,1
1318,John,Murphy,john.murphy1318@example.com,2023-10-22,Port Kimberly,NH,1
1319,Corey,Dawson,corey.dawson1319@example.com,2023-06-14,Millerton,NE,1
1320,Pamela,Alvarez,pamela.alvarez1320@example.com,2024-12-13,Millerhaven,MO,1
1321,Brianna,Stone,brianna.stone1321@example.com,2023-12-06,Wigginsshire,NM,1
1322,Dana,Barajas,dana.barajas1322@example.com,2023-09-24,Dennischester,GU,1
1323,Francisco,Wagner,francisco.wagner1323@example.com,2023-07-26,Dawsonberg,VT,1
1324,William,Rice,,2025-01-18,South Thomas,WA,1
1325,Eric,Hansen,eric.hansen1325@example.com,2025-02-21,New Melissaville,DE,1
1326,Mike,Roberts,mike.roberts1326@example.com,2024-04-24,North Nathan,MN,1
1327,Kevin,Tucker,kevin.tucker1327@example.com,2025-02-13,East Kristen,MT,0
1328,Brandon,Shannon,brandon.shannon1328@example.com,2024-11-20,Jasonfort,AL,1
1329,David,Bailey,david.bailey1329@example.com,2025-03-20,South Timothyport,OK,1
1330,Shaun,Morgan,shaun.morgan1330@example.com,2024-05-29,Alvarezberg,WV,0
1331,Dillon,Fields,dillon.fields1331@example.com,2023-12-12,Contrerasberg,VI,1
1332,Jessica,Davis,jessica.davis1332@example.com,2025-02-02,Hughesfurt,MA,1
1333,Amber,Rubio,amber.rubio1333@example.com,2023-05-23,Fitzgeraldland,VI,1
1334,Gabriel,Johnson,gabriel.johnson1334@example.com,2024-10-24,Annville,SD,1
1335,Anita,Lee,anita.lee1335@example.com,2024-01-22,New Aimeefort,NY,1
1336,Penny,Martinez,penny.martinez1336@example.com,2025-01-17,North Joshua,IL,1
1337,John,Thornton,john.thornton1337@example.com,2025-02-23,Millerside,PA,1
1338,Luke,Chapman,luke.chapman1338@example.com,2024-08-15,Atkinstown,MA,1
1339,Samuel,Perry,samuel.perry1339@example.com,2023-09-30,Patrickland,DE,1
1340,Tina,Weaver,tina.weaver1340@example.com,2023-04-22,Douglasview,WI,1
1341,Christopher,Parker,christopher.parker1341@example.com,2025-02-16,Gregoryton,RI,1
1342,Susan,White,susan.white1342@example.com,2024-08-02,West Petermouth,FL,1
1343,Robert,Nguyen,robert.nguyen1343@example.com,2023-07-13,Davidville,AR,1
1344,James,Goodwin,james.goodwin1344@example.com,2024-06-25,South William,NY,1
1345,Paul,Wilson,paul.wilson1345@example.com,2024-10-20,,AR,1
1346,Lucas,Tran,lucas.tran1346@example.com,2023-02-13,South Anthonybury,PW,1
1347,Olivia,Adams,olivia.adams1347@example.com,2024-01-31,East Kathrynberg,ME,1
1348,Ashley,Griffin,ashley.griffin1348@example.com,2023-05-24,Port Tammy,MN,0
1349,Amber,Jackson,amber.jackson1349@example.com,2025-03-16,New Stephanie,PW,1
1350,Angela,Williams,angela.williams1350@example.com,2025-02-16,Woodwardport,SD,1
1351,Teresa,Smith,teresa.smith1351@example.com,2023-05-19,Nelsonview,MP,1
1352,Erin,Kidd,erin.kidd1352@example.com,2023-11-22,New Mary,LA,1
1353,Brandon,Stevenson,brandon.stevenson1353@example.com,2023-01-03,West Christopherville,MP,1
1354,Donald,Hawkins,donald.hawkins1354@example.com,2024-10-31,Natalieborough,RI,1
1355,William,Pham,william.pham1355@example.com,2023-06-21,Cynthiamouth,KY,1
1356,John,Bird,john.bird1356@example.com,2023-10-26,Jasonmouth,AK,1
1357,Robin,Anderson,robin.anderson1357@example.com,2023-09-16,New Thomastown,TX,1
1358,Glenn,Peters,glenn.peters1358@example.com,2023-12-31,Farmerside,CO,1
1359,Kristin,Banks,kristin.banks1359@example.com,2023-01-12,,CA,1
1360,Amanda,Stafford,amanda.stafford1360@example.com,2024-08-06,Chambersstad,GU,1
1361,Nicholas,Burke,nicholas.burke1361@example.com,2024-06-07,Thompsontown,DE,1
1362,Steven,Mayer,steven.mayer1362@example.com,2024-01-08,Smithtown,WV,1
1363,Juan,Morse,,2024-05-28,Jamesport,AS,0
1364,Jennifer,Young,jennifer.young1364@example.com,2023-02-09,Coffeyton,KY,1
1365,Trevor,Padilla,trevor.padilla1365@example.com,2024-07-26,North James,GU,1
1366,Danielle,Rodriguez,danielle.rodriguez1366@example.com,2023-01-05,Ashleyfort,,1
1367,George,Lee,george.lee1367@example.com,2023-03-13,North Brianna,WA,1
1368,Calvin,Green,calvin.green1368@example.com,2023-05-07,New Jessica,KY,1
1369,James,Gregory,james.gregory1369@example.com,2023-06-06,Erinmouth,AL,1
1370,Sharon,Davidson,,2025-02-22,Port Sheilachester,PR,1
1371,Wanda,Hill,wanda.hill1371@example.com,2024-12-26,Simpsonhaven,WV,1
1372,Bradley,Griffith,bradley.griffith1372@example.com,2023-11-25,West Samanthaside,NV,0
1373,Leslie,Myers,leslie.myers1373@example.com,2023-02-15,Christophershire,AS,1
1374,Anthony,Mclaughlin,anthony.mclaughlin1374@example.com,2024-02-05,Rosariobury,ID,0
1375,Frank,Collins,frank.collins1375@example.com,2025-02-03,North Timothytown,OR,1
1376,Laura,Mcconnell,laura.mcconnell1376@example.com,2023-04-11,Johnfort,IA,1
1377,Susan,Wall,susan.wall1377@example.com,2024-11-09,Aprilbury,CA,1
1378,Kimberly,Harvey,kimberly.harvey1378@example.com,2023-10-20,Lake Seanville,CO,0
1379,Terri,Rangel,terri.rangel1379@example.com,2023-01-03,Edwardsland,WY,1
1380,David,Ellison,david.ellison1380@example.com,2024-07-21,Brownchester,CA,1
1381,Curtis,Brown,curtis.brown1381@example.com,2023-06-15,West Melissafurt,CT,0
1382,Christina,Jenkins,christina.jenkins1382@example.com,2023-12-07,South Patrickchester,FM,1
1383,Christine,Garcia,christine.garcia1383@example.com,2023-02-23,South Zacharyshire,ID,0
1384,Daniel,Smith,daniel.smith1384@example.com,2025-01-12,New Kristineborough,MH,1
1385,Ashley,Walsh,ashley.walsh1385@example.com,2024-06-01,Michaelfort,VA,1
1386,Christine,Lopez,christine.lopez1386@example.com,2023-03-23,Port Bradley,DC,1
1387,Larry,Graham,larry.graham1387@example.com,2023-09-05,Larryside,WI,0
1388,Dustin,Harrison,dustin.harrison1388@example.com,2024-08-30,Kellytown,NC,1
1389,Brenda,Gregory,brenda.gregory1389@example.com,2024-09-03,East Williamside,PR,1
1390,Brian,Cooper,brian.cooper1390@example.com,2024-04-17,Lake Rebekah,WY,1
1391,Casey,Lopez,casey.lopez1391@example.com,2023-08-13,Nealmouth,PA,1
1392,Heather,Christian,heather.christian1392@example.com,2023-06-08,Christinachester,MA,1
1393,Francis,Gibson,francis.gibson1393@example.com,2023-09-19,South Jeffreytown,SC,1
1394,Jeffrey,Hall,jeffrey.hall1394@example.com,2025-03-11,East Timothy,WI,1
1395,Stephanie,Rivera,stephanie.rivera1395@example.com,2023-02-22,Harrisburgh,GU,1
1396,Veronica,Cox,veronica.cox1396@example.com,2024-08-06,West Anthonyville,FL,1
1397,Kelly,Lee,kelly.lee1397@example.com,2024-08-16,Bradleytown,ID,1
1398,James,Thompson,james.thompson1398@example.com,2025-01-29,Jennifermouth,PR,0
1399,Angela,White,angela.white1399@example.com,2025-01-14,East Meganville,AK,1
1400,Marie,Taylor,marie.taylor1400@example.com,2024-11-04,West Sharonport,NH,1
1401,John,Pacheco,john.pacheco1401@example.com,2025-04-14,,TN,1
1402,George,Rose,george.rose1402@example.com,2025-04-03,Johnsland,DE,1
1403,Drew,Glass,drew.glass1403@example.com,2023-07-12,East Amanda,UT,1
1404,Nicholas,Greene,,2023-10-07,North Kathryn,OR,1
1405,Jaime,Nichols,jaime.nichols1405@example.com,2023-11-17,West John,SC,1
1406,Laura,Salas,laura.salas1406@example.com,2023-07-13,Clarkland,WY,0
1407,Thomas,Alvarado,thomas.alvarado1407@example.com,2023-01-01,East Williamhaven,MN,1
1408,Victor,Marshall,victor.marshall1408@example.com,2025-04-09,Jenniferhaven,UT,0
1409,Timothy,Sosa,timothy.sosa1409@example.com,2024-06-30,Adamsfurt,SC,1
1410,Samantha,Silva,samantha.silva1410@example.com,2023-02-27,East Jeffreyborough,NV,1
1411,Michelle,Foster,michelle.foster1411@example.com,2023-12-02,Ronaldfurt,OK,1
1412,Eric,Kirby,eric.kirby1412@example.com,2024-02-09,Andreaberg,WV,1
1413,Christopher,Wallace,christopher.wallace1413@example.com,2024-10-22,Jerryton,NH,1
1414,William,Rogers,william.rogers1414@example.com,2023-10-27,Mcdonaldchester,MN,1
1415,Linda,Stewart,linda.stewart1415@example.com,2023-08-27,Johnsonmouth,IN,1
1416,Joseph,Jones,joseph.jones1416@example.com,2024-02-24,West Meganhaven,ND,1
1417,Dawn,Hartman,dawn.hartman1417@example.com,2024-07-17,North David,MN,1
1418,Benjamin,Gonzalez,benjamin.gonzalez1418@example.com,2023-06-02,Lake Mark,ME,0
1419,Julie,Mack,julie.mack1419@example.com,2023-09-30,Jamesberg,PR,1
1420,Karen,Singh,karen.singh1420@example.com,2024-06-25,Alanport,LA,1
1421,Lynn,Logan,lynn.logan1421@example.com,2023-09-23,Bautistashire,WV,1
1422,Diana,Kennedy,diana.kennedy1422@example.com,2025-04-05,Port Raymond,IN,1
1423,Jennifer,Clark,jennifer.clark1423@example.com,2025-03-08,New Brenda,OH,1
1424,Katherine,Sharp,katherine.sharp1424@example.com,2024-07-29,Petersonland,MD,1
1425,Megan,Patterson,megan.patterson1425@example.com,2024-07-03,Clarkmouth,PR,0
1426,Angela,Brooks,angela.brooks1426@example.com,2023-12-22,West Sherry,AL,1
1427,Vincent,Hopkins,vincent.hopkins1427@example.com,2023-05-21,Matthewchester,NE,1
1428,Gina,Powell,gina.powell1428@example.com,2023-05-12,Marktown,OK,0
1429,Kristen,Weeks,kristen.weeks1429@example.com,2024-10-20,West Ashley,AS,1
1430,Carrie,Franklin,carrie.franklin1430@example.com,2025-04-07,Bairdborough,MO,1
1431,Bryce,Hughes,bryce.hughes1431@example.com,2024-10-22,Rodriguezshire,NV,0
1432,Danielle,Torres,danielle.torres1432@example.com,2025-03-31,North Emily,HI,0
1433,Antonio,Barker,antonio.barker1433@example.com,2025-03-24,Johnsonborough,CA,1
1434,Rhonda,Cruz,rhonda.cruz1434@example.com,2023-03-21,East Kelly,NC,0
1435,Chad,Brown,chad.brown1435@example.com,2024-01-23,East Markchester,MO,1
1436,Eric,Rodriguez,eric.rodriguez1436@example.com,2024-02-16,Mendozaland,MS,1
1437,Stephanie,Glenn,stephanie.glenn1437@example.com,2025-03-11,Port Jamie,NE,1
1438,Lisa,Ortega,,2024-07-06,New Barbara,ME,1
1439,Briana,Shaw,briana.shaw1439@example.com,2024-06-27,Hilltown,FL,1
1440,Sean,Summers,sean.summers1440@example.com,2023-05-12,New Mark,OK,1
1441,Natasha,Stevens,natasha.stevens1441@example.com,2024-01-24,Lake Christophermouth,MI,1
1442,Isabella,Dawson,isabella.dawson1442@example.com,2024-02-23,Peterburgh,MT,1
1443,John,Yoder,,2024-11-05,Ellisburgh,UT,1
1444,Ashley,Long,,2024-03-18,East Nicoleburgh,KY,0
1445,Nicole,Medina,nicole.medina1445@example.com,2023-09-07,Lake Jessicaborough,PW,1
1446,Trevor,Riddle,trevor.riddle1446@example.com,2025-01-29,West Charlesville,NY,1
1447,Katie,Nguyen,katie.nguyen1447@example.com,2024-09-13,Martinborough,NY,1
1448,Bradley,Johnson,bradley.johnson1448@example.com,2023-06-17,Jamesfurt,,1
1449,Melissa,Sanders,melissa.sanders1449@example.com,2023-03-22,West Dannyberg,MD,1
1450,Ellen,Marshall,ellen.marshall1450@example.com,2024-03-25,Jonesside,TN,1
1451,John,Dodson,john.dodson1451@example.com,2023-10-18,South Lori,MP,1
1452,Evan,Roberson,evan.roberson1452@example.com,2024-10-28,East Kellyside,WA,1
1453,Peter,Jones,peter.jones1453@example.com,2023-10-09,Lake Joshuamouth,MI,1
1454,Gregory,Klein,,2024-09-15,South Heather,MP,1
1455,Cynthia,Mills,cynthia.mills1455@example.com,2023-11-07,South Hannahmouth,AR,1
1456,Carly,Williams,carly.williams1456@example.com,2023-12-26,Wangbury,MN,1
1457,Regina,Gonzalez,regina.gonzalez1457@example.com,2023-06-20,South Anthonytown,MA,1
1458,Lori,Frazier,lori.frazier1458@example.com ,2023-03-15,East Susanville,AS,1
1459,Mary,Beck,mary.beck1459@example.com,2023-06-06,North Robert,CT,1
1460,Lisa,Morris,lisa.morris1460@example.com,2023-01-22,New Jamie,ND,1
1461,Randall,Patterson,randall.patterson1461@example.com,2025-04-01,East Daniel,MD,1
1462,Glenn,Morales,glenn.morales1462@example.com,2023-06-15,Alexanderborough,NH,0
1463,Jeffrey,Barrett,jeffrey.barrett1463@example.com,2023-10-23,Debrastad,AZ,1
1464,Carlos,Robinson,carlos.robinson1464@example.com,2024-04-13,Katrinafort,CT,1
1465,Jennifer,Moody,jennifer.moody1465@example.com,2023-10-25,West Susan,PA,1
1466,Mark,Mccoy,mark.mccoy1466@example.com,2024-06-23,Gregoryberg,MA,1
1467,Gregory,Gill,gregory.gill1467@example.com,2024-10-12,Tiffanyfort,CA,1
1468,Matthew,Franklin,matthew.franklin1468@example.com,2023-07-20,Reyesbury,NY,1
1469,Briana,Mcneil,briana.mcneil1469@example.com,2024-09-09,North Christina,MH,1
1470,David,Young,david.young1470@example.com,2025-03-02,Toddland,AR,1
1471,Devin,Jimenez,devin.jimenez1471@example.com,2023-09-06,,ID,1
1472,Edward,Harris,edward.harris1472@example.com,2025-02-21,East Sandramouth,WA,1
1473,Natalie,Taylor,natalie.taylor1473@example.com,2023-07-05,Dawnton,NC,1
1474,Latoya,Perry,latoya.perry1474@example.com,2024-03-07,Karenbury,PR,1
1475,Jessica,Cooper,JESSICA.COOPER1475@EXAMPLE.COM,2023-11-23,New Brian,PW,1
1476,Elizabeth,Wright,elizabeth.wright1476@example.com,2024-02-15,New Monique,NC,1
1477,Marc,Ramos,marc.ramos1477@example.com,2023-01-17,North Mollyland,ID,0
1478,Brett,Braun,brett.braun1478@example.com,2025-04-14,East Christopher,OR,1
1479,Ana,Pope,ana.pope1479@example.com,2024-08-16,East William,NE,1
1480,Jessica,Collins,jessica.collins1480@example.com,2024-11-17,East Roger,PA,1
1481,John,Mitchell,john.mitchell1481@example.com,2023-08-30,Faulknerborough,KY,1
1482,Michelle,Olson,michelle.olson1482@example.com,2025-02-09,Raymondburgh,NJ,1
1483,Scott,Wagner,scott.wagner1483example.com,2023-10-08,Wolffort,AK,1
1484,Kathleen,Simmons,kathleen.simmons1484@example.com,2023-04-18,Port Rebeccaport,PA,1
1485,Amanda,Tran,amanda.tran1485@example.com,2025-03-29,,HI,1
1486,Jonathan,Ford,jonathan.ford1486@example.com,2023-06-20,Campbellside,PA,1
1487,Timothy,Cook,timothy.cook1487@example.com,2023-05-10,Gonzalezborough,AL,1
1488,Alexander,Mason,alexander.mason1488@example.com,2023-06-15,Travischester,MO,1
1489,Tara,Brooks,tara.brooks1489@example.com,2024-11-21,Parkershire,CA,1
1490,Riley,Williams,riley.williams1490@example.com,2024-02-20,South Sarahburgh,ID,1
1491,Kathryn,Krueger,kathryn.krueger1491@example.com,2025-03-05,,WI,1
1492,Robin,Bowen,robin.bowen1492@example.com,2024-08-21,Reidstad,UT,1
1493,Brian,Cruz,brian.cruz1493@example.com,2023-06-24,Fitzgeraldbury,NJ,1
1494,Austin,Li,austin.li1494@example.com,2023-04-29,Lake Elizabethberg,KS,1
1495,Catherine,Blackburn,catherine.blackburn1495@example.com,2023-08-23,West John,OR,1
1496,Stephanie,Skinner,stephanie.skinner1496@example.com,2024-04-13,North Kellifurt,MO,1
1497,Janice,Mccann,janice.mccann1497@example.com,2024-07-27,New Reneechester,GA,1
1498,Maria,King,maria.king1498@example.com,2023-08-19,Vincentside,TN,1
1499,Olivia,Willis,olivia.willis1499@example.com,2025-01-13,Goodwinland,CT,1
1500,Daisy,Frank,daisy.frank1500@example.com,2024-05-16,Lisaview,WA,1
1501,Jason,Goodman,jason.goodman1501@example.com,2024-10-05,Adamburgh,GU,0
1502,Travis,Davis,travis.davis1502@example.com,2024-08-18,Warrenport,VA,1
1503,Ryan,Thompson,ryan.thompson1503@example.com,2024-08-20,Lake Dennis,NM,1
1504,Hunter,Fry,hunter.fry1504@example.com,2023-12-07,,NV,1
1505,Ashley,Lewis,ashley.lewis1505@example.com,2025-01-06,North Karen,AS,1
1506,Katherine,Green,katherine.green1506@example.com,2023-08-05,Alexanderville,VI,0
1507,Dana,Miller,dana.miller1507@example.com,2024-01-12,South Davidland,MA,1
1508,Anthony,Young,,2023-08-11,Chambersville,AL,1
1509,Bruce,Walton,bruce.walton1509@example.com,2023-04-25,Lake Branditon,CT,1
1510,Jason,Conner,jason.conner1510@example.com,2024-01-16,Morrisonview,NM,1
1511,Thomas,Rogers,thomas.rogers1511@example.com,2023-08-06,Rogersmouth,MD,1
1512,Lisa,Everett,lisa.everett1512@example.com,2023-01-21,Grayton,MI,1
1513,Morgan,Drake,morgan.drake1513@example.com,2025-02-20,South Monicafurt,VA,1
1514,Mary,Buckley,mary.buckley1514@example.com,2024-02-05,New Davidhaven,KY,1
1515,Stephanie,Walton,stephanie.walton1515@example.com,2023-05-23,West Shannon,TX,1
1516,Donna,Alvarez,donna.alvarez1516@example.com,2023-12-07,Kellertown,SC,1
1517,Susan,Hess,susan.hess1517@example.com,2024-12-28,Lake Michaelton,AS,1
1518,Jill,Gregory,jill.gregory1518@example.com,2024-07-31,New Todd,WA,1
1519,Cheyenne,Miller,,2024-06-05,Crosbyfort,TN,1
1520,Mercedes,Stein,mercedes.stein1520@example.com,2023-01-18,Carterborough,VT,1
1521,Douglas,Meyer,douglas.meyer1521@example.com,2024-02-23,,OK,1
1522,Kristen,Moran,kristen.moran1522@example.com,2023-03-16,,AZ,1
1523,David,Robles,david.robles1523@example.com,2024-09-10,Marisaside,VI,1
1524,Steven,Mosley,steven.mosley1524@example.com,2023-06-01,South Elainebury,IA,1
1525,Jason,Mullins,jason.mullins1525@example.com,2023-02-06,North Ryantown,GA,1
1526,Sarah,Nguyen,sarah.nguyen1526@example.com,2023-08-24,Mirandabury,VA,1
1527,Jonathan,Alvarez,jonathan.alvarez1527@example.com,2023-12-01,Lake Derekside,SC,0
1528,Jessica,Davis,jessica.davis1528@example.com,2025-03-13,Monicashire,WI,1
1529,Sandra,Brown,sandra.brown1529@example.com,2023-07-23,Nicholasfurt,SD,1
1530,Dawn,Hoffman,dawn.hoffman1530@example.com,2024-08-25,Stokesbury,KS,1
1531,Darrell,Miller,not-an-email,2025-02-11,West Joyborough,WA,1
1532,Sheri,Berry,sheri.berry1532@example.com,2023-05-16,Port Lawrence,MS,1
1533,Barbara,Smith,barbara.smith1533@example.com,2024-07-18,New Amandafurt,NE,0
1534,Luis,Diaz,luis.diaz1534@example.com,2024-02-02,New Elizabeth,OR,0
1535,Jeffrey,Foster,,2025-01-28,Stewartport,MP,1
1536,Jeffery,Frazier,jeffery.frazier1536@example.com,2023-07-20,New Justin,WA,1
1537,Elizabeth,Solis,elizabeth.solis1537@example.com,2024-10-03,New Lukehaven,UT,1
1538,David,Shea,david.shea1538@example.com,2023-03-30,Welchborough,,1
1539,Troy,Padilla,troy.padilla1539@example.com,2024-03-27,Brownmouth,FL,1
1540,Maria,Clark,maria.clark1540@example.com,2023-05-26,Lake Jill,VI,1
1541,Kimberly,Gates,kimberly.gates1541@example.com,2023-10-08,Evansburgh,AK,1
1542,Amy,Rogers,amy.rogers1542@example.com,2024-05-25,Mooneyfurt,MO,1
1543,Charles,Acosta,charles.acosta1543@example.com,2023-06-27,Heatherborough,UT,1
1544,Melissa,Long,melissa.long1544@example.com,2024-05-12,West Karen,OR,1
1545,Michelle,Brown,michelle.brown1545@example.com,2024-10-30,Stephenburgh,OK,1
1546,Devin,Dominguez,devin.dominguez1546@example.com,2024-10-18,Phyllisborough,IL,1
1547,Linda,Gonzalez,linda.gonzalez1547@example.com,2024-04-08,West Jessicashire,CT,1
1548,Erika,Hinton,erika.hinton1548@example.com,2023-10-13,South Stephanie,NE,1
1549,Erin,Jackson,erin.jackson1549@example.com,2023-09-13,North Michaelfort,HI,1
1550,Sierra,Wilson,sierra.wilson1550@example.com,2024-11-09,Brittneyberg,,1
1551,Courtney,Powell,courtney.powell1551@example.com,2023-11-05,North Johnfort,ME,0
1552,Hailey,Blevins,,2024-05-06,Parsonsland,WI,1
1553,Steven,Meyers,steven.meyers1553@example.com,2024-05-06,Hillmouth,MN,1
1554,Alexander,Wilson,alexander.wilson1554@example.com,2024-11-30,South Darlenehaven,IN,1
1555,Andrew,Berry,andrew.berry1555@example.com,2023-02-26,Hillville,WY,1
1556,Brittany,Cruz,brittany.cruz1556@example.com,2024-08-09,Evansberg,CT,0
1557,Mark,Reeves,,2024-07-29,South Lisa,AK,1
1558,Phillip,Roth,phillip.roth1558@example.com,2024-12-09,Brownshire,ND,0
1559,Jennifer,Tyler,jennifer.tyler1559@example.com,2024-06-05,Port Karenville,HI,1
1560,Michelle,Neal,michelle.neal1560@example.com,2025-04-23,New Sethmouth,DE,1
1561,Benjamin,Andrews,benjamin.andrews1561@example.com,2023-06-04,North Anna,PR,1
1562,Karen,Miller,karen.miller1562@example.com,2024-09-30,New Kennethside,GA,1
1563,Rodney,Landry,rodney.landry1563@example.com,2025-02-20,East Kevinhaven,MH,1
1564,Kirsten,Hopkins,kirsten.hopkins1564@example.com,2024-12-07,Taylorfort,UT,1
1565,Lawrence,Bartlett,lawrence.bartlett1565@example.com,2024-12-21,Catherinehaven,IL,1
1566,Hailey,Bates,hailey.bates1566@example.com,2024-08-04,East Benjaminberg,ME,1
1567,Melissa,Lewis,,2024-10-06,,DC,1
1568,Carrie,Robinson,carrie.robinson1568@example.com,2025-03-17,Joshuachester,CA,0
1569,Andrea,Green,andrea.green1569@example.com,2024-01-11,South Stephen,KS,1
1570,Erica,Bentley,erica.bentley1570@example.com,2024-10-28,New James,SC,0
1571,Jessica,Cowan,jessica.cowan1571@example.com,2025-03-14,Lake Nathan,TN,1
1572,Deborah,Dixon,deborah.dixon1572@example.com,2024-08-31,South Lorraine,MD,0
1573,Victoria,Hamilton,victoria.hamilton1573example.com,2023-11-13,New Johnview,DE,1
1574,Amanda,Sutton,amanda.sutton1574@example.com,2025-04-24,Jonesland,MN,1
1575,Regina,Strickland,regina.strickland1575@example.com,2024-12-05,Port Lauren,KY,1
1576,Alejandro,Bennett,alejandro.bennett1576@example.com,2023-10-29,South Stephanie,WY,1
1577,Sara,Thompson,sara.thompson1577@example.com,2023-03-22,Briannafort,CT,1
1578,Allison,Graves,allison.graves1578@example.com,2023-06-10,Andreaville,MH,1
1579,Brandon,Stewart,brandon.stewart1579@example.com,2023-10-08,Whiteside,OH,1
1580,Brooke,Atkinson,brooke.atkinson1580@example.com,2025-02-01,Vargasview,AL,1
1581,Gloria,Reeves,gloria.reeves1581@example.com,2024-10-14,East Nicholas,WA,1
1582,Joseph,Sellers,joseph.sellers1582@example.com,2023-01-16,Jasminebury,TX,1
1583,Charlotte,Mann,charlotte.mann1583@example.com,2024-06-16,South Valerie,AS,1
1584,Taylor,Mitchell,taylor.mitchell1584@example.com,2024-01-31,,NE,1
1585,Abigail,Higgins,abigail.higgins1585@example.com,2023-08-25,West Cynthia,CO,1
1586,Stacey,Russell,stacey.russell1586@example.com,2023-05-10,Meganland,CA,0
1587,Jessica,Duffy,jessica.duffy1587@example.com,2024-06-25,New Brian,WA,1
1588,Justin,Noble,justin.noble1588@example.com,2024-09-13,South Ericaberg,NJ,1
1589,Tyler,Jennings,tyler.jennings1589@example.com,2024-09-02,South Alexanderborough,PW,1
1590,Marie,Smith,marie.smith1590@example.com,2025-01-27,Parkstad,IA,1
1591,Virginia,Guerrero,virginia.guerrero1591@example.com,2023-06-17,New Shaneburgh,TX,1
1592,Sarah,Gallagher,sarah.gallagher1592@example.com,2023-04-10,East Charles,MP,1
1593,Dennis,Gomez,dennis.gomez1593example.com,2025-04-04,South Tylerburgh,MN,1
1594,Tara,Morgan,tara.morgan1594@example.com,2023-04-23,Port Amber,WI,1
1595,Michaela,Roberts,michaela.roberts1595@example.com,2023-01-17,Carterborough,AL,1
1596,Joann,Carroll,joann.carroll1596@example.com,2023-04-13,West Sarah,SD,1
1597,Zachary,Barry,zachary.barry1597@example.com,2023-04-27,Staffordfort,AR,1
1598,Michael,Gilbert,michael.gilbert1598@example.com,2023-11-04,Kennethville,AL,1
1599,Michael,Bowen,michael.bowen1599@example.com,2023-07-12,Gomezville,NE,1
1600,Travis,Miller,travis.miller1600@example.com,2023-01-28,South David,NM,1
1601,Adam,Hammond,,2024-09-17,Jeremyfurt,MN,1
1602,Kevin,Patterson,kevin.patterson1602@example.com,2023-01-26,New Lisa,CT,1
1603,Veronica,Douglas,veronica.douglas1603@example.com,2024-06-21,Martinstad,WA,1
1604,Ryan,Howard,ryan.howard1604@example.com,2024-12-07,North Jake,AZ,0
1605,Dennis,Fisher,,2023-06-09,,,1
1606,Mark,Johnson,mark.johnson1606@example.com,2024-05-16,South Susan,KY,1
1607,David,Burns,david.burns1607@example.com,2024-07-27,,NM,1
1608,Lauren,Klein,lauren.klein1608@example.com,2023-03-08,Karenfurt,NY,1
1609,Jessica,Harmon,jessica.harmon1609@example.com,2024-08-12,Andersonville,WY,1
1610,Andrew,Moore,andrew.moore1610@example.com,2023-08-18,Port Gabrielleton,TX,1
1611,Maria,Jordan,maria.jordan1611@example.com,2023-07-10,South Timothyport,NM,1
1612,Christopher,Patterson,christopher.patterson1612@example.com,2025-01-19,Lake William,IA,1
1613,Juan,Wilson,juan.wilson1613@example.com,2024-01-12,Virginiabury,TN,0
1614,Lori,Gonzalez,lori.gonzalez1614@example.com,2023-04-04,Lake Jessicaburgh,ID,1
1615,Victoria,Garza,victoria.garza1615@example.com,2024-06-12,East David,MO,1
1616,Benjamin,Mooney,benjamin.mooney1616@example.com,2024-04-29,South Andres,ID,1
1617,Christopher,Williams,christopher.williams1617@example.com,2024-07-18,Warrenbury,IN,1
1618,Matthew,Mendoza,matthew.mendoza1618@example.com,2023-04-17,Schneiderport,DE,1
1619,Joseph,Ramirez,joseph.ramirez1619@example.com,2023-08-17,Jenniferbury,,1
1620,Luis,Williams,,2024-02-19,North Brettmouth,IL,1
1621,Justin,Ramirez,justin.ramirez1621@example.com,2023-05-11,South Jackfort,MN,1
1622,Matthew,Rodriguez,matthew.rodriguez1622@example.com,2024-11-16,Lake Andreaberg,MA,1
1623,Michael,Patrick,michael.patrick1623@example.com,2024-04-01,Johnview,IL,1
1624,Breanna,Miller,breanna.miller1624@example.com,2023-06-19,East Crystalville,AZ,1
1625,Brenda,Barr,brenda.barr1625@example.com,2023-02-25,East Janet,CT,1
1626,Charles,Payne,charles.payne1626@example.com,2024-09-20,Kevinfort,WV,1
1627,James,Le,james.le1627@example.com,2023-11-16,East Jamesside,VT,1
1628,Johnny,Wiley,johnny.wiley1628@example.com,2023-01-05,Patriciamouth,SC,1
1629,Jennifer,Bartlett,jennifer.bartlett1629@example.com,2024-01-06,South Roberthaven,WY,1
1630,Andrew,Greene,andrew.greene1630@example.com,2023-01-20,,UT,1
1631,Tammy,Roberts,tammy.roberts1631@example.com,2023-09-23,Port Teresaborough,WA,1
1632,Lisa,Simpson,lisa.simpson1632@example.com,2025-01-28,,,1
1633,Amanda,Palmer,amanda.palmer1633@example.com,2024-03-27,East Samuelhaven,MS,1
1634,Anna,Myers,anna.myers1634@example.com,2024-04-18,Jamietown,GA,1
1635,Ashley,Vargas,ashley.vargas1635@example.com,2025-01-25,Port Williamhaven,VT,1
1636,Jennifer,Green,jennifer.green1636@example.com,2025-03-15,West Jeanette,OH,1
1637,David,Walker,,2025-03-17,West Benjamin,FL,1
1638,Sheri,Ramirez,,2025-02-12,West Morgan,AR,1
1639,Dawn,Wright,dawn.wright1639@example.com,2023-11-17,New Darren,SD,0
1640,Michael,Jacobs,michael.jacobs1640@example.com,2025-04-26,Markside,KS,1
1641,Jennifer,Ortiz,jennifer.ortiz1641@example.com,2024-06-25,Markton,SC,1
1642,Lisa,Holloway,lisa.holloway1642@example.com,2023-03-05,Lake Tammy,HI,1
1643,Jonathan,Smith,jonathan.smith1643@example.com,2024-06-23,Lake Juliefurt,SD,1
1644,Jonathan,Sims,jonathan.sims1644@example.com,2023-08-22,Port Scott,MD,1
1645,Joseph,Perkins,joseph.perkins1645example.com,2023-04-11,Moorebury,VA,1
1646,Jessica,Richardson,,2024-04-20,Davisburgh,NH,1
1647,Jackson,Huffman,jackson.huffman1647@example.com,2023-08-02,New Tracy,VA,1
1648,Henry,Campbell,henry.campbell1648@example.com,2023-08-29,Frankburgh,GU,1
1649,Phillip,Franklin,phillip.franklin1649@example.com,2023-05-06,East Charlesbury,NH,1
1650,Regina,Waller,regina.waller1650@example.com,2024-08-23,Lake Alisontown,PA,1
1651,Cory,Cruz,cory.cruz1651@example.com,2024-04-27,Port Alexanderton,DC,1
1652,John,Miller,john.miller1652@example.com,2023-11-06,Lake Carol,WY,1
1653,Tammy,Rosario,tammy.rosario1653@example.com,2024-12-17,New Jillmouth,PR,1
1654,Jasmine,Harris,jasmine.harris1654@example.com,2024-11-17,Malonemouth,GU,1
1655,Frank,Rivera,frank.rivera1655@example.com,2024-12-25,,FL,0
1656,John,Stephens,john.stephens1656@example.com,2024-10-15,Courtneyville,AK,1
1657,Mallory,Garcia,mallory.garcia1657@example.com,2024-08-02,Curtischester,FL,1
1658,Aaron,Walker,aaron.walker1658@example.com,2024-09-01,South Paul,MI,1
1659,Diana,Perez,diana.perez1659@example.com,2023-03-26,Mcdanielville,NM,1
1660,Gavin,Rodriguez,gavin.rodriguez1660@example.com,2024-03-27,West Michaelmouth,DE,1
1661,Michael,Middleton,michael.middleton1661@example.com,2025-03-04,North Cassandraburgh,NE,1
1662,Alyssa,Greene,alyssa.greene1662@example.com,2025-02-08,Hernandezport,RI,1
1663,Lisa,Bailey,lisa.bailey1663@example.com,2023-01-11,West Sabrinastad,KS,1
1664,Lisa,Dawson,lisa.dawson1664@example.com,2023-07-08,Port Aaronberg,WI,1
1665,Diana,Flores,diana.flores1665@example.com,2024-08-29,Griffinfort,GU,1
1666,Carlos,Lane,carlos.lane1666@example.com,2025-04-29,Duanemouth,DC,1
1667,Hunter,Cruz,hunter.cruz1667@example.com,2023-08-16,Troyfort,UT,1
1668,Teresa,Guzman,teresa.guzman1668@example.com,2025-04-29,Devonbury,MS,1
1669,Robert,Crawford,robert.crawford1669@example.com,2024-07-24,Patelbury,MS,1
1670,Christopher,Espinoza,christopher.espinoza1670@example.com,2024-10-21,Lake Christopher,MN,1
1671,Aaron,Mcknight,aaron.mcknight1671@example.com,2023-02-22,West Angelaberg,PW,0
1672,Daniel,Pruitt,daniel.pruitt1672@example.com,2023-08-05,Melindaberg,LA,1
1673,Steven,Conley,steven.conley1673@example.com,2025-02-20,Sanchezbury,AR,1
1674,Julie,Wilson,julie.wilson1674@example.com,2023-08-24,South Jessica,UT,1
1675,Tammie,Watson,tammie.watson1675@example.com,2024-03-08,Lake Bonniefort,MP,1
1676,Brittney,Moore,brittney.moore1676@example.com,2025-01-21,West Donald,IA,0
1677,Chris,Carroll,chris.carroll1677@example.com,2025-03-27,Hernandezburgh,NJ,1
1678,Julia,Adkins,not-an-email,2024-09-19,Theodoremouth,NV,1
1679,Kimberly,Dominguez,kimberly.dominguez1679@example.com,2025-01-10,Danielton,FM,1
1680,Dawn,Munoz,dawn.munoz1680@example.com,2023-06-13,New Ethan,MO,1
1681,Marissa,Frazier,marissa.frazier1681@example.com,2023-04-10,,FM,1
1682,Shawn,Dawson,shawn.dawson1682@example.com,2024-08-04,Samanthahaven,ME,1
1683,Jenna,Henderson,jenna.henderson1683@example.com,2024-08-09,West Teresa,NC,1
1684,Nicholas,Tapia,nicholas.tapia1684@example.com,2024-03-20,South Christine,IN,1
1685,Philip,Carson,philip.carson1685@example.com,2023-05-14,Port Heatherfort,MD,1
1686,Denise,Sullivan,denise.sullivan1686@example.com,2023-01-09,Martinstad,SD,1
1687,Roger,Nelson,roger.nelson1687@example.com,2025-03-31,North Michaelmouth,AK,1
1688,John,Martin,john.martin1688@example.com,2023-08-03,North Jasontown,WV,1
1689,Renee,Lopez,renee.lopez1689@example.com,2023-07-17,Lake Sarah,IA,1
1690,Joseph,Davila,,2024-05-29,New Valeriefort,AZ,1
1691,Brandon,Davis,brandon.davis1691@example.com,2024-08-29,Alanstad,WV,1
1692,Justin,Sanders,justin.sanders1692@example.com,2024-01-10,West Karen,VA,1
1693,Michael,Anderson,michael.anderson1693@example.com,2023-06-22,West Richardhaven,CT,1
1694,Wayne,Hampton,wayne.hampton1694@example.com,2024-10-16,New Laurafort,OR,1
1695,Misty,Johnson,misty.johnson1695@example.com,2024-05-27,East Faith,CO,1
1696,Nicole,Davis,nicole.davis1696@example.com,2023-02-24,East Lindsey,SD,0
1697,Donald,Higgins,donald.higgins1697@example.com,2025-01-13,,NY,1
1698,Zachary,Chandler,zachary.chandler1698@example.com,2024-06-28,Sethberg,MA,1
1699,Kelly,Hanson,,2023-03-27,Williamsfurt,IA,1
1700,Jason,Bishop,jason.bishop1700@example.com,2024-08-12,East Ashleyfort,CT,1
1701,Linda,Thomas,linda.thomas1701@example.com,2023-07-14,Amyland,NM,1
1702,Clinton,Edwards,clinton.edwards1702@example.com,2024-07-25,Evanview,OK,1
1703,Michael,Davis,michael.davis1703@example.com,2023-01-16,Lake Kelsey,KS,1
1704,Valerie,Good,valerie.good1704@example.com,2023-01-24,Santosberg,DE,1
1705,Teresa,Freeman,,2024-03-14,Michelefurt,MT,1
1706,Melody,Stark,melody.stark1706@example.com,2024-03-30,South Michael,PR,1
1707,Colleen,Edwards,colleen.edwards1707@example.com,2025-04-24,Lake Robertmouth,KS,1
1708,Natalie,Esparza,natalie.esparza1708@example.com,2024-11-20,New Tiffanyton,WA,1
1709,Krystal,Lyons,krystal.lyons1709@example.com,2025-03-29,East Melissaport,MS,1
1710,Eric,Ross,eric.ross1710@example.com,2024-09-30,East Paulmouth,TN,1
1711,Clayton,Owens,clayton.owens1711@example.com,2025-03-20,Rodriguezburgh,VA,1
1712,Daniel,Moyer,,2023-08-09,Tateborough,MO,1
1713,Mark,Stewart,,2023-06-27,Lewisfort,DE,1
1714,Joshua,Johnson,joshua.johnson1714@example.com,2024-04-11,South Dustin,IL,1
1715,Luke,Johnson,luke.johnson1715@example.com,2024-08-17,Brownstad,WY,1
1716,Russell,Kennedy,russell.kennedy1716@example.com,2023-03-23,East Mirandachester,KY,0
1717,Johnny,Thompson,johnny.thompson1717@example.com,2024-06-06,North Joshua,CO,1
1718,Kenneth,Joseph,kenneth.joseph1718@example.com,2024-06-13,Warrenview,HI,0
1719,Maria,Davis,maria.davis1719@example.com,2023-03-30,Petersonport,GA,1
1720,James,Mcmahon,james.mcmahon1720@example.com,2025-04-10,Alvarezburgh,UT,1
1721,Samuel,Gaines,samuel.gaines1721@example.com,2024-08-15,Morrowside,WY,1
1722,Patricia,Gonzalez,patricia.gonzalez1722@example.com,2024-03-02,West Elizabeth,GU,1
1723,Sheila,Newton,sheila.newton1723@example.com,2024-03-02,Alexismouth,FL,1
1724,Victor,Stewart,victor.stewart1724@example.com,2023-07-13,Bakertown,NV,1
1725,Sherry,Mathews,sherry.mathews1725@example.com,2023-01-27,Fowlershire,CT,1
1726,Benjamin,Reese,benjamin.reese1726@example.com,2023-12-05,South Heather,WI,1
1727,Gabriel,Gray,gabriel.gray1727@example.com,2023-04-10,Jasonborough,TX,1
1728,Barbara,Smith,barbara.smith1728@example.com,2023-12-20,Allenport,NY,1
1729,Lori,Martinez,lori.martinez1729@example.com,2023-03-01,Banksmouth,MT,1
1730,Robert,Bell,robert.bell1730@example.com,2023-12-21,Millsmouth,DE,1
1731,Sara,Ellis,sara.ellis1731@example.com,2024-07-02,Gregoryburgh,ND,1
1732,Ryan,Mitchell,ryan.mitchell1732@example.com,2023-06-25,Waltersville,CO,1
1733,Linda,Garcia,linda.garcia1733@example.com,2024-10-08,New Sarahville,NM,1
1734,Karen,Hanson,karen.hanson1734@example.com,2024-07-13,Lake Seanshire,AS,0
1735,Antonio,Roberts,antonio.roberts1735@example.com,2023-02-18,Lewismouth,OH,1
1736,Patrick,Gonzalez,patrick.gonzalez1736@example.com,2023-11-25,Sampsonstad,WY,1
1737,Robin,Gutierrez,robin.gutierrez1737@example.com,2024-06-18,Smithstad,WY,1
1738,Jeffrey,Campbell,jeffrey.campbell1738@example.com,2023-05-02,Kylechester,TX,0
1739,John,Mccullough,john.mccullough1739@example.com,2024-10-11,Johnsontown,FL,1
1740,Krystal,Randall,krystal.randall1740@example.com,2025-03-25,Matthewshire,NE,0
1741,John,Beltran,john.beltran1741@example.com,2024-05-25,New Deanna,MP,1
1742,Brett,Frederick,brett.frederick1742@example.com,2023-06-29,Andersonfurt,VA,1
1743,Glenn,Strong,glenn.strong1743@example.com,2025-02-24,South Jerry,VT,1
1744,Laurie,Gordon,laurie.gordon1744@example.com,2023-12-23,Cameronview,MP,1
1745,Angela,Fry,angela.fry1745@example.com,2024-09-25,North Christopher,NE,1
1746,Alexander,Carrillo,alexander.carrillo1746@example.com,2023-07-03,North Christine,ND,1
1747,Samantha,Miller,samantha.miller1747@example.com,2023-11-04,,MS,1
1748,Anthony,Gross,anthony.gross1748@example.com,2024-12-30,,NH,1
1749,Cynthia,Strickland,cynthia.strickland1749@example.com,2023-04-24,East Denise,IN,1
1750,Kenneth,Nichols,kenneth.nichols1750@example.com,2024-09-16,Lake Kimberly,WY,1
1751,Nicholas,Green,nicholas.green1751@example.com,2024-06-06,West Christopherberg,SC,1
1752,Andrew,Mercer,andrew.mercer1752@example.com,2024-07-05,North Stephenville,CT,1
1753,Donald,Green,donald.green1753@example.com,2025-01-11,North Chris,PR,1
1754,Michael,Massey,michael.massey1754@example.com,2025-03-02,Garciatown,MT,1
1755,Charles,Chung,charles.chung1755@example.com,2024-08-12,East Gracefurt,FM,1
1756,Lee,Odonnell,lee.odonnell1756@example.com,2023-12-27,East Kent,MH,1
1757,Guy,Bradley,guy.bradley1757@example.com,2024-10-24,North Theresastad,NJ,1
1758,Wanda,Greene,wanda.greene1758@example.com,2023-11-24,East Aimeeview,DE,1
1759,James,Johnson,james.johnson1759@example.com,2023-09-15,New Williamberg,IL,1
1760,Michelle,Wilson,michelle.wilson1760@example.com,2024-02-08,North Mark,IN,1
1761,Christopher,Holt,christopher.holt1761@example.com,2023-11-18,West Joshua,ID,1
1762,Stephanie,Bailey,stephanie.bailey1762@example.com,2025-04-18,Stuartfort,NE,1
1763,William,Ross,william.ross1763@example.com,2024-03-13,West Gerald,TX,1
1764,Meghan,Love,meghan.love1764@example.com,2024-04-03,Garciashire,ME,1
1765,Gabriel,Harris,gabriel.harris1765@example.com,2025-02-05,Hamiltonmouth,NE,1
1766,Caitlyn,Nelson,caitlyn.nelson1766@example.com,2024-07-03,Cindyfurt,NE,1
1767,James,Gomez,james.gomez1767@example.com,2024-06-04,South Garyton,NY,1
1768,Johnny,Ortiz,johnny.ortiz1768@example.com,2024-05-04,Raymondville,HI,1
1769,Lisa,Jordan,lisa.jordan1769@example.com,2023-10-23,West John,IL,1
1770,Diane,Watson,diane.watson1770@example.com,2023-01-13,Davidmouth,UT,1
1771,Alex,Murphy,alex.murphy1771@example.com,2024-12-31,Bradleymouth,MH,1
1772,Jesse,Jones,jesse.jones1772@example.com,2023-05-18,Carolynhaven,,1
1773,Jeff,Hoffman,jeff.hoffman1773@example.com,2023-11-20,New Patriciachester,TX,1
1774,Katelyn,Stewart,katelyn.stewart1774@example.com,2023-12-31,Jameston,AS,1
1775,Troy,Williams,troy.williams1775@example.com,2023-12-27,Robertville,NV,1
1776,George,Murphy,george.murphy1776@example.com,2025-04-24,Youngtown,LA,1
1777,Andrew,Logan,andrew.logan1777@example.com,2024-03-22,South Justinfurt,AZ,1
1778,Paula,Hull,paula.hull1778@example.com,2024-05-10,West Deannaland,NJ,1
1779,Cody,Lang,cody.lang1779@example.com,2025-01-29,,VA,1
1780,Kevin,Stewart,kevin.stewart1780@example.com,2024-09-27,Richardside,WI,1
1781,Lawrence,Salazar,lawrence.salazar1781@example.com,2024-11-17,Evansmouth,NM,1
1782,Melinda,Coffey,melinda.coffey1782@example.com,2023-03-12,Port Nathanielville,AK,1
1783,Jeffrey,Petersen,jeffrey.petersen1783@example.com,2023-06-21,North Victoria,VI,1
1784,Grace,Graham,grace.graham1784@example.com,2023-02-02,North James,MH,1
1785,Lisa,Cabrera,lisa.cabrera1785@example.com,2023-04-09,Lake Mirandaview,FM,1
1786,Kristen,Rodriguez,kristen.rodriguez1786@example.com,2025-04-12,Charlesmouth,UT,1
1787,Cheyenne,Burnett,cheyenne.burnett1787@example.com,2024-10-04,Hollyberg,OR,1
1788,Steven,Martinez,steven.martinez1788@example.com,2025-03-28,Port Breanna,PR,1
1789,Tammy,Gutierrez,tammy.gutierrez1789@example.com,2023-12-24,,NV,1
1790,Elizabeth,Boyd,elizabeth.boyd1790@example.com,2024-08-09,New Timothy,NM,1
1791,Tiffany,Morris,tiffany.morris1791@example.com,2023-04-25,Perezview,WI,1
1792,Kenneth,Miller,kenneth.miller1792@example.com,2025-04-21,Lake Deborah,PR,1
1793,Jamie,Miller,jamie.miller1793@example.com,2024-04-29,Browntown,TN,1
1794,Jason,Cardenas,jason.cardenas1794@example.com,2023-06-04,South Dan,IL,1
1795,Lisa,Gill,lisa.gill1795@example.com,2024-09-23,Kathleenport,VT,1
1796,Shawn,Moore,shawn.moore1796@example.com,2023-01-27,East Jefferystad,MS,1
1797,Theresa,Parrish,theresa.parrish1797@example.com,2024-12-03,Port Ricardo,CA,1
1798,Joshua,Martin,joshua.martin1798@example.com,2023-06-19,Stephanieshire,SD,1
1799,Curtis,Murray,curtis.murray1799@example.com,2023-09-20,Lake Danieltown,MH,1
1800,Steven,Adams,steven.adams1800@example.com,2025-01-05,Stanleymouth,MI,1
1801,Joseph,Mcintosh,joseph.mcintosh1801@example.com,2024-10-01,West Ryanberg,MO,1
1802,Wayne,Romero,wayne.romero1802@example.com,2024-09-23,South Josephville,AR,1
1803,Deborah,Dennis,deborah.dennis1803@example.com,2025-02-15,Leeborough,MO,1
1804,Gregory,Hill,gregory.hill1804@example.com,2023-05-07,Stoneville,TX,1
1805,Brendan,Wright,brendan.wright1805@example.com,2025-03-18,East Dariuston,OK,1
1806,Joseph,Jones,joseph.jones1806@example.com,2024-10-20,West Jeremyfurt,MO,1
1807,Philip,Robinson,philip.robinson1807@example.com,2024-10-11,Tylerburgh,WY,0
1808,James,Walsh,james.walsh1808@example.com,2024-02-26,Jessicaville,HI,1
1809,Wesley,Graves,wesley.graves1809@example.com,2025-03-23,Stevensonbury,GA,1
1810,Leslie,Jones,leslie.jones1810@example.com,2025-01-03,West Rachel,FL,1
1811,Suzanne,Wade,suzanne.wade1811@example.com,2023-07-30,Cookburgh,KS,1
1812,Nicole,Jackson,nicole.jackson1812@example.com,2024-12-31,New Michaelfort,OR,1
1813,Aaron,Marks,aaron.marks1813@example.com,2025-04-15,Rodrigueztown,OK,1
1814,Erin,Roberts,erin.roberts1814example.com,2023-12-18,New Wesley,WV,1
1815,Dwayne,Davis,dwayne.davis1815@example.com,2024-04-19,Lindamouth,NV,1
1816,Tracy,Bell,tracy.bell1816@example.com,2023-11-11,Elizabethview,MN,1
1817,Stephen,Carey,stephen.carey1817@example.com,2023-06-08,Jenniferhaven,WI,1
1818,Elizabeth,Grimes,elizabeth.grimes1818@example.com,2024-03-06,Rodriguezhaven,VA,1
1819,Danielle,Hernandez,danielle.hernandez1819@example.com,2023-01-05,Chaseberg,MI,1
1820,Tyler,Sanchez,tyler.sanchez1820example.com,2023-09-14,Howardland,ID,1
1821,Samantha,Gray,samantha.gray1821@example.com,2024-10-22,West Natalieside,MH,1
1822,Rita,Archer,rita.archer1822@example.com,2024-08-09,West Renee,MI,1
1823,Pamela,Myers,pamela.myers1823@example.com,2023-05-02,Landryview,ME,1
1824,James,Riley,james.riley1824@example.com,2023-08-10,Maryville,NE,1
1825,Laura,Knight,laura.knight1825@example.com,2024-11-07,Keithtown,NM,1
1826,Sara,Thomas,sara.thomas1826@example.com,2024-06-21,New Tammy,RI,0
1827,Angela,Martin,angela.martin1827@example.com,2024-08-17,Robertsport,AL,1
1828,Shawn,Robinson,,2023-10-30,North Tracytown,NE,1
1829,Michael,Flowers,MICHAEL.FLOWERS1829@EXAMPLE.COM,2024-01-30,West Devinport,WY,1
1830,Michele,Ortega,michele.ortega1830@example.com,2024-01-29,North Jennifer,FL,1
1831,Wendy,Gonzalez,wendy.gonzalez1831@example.com,2025-01-01,West Jefferyfort,MI,1
1832,John,Gregory,john.gregory1832@example.com,2025-04-27,,MS,1
1833,Roberto,Rasmussen,roberto.rasmussen1833@example.com,2023-10-02,West Samanthaport,HI,1
1834,Anne,Shelton,anne.shelton1834@example.com,2023-04-07,Lindaberg,TX,1
1835,Katrina,Wright,katrina.wright1835@example.com,2023-01-26,Spencerport,ME,1
1836,Christopher,Knight,christopher.knight1836@example.com,2024-07-22,Gardnerfurt,WY,1
1837,Nancy,Kim,nancy.kim1837@example.com,2023-04-11,New Scott,MD,1
1838,William,Jennings,william.jennings1838@example.com,2023-03-11,Taylorchester,NH,1
1839,Robert,Jenkins,robert.jenkins1839@example.com,2023-01-06,New Anthonychester,CO,1
1840,Katelyn,Gilbert,katelyn.gilbert1840@example.com,2023-05-14,Kristinshire,NY,1
1841,Nathan,Oliver,nathan.oliver1841@example.com,2023-10-16,,MH,1
1842,Ariana,Carter,ariana.carter1842@example.com,2024-08-04,Martineztown,NH,1
1843,Lindsey,Golden,lindsey.golden1843@example.com,2023-10-24,Combsland,AR,1
1844,Joseph,Andersen,joseph.andersen1844@example.com,2024-03-09,West Brookeport,OK,1
1845,Timothy,Rivera,timothy.rivera1845@example.com,2023-10-03,North Joyhaven,WA,1
1846,Jennifer,Miles,jennifer.miles1846@example.com,2024-07-18,New Joy,NM,1
1847,Derek,Jacobson,derek.jacobson1847@example.com,2023-02-27,West Courtney,VA,0
1848,Veronica,Smith,veronica.smith1848@example.com,2024-11-04,Hansonborough,DE,1
1849,Carlos,Hernandez,carlos.hernandez1849@example.com,2025-02-21,New Collinborough,CT,1
1850,Thomas,Wall,thomas.wall1850@example.com,2023-12-06,Myersville,ME,1
1851,Richard,Mcgrath,richard.mcgrath1851@example.com,2023-08-06,Port Melanie,KS,0
1852,Lorraine,Maldonado,lorraine.maldonado1852@example.com,2024-05-15,South Dustintown,,1
1853,Jack,Cardenas,jack.cardenas1853@example.com,2024-06-03,East William,UT,1
1854,Amy,Alvarez,not-an-email,2025-04-29,Keithville,OR,1
1855,Trevor,Contreras,trevor.contreras1855@example.com,2024-09-12,Cruzville,NH,1
1856,Robert,Coleman,robert.coleman1856@example.com,2024-09-15,West Stephenshire,MS,0
1857,Alex,Turner,alex.turner1857@example.com,2025-02-26,Williamsstad,DC,1
1858,Taylor,Sharp,taylor.sharp1858@example.com,2023-09-12,Albertburgh,MI,0
1859,Vincent,Callahan,vincent.callahan1859@example.com,2023-11-05,West Rachel,NC,1
1860,Peter,Brown,peter.brown1860@example.com,2023-03-25,West Diana,OK,1
1861,Matthew,Espinoza,matthew.espinoza1861@example.com,2023-09-14,West Kristen,TN,1
1862,Kevin,Long,kevin.long1862@example.com,2023-10-14,Bennettfort,PA,1
1863,Donna,Johnston,,2024-08-04,Davidmouth,OR,1
1864,Stephanie,Bailey,stephanie.bailey1864@example.com,2024-09-04,Jonestown,PR,1
1865,Jessica,Hall,jessica.hall1865@example.com,2023-05-29,South Sarahfort,MD,1
1866,Kathleen,Zavala,kathleen.zavala1866@example.com,2024-03-15,North Rachel,HI,1
1867,Jessica,Cruz,jessica.cruz1867@example.com,2025-01-28,,MT,1
1868,Sandra,Brown,sandra.brown1868@example.com,2024-01-01,Dannyland,NV,1
1869,Kathryn,Obrien,kathryn.obrien1869@example.com,2023-05-01,East Manuelmouth,MS,1
1870,Dean,Walsh,dean.walsh1870@example.com,2024-06-11,East Johnny,NV,1
1871,Erika,Perez,,2025-01-16,South Lisa,AS,1
1872,Kristy,Miller,kristy.miller1872@example.com,2025-03-14,Lake Susanville,IL,1
1873,Arthur,Taylor,ARTHUR.TAYLOR1873@EXAMPLE.COM,2024-09-20,West Kimshire,ND,1
1874,Michelle,Peterson,michelle.peterson1874@example.com,2025-01-25,Leeborough,OK,1
1875,Maria,Mason,maria.mason1875@example.com,2023-06-30,Christineside,PR,1
1876,Devin,Jones,devin.jones1876@example.com,2024-06-04,Garrettland,OK,1
1877,Christian,Patton,christian.patton1877@example.com,2024-08-18,,ME,1
1878,Craig,Jimenez,craig.jimenez1878@example.com,2024-02-05,New Ambertown,IN,1
1879,Lori,Roberts,,2024-03-13,Peterstad,CA,1
1880,Monique,Moore,monique.moore1880@example.com,2024-07-27,Charlesshire,IA,1
1881,Melissa,Frederick,melissa.frederick1881@example.com,2023-10-05,Reginaldton,ND,1
1882,Heidi,Rodriguez,heidi.rodriguez1882@example.com,2023-06-23,Gilesview,SD,1
1883,Anthony,Morgan,anthony.morgan1883@example.com,2023-05-27,Jameston,DC,1
1884,James,Montoya,james.montoya1884@example.com,2024-12-12,Sandraton,IA,1
1885,Trevor,Shaffer,trevor.shaffer1885@example.com,2025-03-24,West Tinachester,PA,1
1886,Jodi,Noble,jodi.noble1886@example.com,2023-06-07,Pottsview,VA,1
1887,Bobby,Johnson,bobby.johnson1887@example.com,2024-10-18,Lake Michael,NJ,1
1888,Kevin,Horn,kevin.horn1888@example.com,2023-05-04,North Sarah,AK,1
1889,Kim,Shepherd,kim.shepherd1889@example.com,2024-04-16,Flemingtown,OH,1
1890,Timothy,Hughes,timothy.hughes1890@example.com,2025-01-04,Dominguezchester,UT,1
1891,Ronald,Taylor,ronald.taylor1891@example.com,2025-02-18,Wilsonstad,MI,1
1892,James,Kim,james.kim1892@example.com,2024-09-24,East Jesseshire,AL,1
1893,Jeremy,Burgess,jeremy.burgess1893@example.com,2024-05-09,Port Alexisbury,GU,1
1894,Brian,Brown,brian.brown1894@example.com,2024-12-16,Whiteton,MD,0
1895,Michael,Rios,michael.rios1895@example.com,2023-01-20,West David,MO,1
1896,Timothy,Martinez,timothy.martinez1896@example.com,2025-02-14,North Johnside,IL,1
1897,Troy,Moss,troy.moss1897@example.com,2023-05-03,Priscillabury,NV,0
1898,Jennifer,Pugh,jennifer.pugh1898@example.com,2024-07-27,Mistybury,NC,1
1899,Patricia,Flores,patricia.flores1899@example.com,2023-09-17,North Michaelchester,VT,1
1900,Stephanie,Tucker,stephanie.tucker1900@example.com,2024-03-17,East Rhondahaven,IN,1
1901,Kevin,Tran,kevin.tran1901@example.com,2023-07-11,West Jennyberg,AZ,1
1902,Tiffany,Hale,tiffany.hale1902@example.com,2023-09-05,Bentontown,NM,1
1903,Mary,Nelson,mary.nelson1903@example.com,2023-12-05,Evansland,AR,1
1904,Joshua,Lynch,joshua.lynch1904@example.com,2024-05-08,Smithfurt,MS,1
1905,Scott,Walker,scott.walker1905@example.com,2024-03-20,Lopezchester,ND,1
1906,Brett,Torres,brett.torres1906@example.com,2025-04-07,Sharonmouth,MP,1
1907,Rebecca,Patrick,rebecca.patrick1907@example.com,2024-10-11,Port Anthony,VA,1
1908,Maria,Hamilton,maria.hamilton1908@example.com,2025-02-20,Pattonton,AS,1
1909,Daniel,Hughes,daniel.hughes1909@example.com,2024-01-24,Micheleside,NH,1
1910,Rodney,Ball,rodney.ball1910@example.com,2024-08-27,Franciscofurt,NH,1
1911,Julie,Middleton,julie.middleton1911@example.com,2024-01-07,North Juan,TX,1
1912,Stephanie,Miller,stephanie.miller1912@example.com,2023-02-17,Port Amy,MA,0
1913,Ashley,Johnson,ashley.johnson1913@example.com,2023-10-02,Michaelview,WY,1
1914,Denise,Ingram,denise.ingram1914@example.com,2023-09-05,North Kurtmouth,MP,1
1915,Joseph,White,joseph.white1915@example.com,2024-09-23,Smithtown,NH,1
1916,Benjamin,Howard,benjamin.howard1916@example.com,2024-02-08,South Brian,CO,0
1917,Joshua,Bishop,joshua.bishop1917@example.com,2023-02-06,Stephaniemouth,HI,1
1918,Jonathan,Buchanan,jonathan.buchanan1918@example.com,2023-03-03,Mistyberg,IN,1
1919,Crystal,Thomas,crystal.thomas1919@example.com,2023-07-12,East Dannyton,HI,1
1920,Gabrielle,Valencia,gabrielle.valencia1920@example.com,2023-09-20,Bobbybury,AR,1
1921,Stephanie,Braun,stephanie.braun1921@example.com,2024-02-15,Allenstad,ND,1
1922,Jennifer,Burke,jennifer.burke1922@example.com,2024-01-16,Danielhaven,NV,1
1923,Daniel,Jones,daniel.jones1923@example.com,2024-02-05,West Ashley,MP,1
1924,Mackenzie,Perry,mackenzie.perry1924@example.com,2023-12-10,Liuberg,AK,1
1925,Mark,French,mark.french1925@example.com,2024-04-18,Theresastad,NJ,1
1926,Sherri,Carter,sherri.carter1926@example.com,2023-08-16,East Michealport,FL,1
1927,Rhonda,Johnson,RHONDA.JOHNSON1927@EXAMPLE.COM,2024-04-15,Port Lawrence,VT,1
1928,Kimberly,Romero,kimberly.romero1928@example.com,2025-01-10,Shelbyfurt,MP,1
1929,Brandi,Sandoval,brandi.sandoval1929@example.com,2024-05-03,South Kathryn,SD,1
1930,Christian,Jones,christian.jones1930@example.com,2025-01-18,,IN,1
1931,Ariana,Cuevas,ariana.cuevas1931@example.com,2024-04-25,Ryanville,PR,1
1932,Natalie,Yates,natalie.yates1932@example.com,2023-11-02,Hopkinshaven,NV,1
1933,Logan,Lee,logan.lee1933@example.com,2025-03-25,Rhondamouth,IA,1
1934,Lauren,Madden,lauren.madden1934@example.com,2024-05-26,South Leslie,DE,1
1935,Heather,Wallace,heather.wallace1935@example.com,2023-05-04,Coxstad,OH,1
1936,William,Melendez,william.melendez1936@example.com,2023-10-11,Jacobsmouth,WY,1
1937,Robert,Hudson,robert.hudson1937@example.com,2023-03-04,New John,PW,1
1938,Rickey,Richards,rickey.richards1938@example.com,2023-04-09,New Jorge,LA,1
1939,Matthew,Wilson,matthew.wilson1939@example.com,2025-01-11,Fisherberg,OK,1
1940,Troy,Keith,troy.keith1940@example.com,2023-11-02,East Nancy,AL,1
1941,Garrett,Barnes,GARRETT.BARNES1941@EXAMPLE.COM,2025-01-26,Newtonberg,VI,1
1942,Austin,Reynolds,austin.reynolds1942@example.com,2023-10-30,North David,VI,1
1943,Allison,Hughes,allison.hughes1943@example.com,2024-09-24,Gomezfurt,UT,1
1944,Angela,Joseph,angela.joseph1944@example.com,2024-04-10,West Phyllismouth,OR,1
1945,Chelsea,Rodriguez,chelsea.rodriguez1945@example.com,2024-11-14,North Joannestad,,1
1946,Stephanie,Lozano,stephanie.lozano1946@example.com,2025-03-02,Yangchester,LA,1
1947,Katherine,Graves,katherine.graves1947@example.com,2024-11-19,Lake Katie,PW,1
1948,Lori,Hicks,lori.hicks1948@example.com,2023-12-27,North Brittney,MN,1
1949,Emily,Chavez,emily.chavez1949@example.com,2024-04-11,Samuelhaven,VA,1
1950,Brianna,Duffy,brianna.duffy1950@example.com,2024-09-07,East Kennethmouth,AR,0
1951,Anne,Merritt,anne.merritt1951@example.com,2025-01-05,Mitchellfurt,MD,0
1952,Katherine,Mckay,katherine.mckay1952@example.com,2025-01-03,Port Sierraborough,NE,1
1953,April,Andrews,april.andrews1953@example.com,2024-05-04,Coryport,GA,1
1954,David,Hill,david.hill1954@example.com,2024-09-19,Walkerburgh,LA,1
1955,Sheila,Green,,2024-03-01,East Elizabethberg,CT,1
1956,Jamie,Roberson,JAMIE.ROBERSON1956@EXAMPLE.COM,2024-04-02,North Carmen,AZ,1
1957,Susan,Fernandez,susan.fernandez1957@example.com,2023-11-30,North Tracy,GU,1
1958,Anthony,Harris,anthony.harris1958@example.com,2025-01-15,Dennishaven,DC,1
1959,Mariah,Phillips,mariah.phillips1959@example.com,2024-08-28,Lake Jasmineville,NV,1
1960,Pamela,Snyder,pamela.snyder1960@example.com,2024-08-05,Port Derrickview,VA,1
1961,Elizabeth,Schmitt,elizabeth.schmitt1961@example.com,2024-03-17,Lake Lauraland,MD,1
1962,Eric,Rogers,eric.rogers1962@example.com,2024-10-04,Mccoyhaven,TX,1
1963,Kimberly,Mann,kimberly.mann1963@example.com,2024-11-11,Patriciaton,NE,1
1964,Craig,Thornton,craig.thornton1964@example.com,2024-03-28,Jamesside,TN,1
1965,Mary,Garrett,mary.garrett1965@example.com,2024-05-02,East Derrickfurt,VI,1
1966,Sherry,Nunez,sherry.nunez1966@example.com,2024-05-14,Theodorefort,GU,1
1967,Jacob,Crawford,jacob.crawford1967@example.com,2024-02-01,East Cynthia,CO,1
1968,Stephanie,Vincent,stephanie.vincent1968@example.com,2025-01-25,North Ryan,NM,1
1969,Angela,Clark,angela.clark1969@example.com,2024-11-10,North Robert,KS,1
1970,Christina,Welch,christina.welch1970@example.com,2024-03-15,Lake Michael,NC,0
1971,Diane,White,diane.white1971@example.com,2023-06-24,Maryport,TN,0
1972,Todd,Robles,todd.robles1972@example.com,2023-10-24,Harperside,NJ,1
1973,Kenneth,Robinson,kenneth.robinson1973@example.com,2023-08-25,Robertmouth,MD,1
1974,John,Coleman,john.coleman1974@example.com,2024-11-02,South Stephanie,TN,1
1975,Daniel,Terry,daniel.terry1975@example.com,2023-01-14,Port Nicole,MP,1
1976,Linda,Burns,linda.burns1976@example.com,2024-05-22,Mcdanieltown,LA,0
1977,Joseph,Lewis,joseph.lewis1977@example.com,2023-08-26,Brownmouth,KS,1
1978,Emily,Jenkins,emily.jenkins1978@example.com,2023-03-03,Colemanview,PW,1
1979,Brian,Washington,brian.washington1979@example.com,2023-12-24,West Daisy,AZ,1
1980,Kyle,Ortiz,,2023-12-04,New Jamie,SC,0
1981,Daniel,Donaldson,daniel.donaldson1981@example.com,2023-02-09,Davidside,AK,1
1982,Stephanie,Smith,stephanie.smith1982@example.com,2024-09-12,Davismouth,PW,0
1983,Michael,Miranda,michael.miranda1983@example.com,2025-02-26,Lake Brandonborough,MN,1
1984,Amanda,Galloway,amanda.galloway1984@example.com,2025-01-29,Heathbury,LA,1
1985,Laurie,Lozano,laurie.lozano1985@example.com,2023-05-22,Robertside,VA,1
1986,John,Smith,john.smith1986@example.com,2023-01-12,Port Shelbyville,NY,1
1987,Raymond,Washington,raymond.washington1987@example.com,2024-04-26,West Kevin,IN,0
1988,Crystal,Watts,crystal.watts1988@example.com,2023-05-12,West Karenfurt,,0
1989,Diana,Anderson,,2024-05-17,Michelleland,CA,1
1990,William,Warner,william.warner1990@example.com,2025-03-16,Smithside,PA,1
1991,Samantha,Davis,samantha.davis1991@example.com,2024-03-31,Leeport,WY,0
1992,Mario,Hunt,mario.hunt1992@example.com,2023-08-24,West Joshuaborough,CT,1
1993,Joseph,Douglas,,2023-09-10,Bennettchester,CO,1
1994,Jeffrey,Russell,jeffrey.russell1994example.com,2024-02-16,,KY,1
1995,Timothy,Velez,timothy.velez1995@example.com,2023-08-13,South Andre,NM,1
1996,Jessica,Bean,jessica.bean1996@example.com,2023-09-03,South Jeffreytown,MO,1
1997,Kellie,West,kellie.west1997@example.com,2025-01-08,Hartport,MA,1
1998,Douglas,Soto,douglas.soto1998@example.com,2023-01-02,North Annborough,VI,1
1999,Sheri,Watkins,sheri.watkins1999@example.com,2024-07-21,East Richardfort,NC,1
2000,Jennifer,Knight,jennifer.knight2000@example.com,2023-11-01,North Katrina,KS,1
1861,Matthew,Espinoza,dup_matthew.espinoza1861@example.com,2023-09-14,West Kristen,TN,1
354,Elizabeth,Marshall,dup_elizabeth.marshall354@example.com,2023-09-19,South Gina,MH,1
1334,Gabriel,Johnson,dup_gabriel.johnson1334@example.com,2024-10-24,Annville,SD,1
906,Jesse,Mcdaniel,dup_jesse.mcdaniel906@example.com,2023-02-12,Christopherfort,DC,1
1290,Michael,Green,dup_michael.green1290@example.com,2024-05-28,East Maria,MH,1
1274,Kristy,Lee,dup_kristy.lee1274@example.com,2023-11-12,Kaylaberg,NJ,1
939,Alicia,Carney,dup_ALICIA.CARNEY939@EXAMPLE.COM,2024-11-28,Sarashire,NM,1
1732,Ryan,Mitchell,dup_ryan.mitchell1732@example.com,2023-06-25,Waltersville,CO,1
66,Andrew,Lee,dup_andrew.lee66@example.com,2024-09-26,Joshualand,WI,1
1324,William,Rice,dup_,2025-01-18,South Thomas,WA,1
57,Tina,Martin,dup_tina.martin57@example.com,2024-01-21,Arnoldchester,OH,1
1293,Natalie,Adams,dup@example.com,2025-01-29,Port Hannah,NY,1
1119,Alicia,Rogers,dup_alicia.rogers1119@example.com,2025-02-04,Davischester,SC,1
585,Mark,Hill,dup_mark.hill585@example.com,2024-08-12,Starktown,WY,1
375,Jimmy,Robinson,dup_jimmy.robinson375@example.com,2023-01-09,East Williamport,IN,1
276,Pamela,Paul,dup_pamela.paul276@example.com,2023-04-04,Morganburgh,NM,1
747,Candace,Jones,dup_candace.jones747@example.com,2023-02-19,Cruzville,AK,1
129,Donna,Moore,dup_donna.moore129@example.com,2025-02-13,New Charles,AL,0
1647,Jackson,Huffman,dup_jackson.huffman1647@example.com,2023-08-02,New Tracy,VA,1
1853,Jack,Cardenas,dup_jack.cardenas1853@example.com,2024-06-03,East William,UT,1
675,Kelly,Reed,dup_kelly.reed675@example.com,2023-12-24,,TX,0
1665,Diana,Flores,dup_diana.flores1665@example.com,2024-08-29,Griffinfort,GU,1
1982,Stephanie,Smith,dup_stephanie.smith1982@example.com,2024-09-12,Davismouth,PW,0
1084,Karen,Wolfe,dup_karen.wolfe1084@example.com,2023-03-28,Port Gail,RI,1
1923,Daniel,Jones,dup_daniel.jones1923@example.com,2024-02-05,West Ashley,MP,1
100,Mary,Ruiz,dup_mary.ruiz100@example.com,2024-12-22,West Jeffreyland,WI,1
1180,Wesley,Hubbard,dup_wesley.hubbard1180@example.com,2025-04-20,Garrettport,MN,1
965,Alexis,Dean,dup_alexis.dean965@example.com,2023-12-08,East Amyside,MD,1
793,Robert,Taylor,dup_robert.taylor793@example.com,2025-03-25,Kristenport,KS,0
30,Rodney,Lewis,dup_rodney.lewis30@example.com,2025-01-04,Lake Larry,TN,1
629,Wendy,Henry,dup_wendy.henry629@example.com,2024-01-14,East Stacy,PW,0
945,Katie,Wilson,dup_katie.wilson945@example.com,2023-11-11,Matthewshire,RI,1
573,George,Carter,dup_george.carter573@example.com,2023-08-02,South Meganport,WY,1
908,Thomas,Martin,dup_thomas.martin908@example.com,2023-08-23,North Ricky,AL,1
1081,Jacqueline,Hodge,dup_jacqueline.hodge1081@example.com,2025-03-26,South Stevenberg,VI,1
451,Gerald,Nunez,dup_gerald.nunez451@example.com,2024-11-05,Samanthashire,CO,1
1610,Andrew,Moore,dup_andrew.moore1610@example.com,2023-08-18,Port Gabrielleton,TX,1
1291,Wesley,Roman,dup_wesley.roman1291@example.com,2024-08-15,Ryanbury,DE,1
1079,Karen,Steele,dup_karen.steele1079@example.com,2024-09-24,Dodsonberg,MI,1
255,Devon,Wright,dup@example.com,2024-11-11,Sawyerside,CT,1
