order_item_id,order_id,product_id,quantity,unit_price
1,1,84,3,431.32
2,2,31,1,682.52
3,2,76,2,571.36
4,3,108,1,596.14
5,4,71,2,326.37
6,4,51,3,521.96
7,4,117,1,723.89
8,4,73,3,757.68
9,5,73,3,757.68
10,6,27,2,470.69
11,6,134,2,14.54
12,7,102,2,378.83
13,7,40,1,496.68
14,7,141,3,664.67
15,7,23,1,701.6
16,8,82,3,558.31
17,8,83,4,57.87
18,8,100,1,110.82
19,8,102,1,378.83
20,8,5,4,534.04
21,9,73,4,757.68
22,9,69,2,678.97
23,9,143,3,488.21
24,9,96,3,385.9
25,9,131,4,318.76
26,10,100,1,110.82
27,11,93,2,-549.02
28,11,119,3,443.26
29,11,14,1,754.03
30,12,43,3,25.96
31,12,126,2,101.97
32,12,123,1,717.17
33,12,144,1,507.04
34,13,95,2,550.05
35,14,68,2,636.26
36,14,117,1,723.89
37,15,6,1,498.94
38,15,145,2,229.11
39,15,123,4,717.17
40,16,72,3,248.19
41,17,145,4,229.11
42,18,140,2,80.4
43,18,42,3,458.23
44,18,96,4,385.9
45,18,142,3,758.12
46,19,92,2,416.84
47,19,120,3,163.71
48,19,116,2,499.37
49,20,108,1,596.14
50,21,126,3,101.97
51,21,30,4,466.19
52,21,84,4,431.32
53,22,130,1,778.31
54,23,7,1,797.36
55,23,5,2,459.8
56,24,77,3,0.0
57,24,88,4,581.3
58,24,100,1,110.82
59,24,96,1,385.9
60,24,54,3,119.66
61,25,7,1,797.36
62,25,98,1,569.99
63,25,10,1,364.78
64,25,125,3,60.95
65,26,33,1,680.29
66,27,150,4,484.06
67,27,31,4,682.52
68,27,133,2,53.99
69,28,46,2,566.86
70,28,97,4,799.31
71,28,12,4,452.49
72,28,78,1,789.72
73,29,140,4,80.4
74,29,28,4,487.27
75,29,108,4,596.14
76,30,147,2,630.5
77,31,144,1,507.04
78,32,136,2,254.21
79,32,3,2,302.94
80,32,78,4,789.72
81,32,36,2,495.03
82,32,82,4,558.31
83,33,43,3,25.96
84,33,64,4,123.33
85,33,106,3,256.39
86,33,93,1,-549.02
87,33,58,3,558.64
88,34,62,3,302.99
89,34,134,1,14.54
90,35,72,3,248.19
91,35,101,3,720.77
92,35,119,4,443.26
93,36,126,3,101.97
94,37,81,2,226.08
95,37,83,3,57.87
96,38,36,3,495.03
97,38,76,4,571.36
98,38,49,2,186.12
99,38,93,3,-549.02
100,38,139,2,322.53
101,39,118,1,361.9
102,39,138,4,126.38
103,39,88,4,436.64
104,39,38,3,272.91
105,39,66,4,484.78
106,40,28,1,487.27
107,40,122,1,444.14
108,40,112,1,306.6
109,40,100,1,110.82
110,40,81,3,226.08
111,41,71,2,326.37
112,41,73,3,757.68
113,41,111,3,781.01
114,42,42,1,458.23
115,43,43,1,25.96
116,43,45,3,157.83
117,43,57,4,268.77
118,43,72,2,248.19
119,43,28,1,487.27
120,44,112,1,306.6
121,44,135,4,457.51
122,44,88,2,581.3
123,44,83,1,57.87
124,45,60,1,602.69
125,45,98,2,569.99
126,45,121,1,643.49
127,46,112,3,306.6
128,47,10,3,364.78
129,47,98,2,569.99
130,48,72,3,248.19
131,48,48,1,107.37
132,48,59,1,402.24
133,48,105,2,462.17
134,49,69,2,678.97
135,50,70,1,318.37
136,50,132,1,660.44
137,51,63,2,82.09
138,51,117,1,723.89
139,51,45,4,157.83
140,51,29,3,474.32
141,52,148,4,777.04
142,52,104,4,556.7
143,52,65,1,748.34
144,53,81,4,226.08
145,54,63,4,82.09
146,54,37,4,253.77
147,54,5,4,459.8
148,54,59,2,402.24
149,55,90,4,503.63
150,56,18,3,315.84
151,56,91,2,289.58
152,56,85,3,446.02
153,56,50,2,370.89
154,57,150,1,484.06
155,57,32,1,176.75
156,57,113,2,149.56
157,57,125,4,60.95
158,57,111,4,781.01
159,58,78,1,789.72
160,59,17,2,658.83
161,60,21,4,658.67
162,61,84,3,431.32
163,61,135,2,457.51
164,61,40,1,496.68
165,62,28,2,487.27
166,62,38,2,272.91
167,62,143,2,488.21
168,63,42,1,458.23
169,63,124,1,127.43
170,64,102,2,378.83
171,64,55,2,472.02
172,64,104,3,556.7
173,64,111,1,781.01
174,65,121,2,643.49
175,66,11,2,117.66
176,67,28,1,487.27
177,67,69,3,678.97
178,67,75,4,421.56
179,67,135,3,457.51
180,68,122,3,444.14
181,68,116,3,499.37
182,69,119,2,443.26
183,69,39,1,467.56
184,70,124,4,127.43
185,70,112,3,306.6
186,71,100,4,110.82
187,71,48,4,107.37
188,71,128,3,383.45
189,72,65,1,748.34
190,72,107,3,22.07
191,73,93,3,-549.02
192,74,71,1,326.37
193,74,136,3,254.21
194,74,101,4,720.77
195,74,51,3,559.26
196,74,112,1,306.6
197,75,68,3,636.26
198,75,77,1,0.0
199,75,10,1,364.78
200,75,59,4,402.24
201,76,79,3,499.3
202,76,14,2,754.03
203,76,128,4,383.45
204,76,149,3,254.2
205,76,55,2,445.4
206,77,107,2,22.07
207,77,42,3,458.23
208,77,110,3,335.07
209,78,46,3,566.86
210,78,30,4,466.19
211,78,116,4,499.37
212,79,23,1,701.6
213,80,111,2,781.01
214,80,27,4,470.69
215,80,132,1,660.44
216,80,104,2,556.7
217,81,116,2,441.61
218,82,25,1,50.04
219,82,134,4,14.54
220,83,109,3,382.69
221,83,76,2,571.36
222,83,10,4,364.78
223,83,28,3,487.27
224,83,15,4,715.52
225,84,24,1,767.98
226,84,36,1,495.03
227,85,139,3,322.53
228,85,21,3,658.67
229,85,141,4,664.67
230,85,148,1,777.04
231,85,140,4,80.4
232,86,121,3,643.49
233,87,5,4,459.8
234,88,127,2,349.21
235,88,141,2,664.67
236,89,64,3,123.33
237,89,32,4,122.26
238,89,108,2,596.14
239,90,64,1,123.33
240,90,12,2,452.49
241,91,115,2,769.44
242,91,37,1,253.77
243,92,100,2,110.82
244,92,91,2,425.2
245,93,53,3,176.09
246,93,106,3,256.39
247,93,29,1,474.32
248,94,100,2,110.82
249,94,70,2,250.73
250,94,42,4,458.23
251,94,123,2,717.17
252,95,146,1,19.08
253,96,128,1,383.45
254,96,136,1,254.21
255,97,65,3,748.34
256,97,70,4,318.37
257,97,52,2,457.95
258,97,103,3,163.53
259,98,60,1,602.69
260,98,106,4,256.39
261,99,3,3,302.94
262,99,105,4,462.17
263,99,31,1,682.52
264,100,122,3,444.14
265,101,129,2,356.8
266,102,6,2,498.94
267,102,71,2,326.37
268,102,50,2,370.89
269,102,45,3,157.83
270,102,41,4,574.12
271,103,41,4,574.12
272,104,40,4,496.68
273,105,85,2,446.02
274,105,116,4,499.37
275,105,41,4,574.12
276,105,137,3,704.57
277,105,146,1,19.08
278,106,137,4,704.57
279,106,29,2,474.32
280,107,138,1,126.38
281,107,142,1,758.12
282,108,133,2,53.99
283,109,8,1,611.79
284,109,9,1,185.56
285,109,3,1,302.94
286,110,15,3,715.52
287,110,7,1,797.36
288,110,39,3,467.56
289,111,39,2,467.56
290,112,1,3,229.43
291,113,61,4,0.0
292,114,142,1,758.12
293,115,135,3,457.51
294,115,48,1,107.37
295,115,33,3,680.29
296,115,17,1,658.83
297,115,16,1,170.96
298,116,136,4,254.21
299,116,17,2,658.83
300,117,41,4,574.12
301,117,6,2,498.94
302,117,63,4,82.09
303,118,41,1,574.12
304,118,91,2,425.2
305,118,96,3,385.9
306,118,75,2,421.56
307,119,136,3,254.21
308,119,130,2,778.31
309,119,6,3,498.94
310,119,58,2,558.64
311,119,28,1,487.27
312,120,50,3,370.89
313,120,135,1,457.51
314,120,66,2,484.78
315,121,62,2,302.99
316,121,24,2,767.98
317,122,128,4,383.45
318,122,84,1,322.57
319,122,100,1,110.82
320,122,25,1,50.04
321,122,119,3,443.26
322,123,73,1,757.68
323,123,31,2,682.52
324,123,107,3,22.07
325,124,139,3,322.53
326,125,56,2,783.92
327,125,130,4,778.31
328,126,105,2,462.17
329,126,11,4,117.66
330,126,94,1,610.92
331,126,6,1,498.94
332,126,87,2,353.29
333,127,102,2,378.83
334,127,23,1,701.6
335,127,7,2,797.36
336,127,99,2,707.47
337,128,109,3,382.69
338,128,144,1,507.04
339,128,37,3,253.77
340,128,54,1,119.66
341,129,105,2,462.17
342,129,12,3,452.49
343,130,17,1,658.83
344,130,75,4,421.56
345,130,74,2,429.76
346,130,147,4,630.5
347,130,47,4,434.59
348,131,23,3,701.6
349,131,134,2,14.54
350,131,76,1,571.36
351,131,38,3,272.91
352,132,111,1,781.01
353,132,104,1,556.7
354,133,80,2,752.51
355,133,144,2,507.04
356,134,73,1,757.68
357,135,141,2,664.67
358,136,19,4,582.15
359,136,56,1,783.92
360,136,4,2,636.38
361,136,144,3,507.04
362,137,131,1,318.76
363,137,70,2,318.37
364,137,11,2,133.45
365,138,129,2,356.8
366,138,52,3,457.95
367,138,20,1,511.22
368,138,21,1,658.67
369,139,46,4,566.86
370,139,134,2,14.54
371,139,51,3,521.96
372,139,150,3,484.06
373,140,106,1,256.39
374,140,34,1,369.27
375,140,36,4,495.03
376,140,89,4,164.51
377,141,68,4,636.26
378,141,18,2,315.84
379,141,50,3,370.89
380,141,51,2,521.96
381,141,52,4,457.95
382,142,42,4,458.23
383,142,1,3,229.43
384,142,98,4,569.99
385,142,29,3,474.32
386,142,57,2,268.77
387,143,37,4,253.77
388,144,102,4,378.83
389,145,24,2,767.98
390,145,126,2,101.97
391,146,110,2,335.07
392,146,60,2,602.69
393,147,140,4,80.4
394,147,110,4,335.07
395,147,104,4,556.7
396,147,31,4,682.52
397,147,117,2,723.89
398,148,84,4,431.32
399,148,41,3,498.36
400,148,23,4,701.6
401,149,84,4,431.32
402,149,146,1,19.08
403,150,10,1,364.78
404,150,85,2,446.02
405,151,132,3,660.44
406,151,142,4,758.12
407,151,17,1,658.83
408,151,22,4,759.83
409,151,73,2,757.68
410,152,71,4,326.37
411,152,98,4,569.99
412,152,20,2,511.22
413,152,17,4,658.83
414,153,82,2,558.31
415,153,135,3,457.51
416,153,1,3,229.43
417,153,103,4,163.53
418,153,48,3,107.37
419,154,69,4,678.97
420,154,65,4,748.34
421,154,47,3,434.59
422,155,57,1,268.77
423,155,50,2,370.89
424,155,140,3,80.4
425,155,147,3,630.5
426,156,88,3,581.3
427,156,136,1,254.21
428,157,5,3,459.8
429,157,83,2,48.92
430,157,125,1,60.95
431,158,134,2,14.54
432,158,86,1,35.23
433,159,94,4,610.92
434,159,55,1,472.02
435,160,73,1,757.68
436,161,144,1,507.04
437,161,16,2,170.96
438,161,34,3,369.27
439,161,123,2,717.17
440,162,138,2,126.38
441,162,114,3,709.75
442,162,72,3,248.19
443,162,77,3,0.0
444,163,22,4,759.83
445,164,19,2,582.15
446,164,61,1,0.0
447,165,26,3,266.42
448,165,73,4,757.68
449,166,75,2,421.56
450,166,106,2,256.39
451,166,39,3,467.56
452,166,2,1,536.34
453,167,2,1,536.34
454,167,79,1,499.3
455,168,104,2,556.7
456,168,133,3,53.99
457,168,23,3,701.6
458,168,117,3,723.89
459,169,98,4,569.99
460,169,142,2,758.12
461,169,62,1,302.99
462,169,27,2,470.69
463,170,84,2,431.32
464,171,150,2,484.06
465,171,20,2,511.22
466,171,78,2,789.72
467,172,107,4,22.07
468,172,32,4,176.75
469,172,126,4,101.97
470,173,47,4,434.59
471,174,120,4,163.71
472,174,135,3,457.51
473,174,128,2,383.45
474,174,29,1,474.32
475,174,55,1,472.02
476,175,120,4,163.71
477,175,133,2,53.99
478,175,129,3,356.8
479,175,130,3,778.31
480,175,146,4,19.08
481,176,147,3,630.5
482,176,83,2,57.87
483,176,29,1,341.21
484,176,118,2,361.9
485,176,18,3,315.84
486,177,148,4,777.04
487,178,30,2,466.19
488,178,54,4,119.66
489,179,34,2,369.27
490,180,55,3,472.02
491,180,10,4,364.78
492,181,73,1,757.68
493,181,46,1,566.86
494,182,74,3,429.76
495,182,97,3,799.31
496,182,33,1,680.29
497,182,5,1,459.8
498,182,50,2,370.89
499,183,37,3,253.77
500,184,20,2,511.22
501,184,40,1,496.68
502,184,7,3,797.36
503,185,110,2,335.07
504,185,6,3,498.94
505,185,106,1,256.39
506,185,59,3,402.24
507,186,93,3,-549.02
508,186,104,3,556.7
509,186,128,3,383.45
510,186,145,3,229.11
511,186,116,4,499.37
512,187,143,1,488.21
513,188,103,2,163.53
514,188,71,1,326.37
515,188,24,1,767.98
516,188,126,3,101.97
517,189,27,2,470.69
518,189,64,1,123.33
519,189,14,3,754.03
520,189,119,3,443.26
521,190,91,1,425.2
522,190,115,1,769.44
523,190,110,2,335.07
524,190,65,2,748.34
525,190,128,4,383.45
526,191,122,1,444.14
527,191,5,3,459.8
528,192,120,1,163.71
529,192,32,3,176.75
530,192,65,1,748.34
531,192,10,3,364.78
532,193,77,2,0.0
533,193,128,2,383.45
534,193,102,4,378.83
535,193,136,4,254.21
536,193,127,3,349.21
537,194,60,3,602.69
538,194,45,2,157.83
539,195,18,3,315.84
540,196,106,1,256.39
541,197,61,3,0.0
542,198,22,4,759.83
543,199,140,4,80.4
544,200,147,3,630.5
545,200,113,1,149.56
546,201,49,1,186.12
547,201,98,4,569.99
548,202,144,4,507.04
549,202,130,4,778.31
550,202,39,1,467.56
551,202,119,3,443.26
552,203,46,3,566.86
553,203,125,2,60.95
554,204,108,3,596.14
555,205,80,2,752.51
556,205,39,1,467.56
557,205,17,2,658.83
558,205,114,3,709.75
559,205,3,2,302.94
560,206,129,3,356.8
561,206,59,2,402.24
562,206,11,4,117.66
563,206,112,1,306.6
564,206,36,1,495.03
565,207,53,1,176.09
566,207,105,4,462.17
567,208,6,3,498.94
568,208,43,4,25.96
569,208,93,1,-549.02
570,209,121,4,643.49
571,210,1,1,229.43
572,210,103,4,163.53
573,210,119,1,443.26
574,210,142,3,758.12
575,210,38,4,272.91
576,211,141,4,664.67
577,211,113,1,149.56
578,211,80,3,752.51
579,211,130,1,778.31
580,212,90,1,503.63
581,213,81,1,226.08
582,213,64,3,123.33
583,213,106,1,256.39
584,213,33,1,680.29
585,214,97,4,799.31
586,214,71,4,326.37
587,214,143,4,488.21
588,215,116,1,499.37
589,215,79,2,499.3
590,215,82,3,558.31
591,215,57,4,268.77
592,215,50,2,370.89
593,216,14,4,754.03
594,216,3,2,302.94
595,217,35,1,593.85
596,217,81,2,226.08
597,217,18,1,315.84
598,217,100,3,110.82
599,218,144,2,507.04
600,218,33,3,680.29
601,218,51,1,521.96
602,218,21,3,658.67
603,219,53,3,176.09
604,220,119,3,443.26
605,221,129,3,356.8
606,221,84,3,431.32
607,222,20,2,511.22
608,222,29,2,474.32
609,223,116,4,499.37
610,224,143,4,488.21
611,224,138,1,126.38
612,225,66,3,484.78
613,226,59,1,402.24
614,226,79,1,499.3
615,226,4,4,636.38
616,227,67,1,755.48
617,227,68,2,636.26
618,227,110,3,335.07
619,228,62,4,302.99
620,228,32,3,176.75
621,228,38,4,272.91
622,229,124,4,127.43
623,229,149,4,254.2
624,229,35,3,593.85
625,230,58,2,558.64
626,230,116,1,499.37
627,230,42,1,458.23
628,230,134,4,14.54
629,230,61,2,0.0
630,231,38,1,272.91
631,231,32,1,176.75
632,232,143,1,488.21
633,232,124,2,127.43
634,232,99,1,707.47
635,232,32,2,176.75
636,232,3,3,302.94
637,233,36,3,495.03
638,233,50,1,370.89
639,233,81,2,226.08
640,233,80,1,752.51
641,233,105,4,462.17
642,234,112,4,306.6
643,235,58,3,534.96
644,236,111,2,781.01
645,236,108,2,596.14
646,237,143,4,488.21
647,237,134,1,14.54
648,237,145,3,229.11
649,237,31,4,682.52
650,237,121,4,643.49
651,238,117,2,723.89
652,238,134,3,14.54
653,238,148,1,777.04
654,239,81,3,226.08
655,239,31,2,682.52
656,239,118,4,361.9
657,239,125,1,60.95
658,239,117,2,723.89
659,240,132,1,660.44
660,240,20,3,511.22
661,240,116,3,499.37
662,241,33,4,680.29
663,241,1,1,229.43
664,241,148,1,777.04
665,241,37,4,253.77
666,241,94,3,610.92
667,242,144,3,340.31
668,242,84,2,431.32
669,243,2,1,536.34
670,243,124,1,127.43
671,243,17,3,658.83
672,244,12,3,452.49
673,245,81,3,226.08
674,245,4,1,636.38
675,245,2,3,536.34
676,245,124,3,127.43
677,246,89,4,164.51
678,246,34,4,369.27
679,246,66,1,484.78
680,246,72,2,248.19
681,247,86,3,35.23
682,247,12,4,452.49
683,247,40,2,496.68
684,248,136,4,254.21
685,248,16,4,170.96
686,248,104,2,556.7
687,248,70,3,318.37
688,249,104,1,556.7
689,249,36,1,495.03
690,249,139,4,322.53
691,250,3,3,302.94
692,250,9,3,185.56
693,251,119,4,443.26
694,252,44,4,14.87
695,252,7,3,797.36
696,253,47,3,434.59
697,253,113,3,149.56
698,254,89,4,164.51
699,254,67,3,755.48
700,255,91,3,425.2
701,256,53,1,154.71
702,257,25,2,50.04
703,257,57,3,268.77
704,257,87,2,353.29
705,258,4,1,636.38
706,258,5,4,459.8
707,258,102,4,378.83
708,258,147,2,630.5
709,258,110,3,335.07
710,259,6,4,498.94
711,259,1,4,229.43
712,260,81,2,226.08
713,260,66,4,484.78
714,260,34,2,369.27
715,260,101,2,720.77
716,261,147,1,630.5
717,262,65,1,748.34
718,262,63,4,82.09
719,262,4,2,636.38
720,262,39,1,467.56
721,262,30,3,466.19
722,263,48,2,107.37
723,263,23,2,701.6
724,263,44,2,14.87
725,263,109,2,382.69
726,263,80,2,752.51
727,264,30,2,466.19
728,264,24,1,767.98
729,264,89,4,164.51
730,264,42,2,458.23
731,265,126,4,101.97
732,265,2,1,536.34
733,265,94,2,610.92
734,265,145,3,229.11
735,265,25,1,50.04
736,266,13,3,302.7
737,267,45,3,157.83
738,267,131,1,318.76
739,267,71,2,326.37
740,267,85,4,446.02
741,268,65,1,748.34
742,269,108,3,596.14
743,270,71,2,326.37
744,271,11,1,117.66
745,271,34,1,369.27
746,272,150,2,484.06
747,272,25,1,50.04
748,272,138,1,126.38
749,272,58,1,558.64
750,273,68,2,636.26
751,274,31,4,440.02
752,274,108,4,596.14
753,275,101,1,720.77
754,275,40,4,496.68
755,276,51,4,521.96
756,276,79,3,499.3
757,276,49,4,186.12
758,276,58,2,558.64
759,277,36,3,495.03
760,277,88,1,581.3
761,277,143,1,488.21
762,277,83,4,57.87
763,278,22,3,759.83
764,278,147,3,630.5
765,278,98,2,569.99
766,279,63,2,82.09
767,279,67,1,755.48
768,280,120,3,163.71
769,280,100,4,110.82
770,280,145,3,229.11
771,281,101,4,720.77
772,281,99,1,707.47
773,281,129,3,356.8
774,282,23,3,701.6
775,282,88,3,581.3
776,282,48,4,107.37
777,282,103,4,163.53
778,282,37,2,328.91
779,283,14,2,754.03
780,283,68,2,636.26
781,283,140,1,80.4
782,284,27,1,470.69
783,284,5,1,459.8
784,285,82,3,558.31
785,285,41,3,574.12
786,285,54,2,119.66
787,286,50,4,370.89
788,286,42,2,458.23
789,286,7,4,797.36
790,286,136,2,254.21
791,287,40,1,669.94
792,287,113,3,149.56
793,287,138,1,126.38
794,288,109,1,382.69
795,289,9,1,185.56
796,289,51,3,521.96
797,290,64,3,123.33
798,290,89,2,164.51
799,290,33,2,680.29
800,290,96,4,385.9
801,291,91,2,425.2
802,291,58,4,558.64
803,292,48,2,107.37
804,292,100,2,110.82
805,292,128,1,268.32
806,292,31,4,682.52
807,292,130,2,778.31
808,293,137,4,704.57
809,293,67,4,755.48
810,293,104,2,556.7
811,294,28,3,487.27
812,295,104,2,556.7
813,295,15,3,715.52
814,295,97,1,799.31
815,296,126,1,101.97
816,296,71,3,326.37
817,296,27,3,470.69
818,296,61,3,0.0
819,297,59,4,402.24
820,297,147,3,630.5
821,297,122,1,444.14
822,297,94,3,610.92
823,298,85,1,446.02
824,298,110,1,335.07
825,298,70,4,318.37
826,299,5,2,459.8
827,299,65,2,748.34
828,300,63,4,82.09
829,300,111,4,781.01
830,300,104,2,556.7
831,300,119,4,443.26
832,300,137,2,704.57
833,301,108,3,596.14
834,301,91,1,425.2
835,301,61,4,0.0
836,301,54,2,119.66
837,301,147,3,630.5
838,302,73,3,757.68
839,302,145,1,214.61
840,302,117,4,723.89
841,303,52,1,457.95
842,303,99,3,707.47
843,303,89,4,164.51
844,303,110,3,335.07
845,304,92,3,416.84
846,304,36,3,495.03
847,304,146,1,19.08
848,304,98,3,569.99
849,304,58,2,558.64
850,305,146,4,19.08
851,305,86,2,35.23
852,305,101,3,720.77
853,305,90,3,503.63
854,305,73,3,757.68
855,306,67,4,755.48
856,306,71,3,326.37
857,307,56,3,783.92
858,307,148,2,777.04
859,307,137,1,704.57
860,307,134,4,14.54
861,308,95,2,550.05
862,308,87,2,353.29
863,308,121,1,643.49
864,308,150,3,484.06
865,309,28,2,487.27
866,309,35,4,593.85
867,309,30,4,466.19
868,310,21,3,658.67
869,310,147,3,630.5
870,310,56,3,783.92
871,310,18,2,315.84
872,311,41,2,574.12
873,311,35,3,593.85
874,311,9,4,185.56
875,311,64,1,96.89
876,312,9,3,185.56
877,313,113,3,149.56
878,313,74,1,429.76
879,313,17,3,658.83
880,313,120,2,163.71
881,314,115,2,769.44
882,314,87,2,353.29
883,315,3,1,302.94
884,315,59,3,402.24
885,316,123,3,717.17
886,316,89,1,164.51
887,317,67,2,755.48
888,317,125,2,60.95
889,317,44,3,14.87
890,317,61,1,0.0
891,317,8,2,611.79
892,318,140,4,80.4
893,318,119,4,443.26
894,318,27,3,470.69
895,319,40,1,496.68
896,319,121,3,643.49
897,319,38,3,272.91
898,319,87,3,353.29
899,320,26,1,266.42
900,320,34,1,369.27
901,321,13,1,302.7
902,321,19,2,582.15
903,321,117,3,723.89
904,321,125,3,60.95
905,321,75,2,421.56
906,322,64,4,123.33
907,322,57,1,268.77
908,322,143,3,488.21
909,323,1,2,229.43
910,323,139,3,322.53
911,324,70,4,233.36
912,325,128,4,383.45
913,325,66,2,484.78
914,325,47,3,434.59
915,325,102,3,378.83
916,326,90,2,503.63
917,326,139,3,322.53
918,326,22,2,759.83
919,326,37,3,253.77
920,327,112,4,306.6
921,327,63,2,82.09
922,328,132,3,660.44
923,328,7,2,797.36
924,328,142,2,758.12
925,329,46,2,566.86
926,330,112,4,306.6
927,330,140,4,80.4
928,331,1,4,229.43
929,331,11,4,117.66
930,332,80,2,752.51
931,332,31,2,682.52
932,332,112,2,306.6
933,332,34,4,369.27
934,333,29,4,474.32
935,333,73,1,757.68
936,334,25,1,50.04
937,334,42,4,458.23
938,334,132,1,660.44
939,334,51,2,521.96
940,334,29,1,639.86
941,335,46,2,566.86
942,335,70,1,318.37
943,335,63,2,82.09
944,336,42,2,458.23
945,336,118,2,361.9
946,336,112,4,306.6
947,336,63,2,82.09
948,337,46,2,566.86
949,337,102,3,378.83
950,337,117,1,477.41
951,337,27,2,470.69
952,338,48,4,107.37
953,338,119,1,443.26
954,338,17,4,658.83
955,339,26,4,266.42
956,339,69,4,678.97
957,339,64,1,123.33
958,339,20,4,511.22
959,339,33,2,680.29
960,340,95,2,550.05
961,340,103,3,163.53
962,340,137,1,704.57
963,340,99,4,707.47
964,341,114,3,709.75
965,342,17,4,658.83
966,342,113,1,149.56
967,342,147,4,630.5
968,343,130,1,778.31
969,343,78,2,789.72
970,344,150,3,484.06
971,344,137,1,704.57
972,344,8,2,611.79
973,345,11,1,121.84
974,345,102,3,378.83
975,345,103,3,163.53
976,345,75,1,421.56
977,346,139,4,322.53
978,346,142,1,758.12
979,346,61,4,0.0
980,347,100,3,110.82
981,347,104,1,556.7
982,347,27,3,470.69
983,348,129,4,356.8
984,349,110,1,335.07
985,349,96,3,385.9
986,350,144,3,507.04
987,350,103,4,163.53
988,350,96,2,385.9
989,350,43,3,25.96
990,351,61,4,0.0
991,351,56,3,783.92
992,351,76,4,571.36
993,352,137,3,890.82
994,352,58,2,558.64
995,353,33,4,680.29
996,353,48,2,107.37
997,353,24,4,767.98
998,353,18,4,315.84
999,354,150,2,484.06
1000,354,79,3,499.3
1001,355,87,1,353.29
1002,356,55,3,472.02
1003,356,92,3,416.84
1004,356,37,4,253.77
1005,357,126,1,101.97
1006,357,131,1,318.76
1007,358,132,4,660.44
1008,359,112,1,306.6
1009,359,48,3,107.37
1010,359,81,2,226.08
1011,359,17,2,658.83
1012,359,47,1,434.59
1013,360,114,1,709.75
1014,360,97,2,799.31
1015,360,42,4,458.23
1016,360,102,3,378.83
1017,361,29,1,474.32
1018,362,22,4,759.83
1019,363,118,3,361.9
1020,363,150,4,484.06
1021,363,95,3,550.05
1022,363,113,2,149.56
1023,363,44,1,14.87
1024,364,36,3,495.03
1025,365,26,4,266.42
1026,365,69,2,678.97
1027,365,53,4,176.09
1028,366,148,2,777.04
1029,367,147,2,630.5
1030,368,23,1,701.6
1031,368,81,4,226.08
1032,368,130,1,778.31
1033,369,21,4,658.67
1034,369,3,3,302.94
1035,369,64,2,123.33
1036,369,137,1,704.57
1037,369,33,3,680.29
1038,370,53,4,176.09
1039,370,103,4,163.53
1040,370,18,4,315.84
1041,370,88,3,581.3
1042,371,83,4,57.87
1043,371,111,1,781.01
1044,371,24,4,767.98
1045,371,94,2,610.92
1046,371,75,2,421.56
1047,372,62,1,302.99
1048,372,121,4,643.49
1049,372,125,4,60.95
1050,372,47,3,434.59
1051,372,117,3,723.89
1052,373,119,3,443.26
1053,373,83,3,57.87
1054,373,53,3,176.09
1055,373,86,1,35.23
1056,373,138,1,126.38
1057,374,70,2,318.37
1058,374,117,2,723.89
1059,374,30,4,466.19
1060,375,146,2,19.08
1061,376,61,3,0.0
1062,377,144,1,507.04
1063,377,31,2,682.52
1064,377,28,1,487.27
1065,377,99,2,707.47
1066,377,70,4,318.37
1067,378,25,1,50.04
1068,378,60,1,602.69
1069,378,3,3,302.94
1070,379,11,1,117.66
1071,379,68,2,636.26
1072,380,6,1,498.94
1073,381,16,4,170.96
1074,382,122,4,444.14
1075,382,39,2,467.56
1076,382,100,4,110.82
1077,382,66,2,484.78
1078,382,148,1,777.04
1079,383,98,1,569.99
1080,383,135,2,457.51
1081,383,111,1,781.01
1082,384,61,2,0.0
1083,384,101,3,720.77
1084,384,107,1,21.45
1085,385,56,1,783.92
1086,385,119,2,443.26
1087,385,23,1,701.6
1088,385,49,4,186.12
1089,386,72,4,248.19
1090,386,105,2,462.17
1091,386,29,1,474.32
1092,387,48,2,107.37
1093,387,93,4,-479.76
1094,388,79,2,499.3
1095,388,115,1,769.44
1096,388,122,2,444.14
1097,389,143,3,488.21
1098,389,7,3,797.36
1099,389,35,3,593.85
1100,390,44,4,14.87
1101,391,108,1,596.14
1102,391,33,3,680.29
1103,391,55,3,566.12
1104,391,119,4,443.26
1105,391,98,1,569.99
1106,392,147,2,630.5
1107,392,136,3,254.21
1108,392,52,3,457.95
1109,392,101,4,720.77
1110,393,38,2,272.91
1111,393,3,2,302.94
1112,394,6,1,498.94
1113,395,133,1,53.99
1114,396,61,4,0.0
1115,396,36,4,495.03
1116,397,77,4,0.0
1117,397,140,3,80.4
1118,397,22,1,759.83
1119,398,22,1,759.83
1120,398,25,3,50.04
1121,398,134,3,14.54
1122,398,82,3,558.31
1123,399,106,3,256.39
1124,399,8,3,611.79
1125,399,115,3,769.44
1126,400,139,2,322.53
1127,400,24,2,767.98
1128,401,18,4,315.84
1129,401,128,3,383.45
1130,401,68,2,636.26
1131,401,84,2,431.32
1132,401,35,2,593.85
1133,402,28,4,487.27
1134,402,141,2,664.67
1135,402,30,3,466.19
1136,403,105,2,462.17
1137,403,7,2,797.36
1138,403,14,1,754.03
1139,403,22,2,759.83
1140,404,3,4,302.94
1141,404,128,2,383.45
1142,404,110,3,335.07
1143,405,99,1,707.47
1144,405,7,1,797.36
1145,405,28,2,487.27
1146,406,44,4,14.87
1147,406,42,2,458.23
1148,406,82,1,558.31
1149,406,26,4,266.42
1150,406,33,4,680.29
1151,407,105,3,462.17
1152,407,140,3,80.4
1153,407,114,1,709.75
1154,407,131,1,318.76
1155,408,33,3,680.29
1156,408,61,2,0.0
1157,409,65,2,688.27
1158,409,92,3,416.84
1159,409,42,1,458.23
1160,409,66,1,484.78
1161,410,60,3,602.69
1162,410,79,2,499.3
1163,410,58,3,558.64
1164,410,87,4,353.29
1165,411,42,3,458.23
1166,412,136,2,254.21
1167,412,109,1,382.69
1168,412,2,4,536.34
1169,413,13,1,302.7
1170,413,21,4,658.67
1171,413,23,2,701.6
1172,413,71,4,326.37
1173,413,9,4,185.56
1174,414,14,3,754.03
1175,414,130,4,778.31
1176,414,67,3,755.48
1177,414,26,1,266.42
1178,414,149,1,254.2
1179,415,134,4,14.54
1180,415,1,1,229.43
1181,415,121,4,643.49
1182,415,36,4,495.03
1183,416,99,2,707.47
1184,416,65,2,748.34
1185,416,124,4,127.43
1186,416,126,1,101.97
1187,416,31,1,682.52
1188,417,76,2,571.36
1189,417,50,2,370.89
1190,417,35,1,593.85
1191,418,92,2,416.84
1192,418,17,3,658.83
1193,418,112,2,306.6
1194,418,31,1,682.52
1195,419,67,2,755.48
1196,419,41,3,574.12
1197,419,73,3,757.68
1198,419,55,2,397.04
1199,419,29,1,474.32
1200,420,122,3,444.14
1201,420,94,2,610.92
1202,420,141,3,664.67
1203,420,100,1,110.82
1204,421,130,3,778.31
1205,421,150,3,484.06
1206,421,109,1,382.69
1207,421,32,1,176.75
1208,422,67,1,755.48
1209,422,40,4,496.68
1210,422,97,4,668.63
1211,423,27,1,470.69
1212,423,7,4,797.36
1213,423,118,4,361.9
1214,423,53,4,176.09
1215,424,5,3,459.8
1216,424,48,3,107.37
1217,424,114,2,709.75
1218,424,76,2,571.36
1219,424,19,3,582.15
1220,425,115,4,769.44
1221,426,141,4,664.67
1222,426,103,2,163.53
1223,427,68,4,636.26
1224,428,38,1,272.91
1225,428,122,3,444.14
1226,428,52,4,457.95
1227,428,148,3,777.04
1228,428,108,3,596.14
1229,429,66,1,484.78
1230,429,41,1,574.12
1231,429,112,3,306.6
1232,430,38,1,272.91
1233,430,124,1,127.43
1234,431,41,1,574.12
1235,431,140,4,80.4
1236,431,96,2,385.9
1237,432,146,3,19.08
1238,432,141,4,664.67
1239,432,4,1,636.38
1240,432,25,1,50.04
1241,433,88,1,581.3
1242,434,113,2,149.56
1243,435,67,3,755.48
1244,435,16,3,170.96
1245,435,41,2,574.12
1246,436,100,2,110.82
1247,437,44,3,14.87
1248,437,117,2,723.89
1249,437,43,3,25.96
1250,438,127,2,349.21
1251,438,94,1,610.92
1252,438,106,1,256.39
1253,438,6,2,498.94
1254,439,139,2,322.53
1255,439,147,2,630.5
1256,439,9,2,185.56
1257,440,89,2,164.51
1258,440,16,3,170.96
1259,440,30,1,466.19
1260,441,50,3,370.89
1261,441,42,4,458.23
1262,442,32,3,176.75
1263,442,33,1,680.29
1264,443,31,2,682.52
1265,444,47,2,434.59
1266,444,69,3,678.97
1267,444,24,1,767.98
1268,444,145,2,229.11
1269,445,82,3,558.31
1270,445,39,2,467.56
1271,445,131,4,318.76
1272,445,103,2,163.53
1273,446,17,3,658.83
1274,447,77,2,0.0
1275,448,65,1,748.34
1276,448,34,2,369.27
1277,448,40,3,496.68
1278,449,127,2,349.21
1279,449,11,2,117.66
1280,449,111,4,781.01
1281,449,98,3,569.99
1282,450,129,2,356.8
1283,450,92,2,416.84
1284,450,135,3,457.51
1285,451,44,3,14.87
1286,451,93,4,-549.02
1287,451,79,2,499.3
1288,451,56,3,537.01
1289,451,82,2,558.31
1290,452,49,1,186.12
1291,452,65,2,748.34
1292,452,47,2,434.59
1293,452,4,1,636.38
1294,453,11,1,117.66
1295,453,35,3,593.85
1296,453,105,1,462.17
1297,453,103,3,163.53
1298,454,148,2,777.04
1299,455,2,2,536.34
1300,455,12,1,452.49
1301,455,108,3,596.14
1302,455,6,4,498.94
1303,456,4,3,636.38
1304,457,106,1,256.39
1305,457,30,3,466.19
1306,458,30,2,466.19
1307,458,51,4,521.96
1308,458,118,4,361.9
1309,459,72,4,248.19
1310,460,145,1,229.11
1311,460,49,3,186.12
1312,460,45,4,157.83
1313,460,77,3,0.0
1314,460,47,4,434.59
1315,461,43,3,25.96
1316,462,45,3,157.83
1317,462,51,1,521.96
1318,462,133,1,53.99
1319,462,112,2,306.6
1320,463,61,1,0.0
1321,463,83,2,57.87
1322,463,5,1,459.8
1323,464,68,4,636.26
1324,464,71,1,326.37
1325,464,55,4,472.02
1326,464,118,3,361.9
1327,464,14,3,754.03
1328,465,133,3,53.99
1329,466,3,3,302.94
1330,467,87,1,353.29
1331,468,6,4,498.94
1332,468,104,1,556.7
1333,469,21,4,658.67
1334,469,5,4,459.8
1335,469,132,3,660.44
1336,470,129,3,356.8
1337,470,124,3,127.43
1338,470,103,2,163.53
1339,470,7,4,797.36
1340,470,81,4,226.08
1341,471,103,2,163.53
1342,472,21,1,658.67
1343,472,146,4,19.08
1344,472,138,2,126.38
1345,472,41,2,574.12
1346,472,126,4,101.97
1347,473,53,2,176.09
1348,474,92,4,416.84
1349,474,145,4,229.11
1350,474,108,1,596.14
1351,475,63,1,82.09
1352,475,14,1,754.03
1353,475,38,1,272.91
1354,476,27,4,470.69
1355,477,52,4,457.95
1356,478,9,4,185.56
1357,478,133,2,53.99
1358,478,17,4,658.83
1359,478,117,3,723.89
1360,478,41,3,574.12
1361,479,71,1,326.37
1362,479,23,1,701.6
1363,479,20,4,511.22
1364,479,108,2,596.14
1365,480,45,4,157.83
1366,481,86,1,35.23
1367,481,134,1,14.54
1368,481,125,3,60.95
1369,482,24,2,799.51
1370,482,40,3,496.68
1371,482,58,4,558.64
1372,482,118,1,361.9
1373,482,94,4,610.92
1374,483,57,1,268.77
1375,483,109,4,382.69
1376,483,66,3,484.78
1377,484,146,2,19.08
1378,484,116,3,499.37
1379,484,128,4,383.45
1380,485,105,3,462.17
1381,485,73,4,757.68
1382,485,150,2,484.06
1383,485,19,1,582.15
1384,485,34,2,369.27
1385,486,150,4,484.06
1386,486,105,2,462.17
1387,486,46,2,566.86
1388,486,49,4,186.12
1389,486,89,4,164.51
1390,487,135,3,457.51
1391,487,45,2,157.83
1392,487,13,2,302.7
1393,488,103,2,163.53
1394,488,38,3,272.91
1395,488,18,1,315.84
1396,488,79,1,505.93
1397,489,84,2,431.32
1398,489,99,1,707.47
1399,489,77,2,0.0
1400,489,41,2,574.12
1401,490,103,3,163.53
1402,490,33,2,680.29
1403,490,146,1,19.08
1404,490,140,3,80.4
1405,490,9,1,185.56
1406,491,2,3,536.34
1407,491,80,1,752.51
1408,491,64,3,123.33
1409,492,51,3,521.96
1410,492,44,4,14.87
1411,492,19,2,582.15
1412,492,128,2,383.45
1413,493,49,3,186.12
1414,494,7,2,797.36
1415,494,114,3,709.75
1416,494,137,1,704.57
1417,494,107,4,22.07
1418,495,23,2,701.6
1419,495,124,3,127.43
1420,495,62,3,302.99
1421,496,83,4,57.87
1422,497,1,2,229.43
1423,497,13,1,302.7
1424,497,73,3,757.68
1425,497,3,1,302.94
1426,498,54,4,119.66
1427,499,114,1,709.75
1428,500,53,2,176.09
1429,500,61,2,0.0
1430,500,88,4,581.3
1431,500,107,1,22.07
1432,500,34,1,369.27
1433,501,24,3,767.98
1434,502,13,2,302.7
1435,502,88,1,581.3
1436,502,42,4,458.23
1437,502,103,4,163.53
1438,502,62,2,302.99
1439,503,15,1,715.52
1440,503,137,1,704.57
1441,503,36,1,495.03
1442,503,51,3,521.96
1443,504,97,2,799.31
1444,504,1,1,229.43
1445,504,94,3,549.32
1446,504,60,4,798.85
1447,504,4,4,636.38
1448,505,23,1,542.4
1449,505,110,1,335.07
1450,505,69,2,678.97
1451,505,3,2,302.94
1452,505,140,2,80.4
1453,506,94,4,610.92
1454,506,60,4,602.69
1455,506,29,4,474.32
1456,506,148,4,777.04
1457,506,48,3,107.37
1458,507,58,1,558.64
1459,507,132,1,660.44
1460,507,24,4,767.98
1461,508,95,1,550.05
1462,508,39,4,467.56
1463,509,109,4,382.69
1464,509,8,2,611.79
1465,509,115,4,582.77
1466,509,3,1,302.94
1467,509,76,3,571.36
1468,510,81,4,226.08
1469,511,114,1,709.75
1470,511,146,3,19.08
1471,511,68,3,636.26
1472,512,148,4,777.04
1473,512,137,4,704.57
1474,512,102,1,378.83
1475,512,112,2,306.6
1476,512,77,4,0.0
1477,513,122,2,444.14
1478,513,23,1,701.6
1479,513,139,2,322.53
1480,513,68,3,636.26
1481,514,75,2,421.56
1482,514,67,2,755.48
1483,514,11,4,117.66
1484,514,48,2,107.37
1485,515,12,2,452.49
1486,515,35,1,593.85
1487,516,55,4,472.02
1488,516,77,2,0.0
1489,517,15,1,715.52
1490,517,114,2,709.75
1491,517,83,1,57.87
1492,517,112,4,306.6
1493,518,116,1,499.37
1494,518,120,1,163.71
1495,518,56,4,783.92
1496,518,53,4,176.09
1497,519,129,2,356.8
1498,519,78,1,789.72
1499,520,122,4,444.14
1500,520,94,2,610.92
1501,520,130,1,778.31
1502,520,43,4,25.96
1503,521,68,4,636.26
1504,521,106,4,256.39
1505,521,19,2,582.15
1506,521,73,2,757.68
1507,522,130,3,778.31
1508,522,110,2,335.07
1509,522,9,4,185.56
1510,522,81,4,226.08
1511,522,4,2,636.38
1512,523,20,3,511.22
1513,523,27,1,309.99
1514,523,85,4,446.02
1515,523,74,2,429.76
1516,523,144,2,507.04
1517,524,130,2,778.31
1518,524,126,2,101.97
1519,524,17,4,658.83
1520,524,132,3,660.44
1521,525,120,3,163.71
1522,525,148,3,777.04
1523,525,138,4,126.38
1524,526,40,1,496.68
1525,526,52,1,457.95
1526,526,102,2,378.83
1527,526,31,4,682.52
1528,527,128,3,383.45
1529,527,134,3,14.54
1530,527,103,3,163.53
1531,528,136,3,254.21
1532,528,34,4,369.27
1533,528,75,3,421.56
1534,528,15,2,715.52
1535,529,52,4,457.95
1536,529,136,4,310.24
1537,530,77,4,0.0
1538,530,69,1,678.97
1539,530,40,3,496.68
1540,530,55,2,472.02
1541,530,132,3,660.44
1542,531,125,3,60.95
1543,531,35,3,593.85
1544,531,70,3,318.37
1545,531,87,3,353.29
1546,531,40,1,496.68
1547,532,147,1,630.5
1548,532,65,1,748.34
1549,533,136,3,254.21
1550,533,36,1,495.03
1551,533,86,3,35.23
1552,534,80,1,752.51
1553,535,134,3,14.54
1554,535,102,4,378.83
1555,535,132,2,660.44
1556,536,75,4,421.56
1557,536,133,1,53.99
1558,536,54,2,119.66
1559,536,26,2,266.42
1560,537,76,4,571.36
1561,537,38,3,272.91
1562,538,57,1,268.77
1563,538,122,1,444.14
1564,539,115,4,769.44
1565,539,15,3,715.52
1566,539,142,4,758.12
1567,539,72,3,248.19
1568,539,120,1,163.71
1569,540,150,4,484.06
1570,540,17,3,658.83
1571,540,83,4,57.87
1572,541,123,4,717.17
1573,542,23,1,701.6
1574,542,141,4,664.67
1575,542,140,1,80.4
1576,543,10,2,364.78
1577,543,31,2,682.52
1578,543,13,2,302.7
1579,543,117,2,723.89
1580,543,34,4,369.27
1581,544,133,3,53.99
1582,544,58,1,558.64
1583,544,49,4,186.12
1584,544,87,1,353.29
1585,545,9,4,185.56
1586,545,92,2,416.84
1587,545,33,3,680.29
1588,545,24,3,767.98
1589,546,40,2,496.68
1590,547,20,4,511.22
1591,547,10,2,364.78
1592,547,150,3,484.06
1593,547,113,3,149.56
1594,547,116,3,499.37
1595,548,6,2,498.94
1596,548,17,3,658.83
1597,548,111,4,781.01
1598,549,113,1,149.56
1599,549,60,2,602.69
1600,550,59,3,402.24
1601,550,45,3,157.83
1602,551,75,3,421.56
1603,551,99,1,707.47
1604,551,121,3,643.49
1605,552,114,1,709.75
1606,553,26,3,266.42
1607,553,59,4,402.24
1608,553,77,1,0.0
1609,554,138,3,126.38
1610,554,104,2,556.7
1611,555,99,4,707.47
1612,555,48,4,107.37
1613,555,30,4,466.19
1614,555,143,4,488.21
1615,555,49,1,260.18
1616,556,35,3,593.85
1617,556,57,1,268.77
1618,557,25,4,50.04
1619,558,55,3,472.02
1620,558,63,3,82.09
1621,559,33,3,680.29
1622,559,98,4,569.99
1623,559,56,3,783.92
1624,559,18,2,315.84
1625,560,83,1,57.87
1626,560,1,2,229.43
1627,560,46,3,566.86
1628,560,86,3,35.23
1629,560,88,4,581.3
1630,561,93,1,-549.02
1631,561,71,4,326.37
1632,561,97,2,799.31
1633,562,75,1,421.56
1634,563,129,1,356.8
1635,563,14,4,754.03
1636,563,16,1,170.96
1637,564,4,4,636.38
1638,565,117,1,723.89
1639,565,14,4,754.03
1640,565,105,2,462.17
1641,566,50,2,370.89
1642,566,14,4,754.03
1643,567,25,3,50.04
1644,568,25,4,50.04
1645,569,34,2,369.27
1646,569,48,4,107.37
1647,570,26,2,266.42
1648,570,50,1,370.89
1649,570,59,2,402.24
1650,570,45,3,157.83
1651,570,94,4,610.92
1652,571,45,3,157.83
1653,572,122,3,444.14
1654,572,63,4,82.09
1655,572,71,3,326.37
1656,572,147,1,630.5
1657,573,95,1,550.05
1658,573,64,4,123.33
1659,574,101,2,720.77
1660,574,112,4,306.6
1661,574,82,3,558.31
1662,575,108,3,596.14
1663,575,51,3,521.96
1664,575,141,3,664.67
1665,575,58,4,558.64
1666,576,140,2,80.4
1667,576,20,1,511.22
1668,576,107,2,22.07
1669,576,25,1,50.04
1670,576,91,1,425.2
1671,577,109,2,382.69
1672,577,124,3,127.43
1673,577,142,1,758.12
1674,577,5,1,459.8
1675,577,143,4,488.21
1676,578,100,3,110.82
1677,578,76,2,571.36
1678,579,3,3,302.94
1679,579,56,1,783.92
1680,579,102,1,378.83
1681,580,106,2,256.39
1682,581,146,1,19.08
1683,581,70,1,318.37
1684,582,71,1,326.37
1685,582,137,3,704.57
1686,583,103,1,163.53
1687,584,136,4,254.21
1688,584,144,1,507.04
1689,585,67,3,755.48
1690,585,129,3,356.8
1691,586,26,1,266.42
1692,586,53,4,176.09
1693,586,140,1,80.4
1694,586,98,1,569.99
1695,587,2,1,536.34
1696,587,42,1,458.23
1697,587,134,4,14.54
1698,587,143,3,488.21
1699,588,98,1,569.99
1700,588,76,1,571.36
1701,588,110,4,335.07
1702,588,49,1,186.12
1703,589,61,1,0.0
1704,590,89,3,164.51
1705,590,87,4,353.29
1706,590,43,1,28.72
1707,591,92,2,416.84
1708,591,110,1,335.07
1709,591,100,3,110.82
1710,591,73,3,757.68
1711,591,130,4,778.31
1712,592,100,2,110.82
1713,592,104,3,556.7
1714,593,2,4,536.34
1715,593,97,3,799.31
1716,594,70,1,318.37
1717,595,36,2,495.03
1718,595,59,2,402.24
1719,596,77,1,0.0
1720,596,9,3,185.56
1721,596,1,1,229.43
1722,596,70,1,318.37
1723,596,24,2,767.98
1724,597,34,3,369.27
1725,597,2,1,536.34
1726,597,112,4,306.6
1727,597,75,1,421.56
1728,597,31,1,682.52
1729,598,20,1,511.22
1730,598,86,3,35.23
1731,598,33,4,680.29
1732,599,6,2,498.94
1733,599,99,4,707.47
1734,600,114,2,709.75
1735,600,65,4,748.34
1736,601,140,3,80.4
1737,602,140,1,80.4
1738,602,110,4,335.07
1739,602,4,2,636.38
1740,602,97,3,799.31
1741,602,18,1,315.84
1742,603,36,3,495.03
1743,604,69,4,678.97
1744,604,78,2,789.72
1745,604,118,1,361.9
1746,605,117,2,723.89
1747,606,150,2,484.06
1748,606,8,4,502.92
1749,606,99,3,707.47
1750,607,57,3,268.77
1751,607,22,2,759.83
1752,608,24,3,767.98
1753,608,114,2,709.75
1754,608,41,1,574.12
1755,608,26,4,266.42
1756,608,125,2,60.95
1757,609,9,2,185.56
1758,609,56,1,783.92
1759,609,32,3,127.43
1760,610,125,1,60.95
1761,610,22,2,759.83
1762,610,16,3,170.96
1763,610,1,4,229.43
1764,611,116,2,499.37
1765,612,120,3,163.71
1766,612,137,4,704.57
1767,612,20,2,511.22
1768,612,73,1,757.68
1769,613,108,3,596.14
1770,613,110,4,335.07
1771,613,88,4,581.3
1772,613,15,1,715.52
1773,614,63,1,82.09
1774,614,18,4,348.49
1775,615,40,3,496.68
1776,615,19,3,582.15
1777,615,36,4,495.03
1778,615,97,3,799.31
1779,615,133,3,53.99
1780,616,63,2,82.09
1781,616,19,4,582.15
1782,617,142,3,758.12
1783,617,52,3,457.95
1784,617,128,2,383.45
1785,617,106,1,256.39
1786,618,95,2,550.05
1787,618,17,3,658.83
1788,619,121,3,643.49
1789,619,106,2,256.39
1790,619,67,3,755.48
1791,619,136,1,235.26
1792,619,113,2,149.56
1793,620,108,2,596.14
1794,621,113,2,149.56
1795,621,150,1,484.06
1796,621,56,3,783.92
1797,621,66,2,484.78
1798,621,69,2,678.97
1799,622,30,1,466.19
1800,622,134,2,14.54
1801,622,75,2,421.56
1802,623,82,4,558.31
1803,623,17,4,499.2
1804,623,102,2,378.83
1805,624,7,3,797.36
1806,624,13,3,302.7
1807,625,131,2,318.76
1808,626,65,2,1038.92
1809,626,74,4,429.76
1810,626,112,1,306.6
1811,627,20,1,511.22
1812,628,139,1,322.53
1813,629,16,1,170.96
1814,629,70,4,318.37
1815,629,62,3,302.99
1816,630,82,2,558.31
1817,630,91,1,425.2
1818,630,130,4,778.31
1819,630,13,3,302.7
1820,631,104,2,556.7
1821,632,22,4,759.83
1822,633,83,1,57.87
1823,634,39,3,467.56
1824,634,140,2,80.4
1825,634,95,2,550.05
1826,634,64,4,123.33
1827,635,141,2,818.18
1828,635,125,3,60.95
1829,635,54,4,119.66
1830,635,2,4,536.34
1831,636,33,3,680.29
1832,636,133,2,55.91
1833,636,95,2,550.05
1834,637,124,4,127.43
1835,637,122,1,444.14
1836,638,16,1,170.96
1837,639,56,4,783.92
1838,639,14,1,754.03
1839,639,90,4,503.63
1840,639,124,4,127.43
1841,640,97,3,872.84
1842,640,135,3,457.51
1843,640,61,3,0.0
1844,640,50,4,370.89
1845,640,74,3,429.76
1846,641,118,1,361.9
1847,642,10,1,364.78
1848,642,25,2,50.04
1849,642,12,1,452.49
1850,643,143,3,488.21
1851,643,53,2,176.09
1852,643,57,1,268.77
1853,643,82,1,558.31
1854,644,73,2,757.68
1855,644,62,4,302.99
1856,644,40,4,496.68
1857,644,6,2,498.94
1858,645,75,1,421.56
1859,645,1,2,209.45
1860,646,37,1,253.77
1861,646,127,2,349.21
1862,647,52,1,457.95
1863,647,4,2,636.38
1864,647,23,4,701.6
1865,647,15,1,715.52
1866,647,10,3,364.78
1867,648,140,2,80.4
1868,648,47,3,434.59
1869,648,13,4,302.7
1870,649,36,1,495.03
1871,649,110,3,335.07
1872,650,10,3,364.78
1873,651,75,1,421.56
1874,651,36,2,495.03
1875,651,25,2,50.04
1876,651,143,4,488.21
1877,651,150,3,484.06
1878,652,33,4,680.29
1879,652,136,4,254.21
1880,652,139,3,381.54
1881,652,56,4,783.92
1882,653,132,4,660.44
1883,653,3,4,302.94
1884,653,146,3,19.08
1885,653,50,1,370.89
1886,653,115,2,769.44
1887,654,98,2,569.99
1888,654,76,3,571.36
1889,654,7,1,797.36
1890,654,141,1,664.67
1891,655,49,4,186.12
1892,655,147,1,630.5
1893,655,18,4,315.84
1894,655,36,1,495.03
1895,655,91,3,425.2
1896,656,134,4,14.54
1897,656,115,4,769.44
1898,657,4,4,636.38
1899,657,17,1,658.83
1900,657,130,2,778.31
1901,658,144,1,507.04
1902,659,36,3,495.03
1903,659,67,3,755.48
1904,659,147,3,630.5
1905,659,116,1,499.37
1906,660,13,4,302.7
1907,660,98,3,569.99
1908,660,139,3,322.53
1909,661,132,2,660.44
1910,661,51,2,521.96
1911,661,69,3,678.97
1912,662,62,4,302.99
1913,662,40,4,499.82
1914,662,8,3,611.79
1915,663,87,1,353.29
1916,663,138,3,126.38
1917,663,9,1,185.56
1918,663,92,1,416.84
1919,664,51,2,521.96
1920,664,146,4,19.08
1921,664,12,3,452.49
1922,664,120,3,163.71
1923,664,115,1,769.44
1924,665,77,3,0.0
1925,666,60,3,602.69
1926,666,58,1,558.64
1927,666,126,2,101.97
1928,667,47,3,434.59
1929,667,89,2,164.51
1930,667,29,3,474.32
1931,667,14,3,754.03
1932,668,25,3,50.04
1933,668,21,3,658.67
1934,668,123,2,717.17
1935,669,65,1,748.34
1936,669,99,4,707.47
1937,669,25,4,50.04
1938,669,36,2,495.03
1939,670,101,4,720.77
1940,670,41,1,574.12
1941,670,4,4,636.38
1942,670,16,2,170.96
1943,671,139,2,322.53
1944,671,37,1,253.77
1945,671,33,2,680.29
1946,671,108,2,596.14
1947,671,113,1,149.56
1948,672,77,2,0.0
1949,672,94,2,610.92
1950,672,12,3,452.49
1951,672,38,3,272.91
1952,673,67,2,755.48
1953,673,50,2,370.89
1954,673,22,3,759.83
1955,674,83,1,57.87
1956,675,42,1,458.23
1957,675,131,2,318.76
1958,676,146,2,19.08
1959,676,20,4,511.22
1960,676,83,1,57.87
1961,676,114,3,709.75
1962,677,51,3,521.96
1963,677,15,1,715.52
1964,677,66,2,591.86
1965,678,15,4,715.52
1966,678,44,4,14.87
1967,678,81,1,226.08
1968,679,38,1,272.91
1969,679,62,2,302.99
1970,679,109,2,382.69
1971,679,139,1,322.53
1972,679,130,3,778.31
1973,680,44,2,14.87
1974,680,93,1,-549.02
1975,680,61,4,0.0
1976,680,45,4,157.83
1977,680,9,1,185.56
1978,681,131,4,318.76
1979,681,79,1,351.27
1980,681,125,3,60.95
1981,681,110,1,335.07
1982,682,83,1,57.87
1983,682,27,1,470.69
1984,682,47,1,434.59
1985,682,56,3,783.92
1986,682,118,3,361.9
1987,683,61,4,0.0
1988,684,35,4,593.85
1989,685,26,4,266.42
1990,685,51,1,521.96
1991,685,140,2,80.4
1992,685,135,3,457.51
1993,686,1,1,229.43
1994,686,76,4,571.36
1995,687,137,3,704.57
1996,687,108,3,596.14
1997,687,54,4,119.66
1998,687,107,4,22.07
1999,688,57,3,268.77
2000,688,125,2,60.95
2001,688,59,2,402.24
2002,688,103,1,163.53
2003,688,21,2,658.67
2004,689,149,1,254.2
2005,689,25,2,50.04
2006,690,14,3,754.03
2007,690,123,4,717.17
2008,690,86,4,35.23
2009,690,115,1,769.44
2010,691,133,1,53.99
2011,691,25,1,50.04
2012,691,142,4,758.12
2013,692,119,4,443.26
2014,692,94,3,610.92
2015,692,91,2,425.2
2016,692,115,1,769.44
2017,692,46,2,566.86
2018,693,4,1,636.38
2019,693,128,4,383.45
2020,694,20,3,511.22
2021,694,121,1,643.49
2022,695,129,4,356.8
2023,695,58,2,558.64
2024,695,88,1,581.3
2025,696,18,1,315.84
2026,696,48,3,107.37
2027,696,83,4,57.87
2028,697,67,3,755.48
2029,697,92,1,416.84
2030,697,26,2,266.42
2031,697,54,2,145.68
2032,697,143,4,488.21
2033,698,149,2,254.2
2034,698,138,1,126.38
2035,698,119,2,443.26
2036,699,17,2,658.83
2037,699,18,4,315.84
2038,699,53,2,176.09
2039,699,56,2,783.92
2040,699,121,1,643.49
2041,700,16,2,170.96
2042,700,106,2,256.39
2043,701,70,2,318.37
2044,701,40,3,536.78
2045,701,8,4,611.79
2046,701,41,1,574.12
2047,701,72,4,248.19
2048,702,139,3,322.53
2049,702,17,2,658.83
2050,702,50,3,370.89
2051,702,120,1,163.71
2052,702,10,2,364.78
2053,703,45,4,157.83
2054,703,10,4,364.78
2055,703,62,2,302.99
2056,703,123,2,717.17
2057,703,98,4,569.99
2058,704,60,3,566.35
2059,704,79,2,499.3
2060,704,33,2,680.29
2061,704,72,2,248.19
2062,704,39,3,467.56
2063,705,66,3,484.78
2064,705,10,2,364.78
2065,705,130,2,778.31
2066,705,112,2,306.6
2067,705,93,3,-447.56
2068,706,96,4,385.9
2069,706,70,4,318.37
2070,706,123,2,717.17
2071,706,3,1,302.94
2072,706,64,4,123.33
2073,707,131,4,318.76
2074,707,117,4,723.89
2075,707,55,3,472.02
2076,707,71,4,326.37
2077,707,73,4,757.68
2078,708,56,3,783.92
2079,709,87,1,353.29
2080,710,53,2,176.09
2081,710,73,3,757.68
2082,711,105,4,462.17
2083,711,148,1,777.04
2084,711,59,3,402.24
2085,712,9,1,185.56
2086,712,34,2,369.27
2087,712,85,4,446.02
2088,713,63,2,82.09
2089,713,105,3,462.17
2090,713,144,1,336.46
2091,713,14,2,754.03
2092,713,99,4,707.47
2093,714,118,4,361.9
2094,714,90,2,503.63
2095,714,135,4,457.51
2096,714,97,2,799.31
2097,715,60,1,602.69
2098,715,27,2,470.69
2099,716,115,3,769.44
2100,717,81,4,226.08
2101,717,11,4,117.66
2102,717,131,3,318.76
2103,717,142,3,758.12
2104,717,126,3,101.97
2105,718,62,4,302.99
2106,719,91,3,425.2
2107,719,21,1,658.67
2108,719,79,4,499.3
2109,719,114,2,709.75
2110,720,102,2,378.83
2111,720,92,3,416.84
2112,720,130,3,778.31
2113,721,106,1,256.39
2114,721,111,1,781.01
2115,722,150,1,484.06
2116,722,93,4,-549.02
2117,722,108,1,596.14
2118,723,79,4,499.3
2119,723,121,4,643.49
2120,723,115,1,769.44
2121,724,5,3,459.8
2122,724,96,3,429.71
2123,724,35,1,593.85
2124,724,95,2,550.05
2125,724,104,2,414.4
2126,725,109,1,382.69
2127,725,45,2,157.83
2128,725,40,4,496.68
2129,725,18,3,315.84
2130,725,65,4,748.34
2131,726,33,3,680.29
2132,726,1,3,229.43
2133,726,49,2,186.12
2134,727,106,3,256.39
2135,727,80,1,752.51
2136,727,128,3,383.45
2137,727,123,2,634.17
2138,728,94,3,610.92
2139,728,43,1,25.96
2140,728,31,3,682.52
2141,728,126,1,101.97
2142,728,141,4,664.67
2143,729,57,3,268.77
2144,730,99,2,707.47
2145,730,49,2,186.12
2146,730,67,2,755.48
2147,731,45,1,157.83
2148,732,86,3,35.23
2149,733,137,4,704.57
2150,733,23,3,701.6
2151,733,26,3,266.42
2152,733,13,4,302.7
2153,734,26,4,266.42
2154,734,37,3,253.77
2155,735,98,4,569.99
2156,736,107,2,22.07
2157,736,129,1,356.8
2158,737,136,2,254.21
2159,738,127,4,349.21
2160,738,34,2,369.27
2161,738,142,1,758.12
2162,739,32,3,176.75
2163,739,38,1,272.91
2164,739,90,1,503.63
2165,739,23,2,701.6
2166,740,68,4,636.26
2167,740,4,3,636.38
2168,741,129,3,356.8
2169,742,57,4,268.77
2170,742,132,4,660.44
2171,743,6,4,410.9
2172,743,23,3,701.6
2173,743,26,4,266.42
2174,743,50,1,370.89
2175,743,143,1,488.21
2176,744,63,3,82.09
2177,744,144,1,507.04
2178,744,44,1,14.87
2179,745,145,3,229.11
2180,746,106,3,256.39
2181,746,85,2,446.02
2182,746,98,2,569.99
2183,746,39,2,467.56
2184,746,43,1,25.96
2185,747,77,1,0.0
2186,747,109,4,382.69
2187,747,125,2,60.95
2188,747,105,3,462.17
2189,747,127,3,349.21
2190,748,41,3,574.12
2191,748,129,4,356.8
2192,748,126,1,101.97
2193,749,31,4,682.52
2194,750,104,1,556.7
2195,750,113,1,149.56
2196,750,136,2,254.21
2197,750,110,2,335.07
2198,750,61,1,0.0
2199,751,33,3,680.29
2200,751,135,2,457.51
2201,752,22,1,759.83
2202,753,135,1,457.51
2203,753,103,3,163.53
2204,753,125,4,60.95
2205,754,36,3,495.03
2206,754,127,4,349.21
2207,754,35,3,593.85
2208,754,13,1,302.7
2209,755,94,3,610.92
2210,755,11,2,117.66
2211,755,44,1,14.87
2212,755,22,4,759.83
2213,755,92,3,416.84
2214,756,69,1,678.97
2215,756,74,3,429.76
2216,756,102,1,378.83
2217,756,1,1,229.43
2218,756,115,3,769.44
2219,757,110,3,335.07
2220,758,90,1,503.63
2221,758,98,3,569.99
2222,758,82,3,558.31
2223,758,150,2,484.06
2224,759,1,3,229.43
2225,759,150,1,484.06
2226,760,13,1,302.7
2227,761,138,2,126.38
2228,761,124,3,127.43
2229,761,35,3,593.85
2230,762,120,2,163.71
2231,762,55,2,472.02
2232,762,81,3,226.08
2233,763,129,4,356.8
2234,763,26,3,266.42
2235,763,105,1,462.17
2236,764,120,1,163.71
2237,765,75,3,421.56
2238,765,32,3,176.75
2239,766,100,1,110.82
2240,766,26,3,266.42
2241,767,148,4,777.04
2242,767,9,2,185.56
2243,767,126,3,101.97
2244,768,109,2,382.69
2245,768,114,4,709.75
2246,768,103,3,163.53
2247,768,64,3,123.33
2248,768,91,4,425.2
2249,769,50,1,370.89
2250,770,104,4,556.7
2251,770,58,1,558.64
2252,770,81,3,226.08
2253,770,123,1,717.17
2254,771,112,2,306.6
2255,771,94,1,610.92
2256,771,144,3,507.04
2257,772,37,4,253.77
2258,773,83,4,57.87
2259,773,41,1,574.12
2260,774,116,4,499.37
2261,774,68,2,636.26
2262,774,70,3,318.37
2263,775,116,3,499.37
2264,775,49,2,186.12
2265,775,131,1,318.76
2266,775,5,2,459.8
2267,776,98,1,569.99
2268,776,35,3,593.85
2269,776,43,2,25.96
2270,777,51,1,521.96
2271,778,112,4,306.6
2272,778,28,3,456.5
2273,778,140,4,80.4
2274,778,61,1,0.0
2275,779,27,2,470.69
2276,779,129,2,356.8
2277,779,100,3,110.82
2278,780,6,3,498.94
2279,780,100,1,110.82
2280,781,116,3,499.37
2281,781,14,1,754.03
2282,781,32,2,176.75
2283,781,142,4,758.12
2284,781,18,4,315.84
2285,782,44,2,14.87
2286,782,103,4,163.53
2287,782,1,1,229.43
2288,783,140,3,80.4
2289,783,60,1,536.2
2290,783,129,2,356.8
2291,784,32,1,176.75
2292,784,7,1,797.36
2293,784,42,2,458.23
2294,785,117,4,723.89
2295,785,26,4,266.42
2296,785,127,2,349.21
2297,786,101,3,720.77
2298,787,117,1,596.38
2299,787,104,3,556.7
2300,787,118,4,361.9
2301,787,119,2,443.26
2302,787,112,4,306.6
2303,788,68,3,636.26
2304,788,88,1,581.3
2305,788,30,4,466.19
2306,788,1,2,229.43
2307,789,93,1,-549.02
2308,789,149,1,254.2
2309,789,77,4,0.0
2310,789,123,4,717.17
2311,789,106,3,256.39
2312,790,69,1,678.97
2313,790,7,3,797.36
2314,790,53,4,176.09
2315,791,18,4,315.84
2316,791,56,4,783.92
2317,791,133,4,53.99
2318,791,34,4,369.27
2319,792,120,1,163.71
2320,792,48,4,107.37
2321,792,114,3,709.75
2322,792,18,4,315.84
2323,793,60,2,602.69
2324,793,50,2,370.89
2325,794,145,4,229.11
2326,794,67,2,755.48
2327,794,59,4,402.24
2328,794,1,4,229.43
2329,795,65,3,748.34
2330,795,136,4,254.21
2331,795,143,3,488.21
2332,796,83,2,57.87
2333,797,140,1,80.4
2334,797,102,2,378.83
2335,797,8,2,611.79
2336,797,47,4,434.59
2337,798,139,4,322.53
2338,798,121,4,643.49
2339,799,122,4,444.14
2340,800,21,4,658.67
2341,800,11,1,117.66
2342,800,46,1,566.86
2343,801,102,3,378.83
2344,802,82,2,558.31
2345,802,5,4,459.8
2346,802,26,2,266.42
2347,802,92,2,416.84
2348,803,130,2,778.31
2349,803,127,2,349.21
2350,803,37,1,253.77
2351,804,137,1,704.57
2352,804,88,4,518.51
2353,804,129,1,356.8
2354,805,144,2,507.04
2355,806,123,3,717.17
2356,806,150,1,484.06
2357,807,22,4,759.83
2358,807,73,4,757.68
2359,807,43,1,25.96
2360,807,5,3,459.8
2361,808,140,4,80.4
2362,808,61,2,0.0
2363,808,18,4,315.84
2364,808,46,4,566.86
2365,808,77,3,0.0
2366,809,93,4,-549.02
2367,809,122,3,444.14
2368,809,29,1,474.32
2369,809,87,1,353.29
2370,810,8,1,611.79
2371,811,98,3,569.99
2372,811,36,1,495.03
2373,811,33,2,680.29
2374,811,94,1,610.92
2375,812,118,2,361.9
2376,813,17,3,658.83
2377,814,41,2,574.12
2378,814,148,3,777.04
2379,815,44,2,14.87
2380,816,145,1,229.11
2381,816,5,1,459.8
2382,817,82,3,558.31
2383,817,67,2,755.48
2384,817,14,4,754.03
2385,818,51,1,521.96
2386,818,79,2,499.3
2387,818,60,2,602.69
2388,818,148,3,777.04
2389,818,103,4,163.53
2390,819,71,2,326.37
2391,819,88,2,581.3
2392,820,138,1,126.38
2393,820,96,3,385.9
2394,820,49,1,186.12
2395,820,118,2,361.9
2396,820,41,2,574.12
2397,821,14,2,754.03
2398,821,70,3,318.37
2399,821,39,4,467.56
2400,822,125,1,60.95
2401,823,18,3,315.84
2402,823,121,3,643.49
2403,823,29,1,474.32
2404,824,31,3,682.52
2405,824,106,4,256.39
2406,824,35,2,726.45
2407,824,20,4,511.22
2408,825,115,2,769.44
2409,825,118,4,487.34
2410,825,20,1,511.22
2411,825,79,1,499.3
2412,826,135,2,457.51
2413,826,129,4,356.8
2414,826,143,4,488.21
2415,826,26,1,266.42
2416,826,138,4,126.38
2417,827,98,3,569.99
2418,828,41,3,574.12
2419,828,1,2,229.43
2420,828,142,3,758.12
2421,828,29,1,474.32
2422,829,150,3,484.06
2423,829,146,2,19.08
2424,829,96,1,385.9
2425,829,27,4,470.69
2426,829,66,1,484.78
2427,830,78,3,789.72
2428,830,91,3,425.2
2429,830,111,2,781.01
2430,830,12,2,452.49
2431,831,136,3,254.21
2432,831,89,2,164.51
2433,831,110,4,335.07
2434,832,107,3,22.07
2435,832,28,4,487.27
2436,833,88,3,581.3
2437,834,118,4,361.9
2438,834,61,4,0.0
2439,834,134,2,18.01
2440,834,131,3,318.76
2441,835,58,4,558.64
2442,835,5,4,459.8
2443,835,126,3,101.97
2444,835,72,4,248.19
2445,835,28,4,487.27
2446,836,43,2,25.96
2447,837,133,3,53.99
2448,837,145,2,229.11
2449,837,12,1,452.49
2450,838,142,4,758.12
2451,838,76,4,571.36
2452,838,71,2,326.37
2453,838,125,3,60.95
2454,838,9,3,185.56
2455,839,49,2,186.12
2456,839,19,3,582.15
2457,839,63,2,82.09
2458,839,119,1,443.26
2459,840,147,1,630.5
2460,840,105,1,462.17
2461,841,33,4,680.29
2462,841,81,2,226.08
2463,841,97,1,799.31
2464,841,37,1,253.77
2465,841,78,2,789.72
2466,842,41,1,574.12
2467,842,81,1,226.08
2468,843,26,2,266.42
2469,843,76,2,571.36
2470,843,129,3,356.8
2471,843,118,4,361.9
2472,844,7,4,797.36
2473,844,57,4,363.93
2474,844,55,2,472.02
2475,845,5,4,459.8
2476,845,58,1,558.64
2477,845,43,1,25.96
2478,845,110,4,335.07
2479,846,43,3,25.96
2480,847,144,3,507.04
2481,847,97,1,799.31
2482,847,150,2,484.06
2483,848,124,3,127.43
2484,848,81,2,226.08
2485,849,14,2,754.03
2486,849,10,3,364.78
2487,849,72,1,248.19
2488,849,7,3,797.36
2489,850,88,1,581.3
2490,850,96,1,385.9
2491,850,42,2,458.23
2492,850,59,1,402.24
2493,851,123,4,717.17
2494,852,51,3,521.96
2495,852,144,4,507.04
2496,853,62,3,302.99
2497,854,26,2,266.42
2498,854,123,1,717.17
2499,854,59,3,465.79
2500,854,82,2,558.31
2501,854,119,3,443.26
2502,855,93,2,-549.02
2503,855,125,2,60.95
2504,855,2,2,536.34
2505,856,15,1,811.0
2506,856,85,1,446.02
2507,856,7,1,797.36
2508,856,45,3,157.83
2509,856,100,4,110.82
2510,857,23,1,701.6
2511,857,60,2,602.69
2512,858,104,1,556.7
2513,858,123,3,717.17
2514,858,33,4,680.29
2515,858,51,4,521.96
2516,858,56,2,783.92
2517,859,141,2,664.67
2518,859,35,4,593.85
2519,859,36,1,495.03
2520,859,6,1,498.94
2521,859,106,2,256.39
2522,860,17,4,658.83
2523,860,106,2,256.39
2524,860,119,1,443.26
2525,861,117,2,723.89
2526,861,27,3,470.69
2527,861,45,3,157.83
2528,861,98,2,569.99
2529,862,139,1,322.53
2530,862,112,2,306.6
2531,862,130,4,778.31
2532,862,29,1,474.32
2533,863,43,1,25.96
2534,863,124,3,127.43
2535,863,136,2,300.93
2536,863,123,4,717.17
2537,864,83,3,57.87
2538,864,131,1,318.76
2539,865,51,3,521.96
2540,865,92,2,416.84
2541,865,126,4,101.97
2542,865,149,1,254.2
2543,865,81,4,226.08
2544,866,111,3,781.01
2545,866,27,2,470.69
2546,866,42,1,458.23
2547,866,94,1,610.92
2548,867,131,2,318.76
2549,867,120,2,163.71
2550,868,140,2,56.84
2551,868,90,1,503.63
2552,868,39,1,467.56
2553,869,54,2,119.66
2554,869,102,3,378.83
2555,869,84,1,431.32
2556,869,17,1,586.85
2557,870,54,1,119.66
2558,870,13,1,302.7
2559,871,37,4,253.77
2560,871,71,2,326.37
2561,871,51,4,521.96
2562,872,110,3,256.35
2563,872,99,1,707.47
2564,872,143,3,488.21
2565,872,121,1,643.49
2566,873,142,3,758.12
2567,873,8,1,611.79
2568,873,26,3,266.42
2569,874,105,4,462.17
2570,875,35,1,593.85
2571,875,142,2,758.12
2572,876,128,3,383.45
2573,876,104,2,556.7
2574,876,45,1,157.83
2575,877,115,2,769.44
2576,877,140,2,80.4
2577,877,142,4,758.12
2578,877,138,1,126.38
2579,878,31,3,682.52
2580,878,140,2,80.4
2581,878,111,2,781.01
2582,878,18,3,315.84
2583,879,114,1,709.75
2584,879,127,4,349.21
2585,879,23,2,592.4
2586,880,141,3,664.67
2587,881,52,4,457.95
2588,881,98,2,569.99
2589,882,2,3,536.34
2590,882,127,1,349.21
2591,883,101,2,720.77
2592,883,13,4,302.7
2593,883,57,3,268.77
2594,884,61,4,0.0
2595,884,148,1,777.04
2596,884,120,1,163.71
2597,885,81,3,226.08
2598,885,119,1,443.26
2599,885,65,2,748.34
2600,886,8,2,611.79
2601,886,67,3,755.48
2602,886,64,1,123.33
2603,886,88,4,581.3
2604,887,19,2,582.15
2605,887,97,1,799.31
2606,887,123,2,717.17
2607,887,135,4,457.51
2608,887,80,1,752.51
2609,888,1,4,229.43
2610,889,105,3,462.17
2611,889,149,3,254.2
2612,890,41,2,574.12
2613,890,118,3,361.9
2614,891,20,1,511.22
2615,891,75,3,421.56
2616,891,109,3,382.69
2617,891,85,1,446.02
2618,892,145,4,229.11
2619,892,71,2,326.37
2620,892,121,2,643.49
2621,893,27,2,470.69
2622,893,40,1,496.68
2623,893,44,3,14.87
2624,893,39,3,467.56
2625,894,86,1,35.23
2626,894,110,4,335.07
2627,895,16,2,170.96
2628,895,68,2,636.26
2629,895,106,4,256.39
2630,895,10,2,364.78
2631,895,8,4,611.79
2632,896,118,1,361.9
2633,897,150,3,484.06
2634,897,54,1,119.66
2635,898,60,2,602.69
2636,898,19,4,582.15
2637,899,15,2,715.52
2638,900,83,2,57.87
2639,900,126,2,101.97
2640,900,139,2,322.53
2641,900,138,1,126.38
2642,900,114,2,709.75
2643,901,126,4,101.97
2644,901,105,1,462.17
2645,901,4,3,636.38
2646,902,141,4,769.36
2647,902,138,3,126.38
2648,902,67,4,755.48
2649,902,4,1,636.38
2650,903,16,1,170.96
2651,903,35,4,593.85
2652,903,132,4,660.44
2653,903,38,3,272.91
2654,903,103,4,163.53
2655,904,103,4,163.53
2656,905,68,3,636.26
2657,905,35,3,593.85
2658,906,6,4,504.7
2659,906,134,4,14.54
2660,906,113,1,149.56
2661,906,1,1,229.43
2662,906,31,1,682.52
2663,907,98,4,569.99
2664,907,116,1,499.37
2665,907,39,1,467.56
2666,907,76,1,571.36
2667,908,90,4,503.63
2668,908,74,2,429.76
2669,909,122,4,444.14
2670,909,69,4,678.97
2671,909,118,3,361.9
2672,909,86,2,35.23
2673,909,59,4,402.24
2674,910,113,1,149.56
2675,910,75,3,421.56
2676,911,102,1,378.83
2677,911,147,4,630.5
2678,911,115,1,769.44
2679,911,98,3,569.99
2680,912,133,3,53.99
2681,912,131,1,318.76
2682,912,21,2,658.67
2683,912,71,3,326.37
2684,913,112,2,306.6
2685,913,54,4,119.66
2686,913,47,1,434.59
2687,913,67,1,755.48
2688,913,96,1,385.9
2689,914,57,2,268.77
2690,914,43,4,25.96
2691,914,20,2,511.22
2692,915,38,3,272.91
2693,915,108,4,596.14
2694,916,27,3,470.69
2695,916,37,3,253.77
2696,916,17,4,487.27
2697,916,73,2,757.68
2698,916,121,1,643.49
2699,917,47,1,434.59
2700,917,128,3,383.45
2701,917,87,2,353.29
2702,917,138,4,126.38
2703,918,132,3,660.44
2704,918,67,2,755.48
2705,918,116,1,499.37
2706,919,47,2,434.59
2707,919,117,2,723.89
2708,919,86,1,35.23
2709,919,17,3,658.83
2710,920,93,4,-549.02
2711,921,65,3,748.34
2712,921,133,1,53.99
2713,921,8,2,611.79
2714,922,18,3,315.84
2715,922,138,3,126.38
2716,922,106,1,256.39
2717,922,42,1,458.23
2718,923,102,4,378.83
2719,924,76,1,571.36
2720,924,21,2,658.67
2721,924,134,1,14.54
2722,925,100,2,110.82
2723,925,135,2,457.51
2724,925,80,3,752.51
2725,926,118,1,361.9
2726,926,24,4,767.98
2727,926,43,4,25.96
2728,926,54,2,119.66
2729,926,41,4,574.12
2730,927,8,4,611.79
2731,927,63,2,82.09
2732,927,39,4,467.56
2733,927,2,1,536.34
2734,928,88,2,581.3
2735,928,109,2,382.69
2736,929,150,1,484.06
2737,929,121,4,643.49
2738,929,56,2,783.92
2739,930,85,3,446.02
2740,930,88,4,581.3
2741,931,27,4,470.69
2742,932,60,4,602.69
2743,932,136,3,254.21
2744,932,101,3,720.77
2745,932,88,3,581.3
2746,933,140,4,80.4
2747,933,85,4,446.02
2748,933,91,4,425.2
2749,934,9,1,185.56
2750,934,125,3,60.95
2751,934,106,1,256.39
2752,935,97,2,799.31
2753,936,30,3,466.19
2754,937,118,4,361.9
2755,937,19,3,582.15
2756,937,82,3,558.31
2757,937,98,4,569.99
2758,937,94,3,610.92
2759,938,22,3,759.83
2760,938,114,3,709.75
2761,938,30,2,466.19
2762,938,77,2,0.0
2763,938,132,2,660.44
2764,939,42,1,458.23
2765,939,20,2,511.22
2766,939,101,3,720.77
2767,939,81,3,226.08
2768,939,25,1,50.04
2769,940,141,3,664.67
2770,940,37,2,253.77
2771,940,77,1,0.0
2772,940,15,3,715.52
2773,940,49,3,216.23
2774,941,23,1,701.6
2775,941,142,2,758.12
2776,942,35,2,593.85
2777,943,60,3,602.69
2778,943,68,2,636.26
2779,943,129,4,356.8
2780,944,7,1,797.36
2781,944,43,2,25.96
2782,945,143,1,488.21
2783,946,132,2,660.44
2784,947,111,4,781.01
2785,947,103,3,163.53
2786,948,30,4,466.19
2787,949,68,1,636.26
2788,949,95,1,550.05
2789,949,111,4,781.01
2790,950,58,4,558.64
2791,950,20,2,511.22
2792,951,81,4,226.08
2793,952,6,4,498.94
2794,952,4,4,636.38
2795,952,89,2,164.51
2796,952,72,2,248.19
2797,953,149,4,254.2
2798,954,87,3,353.29
2799,954,137,2,704.57
2800,954,126,2,101.97
2801,954,76,3,571.36
2802,955,141,3,664.67
2803,955,87,1,353.29
2804,955,71,1,326.37
2805,956,110,2,335.07
2806,956,127,4,349.21
2807,957,113,3,149.56
2808,957,94,3,610.92
2809,957,133,4,53.99
2810,958,44,4,14.87
2811,958,148,1,777.04
2812,958,114,3,484.58
2813,959,98,1,569.99
2814,959,18,4,315.84
2815,960,103,3,163.53
2816,960,6,3,498.94
2817,961,128,1,383.45
2818,961,116,1,499.37
2819,962,8,1,611.79
2820,962,3,4,302.94
2821,962,60,2,602.69
2822,962,2,2,536.34
2823,963,54,3,119.66
2824,963,100,1,110.82
2825,963,136,3,254.21
2826,963,60,4,742.51
2827,964,106,1,256.39
2828,964,67,3,755.48
2829,965,148,3,777.04
2830,965,86,3,35.23
2831,965,32,4,176.75
2832,966,34,1,369.27
2833,966,122,1,444.14
2834,966,88,1,581.3
2835,966,44,4,14.87
2836,967,55,4,472.02
2837,967,142,4,758.12
2838,967,59,1,402.24
2839,967,42,4,478.83
2840,968,70,3,318.37
2841,969,139,2,322.53
2842,969,52,4,457.95
2843,970,97,4,799.31
2844,970,71,1,326.37
2845,970,117,2,723.89
2846,971,72,1,248.19
2847,971,19,4,582.15
2848,971,1,3,229.43
2849,971,125,3,60.95
2850,971,148,1,777.04
2851,972,126,3,101.97
2852,972,55,2,472.02
2853,972,133,4,53.99
2854,973,45,1,157.83
2855,973,86,1,35.23
2856,974,38,4,272.91
2857,975,104,1,556.7
2858,975,136,1,254.21
2859,975,35,2,593.85
2860,976,112,1,306.6
2861,976,149,1,254.2
2862,976,58,2,558.64
2863,976,43,3,25.96
2864,977,105,3,462.17
2865,977,89,4,164.51
2866,977,16,2,170.96
2867,977,122,4,444.14
2868,977,74,3,429.76
2869,978,50,3,370.89
2870,979,66,4,484.78
2871,979,89,1,164.51
2872,979,44,1,14.87
2873,979,96,4,385.9
2874,980,70,4,318.37
2875,980,120,3,163.71
2876,981,54,2,119.66
2877,981,103,4,163.53
2878,981,105,2,462.17
2879,982,128,2,383.45
2880,982,46,2,566.86
2881,983,80,2,752.51
2882,983,37,1,253.77
2883,983,54,2,119.66
2884,983,65,2,748.34
2885,983,9,2,185.56
2886,984,57,3,268.77
2887,984,113,1,149.56
2888,984,26,4,266.42
2889,984,135,4,457.51
2890,985,25,4,50.04
2891,985,95,2,550.05
2892,986,134,3,14.54
2893,986,136,2,254.21
2894,986,93,2,-549.02
2895,986,53,1,176.09
2896,987,6,1,498.94
2897,987,61,3,0.0
2898,987,43,4,25.96
2899,988,104,4,556.7
2900,988,10,1,364.78
2901,988,118,4,361.9
2902,988,58,3,558.64
2903,988,77,1,0.0
2904,989,145,4,229.11
2905,989,103,4,163.53
2906,989,62,3,302.99
2907,990,95,1,550.05
2908,990,51,2,521.96
2909,990,20,2,511.22
2910,990,121,1,461.5
2911,991,53,4,176.09
2912,991,48,2,107.37
2913,991,44,1,14.87
2914,991,73,4,512.82
2915,992,40,3,496.68
2916,992,106,4,256.39
2917,993,111,4,781.01
2918,993,15,4,715.52
2919,993,6,3,498.94
2920,993,51,1,459.35
2921,994,60,4,602.69
2922,994,139,1,322.53
2923,995,89,4,164.51
2924,995,23,3,701.6
2925,995,142,4,758.12
2926,995,49,2,186.12
2927,996,102,2,378.83
2928,997,43,3,25.96
2929,997,68,4,636.26
2930,997,57,2,268.77
2931,997,77,2,0.0
2932,997,60,3,602.69
2933,998,75,1,421.56
2934,998,98,4,569.99
2935,998,110,3,335.07
2936,998,1,1,229.43
2937,998,77,1,0.0
2938,999,142,1,758.12
2939,999,105,1,462.17
2940,999,129,3,356.8
2941,1000,26,2,266.42
2942,1001,8,1,611.79
2943,1002,76,1,571.36
2944,1003,57,1,268.77
2945,1003,148,4,777.04
2946,1003,106,1,256.39
2947,1003,137,3,704.57
2948,1003,113,2,149.56
2949,1004,109,1,382.69
2950,1005,68,1,636.26
2951,1005,11,4,117.66
2952,1005,14,3,754.03
2953,1005,55,4,472.02
2954,1005,123,1,717.17
2955,1006,100,3,110.82
2956,1007,34,2,369.27
2957,1008,35,1,593.85
2958,1008,16,3,170.96
2959,1008,110,1,335.07
2960,1008,39,4,467.56
2961,1008,57,4,268.77
2962,1009,2,3,536.34
2963,1009,133,1,53.99
2964,1009,32,4,176.75
2965,1009,104,1,556.7
2966,1010,72,1,248.19
2967,1010,145,1,229.11
2968,1010,91,3,425.2
2969,1011,57,4,268.77
2970,1011,140,3,80.4
2971,1011,90,2,503.63
2972,1011,147,1,630.5
2973,1011,11,3,117.66
2974,1012,117,1,723.89
2975,1012,104,3,556.7
2976,1012,100,1,110.82
2977,1013,133,2,53.99
2978,1013,82,4,558.31
2979,1013,150,4,484.06
2980,1013,4,1,636.38
2981,1014,141,1,664.67
2982,1014,106,4,256.39
2983,1014,124,4,127.43
2984,1014,12,3,452.49
2985,1015,52,2,457.95
2986,1015,88,4,581.3
2987,1016,15,1,715.52
2988,1016,87,2,353.29
2989,1016,39,1,467.56
2990,1017,63,2,82.09
2991,1017,39,1,312.4
2992,1018,20,4,511.22
2993,1018,72,3,248.19
2994,1018,8,2,611.79
2995,1019,30,4,466.19
2996,1020,129,1,356.8
2997,1021,112,4,306.6
2998,1021,56,3,783.92
2999,1021,86,3,35.23
3000,1021,93,4,-549.02
3001,1021,130,3,778.31
3002,1022,33,2,680.29
3003,1022,83,1,57.87
3004,1023,142,2,758.12
3005,1023,135,4,457.51
3006,1024,127,1,349.21
3007,1024,77,2,0.0
3008,1024,83,4,57.87
3009,1024,129,1,356.8
3010,1024,115,2,769.44
3011,1025,124,3,127.43
3012,1026,37,3,253.77
3013,1026,98,3,569.99
3014,1026,79,2,499.3
3015,1027,149,4,254.2
3016,1027,116,4,499.37
3017,1027,43,1,25.96
3018,1028,142,1,758.12
3019,1028,106,4,256.39
3020,1028,18,1,315.84
3021,1029,57,3,268.77
3022,1029,132,1,660.44
3023,1029,33,2,680.29
3024,1029,126,2,101.97
3025,1030,80,2,752.51
3026,1031,106,1,256.39
3027,1031,91,4,425.2
3028,1031,103,2,163.53
3029,1031,4,2,636.38
3030,1032,124,3,127.43
3031,1032,143,2,488.21
3032,1033,146,4,19.08
3033,1033,43,4,25.96
3034,1033,10,3,364.78
3035,1033,103,2,163.53
3036,1034,29,3,474.32
3037,1035,23,2,701.6
3038,1035,122,3,444.14
3039,1035,5,1,459.8
3040,1035,79,4,499.3
3041,1035,144,3,507.04
3042,1036,128,2,383.45
3043,1036,147,2,630.5
3044,1037,125,3,60.95
3045,1037,94,4,610.92
3046,1037,146,3,19.08
3047,1037,54,3,119.66
3048,1038,46,2,566.86
3049,1038,111,1,781.01
3050,1038,126,4,101.97
3051,1039,79,3,499.3
3052,1040,135,4,457.51
3053,1041,147,1,630.5
3054,1041,23,4,701.6
3055,1041,88,2,581.3
3056,1041,124,2,127.43
3057,1041,58,4,558.64
3058,1042,146,3,19.08
3059,1042,145,4,229.11
3060,1042,113,3,149.56
3061,1042,41,4,574.12
3062,1043,128,1,383.45
3063,1043,53,4,176.09
3064,1043,47,4,434.59
3065,1043,106,4,256.39
3066,1044,76,3,571.36
3067,1044,55,1,472.02
3068,1044,50,2,370.89
3069,1044,106,4,256.39
3070,1044,71,4,326.37
3071,1045,99,4,707.47
3072,1045,67,3,755.48
3073,1045,150,2,484.06
3074,1045,68,4,636.26
3075,1046,2,3,536.34
3076,1046,144,4,507.04
3077,1047,124,1,127.43
3078,1048,98,3,569.99
3079,1048,78,1,789.72
3080,1048,135,4,457.51
3081,1048,11,3,117.66
3082,1049,105,2,462.17
3083,1049,93,4,-549.02
3084,1050,111,2,781.01
3085,1050,10,2,364.78
3086,1050,64,4,123.33
3087,1050,56,3,783.92
3088,1051,112,1,306.6
3089,1051,12,3,452.49
3090,1051,124,3,127.43
3091,1051,137,3,704.57
3092,1052,56,3,783.92
3093,1052,83,4,57.87
3094,1052,115,2,769.44
3095,1053,8,3,611.79
3096,1053,104,4,556.7
3097,1053,136,1,254.21
3098,1053,121,1,643.49
3099,1054,94,1,610.92
3100,1054,134,2,14.54
3101,1054,77,2,0.0
3102,1055,104,3,556.7
3103,1056,113,2,149.56
3104,1056,136,2,254.21
3105,1056,69,3,678.97
3106,1057,132,1,660.44
3107,1057,15,4,715.52
3108,1058,84,3,431.32
3109,1058,129,2,498.33
3110,1058,69,1,678.97
3111,1058,67,3,755.48
3112,1058,11,3,117.66
3113,1059,103,2,163.53
3114,1059,98,3,569.99
3115,1059,51,4,521.96
3116,1059,57,1,268.77
3117,1059,6,1,498.94
3118,1060,7,2,797.36
3119,1060,31,3,682.52
3120,1061,133,1,53.99
3121,1061,33,1,680.29
3122,1061,15,1,715.52
3123,1061,78,3,789.72
3124,1062,135,2,457.51
3125,1062,39,1,467.56
3126,1062,70,1,318.37
3127,1062,85,4,446.02
3128,1062,84,2,431.32
3129,1063,94,1,610.92
3130,1063,120,3,163.71
3131,1063,108,2,596.14
3132,1064,100,3,110.82
3133,1064,27,3,470.69
3134,1064,87,1,353.29
3135,1064,4,3,636.38
3136,1065,93,3,-549.02
3137,1065,89,1,164.51
3138,1065,91,2,425.2
3139,1065,54,4,119.66
3140,1066,95,1,550.05
3141,1066,73,4,757.68
3142,1067,94,3,610.92
3143,1067,73,4,757.68
3144,1067,141,3,664.67
3145,1068,40,3,496.68
3146,1069,97,3,799.31
3147,1070,29,1,474.32
3148,1070,52,1,457.95
3149,1070,71,3,326.37
3150,1071,32,2,176.75
3151,1071,109,4,382.69
3152,1072,24,3,767.98
3153,1072,8,4,611.79
3154,1072,129,3,356.8
3155,1072,107,3,22.07
3156,1072,14,1,754.03
3157,1073,108,1,596.14
3158,1074,96,1,385.9
3159,1074,142,3,758.12
3160,1074,51,2,521.96
3161,1075,63,1,82.09
3162,1075,128,2,383.45
3163,1075,11,4,117.66
3164,1075,48,1,107.37
3165,1076,111,2,781.01
3166,1076,104,2,556.7
3167,1076,64,1,123.33
3168,1076,70,2,318.37
3169,1077,144,4,507.04
3170,1077,50,4,370.89
3171,1077,43,3,25.96
3172,1077,127,4,349.21
3173,1078,56,1,783.92
3174,1078,146,3,19.08
3175,1078,86,4,35.23
3176,1078,64,2,123.33
3177,1079,69,1,678.97
3178,1079,100,1,110.82
3179,1079,108,2,596.14
3180,1079,133,2,53.99
3181,1080,125,3,60.95
3182,1080,143,4,488.21
3183,1081,63,4,82.09
3184,1081,14,3,754.03
3185,1081,68,4,636.26
3186,1081,85,3,446.02
3187,1081,84,4,431.32
3188,1082,109,2,382.69
3189,1082,67,2,755.48
3190,1082,66,1,484.78
3191,1082,68,1,636.26
3192,1083,111,3,781.01
3193,1083,114,2,709.75
3194,1083,65,1,748.34
3195,1083,117,3,723.89
3196,1083,26,1,266.42
3197,1084,49,4,186.12
3198,1084,48,4,107.37
3199,1084,145,2,229.11
3200,1085,20,2,511.22
3201,1085,126,1,101.97
3202,1085,12,3,452.49
3203,1085,10,3,364.78
3204,1085,94,4,610.92
3205,1086,56,2,783.92
3206,1086,82,1,558.31
3207,1086,129,4,356.8
3208,1087,117,1,723.89
3209,1087,74,4,429.76
3210,1087,87,2,353.29
3211,1087,52,2,457.95
3212,1087,118,2,361.9
3213,1088,23,1,701.6
3214,1088,106,2,256.39
3215,1088,92,3,416.84
3216,1088,87,2,353.29
3217,1089,29,4,474.32
3218,1089,2,1,536.34
3219,1089,92,1,416.84
3220,1090,52,2,457.95
3221,1090,47,2,561.5
3222,1090,62,3,302.99
3223,1090,94,3,610.92
3224,1090,49,4,186.12
3225,1091,70,4,318.37
3226,1091,46,4,566.86
3227,1092,83,3,57.87
3228,1093,52,4,457.95
3229,1093,61,3,0.0
3230,1093,2,2,536.34
3231,1093,81,1,283.89
3232,1094,25,1,50.04
3233,1094,119,3,443.26
3234,1095,55,4,472.02
3235,1095,145,3,229.11
3236,1096,62,3,302.99
3237,1096,8,1,611.79
3238,1096,18,2,315.84
3239,1096,15,1,715.52
3240,1096,89,2,164.51
3241,1097,76,3,571.36
3242,1097,91,3,425.2
3243,1097,39,4,467.56
3244,1098,109,4,382.69
3245,1098,38,2,272.91
3246,1098,47,2,434.59
3247,1099,31,1,682.52
3248,1100,143,1,488.21
3249,1101,119,1,443.26
3250,1101,120,4,163.71
3251,1101,126,4,101.97
3252,1101,127,1,349.21
3253,1101,13,3,302.7
3254,1102,100,2,110.82
3255,1102,145,3,229.11
3256,1102,29,1,474.32
3257,1103,45,3,157.83
3258,1103,91,4,425.2
3259,1103,12,4,452.49
3260,1103,13,2,302.7
3261,1103,127,1,349.21
3262,1104,86,2,35.23
3263,1104,141,3,664.67
3264,1104,79,4,499.3
3265,1105,32,1,176.75
3266,1105,39,2,467.56
3267,1105,98,2,569.99
3268,1105,126,2,101.97
3269,1105,29,2,474.32
3270,1106,60,3,602.69
3271,1106,61,2,0.0
3272,1106,85,3,446.02
3273,1107,51,2,521.96
3274,1107,75,2,421.56
3275,1107,95,2,550.05
3276,1107,32,1,176.75
3277,1107,116,4,499.37
3278,1108,15,4,715.52
3279,1108,81,4,226.08
3280,1108,84,1,431.32
3281,1109,18,3,315.84
3282,1110,98,4,569.99
3283,1110,96,4,385.9
3284,1111,138,3,126.38
3285,1111,81,3,226.08
3286,1111,84,1,431.32
3287,1111,5,1,329.55
3288,1111,103,4,163.53
3289,1112,130,4,778.31
3290,1113,83,1,57.87
3291,1113,54,3,119.66
3292,1113,136,1,254.21
3293,1113,79,3,499.3
3294,1114,86,4,35.23
3295,1114,83,1,57.87
3296,1114,73,1,757.68
3297,1115,22,2,759.83
3298,1115,114,4,709.75
3299,1115,64,3,123.33
3300,1115,76,3,571.36
3301,1116,114,3,709.75
3302,1117,75,4,421.56
3303,1117,28,1,487.27
3304,1118,32,2,176.75
3305,1118,50,3,370.89
3306,1118,56,1,783.92
3307,1119,26,1,266.42
3308,1119,96,2,385.9
3309,1119,122,3,444.14
3310,1119,141,2,664.67
3311,1119,44,1,14.87
3312,1120,73,1,757.68
3313,1121,106,2,178.59
3314,1121,83,2,57.87
3315,1122,112,4,306.6
3316,1122,129,3,356.8
3317,1122,132,2,660.44
3318,1123,80,3,752.51
3319,1123,70,2,318.37
3320,1123,148,1,777.04
3321,1123,32,1,176.75
3322,1124,47,1,434.59
3323,1124,140,2,80.4
3324,1124,65,3,748.34
3325,1125,41,4,574.12
3326,1125,62,1,302.99
3327,1125,138,4,126.38
3328,1126,102,4,378.83
3329,1126,121,2,643.49
3330,1126,78,4,789.72
3331,1126,14,2,754.03
3332,1127,127,3,349.21
3333,1127,38,4,272.91
3334,1127,73,1,757.68
3335,1127,119,2,443.26
3336,1127,36,4,495.03
3337,1128,44,2,14.87
3338,1128,131,2,318.76
3339,1128,148,4,777.04
3340,1128,49,4,186.12
3341,1128,98,4,569.99
3342,1129,21,3,658.67
3343,1129,134,1,14.54
3344,1130,15,1,715.52
3345,1130,89,3,172.22
3346,1130,2,3,536.34
3347,1130,121,4,643.49
3348,1131,149,3,254.2
3349,1131,92,3,416.84
3350,1131,19,2,582.15
3351,1132,18,4,315.84
3352,1132,90,3,503.63
3353,1132,76,1,571.36
3354,1132,25,4,50.04
3355,1132,149,3,254.2
3356,1133,65,1,748.34
3357,1134,11,1,117.66
3358,1134,51,1,521.96
3359,1134,45,2,157.83
3360,1134,56,3,783.92
3361,1135,109,1,382.69
3362,1135,63,2,82.09
3363,1135,128,1,383.45
3364,1135,56,4,783.92
3365,1135,19,2,582.15
3366,1136,25,3,50.04
3367,1136,131,3,318.76
3368,1136,5,1,459.8
3369,1136,63,2,82.09
3370,1136,107,2,22.07
3371,1137,121,1,643.49
3372,1137,137,4,704.57
3373,1137,115,1,769.44
3374,1137,50,2,370.89
3375,1137,48,3,107.37
3376,1138,12,1,452.49
3377,1139,147,4,630.5
3378,1139,78,2,789.72
3379,1139,35,2,593.85
3380,1139,13,3,302.7
3381,1140,144,4,507.04
3382,1140,150,4,484.06
3383,1140,142,1,758.12
3384,1140,128,4,383.45
3385,1140,117,1,723.89
3386,1141,72,4,248.19
3387,1142,58,1,558.64
3388,1142,72,4,248.19
3389,1142,30,1,466.19
3390,1142,138,1,126.38
3391,1143,36,3,495.03
3392,1143,9,2,185.56
3393,1143,93,4,-549.02
3394,1143,72,3,248.19
3395,1144,20,3,511.22
3396,1144,91,3,425.2
3397,1144,51,3,521.96
3398,1144,118,2,361.9
3399,1145,117,2,723.89
3400,1145,120,2,163.71
3401,1145,129,1,356.8
3402,1145,135,1,457.51
3403,1146,45,3,157.83
3404,1147,142,4,758.12
3405,1147,110,4,335.07
3406,1147,105,3,462.17
3407,1148,141,1,664.67
3408,1148,107,4,22.07
3409,1148,121,1,643.49
3410,1148,22,2,759.83
3411,1148,30,1,466.19
3412,1149,124,3,127.43
3413,1149,66,2,484.78
3414,1149,16,1,170.96
3415,1149,55,4,472.02
3416,1149,15,2,715.52
3417,1150,16,4,170.96
3418,1150,24,3,767.98
3419,1151,119,1,443.26
3420,1151,95,4,550.05
3421,1152,8,4,611.79
3422,1152,85,1,446.02
3423,1152,54,2,119.66
3424,1153,3,4,302.94
3425,1153,126,2,101.97
3426,1153,27,1,470.69
3427,1153,64,2,123.33
3428,1154,52,2,457.95
3429,1154,144,4,507.04
3430,1154,68,4,636.26
3431,1155,71,3,326.37
3432,1155,85,2,446.02
3433,1155,81,2,226.08
3434,1155,54,3,119.66
3435,1155,113,1,149.56
3436,1156,59,3,402.24
3437,1156,90,2,503.63
3438,1156,131,1,318.76
3439,1156,15,4,715.52
3440,1156,53,4,176.09
3441,1157,72,4,248.19
3442,1157,122,3,444.14
3443,1158,112,1,306.6
3444,1159,54,2,119.66
3445,1159,128,3,383.45
3446,1159,119,3,443.26
3447,1160,65,4,748.34
3448,1160,91,4,425.2
3449,1160,51,2,521.96
3450,1161,123,3,717.17
3451,1162,77,3,0.0
3452,1162,64,4,123.33
3453,1162,131,3,318.76
3454,1162,136,2,254.21
3455,1162,67,4,755.48
3456,1163,91,4,425.2
3457,1163,117,1,723.89
3458,1163,130,3,778.31
3459,1163,30,2,466.19
3460,1163,45,1,157.83
3461,1164,122,1,444.14
3462,1164,100,3,110.82
3463,1165,42,4,458.23
3464,1166,42,3,458.23
3465,1166,10,2,364.78
3466,1166,123,4,717.17
3467,1166,75,3,421.56
3468,1166,87,2,353.29
3469,1167,134,2,14.54
3470,1167,56,3,783.92
3471,1167,108,1,596.14
3472,1167,149,1,254.2
3473,1168,88,3,581.3
3474,1168,56,4,783.92
3475,1168,128,1,383.45
3476,1168,18,1,315.84
3477,1169,60,4,602.69
3478,1169,120,2,163.71
3479,1170,117,1,723.89
3480,1170,96,4,385.9
3481,1171,32,3,176.75
3482,1171,134,2,14.54
3483,1172,133,3,53.99
3484,1172,119,1,443.26
3485,1172,90,2,679.27
3486,1172,30,1,466.19
3487,1172,118,1,361.9
3488,1173,13,4,302.7
3489,1174,87,1,353.29
3490,1174,148,4,777.04
3491,1174,25,2,50.04
3492,1174,78,3,789.72
3493,1174,86,2,35.23
3494,1175,79,2,499.3
3495,1176,67,3,755.48
3496,1176,50,4,370.89
3497,1176,76,1,571.36
3498,1176,52,4,457.95
3499,1177,118,1,361.9
3500,1177,39,2,467.56
3501,1177,110,4,335.07
3502,1177,75,3,421.56
3503,1178,134,1,14.54
3504,1178,38,1,272.91
3505,1178,67,4,755.48
3506,1178,64,2,123.33
3507,1178,113,1,149.56
3508,1179,57,2,268.77
3509,1180,2,3,536.34
3510,1180,7,3,797.36
3511,1181,1,4,229.43
3512,1181,86,1,35.23
3513,1181,126,2,101.97
3514,1181,138,3,126.38
3515,1181,55,2,472.02
3516,1182,114,4,709.75
3517,1182,113,4,149.56
3518,1182,8,4,611.79
3519,1182,128,3,383.45
3520,1182,12,2,452.49
3521,1183,100,4,110.82
3522,1183,144,4,507.04
3523,1184,2,3,536.34
3524,1184,84,4,431.32
3525,1184,66,2,484.78
3526,1185,129,4,356.8
3527,1186,135,1,530.23
3528,1186,41,1,574.12
3529,1186,32,2,176.75
3530,1186,81,1,226.08
3531,1186,145,3,229.11
3532,1187,29,4,404.37
3533,1187,119,2,443.26
3534,1187,98,1,569.99
3535,1188,96,4,385.9
3536,1188,122,4,444.14
3537,1188,111,1,781.01
3538,1188,99,2,804.37
3539,1189,74,4,429.76
3540,1190,20,4,511.22
3541,1190,142,2,758.12
3542,1190,93,4,-549.02
3543,1190,11,2,117.66
3544,1191,150,2,484.06
3545,1191,10,1,364.78
3546,1192,28,1,487.27
3547,1193,35,2,593.85
3548,1193,75,1,421.56
3549,1193,92,3,416.84
3550,1194,140,2,80.4
3551,1194,52,4,457.95
3552,1194,129,4,356.8
3553,1194,117,2,723.89
3554,1194,23,2,701.6
3555,1195,119,2,443.26
3556,1196,34,4,369.27
3557,1196,68,2,636.26
3558,1196,109,4,382.69
3559,1196,79,3,499.3
3560,1197,13,1,302.7
3561,1197,24,1,767.98
3562,1197,2,3,536.34
3563,1197,34,2,369.27
3564,1197,127,2,349.21
3565,1198,71,3,326.37
3566,1199,87,2,353.29
3567,1199,109,3,382.69
3568,1199,105,2,462.17
3569,1199,56,2,783.92
3570,1200,135,1,457.51
3571,1200,73,3,757.68
3572,1200,17,2,658.83
3573,1200,71,3,326.37
3574,1200,41,3,574.12
3575,1201,120,1,163.71
3576,1201,7,2,797.36
3577,1201,36,1,495.03
3578,1201,68,1,636.26
3579,1201,70,2,318.37
3580,1202,112,4,306.6
3581,1202,91,4,425.2
3582,1202,88,3,581.3
3583,1202,66,2,484.78
3584,1203,28,2,487.27
3585,1203,87,2,353.29
3586,1203,64,2,123.33
3587,1203,149,1,254.2
3588,1204,112,2,306.6
3589,1205,145,2,229.11
3590,1205,18,1,315.84
3591,1206,119,2,443.26
3592,1206,23,1,701.6
3593,1206,74,2,429.76
3594,1207,65,3,748.34
3595,1207,49,4,186.12
3596,1207,101,3,720.77
3597,1208,15,4,715.52
3598,1209,115,1,769.44
3599,1209,140,2,80.4
3600,1209,82,3,558.31
3601,1209,124,1,127.43
3602,1209,28,1,487.27
3603,1210,104,4,556.7
3604,1210,95,2,550.05
3605,1210,142,3,758.12
3606,1211,91,1,425.2
3607,1211,106,4,256.39
3608,1211,136,3,254.21
3609,1211,73,3,757.68
3610,1212,146,3,19.08
3611,1212,99,4,707.47
3612,1212,92,4,512.09
3613,1212,145,2,229.11
3614,1213,3,2,302.94
3615,1214,117,2,723.89
3616,1214,34,4,369.27
3617,1215,125,2,60.95
3618,1215,40,2,496.68
3619,1216,95,1,550.05
3620,1216,9,3,185.56
3621,1217,14,4,754.03
3622,1217,140,2,80.4
3623,1218,103,4,163.53
3624,1218,111,2,781.01
3625,1218,101,1,720.77
3626,1219,136,3,254.21
3627,1220,54,3,119.66
3628,1220,37,2,253.77
3629,1221,120,2,163.71
3630,1221,46,3,566.86
3631,1221,50,4,370.89
3632,1222,132,4,660.44
3633,1222,102,4,378.83
3634,1222,44,2,14.87
3635,1222,129,3,356.8
3636,1223,22,3,759.83
3637,1223,134,1,14.54
3638,1223,110,3,335.07
3639,1224,102,2,378.83
3640,1225,142,1,758.12
3641,1225,1,2,229.43
3642,1226,149,3,254.2
3643,1226,26,1,266.42
3644,1227,46,2,566.86
3645,1227,21,4,658.67
3646,1227,43,1,25.96
3647,1227,125,2,60.95
3648,1227,12,1,452.49
3649,1228,27,1,470.69
3650,1229,131,1,318.76
3651,1229,124,1,127.43
3652,1230,116,2,499.37
3653,1230,3,3,302.94
3654,1230,35,2,593.85
3655,1230,124,1,127.43
3656,1230,37,2,253.77
3657,1231,55,1,472.02
3658,1231,46,2,566.86
3659,1231,68,3,636.26
3660,1232,120,2,163.71
3661,1232,145,2,229.11
3662,1232,89,4,164.51
3663,1232,75,1,421.56
3664,1233,106,1,256.39
3665,1233,35,4,593.85
3666,1233,2,2,536.34
3667,1233,46,2,566.86
3668,1233,82,2,558.31
3669,1234,4,1,636.38
3670,1234,93,3,-549.02
3671,1234,51,1,521.96
3672,1235,16,3,170.96
3673,1235,60,4,602.69
3674,1235,128,1,383.45
3675,1235,130,2,778.31
3676,1236,22,4,759.83
3677,1237,61,1,0.0
3678,1237,34,1,369.27
3679,1237,3,3,302.94
3680,1237,93,2,-549.02
3681,1237,28,1,487.27
3682,1238,122,4,444.14
3683,1238,20,4,511.22
3684,1238,23,3,701.6
3685,1239,15,3,715.52
3686,1239,115,1,769.44
3687,1239,7,1,797.36
3688,1240,19,3,582.15
3689,1240,150,1,484.06
3690,1240,87,1,353.29
3691,1240,34,1,369.27
3692,1241,143,3,488.21
3693,1241,2,3,536.34
3694,1242,91,4,425.2
3695,1242,47,3,434.59
3696,1242,137,4,704.57
3697,1242,69,4,678.97
3698,1242,135,2,457.51
3699,1243,63,2,82.09
3700,1243,148,3,777.04
3701,1243,129,3,356.8
3702,1243,103,3,163.53
3703,1243,109,4,382.69
3704,1244,107,4,22.07
3705,1244,117,2,723.89
3706,1244,104,3,556.7
3707,1244,43,4,25.96
3708,1244,40,1,496.68
3709,1245,66,2,484.78
3710,1245,88,4,581.3
3711,1246,69,1,678.97
3712,1246,94,3,610.92
3713,1246,93,3,-549.02
3714,1247,74,3,429.76
3715,1247,43,3,25.96
3716,1247,21,1,658.67
3717,1247,142,1,758.12
3718,1248,129,2,356.8
3719,1248,114,2,709.75
3720,1249,16,4,170.96
3721,1250,13,4,302.7
3722,1250,87,2,353.29
3723,1251,137,2,704.57
3724,1251,99,1,707.47
3725,1251,44,4,13.93
3726,1251,79,4,499.3
3727,1252,133,4,53.99
3728,1253,3,1,302.94
3729,1253,27,2,470.69
3730,1253,28,1,391.5
3731,1253,43,1,25.96
3732,1253,82,4,558.31
3733,1254,16,4,170.96
3734,1254,142,3,758.12
3735,1255,130,1,778.31
3736,1255,67,3,755.48
3737,1255,42,3,458.23
3738,1255,9,4,181.95
3739,1256,44,3,14.87
3740,1256,133,3,53.99
3741,1256,83,4,57.87
3742,1257,137,1,704.57
3743,1257,54,1,119.66
3744,1257,100,2,110.82
3745,1257,114,1,709.75
3746,1257,112,3,306.6
3747,1258,105,2,462.17
3748,1258,99,4,707.47
3749,1258,109,4,378.46
3750,1258,4,1,636.38
3751,1258,108,1,596.14
3752,1259,6,3,498.94
3753,1259,34,3,369.27
3754,1259,72,2,248.19
3755,1259,89,3,164.51
3756,1259,150,2,484.06
3757,1260,93,4,-549.02
3758,1260,83,3,57.87
3759,1260,118,3,361.9
3760,1260,58,2,558.64
3761,1261,22,4,759.83
3762,1262,84,4,431.32
3763,1262,42,1,458.23
3764,1262,54,2,119.66
3765,1262,102,3,378.83
3766,1263,107,3,22.07
3767,1263,145,3,229.11
3768,1264,42,1,458.23
3769,1264,73,4,757.68
3770,1264,107,1,22.07
3771,1265,128,2,383.45
3772,1265,135,4,457.51
3773,1265,127,2,349.21
3774,1265,49,1,186.12
3775,1265,115,1,769.44
3776,1266,130,3,778.31
3777,1267,51,1,521.96
3778,1268,106,4,256.39
3779,1268,128,4,383.45
3780,1268,118,4,361.9
3781,1268,119,3,443.26
3782,1269,52,1,457.95
3783,1269,92,2,416.84
3784,1269,29,2,474.32
3785,1270,53,3,176.09
3786,1271,111,2,781.01
3787,1272,130,2,778.31
3788,1272,123,4,717.17
3789,1272,112,2,306.6
3790,1273,14,3,754.03
3791,1273,112,2,306.6
3792,1273,146,1,19.08
3793,1274,138,1,126.38
3794,1274,68,3,636.26
3795,1275,81,3,226.08
3796,1275,101,3,720.77
3797,1275,76,1,571.36
3798,1276,94,1,610.92
3799,1276,85,4,446.02
3800,1276,66,3,484.78
3801,1276,127,1,349.21
3802,1276,3,3,302.94
3803,1277,129,1,356.8
3804,1277,8,3,611.79
3805,1278,106,1,256.39
3806,1279,124,4,127.43
3807,1279,83,2,57.87
3808,1279,46,2,566.86
3809,1280,109,4,382.69
3810,1281,107,1,22.07
3811,1281,144,4,507.04
3812,1281,150,2,484.06
3813,1281,78,4,789.72
3814,1282,107,2,22.07
3815,1282,49,3,186.12
3816,1282,48,2,107.37
3817,1283,143,4,488.21
3818,1283,100,4,110.82
3819,1283,149,4,254.2
3820,1284,47,3,434.59
3821,1284,89,1,164.51
3822,1284,145,2,229.11
3823,1284,21,4,658.67
3824,1284,109,1,382.69
3825,1285,135,3,457.51
3826,1286,53,3,176.09
3827,1286,91,3,425.2
3828,1286,126,3,101.97
3829,1286,117,1,723.89
3830,1287,135,3,457.51
3831,1287,45,4,157.83
3832,1287,114,3,709.75
3833,1288,139,4,322.53
3834,1288,1,3,229.43
3835,1289,27,1,470.69
3836,1290,101,2,720.77
3837,1290,59,2,402.24
3838,1290,78,3,789.72
3839,1290,123,3,717.17
3840,1291,126,2,101.97
3841,1291,93,2,-549.02
3842,1292,107,3,22.07
3843,1292,116,2,499.37
3844,1292,26,4,266.42
3845,1293,75,2,421.56
3846,1293,139,2,322.53
3847,1293,19,2,582.15
3848,1293,129,1,356.8
3849,1293,92,3,416.84
3850,1294,89,2,164.51
3851,1294,36,4,495.03
3852,1294,131,3,318.76
3853,1294,43,1,25.96
3854,1295,82,4,558.31
3855,1295,118,1,361.9
3856,1295,123,2,717.17
3857,1296,95,3,550.05
3858,1297,49,3,186.12
3859,1297,99,4,707.47
3860,1297,4,4,636.38
3861,1297,30,3,466.19
3862,1297,149,4,254.2
3863,1298,141,1,664.67
3864,1298,26,4,266.42
3865,1299,58,1,558.64
3866,1299,97,1,799.31
3867,1299,93,1,-549.02
3868,1299,108,3,596.14
3869,1299,124,3,127.43
3870,1300,101,3,720.77
3871,1301,91,4,425.2
3872,1302,81,4,226.08
3873,1302,70,1,318.37
3874,1303,120,1,163.71
3875,1303,4,1,636.38
3876,1303,11,3,117.66
3877,1303,7,4,797.36
3878,1303,19,2,582.15
3879,1304,71,3,326.37
3880,1304,27,4,470.69
3881,1304,54,2,119.66
3882,1304,28,2,487.27
3883,1304,148,3,777.04
3884,1305,51,3,521.96
3885,1306,10,4,364.78
3886,1306,59,4,402.24
3887,1306,36,4,495.03
3888,1306,64,4,123.33
3889,1306,143,3,488.21
3890,1307,141,3,664.67
3891,1307,56,2,533.02
3892,1307,137,2,704.57
3893,1307,119,2,443.26
3894,1308,32,1,176.75
3895,1308,90,1,503.63
3896,1308,80,1,752.51
3897,1308,144,4,507.04
3898,1309,142,2,758.12
3899,1309,35,4,593.85
3900,1309,9,4,185.56
3901,1309,59,3,402.24
3902,1309,16,2,170.96
3903,1310,69,2,678.97
3904,1310,121,3,643.49
3905,1311,81,3,226.08
3906,1311,59,3,402.24
3907,1311,116,3,499.37
3908,1312,147,1,630.5
3909,1312,13,1,302.7
3910,1312,29,3,474.32
3911,1312,134,4,14.54
3912,1312,94,2,610.92
3913,1313,137,2,704.57
3914,1313,3,2,302.94
3915,1313,140,3,80.4
3916,1313,52,2,457.95
3917,1314,52,2,457.95
3918,1314,62,3,302.99
3919,1314,53,3,176.09
3920,1314,139,3,322.53
3921,1315,140,2,80.4
3922,1315,2,4,536.34
3923,1315,52,4,457.95
3924,1315,43,4,25.96
3925,1315,69,4,678.97
3926,1316,72,4,248.19
3927,1316,121,2,643.49
3928,1316,144,1,507.04
3929,1317,58,1,558.64
3930,1317,36,4,495.03
3931,1318,139,2,322.53
3932,1319,52,2,457.95
3933,1320,93,4,-549.02
3934,1320,114,1,709.75
3935,1320,26,3,266.42
3936,1320,110,4,335.07
3937,1321,138,2,126.38
3938,1321,45,4,157.83
3939,1321,54,3,119.66
3940,1321,6,2,498.94
3941,1321,148,1,777.04
3942,1322,4,1,636.38
3943,1322,61,3,0.0
3944,1322,54,4,119.66
3945,1322,104,1,556.7
3946,1322,80,4,752.51
3947,1323,100,4,110.82
3948,1324,85,3,446.02
3949,1324,117,1,723.89
3950,1324,97,3,799.31
3951,1324,39,1,467.56
3952,1324,42,4,458.23
3953,1325,68,1,636.26
3954,1325,86,4,35.23
3955,1325,52,2,457.95
3956,1325,131,3,318.76
3957,1326,111,3,781.01
3958,1327,4,1,636.38
3959,1327,118,1,361.9
3960,1327,20,2,511.22
3961,1328,114,3,709.75
3962,1328,25,2,50.04
3963,1328,65,1,748.34
3964,1328,139,1,322.53
3965,1329,46,1,566.86
3966,1329,41,2,574.12
3967,1329,2,3,536.34
3968,1329,47,4,434.59
3969,1329,130,1,778.31
3970,1330,72,2,248.19
3971,1330,17,3,658.83
3972,1331,62,2,302.99
3973,1331,144,3,507.04
3974,1332,144,1,507.04
3975,1332,92,1,416.84
3976,1333,82,4,558.31
3977,1333,6,3,498.94
3978,1333,86,3,35.23
3979,1333,15,2,715.52
3980,1333,70,4,318.37
3981,1334,121,1,643.49
3982,1335,136,4,254.21
3983,1335,102,4,378.83
3984,1335,85,3,446.02
3985,1336,68,1,636.26
3986,1336,27,2,470.69
3987,1336,38,2,272.91
3988,1336,2,2,536.34
3989,1337,30,2,466.19
3990,1337,103,3,163.53
3991,1337,5,4,459.8
3992,1338,110,2,335.07
3993,1339,69,2,926.83
3994,1339,41,3,574.12
3995,1339,132,3,660.44
3996,1339,59,4,402.24
3997,1340,24,1,767.98
3998,1341,119,4,443.26
3999,1341,10,1,364.78
4000,1341,71,3,326.37
4001,1341,11,4,117.66
4002,1342,6,2,498.94
4003,1342,88,4,581.3
4004,1342,121,1,643.49
4005,1343,55,2,472.02
4006,1343,9,4,185.56
4007,1343,122,1,444.14
4008,1344,18,3,315.84
4009,1344,31,3,682.52
4010,1344,9,4,185.56
4011,1345,31,4,682.52
4012,1345,43,3,25.96
4013,1346,90,3,503.63
4014,1347,95,4,691.56
4015,1347,145,4,229.11
4016,1347,104,3,556.7
4017,1348,95,2,550.05
4018,1348,106,1,256.39
4019,1348,12,4,452.49
4020,1348,39,1,467.56
4021,1349,79,2,499.3
4022,1349,40,3,496.68
4023,1349,117,4,723.89
4024,1350,105,3,462.17
4025,1350,83,4,57.87
4026,1350,71,2,326.37
4027,1350,115,4,769.44
4028,1351,111,4,781.01
4029,1352,41,3,574.12
4030,1353,120,1,163.71
4031,1353,91,2,425.2
4032,1353,38,4,272.91
4033,1353,123,4,717.17
4034,1354,7,1,797.36
4035,1354,76,4,571.36
4036,1354,54,2,119.66
4037,1354,132,2,660.44
4038,1354,141,4,664.67
4039,1355,80,3,752.51
4040,1355,108,3,596.14
4041,1355,70,4,318.37
4042,1355,124,2,127.43
4043,1355,33,1,680.29
4044,1356,101,2,720.77
4045,1356,17,4,658.83
4046,1357,2,2,536.34
4047,1357,84,1,431.32
4048,1357,60,4,602.69
4049,1358,141,1,664.67
4050,1358,4,1,636.38
4051,1358,94,4,610.92
4052,1358,142,1,758.12
4053,1359,96,1,385.9
4054,1359,35,1,593.85
4055,1359,105,3,462.17
4056,1360,69,2,678.97
4057,1360,75,4,421.56
4058,1360,24,3,767.98
4059,1360,33,2,680.29
4060,1361,115,2,769.44
4061,1361,93,3,-549.02
4062,1361,20,2,511.22
4063,1361,150,2,484.06
4064,1362,41,4,574.12
4065,1362,29,4,474.32
4066,1362,51,4,521.96
4067,1362,69,2,678.97
4068,1363,11,1,117.66
4069,1363,131,1,318.76
4070,1363,25,4,50.04
4071,1363,1,3,229.43
4072,1364,35,4,593.85
4073,1365,4,1,636.38
4074,1365,85,2,446.02
4075,1365,131,1,318.76
4076,1365,11,1,117.66
4077,1365,140,1,80.4
4078,1366,10,1,364.78
4079,1366,48,4,107.37
4080,1366,28,4,345.8
4081,1366,61,1,0.0
4082,1367,145,4,229.11
4083,1367,135,1,457.51
4084,1367,49,3,186.12
4085,1368,149,2,198.09
4086,1369,101,1,720.77
4087,1369,91,3,425.2
4088,1369,126,3,101.97
4089,1369,132,3,660.44
4090,1370,83,1,57.87
4091,1370,49,2,186.12
4092,1370,34,4,369.27
4093,1370,33,1,680.29
4094,1370,58,4,558.64
4095,1371,31,2,682.52
4096,1371,130,3,778.31
4097,1371,4,1,636.38
4098,1371,83,3,57.87
4099,1372,45,1,157.83
4100,1373,36,4,495.03
4101,1373,62,1,302.99
4102,1374,121,2,643.49
4103,1374,144,2,507.04
4104,1374,9,1,185.56
4105,1375,74,2,429.76
4106,1375,69,3,678.97
4107,1375,117,1,723.89
4108,1375,58,2,558.64
4109,1375,94,2,610.92
4110,1376,125,2,60.95
4111,1376,66,1,484.78
4112,1376,121,1,643.49
4113,1376,124,2,127.43
4114,1377,89,2,164.51
4115,1377,57,2,268.77
4116,1377,49,2,186.12
4117,1377,73,2,757.68
4118,1378,28,3,487.27
4119,1378,134,1,14.54
4120,1379,137,3,704.57
4121,1379,126,1,101.97
4122,1379,139,3,322.53
4123,1379,130,2,778.31
4124,1380,46,3,566.86
4125,1380,135,1,457.51
4126,1381,106,1,256.39
4127,1381,114,4,709.75
4128,1381,116,4,499.37
4129,1382,17,3,658.83
4130,1382,30,2,466.19
4131,1383,51,3,521.96
4132,1383,130,4,778.31
4133,1383,150,1,484.06
4134,1383,98,2,569.99
4135,1384,130,4,778.31
4136,1384,105,4,462.17
4137,1385,26,1,266.42
4138,1385,4,3,636.38
4139,1385,131,4,318.76
4140,1385,3,3,302.94
4141,1386,77,2,0.0
4142,1386,133,3,53.99
4143,1387,60,3,602.69
4144,1387,111,4,781.01
4145,1387,119,2,443.26
4146,1388,3,3,302.94
4147,1389,131,4,318.76
4148,1389,8,1,611.79
4149,1390,39,2,467.56
4150,1390,24,2,767.98
4151,1390,118,4,361.9
4152,1390,31,2,682.52
4153,1391,84,4,431.32
4154,1391,137,3,704.57
4155,1391,115,4,769.44
4156,1392,99,2,707.47
4157,1392,69,1,678.97
4158,1392,107,2,22.07
4159,1392,19,2,582.15
4160,1393,82,2,558.31
4161,1393,17,1,658.83
4162,1393,87,2,353.29
4163,1393,101,1,720.77
4164,1393,103,1,163.53
4165,1394,129,2,356.8
4166,1394,28,3,487.27
4167,1394,24,2,767.98
4168,1395,82,4,558.31
4169,1395,149,1,254.2
4170,1395,140,3,80.4
4171,1395,101,1,720.77
4172,1395,113,2,149.56
4173,1396,147,2,630.5
4174,1396,64,1,123.33
4175,1397,138,4,126.38
4176,1397,74,2,429.76
4177,1397,20,1,511.22
4178,1397,93,2,-549.02
4179,1397,128,3,383.45
4180,1398,40,3,496.68
4181,1398,57,2,268.77
4182,1399,141,2,664.67
4183,1399,46,3,566.86
4184,1400,77,3,0.0
4185,1400,125,4,60.95
4186,1400,41,3,574.12
4187,1400,106,3,256.39
4188,1401,135,1,457.51
4189,1402,139,3,322.53
4190,1402,29,1,627.8
4191,1402,4,4,636.38
4192,1403,110,4,335.07
4193,1403,97,2,799.31
4194,1403,50,2,370.89
4195,1403,99,4,707.47
4196,1403,76,4,571.36
4197,1404,30,2,466.19
4198,1404,20,2,511.22
4199,1404,89,4,164.51
4200,1404,1,3,229.43
4201,1404,47,2,434.59
4202,1405,110,4,335.07
4203,1405,42,4,458.23
4204,1405,20,3,511.22
4205,1405,70,1,318.37
4206,1405,91,3,425.2
4207,1406,130,4,778.31
4208,1406,89,1,164.51
4209,1406,93,3,-549.02
4210,1407,123,2,717.17
4211,1407,124,2,127.43
4212,1407,72,2,248.19
4213,1408,133,2,53.99
4214,1408,121,2,643.49
4215,1408,86,1,35.23
4216,1408,96,1,385.9
4217,1408,127,3,349.21
4218,1409,18,2,315.84
4219,1409,147,2,630.5
4220,1409,58,4,558.64
4221,1409,71,2,326.37
4222,1409,78,2,789.72
4223,1410,121,4,643.49
4224,1410,81,2,226.08
4225,1410,150,1,484.06
4226,1410,139,1,322.53
4227,1410,6,4,498.94
4228,1411,64,2,123.33
4229,1411,13,2,302.7
4230,1411,121,4,643.49
4231,1411,117,4,723.89
4232,1412,94,2,610.92
4233,1412,12,2,452.49
4234,1412,114,1,709.75
4235,1413,89,4,164.51
4236,1413,75,3,421.56
4237,1414,43,1,25.96
4238,1414,72,4,248.19
4239,1414,81,3,195.21
4240,1414,142,3,758.12
4241,1415,56,3,783.92
4242,1415,95,2,550.05
4243,1415,9,4,185.56
4244,1415,117,4,723.89
4245,1415,7,2,797.36
4246,1416,58,2,558.64
4247,1416,116,2,499.37
4248,1416,146,2,19.08
4249,1417,105,3,462.17
4250,1418,102,4,378.83
4251,1418,109,3,382.69
4252,1418,87,3,353.29
4253,1418,106,4,256.39
4254,1418,12,3,452.49
4255,1419,137,1,704.57
4256,1419,129,3,356.8
4257,1419,141,4,664.67
4258,1420,30,1,466.19
4259,1420,5,4,459.8
4260,1420,74,3,429.76
4261,1421,98,2,569.99
4262,1421,112,1,306.6
4263,1421,23,4,701.6
4264,1422,36,1,495.03
4265,1422,34,4,369.27
4266,1422,123,3,717.17
4267,1422,6,3,498.94
4268,1422,104,3,556.7
4269,1423,144,4,507.04
4270,1423,56,2,783.92
4271,1424,76,2,571.36
4272,1425,55,3,472.02
4273,1425,141,4,664.67
4274,1425,5,2,459.8
4275,1426,19,1,582.15
4276,1426,128,1,383.45
4277,1427,98,1,569.99
4278,1427,28,1,487.27
4279,1427,47,3,434.59
4280,1428,104,2,556.7
4281,1428,129,2,356.8
4282,1428,116,3,499.37
4283,1428,102,3,378.83
4284,1429,23,4,701.6
4285,1429,87,4,353.29
4286,1430,10,3,364.78
4287,1430,68,3,636.26
4288,1430,27,3,470.69
4289,1431,23,2,701.6
4290,1431,147,4,630.5
4291,1431,30,3,466.19
4292,1432,84,4,431.32
4293,1432,43,1,25.96
4294,1432,80,4,752.51
4295,1432,45,1,157.83
4296,1433,91,1,425.2
4297,1433,88,2,581.3
4298,1433,99,4,707.47
4299,1434,91,4,425.2
4300,1434,70,3,318.37
4301,1434,34,1,369.27
4302,1434,93,3,-549.02
4303,1434,37,2,253.77
4304,1435,55,2,472.02
4305,1435,126,2,101.97
4306,1435,136,2,254.21
4307,1435,27,4,470.69
4308,1435,64,4,123.33
4309,1436,99,4,707.47
4310,1436,138,2,126.38
4311,1436,115,3,769.44
4312,1437,105,3,462.17
4313,1437,130,4,778.31
4314,1437,67,2,755.48
4315,1437,2,1,536.34
4316,1438,142,2,758.12
4317,1438,137,1,704.57
4318,1439,109,1,382.69
4319,1439,35,2,593.85
4320,1440,140,2,80.4
4321,1440,25,1,50.04
4322,1440,93,1,-495.25
4323,1440,125,4,57.06
4324,1441,37,4,253.77
4325,1441,80,2,752.51
4326,1442,87,4,353.29
4327,1442,12,1,452.49
4328,1443,35,4,593.85
4329,1443,135,2,457.51
4330,1443,17,4,658.83
4331,1443,10,4,364.78
4332,1444,11,4,117.66
4333,1444,114,1,709.75
4334,1444,58,4,558.64
4335,1445,101,1,720.77
4336,1445,46,2,566.86
4337,1445,102,3,378.83
4338,1446,119,1,443.26
4339,1446,59,2,402.24
4340,1447,64,4,123.33
4341,1447,141,3,664.67
4342,1447,76,1,571.36
4343,1448,45,4,157.83
4344,1448,70,2,318.37
4345,1448,110,3,335.07
4346,1448,56,3,783.92
4347,1448,103,3,163.53
4348,1449,149,2,254.2
4349,1449,14,1,754.03
4350,1449,49,3,186.12
4351,1449,30,1,466.19
4352,1449,114,2,709.75
4353,1450,52,2,457.95
4354,1451,71,2,326.37
4355,1451,34,4,369.27
4356,1451,99,1,707.47
4357,1451,103,2,163.53
4358,1452,12,3,452.49
4359,1452,86,1,35.23
4360,1452,29,1,599.56
4361,1453,95,3,550.05
4362,1453,23,1,701.6
4363,1453,121,1,643.49
4364,1453,111,2,781.01
4365,1453,62,4,302.99
4366,1454,115,3,769.44
4367,1454,113,3,149.56
4368,1454,114,3,709.75
4369,1455,42,3,458.23
4370,1455,101,1,720.77
4371,1455,32,2,176.75
4372,1456,80,2,752.51
4373,1456,94,2,610.92
4374,1456,79,4,499.3
4375,1456,107,3,22.07
4376,1456,113,1,149.56
4377,1457,50,3,258.81
4378,1458,10,1,364.78
4379,1458,30,4,466.19
4380,1459,98,1,569.99
4381,1459,92,1,416.84
4382,1459,109,3,382.69
4383,1459,67,2,755.48
4384,1460,53,3,176.09
4385,1460,70,1,318.37
4386,1460,45,3,157.83
4387,1461,59,4,402.24
4388,1461,16,3,170.96
4389,1462,26,2,266.42
4390,1462,87,4,353.29
4391,1462,39,2,467.56
4392,1463,149,4,254.2
4393,1463,81,3,226.08
4394,1463,3,3,302.94
4395,1464,109,1,382.69
4396,1464,62,1,302.99
4397,1464,27,4,470.69
4398,1465,28,3,487.27
4399,1465,83,4,57.87
4400,1465,72,3,248.19
4401,1466,40,1,496.68
4402,1466,93,4,-549.02
4403,1466,62,3,302.99
4404,1467,143,1,488.21
4405,1467,147,3,630.5
4406,1467,115,1,769.44
4407,1467,69,3,678.97
4408,1468,13,1,302.7
4409,1468,102,1,378.83
4410,1468,53,3,176.09
4411,1468,45,1,157.83
4412,1468,74,4,429.76
4413,1469,23,2,701.6
4414,1469,32,1,176.75
4415,1470,85,4,446.02
4416,1470,100,3,127.68
4417,1471,30,3,466.19
4418,1471,67,4,755.48
4419,1471,24,4,767.98
4420,1471,49,2,186.12
4421,1472,4,2,636.38
4422,1472,65,2,748.34
4423,1473,146,2,19.08
4424,1473,35,1,593.85
4425,1473,85,3,446.02
4426,1474,126,4,101.97
4427,1474,54,4,119.66
4428,1475,83,1,57.87
4429,1475,27,1,470.69
4430,1476,104,3,556.7
4431,1476,148,1,777.04
4432,1476,72,2,248.19
4433,1477,16,1,170.96
4434,1477,148,1,777.04
4435,1477,78,3,789.72
4436,1477,54,4,119.66
4437,1478,36,1,495.03
4438,1478,97,2,799.31
4439,1479,64,3,123.33
4440,1479,139,4,322.53
4441,1479,1,2,229.43
4442,1479,51,1,521.96
4443,1479,114,2,709.75
4444,1480,4,3,636.38
4445,1480,83,2,57.87
4446,1480,60,3,602.69
4447,1480,92,1,416.84
4448,1481,137,4,704.57
4449,1481,72,2,248.19
4450,1482,56,4,783.92
4451,1482,9,4,185.56
4452,1483,111,1,781.01
4453,1484,66,2,484.78
4454,1484,15,1,715.52
4455,1485,14,3,754.03
4456,1485,4,3,636.38
4457,1486,144,2,507.04
4458,1486,70,3,318.37
4459,1486,123,4,717.17
4460,1486,63,2,82.09
4461,1487,7,2,797.36
4462,1487,116,1,499.37
4463,1488,146,4,19.08
4464,1489,21,1,658.67
4465,1489,115,3,769.44
4466,1489,68,3,636.26
4467,1489,76,3,571.36
4468,1489,48,3,107.37
4469,1490,63,1,82.09
4470,1490,10,3,364.78
4471,1490,7,1,797.36
4472,1491,111,3,499.24
4473,1491,92,1,416.84
4474,1491,80,1,880.86
4475,1492,90,1,503.63
4476,1492,44,2,14.87
4477,1492,93,4,-549.02
4478,1492,105,3,462.17
4479,1493,44,1,14.87
4480,1494,28,1,487.27
4481,1494,87,1,353.29
4482,1495,11,2,117.66
4483,1496,106,3,256.39
4484,1497,79,2,499.3
4485,1497,22,1,759.83
4486,1497,139,2,322.53
4487,1498,118,3,361.9
4488,1498,84,3,260.51
4489,1498,148,3,777.04
4490,1498,24,3,767.98
4491,1498,69,2,678.97
4492,1499,123,4,717.17
4493,1499,102,3,378.83
4494,1500,138,4,126.38
4495,1501,21,1,658.67
4496,1502,112,3,306.6
4497,1502,149,4,254.2
4498,1502,128,1,383.45
4499,1502,4,3,636.38
4500,1503,72,4,248.19
4501,1503,115,1,769.44
4502,1503,123,3,717.17
4503,1504,73,3,757.68
4504,1504,66,3,484.78
4505,1504,10,4,364.78
4506,1505,100,3,110.82
4507,1505,105,2,611.8
4508,1505,54,3,119.66
4509,1505,62,3,302.99
4510,1506,122,3,444.14
4511,1506,100,4,110.82
4512,1507,6,1,498.94
4513,1507,61,2,0.0
4514,1507,105,4,462.17
4515,1507,109,3,382.69
4516,1508,111,3,781.01
4517,1509,17,3,836.11
4518,1509,29,4,474.32
4519,1509,100,3,110.82
4520,1509,50,3,370.89
4521,1509,110,4,335.07
4522,1510,6,1,498.94
4523,1511,147,1,630.5
4524,1511,45,1,157.83
4525,1511,72,3,248.19
4526,1511,73,1,757.68
4527,1512,25,3,50.04
4528,1512,68,1,636.26
4529,1512,112,1,306.6
4530,1512,92,2,416.84
4531,1513,56,3,783.92
4532,1513,147,2,630.5
4533,1514,79,3,499.3
4534,1514,141,2,920.5
4535,1515,103,2,163.53
4536,1516,131,2,318.76
4537,1516,63,4,82.09
4538,1516,120,4,163.71
4539,1517,43,3,25.96
4540,1517,130,4,778.31
4541,1517,125,1,60.95
4542,1517,123,1,717.17
4543,1518,26,2,266.42
4544,1518,82,1,558.31
4545,1518,125,3,40.35
4546,1519,117,2,723.89
4547,1519,15,4,715.52
4548,1520,21,1,658.67
4549,1521,12,1,452.49
4550,1522,60,4,602.69
4551,1522,2,2,536.34
4552,1522,48,4,107.37
4553,1522,27,1,470.69
4554,1523,142,2,758.12
4555,1524,110,1,335.07
4556,1524,104,3,556.7
4557,1524,14,1,754.03
4558,1524,44,4,14.87
4559,1524,81,1,226.08
4560,1525,147,3,630.5
4561,1526,127,4,349.21
4562,1526,125,3,60.95
4563,1526,112,3,306.6
4564,1527,68,3,636.26
4565,1527,129,1,356.8
4566,1527,107,2,22.07
4567,1527,29,4,474.32
4568,1527,126,1,101.97
4569,1528,91,2,425.2
4570,1528,126,4,101.97
4571,1528,11,3,117.66
4572,1529,104,1,556.7
4573,1529,127,1,349.21
4574,1530,106,3,256.39
4575,1530,131,4,318.76
4576,1531,98,1,569.99
4577,1531,138,1,126.38
4578,1531,21,2,658.67
4579,1531,113,4,149.56
4580,1532,22,4,759.83
4581,1532,83,1,57.87
4582,1532,10,4,364.78
4583,1532,8,1,611.79
4584,1533,95,4,550.05
4585,1533,93,4,-549.02
4586,1533,117,4,723.89
4587,1534,31,1,682.52
4588,1534,67,2,755.48
4589,1534,53,2,176.09
4590,1535,135,1,457.51
4591,1536,137,2,704.57
4592,1536,139,4,322.53
4593,1536,8,1,611.79
4594,1536,24,4,767.98
4595,1536,46,1,566.86
4596,1537,102,2,378.83
4597,1538,113,4,149.56
4598,1538,97,4,799.31
4599,1538,20,3,511.22
4600,1538,112,4,306.6
4601,1539,16,2,170.96
4602,1539,38,3,272.91
4603,1540,144,1,507.04
4604,1540,128,2,383.45
4605,1541,62,1,302.99
4606,1541,145,3,229.11
4607,1541,60,2,602.69
4608,1542,71,3,326.37
4609,1542,145,1,229.11
4610,1542,63,4,82.09
4611,1542,121,1,643.49
4612,1543,7,3,797.36
4613,1543,41,2,778.07
4614,1543,117,1,723.89
4615,1543,109,1,382.69
4616,1543,68,1,636.26
4617,1544,73,4,757.68
4618,1544,47,2,434.59
4619,1544,125,1,60.95
4620,1544,79,3,499.3
4621,1544,7,2,920.77
4622,1545,21,4,658.67
4623,1545,24,3,682.85
4624,1545,113,2,149.56
4625,1545,142,1,758.12
4626,1546,127,3,349.21
4627,1547,122,2,444.14
4628,1547,105,4,462.17
4629,1548,46,4,566.86
4630,1548,53,3,176.09
4631,1548,13,4,302.7
4632,1549,23,2,701.6
4633,1549,36,4,495.03
4634,1549,81,2,226.08
4635,1549,138,2,126.38
4636,1549,18,3,315.84
4637,1550,108,3,596.14
4638,1550,142,3,758.12
4639,1550,31,3,682.52
4640,1551,33,2,492.89
4641,1552,38,3,272.91
4642,1553,112,4,306.6
4643,1553,98,4,569.99
4644,1553,110,4,335.07
4645,1553,132,2,660.44
4646,1553,78,4,789.72
4647,1554,135,4,457.51
4648,1554,38,2,272.91
4649,1554,52,4,457.95
4650,1554,49,4,186.12
4651,1554,12,4,452.49
4652,1555,109,4,345.46
4653,1556,42,3,458.23
4654,1556,95,1,550.05
4655,1556,44,1,14.87
4656,1557,11,1,117.66
4657,1558,136,1,254.21
4658,1558,117,3,723.89
4659,1558,142,2,758.12
4660,1559,100,2,110.82
4661,1559,16,1,170.96
4662,1560,148,4,777.04
4663,1560,122,1,444.14
4664,1560,78,2,789.72
4665,1560,57,2,268.77
4666,1560,7,3,797.36
4667,1561,86,3,35.23
4668,1562,87,4,353.29
4669,1562,100,3,110.82
4670,1562,36,3,495.03
4671,1562,70,1,318.37
4672,1563,9,3,185.56
4673,1563,136,4,254.21
4674,1564,30,3,466.19
4675,1564,125,3,60.95
4676,1565,147,4,630.5
4677,1565,15,4,715.52
4678,1566,143,2,488.21
4679,1566,105,2,462.17
4680,1567,48,1,107.37
4681,1567,145,3,229.11
4682,1567,106,4,256.39
4683,1567,111,1,781.01
4684,1568,2,1,536.34
4685,1568,103,2,163.53
4686,1568,9,4,185.56
4687,1569,2,1,536.34
4688,1570,25,4,50.04
4689,1571,2,2,536.34
4690,1571,81,2,226.08
4691,1572,41,4,574.12
4692,1572,28,3,487.27
4693,1573,31,4,682.52
4694,1574,108,3,596.14
4695,1574,66,4,484.78
4696,1574,63,4,82.09
4697,1574,80,3,752.51
4698,1575,41,3,574.12
4699,1576,145,3,229.11
4700,1576,48,3,107.37
4701,1576,16,2,170.96
4702,1577,6,2,498.94
4703,1577,64,4,123.33
4704,1578,135,1,457.51
4705,1578,110,4,335.07
4706,1578,128,2,383.45
4707,1578,73,4,757.68
4708,1579,145,1,229.11
4709,1580,131,1,318.76
4710,1580,43,3,25.96
4711,1580,149,2,254.2
4712,1580,146,4,19.08
4713,1580,64,3,123.33
4714,1581,94,1,610.92
4715,1581,121,3,643.49
4716,1581,145,3,229.11
4717,1582,7,2,797.36
4718,1582,132,2,660.44
4719,1582,6,3,498.94
4720,1582,107,4,22.07
4721,1583,40,2,496.68
4722,1584,68,2,636.26
4723,1584,127,4,349.21
4724,1584,142,1,758.12
4725,1585,114,2,709.75
4726,1585,104,2,556.7
4727,1586,132,4,660.44
4728,1586,62,3,302.99
4729,1586,113,2,149.56
4730,1586,133,4,53.99
4731,1587,140,2,80.4
4732,1587,58,4,558.64
4733,1587,130,1,778.31
4734,1587,93,3,-549.02
4735,1587,116,3,499.37
4736,1588,50,1,370.89
4737,1588,53,4,176.09
4738,1589,25,1,50.04
4739,1589,119,1,443.26
4740,1589,98,1,569.99
4741,1589,93,4,-549.02
4742,1590,31,2,682.52
4743,1590,33,1,680.29
4744,1590,84,4,431.32
4745,1591,44,4,14.87
4746,1591,143,2,488.21
4747,1592,122,3,444.14
4748,1592,82,3,558.31
4749,1592,50,2,370.89
4750,1592,23,2,701.6
4751,1592,20,1,511.22
4752,1593,145,4,229.11
4753,1594,142,1,758.12
4754,1594,72,2,248.19
4755,1595,2,3,536.34
4756,1595,114,2,709.75
4757,1595,16,1,170.96
4758,1596,96,1,385.9
4759,1596,107,4,22.07
4760,1596,110,4,335.07
4761,1597,101,3,720.77
4762,1597,96,3,385.9
4763,1598,78,1,789.72
4764,1598,22,3,759.83
4765,1598,16,2,170.96
4766,1598,87,1,353.29
4767,1599,26,4,266.42
4768,1599,97,1,799.31
4769,1599,86,3,35.23
4770,1599,57,1,268.77
4771,1600,123,1,717.17
4772,1601,69,1,678.97
4773,1602,114,1,709.75
4774,1602,9,3,185.56
4775,1602,146,1,19.08
4776,1602,100,2,110.82
4777,1603,139,2,322.53
4778,1603,131,4,318.76
4779,1603,130,4,778.31
4780,1603,40,4,496.68
4781,1603,66,4,484.78
4782,1604,125,1,60.95
4783,1604,86,2,35.23
4784,1604,91,2,425.2
4785,1605,5,2,459.8
4786,1605,138,4,126.38
4787,1605,41,1,574.12
4788,1606,96,4,385.9
4789,1607,20,1,511.22
4790,1607,62,4,302.99
4791,1607,98,3,569.99
4792,1607,149,3,254.2
4793,1607,6,3,498.94
4794,1608,144,2,507.04
4795,1608,145,1,229.21
4796,1608,24,4,767.98
4797,1608,19,1,582.15
4798,1609,100,4,110.82
4799,1609,25,3,50.04
4800,1609,27,1,470.69
4801,1609,123,4,717.17
4802,1610,125,3,60.95
4803,1610,83,1,57.87
4804,1610,124,2,127.43
4805,1610,46,1,566.86
4806,1611,78,3,789.72
4807,1611,120,1,163.71
4808,1611,108,3,596.14
4809,1612,60,2,602.69
4810,1612,55,4,472.02
4811,1612,68,4,636.26
4812,1612,35,3,593.85
4813,1613,72,2,248.19
4814,1613,66,1,484.78
4815,1614,54,3,119.66
4816,1615,63,2,82.09
4817,1615,31,2,682.52
4818,1615,119,2,443.26
4819,1615,82,2,558.31
4820,1616,43,2,25.96
4821,1616,142,3,709.79
4822,1616,2,3,536.34
4823,1616,126,3,101.97
4824,1617,41,3,574.12
4825,1617,133,2,53.99
4826,1617,98,4,537.06
4827,1617,48,2,107.37
4828,1617,94,3,610.92
4829,1618,108,2,596.14
4830,1618,37,1,253.77
4831,1619,56,3,783.92
4832,1620,108,4,596.14
4833,1620,55,4,294.93
4834,1620,125,3,60.95
4835,1620,23,2,701.6
4836,1620,61,1,0.0
4837,1621,50,3,370.89
4838,1621,125,3,60.95
4839,1621,100,3,110.82
4840,1622,69,4,678.97
4841,1622,34,1,369.27
4842,1622,145,4,229.11
4843,1623,133,2,53.99
4844,1623,39,2,467.56
4845,1624,15,2,715.52
4846,1625,149,4,254.2
4847,1626,132,1,660.44
4848,1626,133,1,53.99
4849,1626,99,3,707.47
4850,1626,8,2,611.79
4851,1626,135,2,457.51
4852,1627,70,2,318.37
4853,1627,54,2,119.66
4854,1627,125,4,60.95
4855,1628,15,2,715.52
4856,1628,78,4,789.72
4857,1628,60,4,602.69
4858,1628,132,4,660.44
4859,1628,77,3,0.0
4860,1629,59,1,402.24
4861,1630,126,1,101.97
4862,1631,21,3,658.67
4863,1632,23,1,701.6
4864,1632,142,2,758.12
4865,1632,146,1,25.17
4866,1632,27,1,470.69
4867,1633,20,2,511.22
4868,1634,20,3,511.22
4869,1635,73,3,757.68
4870,1636,7,2,797.36
4871,1636,29,3,474.32
4872,1636,103,1,163.53
4873,1637,26,2,266.42
4874,1637,53,4,176.09
4875,1637,57,1,268.77
4876,1638,108,1,596.14
4877,1638,107,4,22.07
4878,1638,87,3,353.29
4879,1638,62,2,302.99
4880,1638,61,1,0.0
4881,1639,12,4,452.49
4882,1639,24,1,767.98
4883,1639,80,3,951.39
4884,1640,100,1,110.82
4885,1640,74,1,429.76
4886,1640,42,1,458.23
4887,1641,29,4,474.32
4888,1642,91,1,425.2
4889,1642,6,2,498.94
4890,1642,72,3,248.19
4891,1642,103,4,163.53
4892,1643,143,1,488.21
4893,1643,125,4,60.95
4894,1643,21,3,658.67
4895,1644,150,4,484.06
4896,1645,5,3,459.8
4897,1645,110,2,335.07
4898,1646,10,1,364.78
4899,1647,39,2,467.56
4900,1648,21,3,658.67
4901,1648,49,4,186.12
4902,1649,25,4,50.04
4903,1650,53,2,176.09
4904,1650,55,4,472.02
4905,1650,104,3,556.7
4906,1650,27,1,470.69
4907,1650,7,1,797.36
4908,1651,92,3,416.84
4909,1651,98,1,569.99
4910,1651,44,1,14.87
4911,1651,85,3,446.02
4912,1651,13,2,302.7
4913,1652,28,2,487.27
4914,1652,65,3,748.34
4915,1652,62,2,302.99
4916,1653,136,1,254.21
4917,1653,10,3,364.78
4918,1653,90,4,503.63
4919,1653,48,1,107.37
4920,1653,53,2,176.09
4921,1654,37,3,251.66
4922,1654,17,1,658.83
4923,1654,149,1,254.2
4924,1654,32,4,176.75
4925,1654,5,3,459.8
4926,1655,121,2,643.49
4927,1655,54,3,119.66
4928,1655,142,3,758.12
4929,1655,79,4,499.3
4930,1656,68,4,636.26
4931,1656,59,2,402.24
4932,1657,17,2,631.6
4933,1657,60,2,602.69
4934,1657,79,4,499.3
4935,1658,41,3,574.12
4936,1659,20,3,511.22
4937,1659,135,1,457.51
4938,1660,119,1,443.26
4939,1660,98,3,569.99
4940,1660,44,4,14.87
4941,1661,116,1,499.37
4942,1661,50,3,370.89
4943,1661,17,4,658.83
4944,1662,12,3,452.49
4945,1662,32,3,176.75
4946,1663,18,2,315.84
4947,1663,131,4,318.76
4948,1663,10,2,364.78
4949,1664,52,2,457.95
4950,1664,21,1,658.67
4951,1664,68,2,636.26
4952,1664,145,2,229.11
4953,1665,146,4,19.08
4954,1665,29,4,474.32
4955,1665,21,2,658.67
4956,1666,125,1,60.95
4957,1666,143,3,488.21
4958,1667,17,2,658.83
4959,1667,105,1,462.17
4960,1667,14,4,754.03
4961,1667,62,4,302.99
4962,1668,19,1,582.15
4963,1668,1,1,229.43
4964,1668,87,2,353.29
4965,1668,8,2,611.79
4966,1668,64,3,123.33
4967,1669,133,3,53.99
4968,1669,25,3,50.04
4969,1669,71,4,326.37
4970,1669,109,2,382.69
4971,1670,88,4,581.3
4972,1671,72,3,248.19
4973,1671,99,1,707.47
4974,1671,126,1,101.97
4975,1671,10,4,364.78
4976,1671,22,2,759.83
4977,1672,140,4,80.4
4978,1672,143,2,488.21
4979,1672,109,4,382.69
4980,1672,18,1,315.84
4981,1673,93,4,-549.02
4982,1673,122,3,444.14
4983,1673,75,4,421.56
4984,1673,20,2,511.22
4985,1674,116,3,499.37
4986,1674,124,3,127.43
4987,1674,127,2,349.21
4988,1674,135,2,457.51
4989,1675,69,2,678.97
4990,1675,84,4,431.32
4991,1675,2,1,536.34
4992,1676,28,4,487.27
4993,1676,1,2,229.43
4994,1676,60,1,602.69
4995,1676,113,1,149.56
4996,1677,82,4,558.31
4997,1677,31,1,682.52
4998,1677,4,4,636.38
4999,1677,135,1,457.51
5000,1678,43,4,25.96
5001,1679,122,4,444.14
5002,1679,78,2,789.72
5003,1679,134,1,14.54
5004,1680,134,1,14.54
5005,1680,73,4,471.99
5006,1681,113,4,149.56
5007,1682,76,2,571.36
5008,1683,101,2,720.77
5009,1683,5,2,459.8
5010,1683,99,3,707.47
5011,1684,140,1,80.4
5012,1685,135,3,457.51
5013,1685,114,4,709.75
5014,1685,67,2,755.48
5015,1686,76,2,571.36
5016,1686,56,2,783.92
5017,1686,18,3,315.84
5018,1687,125,2,60.95
5019,1687,34,3,369.27
5020,1687,64,2,123.33
5021,1687,15,1,715.52
5022,1687,98,3,569.99
5023,1688,149,2,254.2
5024,1688,52,4,457.95
5025,1688,33,4,680.29
5026,1689,86,2,35.23
5027,1689,68,3,636.26
5028,1689,7,2,797.36
5029,1690,125,4,60.95
5030,1690,70,4,318.37
5031,1690,140,1,80.4
5032,1690,134,4,14.54
5033,1691,74,4,429.76
5034,1691,14,4,754.03
5035,1691,73,2,757.68
5036,1691,75,3,421.56
5037,1691,67,2,755.48
5038,1692,82,3,558.31
5039,1692,24,1,767.98
5040,1692,63,2,82.09
5041,1692,32,1,176.75
5042,1693,1,1,229.43
5043,1693,121,2,643.49
5044,1693,92,2,416.84
5045,1693,8,4,611.79
5046,1694,124,2,127.43
5047,1694,18,4,315.84
5048,1694,133,4,53.99
5049,1694,104,2,556.7
5050,1695,78,4,789.72
5051,1695,133,3,53.99
5052,1696,66,3,484.78
5053,1696,145,2,229.11
5054,1697,64,1,123.33
5055,1697,66,2,484.78
5056,1697,130,3,778.31
5057,1697,42,4,458.23
5058,1697,137,3,704.57
5059,1698,81,2,226.08
5060,1699,119,4,443.26
5061,1699,109,1,382.69
5062,1700,80,3,752.51
5063,1700,40,3,496.68
5064,1700,6,4,498.94
5065,1700,24,2,767.98
5066,1700,142,3,758.12
5067,1701,47,3,434.59
5068,1701,105,2,462.17
5069,1702,72,3,248.19
5070,1702,106,1,256.39
5071,1702,117,2,723.89
5072,1702,45,1,157.83
5073,1702,112,2,306.6
5074,1703,1,2,229.43
5075,1703,128,3,383.45
5076,1703,131,4,318.76
5077,1703,22,1,759.83
5078,1704,36,3,495.03
5079,1704,67,3,755.48
5080,1704,14,1,754.03
5081,1704,89,1,164.51
5082,1704,81,4,226.08
5083,1705,60,1,602.69
5084,1706,66,2,484.78
5085,1706,5,2,459.8
5086,1706,16,3,170.96
5087,1707,62,3,302.99
5088,1708,95,2,550.05
5089,1708,89,3,164.51
5090,1708,98,3,569.99
5091,1709,75,3,421.56
5092,1709,54,3,119.66
5093,1709,19,4,582.15
5094,1709,8,2,611.79
5095,1709,149,1,254.2
5096,1710,144,4,507.04
5097,1711,88,3,581.3
5098,1711,108,4,596.14
5099,1711,41,1,574.12
5100,1712,14,1,754.03
5101,1712,149,1,254.2
5102,1712,142,2,758.12
5103,1713,103,3,163.53
5104,1714,4,1,636.38
5105,1714,123,1,717.17
5106,1714,61,1,0.0
5107,1715,65,4,748.34
5108,1715,33,4,680.29
5109,1715,111,1,781.01
5110,1715,22,4,759.83
5111,1716,50,1,370.89
5112,1717,16,4,170.96
5113,1718,38,1,272.91
5114,1718,143,2,488.21
5115,1718,61,3,0.0
5116,1719,126,2,101.97
5117,1719,117,1,723.89
5118,1720,12,3,452.49
5119,1720,27,3,470.69
5120,1720,25,4,50.04
5121,1720,117,3,723.89
5122,1720,16,3,170.96
5123,1721,126,2,101.97
5124,1721,22,4,759.83
5125,1721,6,4,498.94
5126,1722,45,1,157.83
5127,1722,7,4,797.36
5128,1722,119,3,443.26
5129,1722,9,2,185.56
5130,1722,1,4,229.43
5131,1723,14,3,754.03
5132,1723,50,1,370.89
5133,1724,142,4,758.12
5134,1724,4,1,636.38
5135,1724,138,3,126.38
5136,1725,26,2,266.42
5137,1726,107,2,22.07
5138,1726,110,2,335.07
5139,1726,60,4,602.69
5140,1726,95,4,550.05
5141,1727,26,2,266.42
5142,1727,75,3,421.56
5143,1727,122,3,444.14
5144,1728,124,1,127.43
5145,1728,57,4,268.77
5146,1728,147,2,630.5
5147,1728,96,2,385.9
5148,1729,20,2,511.22
5149,1729,90,1,503.63
5150,1729,25,4,50.04
5151,1729,98,2,569.99
5152,1730,59,3,402.24
5153,1730,130,2,778.31
5154,1731,131,1,318.76
5155,1731,23,2,701.6
5156,1731,83,1,57.87
5157,1731,105,1,462.17
5158,1731,102,2,378.83
5159,1732,114,2,709.75
5160,1732,64,3,123.33
5161,1732,73,4,757.68
5162,1732,125,2,60.95
5163,1733,36,2,495.03
5164,1733,101,4,847.18
5165,1734,68,4,636.26
5166,1734,135,4,457.51
5167,1734,40,2,496.68
5168,1735,58,1,558.64
5169,1735,69,3,678.97
5170,1735,2,4,536.34
5171,1735,66,2,484.78
5172,1736,95,2,550.05
5173,1736,19,2,582.15
5174,1736,119,3,443.26
5175,1736,27,4,470.69
5176,1737,12,4,452.49
5177,1737,125,1,60.95
5178,1737,107,2,22.07
5179,1737,108,4,596.14
5180,1737,80,4,752.51
5181,1738,74,1,429.76
5182,1738,139,1,322.53
5183,1739,26,1,266.42
5184,1739,27,1,470.69
5185,1739,149,4,254.2
5186,1740,134,1,14.54
5187,1740,65,2,748.34
5188,1740,73,1,757.68
5189,1741,2,4,536.34
5190,1741,25,3,51.09
5191,1741,116,2,499.37
5192,1741,73,2,757.68
5193,1741,70,1,318.37
5194,1742,65,3,748.34
5195,1742,83,2,57.87
5196,1742,33,2,680.29
5197,1742,107,4,22.07
5198,1743,135,1,365.07
5199,1744,40,2,326.03
5200,1744,14,1,754.03
5201,1745,43,1,25.96
5202,1745,29,1,474.32
5203,1745,94,1,610.92
5204,1745,69,2,678.97
5205,1746,86,2,35.23
5206,1746,138,2,126.38
5207,1747,90,2,503.63
5208,1747,23,2,701.6
5209,1747,14,3,754.03
5210,1748,133,4,53.99
5211,1748,25,1,50.04
5212,1749,15,3,715.52
5213,1749,77,2,0.0
5214,1749,17,2,658.83
5215,1749,110,1,335.07
5216,1749,120,3,163.71
5217,1750,78,1,789.72
5218,1750,138,2,126.38
5219,1750,124,4,127.43
5220,1750,70,1,318.37
5221,1750,66,4,484.78
5222,1751,54,3,119.66
5223,1751,83,2,57.87
5224,1751,115,3,769.44
5225,1752,29,3,474.32
5226,1752,33,3,680.29
5227,1752,55,3,472.02
5228,1752,98,1,785.72
5229,1752,40,3,496.68
5230,1753,125,4,60.95
5231,1753,41,4,574.12
5232,1753,74,1,429.76
5233,1753,137,2,704.57
5234,1754,64,1,123.33
5235,1754,69,3,678.97
5236,1754,118,2,361.9
5237,1754,79,2,499.3
5238,1755,129,4,356.8
5239,1755,123,4,717.17
5240,1756,99,2,707.47
5241,1756,69,3,678.97
5242,1756,129,4,356.8
5243,1756,123,1,717.17
5244,1757,90,3,503.63
5245,1757,35,1,593.85
5246,1757,150,1,484.06
5247,1757,68,3,636.26
5248,1757,131,3,318.76
5249,1758,27,4,470.69
5250,1758,101,3,720.77
5251,1758,31,3,682.52
5252,1758,51,3,521.96
5253,1758,137,1,704.57
5254,1759,2,3,536.34
5255,1759,28,2,487.27
5256,1759,97,3,799.31
5257,1759,114,1,709.75
5258,1759,118,3,361.9
5259,1760,123,2,717.17
5260,1760,100,4,110.82
5261,1760,133,1,53.99
5262,1761,21,3,658.67
5263,1761,107,1,22.07
5264,1762,95,3,550.05
5265,1763,138,3,126.38
5266,1763,114,1,709.75
5267,1763,109,4,382.69
5268,1764,149,2,254.2
5269,1764,79,3,499.3
5270,1764,28,2,487.27
5271,1765,99,2,707.47
5272,1766,52,2,457.95
5273,1766,35,4,593.85
5274,1766,127,1,349.21
5275,1766,15,1,715.52
5276,1767,47,4,434.59
5277,1768,10,1,364.78
5278,1768,44,1,14.87
5279,1768,85,2,446.02
5280,1768,39,1,467.56
5281,1769,94,2,610.92
5282,1769,44,4,14.87
5283,1769,100,2,110.82
5284,1769,14,3,754.03
5285,1769,37,3,253.77
5286,1770,136,3,254.21
5287,1770,35,2,593.85
5288,1770,122,1,444.14
5289,1771,94,2,610.92
5290,1771,92,1,416.84
5291,1771,103,2,163.53
5292,1772,93,2,-549.02
5293,1772,126,1,101.97
5294,1772,54,2,119.66
5295,1773,4,4,636.38
5296,1773,86,3,35.23
5297,1773,106,1,256.39
5298,1774,44,2,14.87
5299,1774,75,2,387.6
5300,1775,98,3,569.99
5301,1775,62,1,302.99
5302,1776,142,1,758.12
5303,1776,106,2,256.39
5304,1777,34,1,369.27
5305,1777,15,2,715.52
5306,1778,126,2,101.97
5307,1778,146,3,19.08
5308,1778,25,1,50.04
5309,1778,60,4,602.69
5310,1778,86,2,35.23
5311,1779,117,4,723.89
5312,1779,118,3,271.92
5313,1779,149,4,254.2
5314,1779,93,1,-549.02
5315,1779,56,2,783.92
5316,1780,18,2,315.84
5317,1780,126,3,101.97
5318,1780,51,4,521.96
5319,1780,110,4,335.07
5320,1781,48,2,107.37
5321,1781,42,1,458.23
5322,1782,149,3,254.2
5323,1783,40,1,496.68
5324,1783,65,2,748.34
5325,1783,95,2,550.05
5326,1783,100,3,110.82
5327,1783,114,4,709.75
5328,1784,142,4,758.12
5329,1784,60,3,602.69
5330,1784,54,1,119.66
5331,1785,93,2,-549.02
5332,1785,147,4,630.5
5333,1785,89,2,164.51
5334,1785,16,2,168.51
5335,1786,120,1,163.71
5336,1786,90,2,503.63
5337,1786,44,4,14.87
5338,1787,34,1,369.27
5339,1787,95,1,550.05
5340,1787,68,3,636.26
5341,1788,7,4,797.36
5342,1788,146,1,19.08
5343,1788,68,4,636.26
5344,1788,13,2,302.7
5345,1788,81,3,226.08
5346,1789,76,2,571.36
5347,1790,12,1,452.49
5348,1791,20,2,511.22
5349,1791,48,2,107.37
5350,1792,75,4,421.56
5351,1792,73,2,757.68
5352,1792,42,1,458.23
5353,1792,130,1,778.31
5354,1793,101,1,720.77
5355,1793,77,4,0.0
5356,1793,33,1,680.29
5357,1794,76,2,571.36
5358,1795,118,1,361.9
5359,1796,132,4,660.44
5360,1796,117,4,723.89
5361,1796,141,3,664.67
5362,1796,82,3,558.31
5363,1796,10,2,364.78
5364,1797,17,2,658.83
5365,1797,88,1,581.3
5366,1798,95,3,550.05
5367,1798,50,4,370.89
5368,1799,56,4,783.92
5369,1799,32,1,176.75
5370,1799,10,1,364.78
5371,1800,133,3,53.99
5372,1800,112,2,306.6
5373,1800,9,4,185.56
5374,1800,110,1,335.07
5375,1800,33,2,680.29
5376,1801,130,2,778.31
5377,1801,30,2,466.19
5378,1801,43,4,25.96
5379,1801,116,3,499.37
5380,1801,29,3,474.32
5381,1802,104,3,556.7
5382,1802,110,4,335.07
5383,1803,18,2,315.84
5384,1803,44,4,14.87
5385,1803,145,3,229.11
5386,1804,127,1,349.21
5387,1805,49,3,186.12
5388,1805,25,2,50.04
5389,1806,84,2,431.32
5390,1806,30,4,466.19
5391,1807,70,2,318.37
5392,1807,1,4,229.43
5393,1807,62,4,302.99
5394,1807,7,4,815.62
5395,1807,146,2,19.08
5396,1808,110,1,335.07
5397,1808,3,1,302.94
5398,1808,88,3,581.3
5399,1808,91,1,425.2
5400,1809,10,3,364.78
5401,1809,90,3,503.63
5402,1809,95,2,550.05
5403,1809,111,4,781.01
5404,1809,76,1,571.36
5405,1810,29,4,474.32
5406,1810,80,1,752.51
5407,1810,138,1,126.38
5408,1810,54,3,119.66
5409,1810,106,1,256.39
5410,1811,127,2,349.21
5411,1811,87,1,353.29
5412,1812,10,2,364.78
5413,1812,51,3,521.96
5414,1812,150,4,484.06
5415,1812,16,4,170.96
5416,1813,73,1,757.68
5417,1813,52,2,457.95
5418,1813,35,1,593.85
5419,1813,128,1,383.45
5420,1814,66,4,556.67
5421,1814,25,1,50.04
5422,1815,128,4,383.45
5423,1816,112,2,306.6
5424,1817,98,2,569.99
5425,1817,5,3,459.8
5426,1818,139,2,322.53
5427,1818,130,4,778.31
5428,1818,103,3,163.53
5429,1818,65,1,748.34
5430,1819,113,4,149.56
5431,1819,60,1,602.69
5432,1820,27,2,470.69
5433,1820,136,2,254.21
5434,1821,103,1,163.53
5435,1821,21,2,658.67
5436,1821,82,4,558.31
5437,1822,130,2,778.31
5438,1822,115,2,769.44
5439,1822,129,4,356.8
5440,1823,87,4,353.29
5441,1823,5,2,459.8
5442,1823,60,4,602.69
5443,1824,104,2,556.7
5444,1824,85,2,446.02
5445,1825,135,4,457.51
5446,1825,128,1,383.45
5447,1825,133,2,53.99
5448,1826,23,2,701.6
5449,1826,131,1,318.76
5450,1826,54,4,119.66
5451,1827,92,1,416.84
5452,1827,16,4,170.96
5453,1828,16,2,170.96
5454,1828,57,4,268.77
5455,1828,101,2,720.77
5456,1828,116,4,499.37
5457,1829,71,2,326.37
5458,1830,127,1,349.21
5459,1830,122,1,444.14
5460,1830,52,4,457.95
5461,1831,40,3,496.68
5462,1831,84,4,431.32
5463,1831,106,4,256.39
5464,1831,131,4,318.76
5465,1831,52,4,457.95
5466,1832,70,2,318.37
5467,1832,2,3,536.34
5468,1832,33,4,680.29
5469,1832,137,2,704.57
5470,1833,4,2,636.38
5471,1833,60,3,602.69
5472,1833,79,3,499.3
5473,1834,127,2,349.21
5474,1834,102,1,378.83
5475,1834,92,4,416.84
5476,1835,133,1,53.99
5477,1835,116,3,499.37
5478,1836,141,3,664.67
5479,1836,82,2,558.31
5480,1837,143,2,488.21
5481,1837,12,3,452.49
5482,1837,139,2,322.53
5483,1837,116,3,499.37
5484,1837,103,4,163.53
5485,1838,41,4,574.12
5486,1838,17,1,658.83
5487,1838,126,4,101.97
5488,1838,55,3,524.81
5489,1839,102,4,378.83
5490,1839,140,4,80.4
5491,1839,134,1,14.54
5492,1840,113,4,149.56
5493,1840,11,1,117.66
5494,1840,117,3,723.89
5495,1840,27,2,470.69
5496,1841,49,2,186.12
5497,1841,75,3,421.56
5498,1841,18,3,315.84
5499,1841,58,1,558.64
5500,1841,114,3,709.75
5501,1842,1,4,229.43
5502,1842,116,2,499.37
5503,1842,7,1,797.36
5504,1842,112,4,306.6
5505,1842,117,3,723.89
5506,1843,63,1,82.09
5507,1843,45,2,157.83
5508,1844,147,1,630.5
5509,1844,115,4,725.49
5510,1844,121,2,643.49
5511,1845,102,2,378.83
5512,1845,121,4,643.49
5513,1846,104,2,556.7
5514,1847,71,2,326.37
5515,1848,13,2,302.7
5516,1848,111,2,781.01
5517,1848,124,2,127.43
5518,1849,11,3,117.66
5519,1849,27,4,470.69
5520,1849,95,1,550.05
5521,1849,1,4,229.43
5522,1849,90,2,503.63
5523,1850,31,2,682.52
5524,1850,71,4,289.22
5525,1851,34,4,369.27
5526,1851,148,1,777.04
5527,1851,21,1,658.67
5528,1851,122,3,444.14
5529,1851,28,4,487.27
5530,1852,7,1,797.36
5531,1852,146,1,19.08
5532,1852,20,2,511.22
5533,1852,108,4,541.3
5534,1853,1,4,229.43
5535,1854,111,1,781.01
5536,1854,45,3,157.83
5537,1854,79,4,499.3
5538,1855,73,3,757.68
5539,1855,9,4,185.56
5540,1856,26,1,266.42
5541,1856,1,4,229.43
5542,1856,61,1,0.0
5543,1856,132,3,660.44
5544,1856,149,3,254.2
5545,1857,4,3,636.38
5546,1857,9,3,185.56
5547,1857,132,2,660.44
5548,1857,136,1,254.21
5549,1857,37,1,253.77
5550,1858,133,1,53.99
5551,1858,91,4,425.2
5552,1858,53,1,176.09
5553,1859,26,1,366.24
5554,1859,63,3,82.09
5555,1859,99,1,707.47
5556,1859,20,2,511.22
5557,1859,127,3,349.21
5558,1860,83,4,57.87
5559,1860,93,3,-549.02
5560,1861,32,2,176.75
5561,1861,86,1,35.23
5562,1862,104,3,556.7
5563,1863,133,1,53.99
5564,1863,23,2,701.6
5565,1863,16,2,170.96
5566,1864,63,2,82.09
5567,1864,48,3,107.37
5568,1864,57,2,268.77
5569,1864,141,4,664.67
5570,1865,147,3,630.5
5571,1865,4,1,636.38
5572,1865,88,2,581.3
5573,1865,95,3,550.05
5574,1865,2,4,536.34
5575,1866,21,1,658.67
5576,1866,90,3,503.63
5577,1866,118,3,361.9
5578,1866,147,3,630.5
5579,1866,131,4,318.76
5580,1867,44,2,10.76
5581,1867,146,1,19.08
5582,1867,137,4,704.57
5583,1867,16,4,170.96
5584,1868,63,1,82.09
5585,1869,57,1,185.58
5586,1870,96,3,385.9
5587,1871,145,4,229.11
5588,1871,120,4,163.71
5589,1871,103,3,163.53
5590,1872,98,4,569.99
5591,1872,116,2,499.37
5592,1872,43,4,25.96
5593,1873,48,1,107.37
5594,1873,33,4,680.29
5595,1873,12,1,452.49
5596,1874,22,4,759.83
5597,1874,78,1,789.72
5598,1874,60,4,602.69
5599,1874,55,4,472.02
5600,1874,29,3,474.32
5601,1875,31,3,682.52
5602,1876,133,2,53.99
5603,1876,103,2,163.53
5604,1876,3,2,302.94
5605,1877,18,4,315.84
5606,1877,72,1,248.19
5607,1877,119,1,443.26
5608,1877,142,4,758.12
5609,1878,131,3,318.76
5610,1878,66,2,484.78
5611,1878,44,2,14.87
5612,1879,135,4,457.51
5613,1879,20,2,511.22
5614,1879,105,4,462.17
5615,1879,18,4,315.84
5616,1879,44,3,14.87
5617,1880,27,3,470.69
5618,1880,82,2,558.31
5619,1880,107,3,22.07
5620,1880,127,3,349.21
5621,1880,84,4,431.32
5622,1881,96,1,385.9
5623,1881,87,1,353.29
5624,1881,54,1,119.66
5625,1882,92,1,416.84
5626,1882,98,3,569.99
5627,1882,115,2,769.44
5628,1882,33,1,680.29
5629,1882,67,3,755.48
5630,1883,40,2,348.54
5631,1883,130,3,778.31
5632,1883,35,4,593.85
5633,1884,119,2,443.26
5634,1884,108,3,596.14
5635,1884,13,2,302.7
5636,1884,106,1,256.39
5637,1884,116,3,499.37
5638,1885,146,3,19.08
5639,1885,100,3,110.82
5640,1885,30,4,466.19
5641,1885,86,3,35.23
5642,1886,77,1,0.0
5643,1887,122,1,444.14
5644,1887,46,4,566.86
5645,1887,148,1,777.04
5646,1887,105,2,462.17
5647,1888,118,4,361.9
5648,1888,44,3,14.87
5649,1888,43,2,25.96
5650,1888,37,4,253.77
5651,1889,116,1,499.37
5652,1889,55,2,472.02
5653,1889,129,3,356.8
5654,1889,133,2,53.99
5655,1889,15,2,715.52
5656,1890,48,3,107.37
5657,1890,68,4,636.26
5658,1891,80,2,752.51
5659,1891,34,4,369.27
5660,1891,120,1,163.71
5661,1892,19,3,582.15
5662,1892,13,1,302.7
5663,1892,39,1,467.56
5664,1892,110,3,335.07
5665,1893,106,4,256.39
5666,1893,44,3,14.87
5667,1893,61,3,0.0
5668,1894,9,2,185.56
5669,1894,104,4,556.7
5670,1894,82,1,558.31
5671,1894,101,1,720.77
5672,1894,61,3,0.0
5673,1895,38,2,272.91
5674,1895,34,2,369.27
5675,1896,42,2,458.23
5676,1896,41,1,574.12
5677,1896,67,2,755.48
5678,1896,94,3,610.92
5679,1897,47,4,434.59
5680,1897,100,1,110.82
5681,1897,107,1,22.07
5682,1897,134,3,14.54
5683,1897,104,2,556.7
5684,1898,72,4,248.19
5685,1899,121,4,643.49
5686,1899,74,4,429.76
5687,1900,67,4,755.48
5688,1900,41,2,574.12
5689,1900,128,2,383.45
5690,1901,89,1,164.51
5691,1902,68,1,636.26
5692,1903,93,4,-549.02
5693,1903,67,2,755.48
5694,1903,35,4,593.85
5695,1903,100,2,110.82
5696,1904,146,3,19.08
5697,1904,114,1,709.75
5698,1905,28,4,487.27
5699,1905,58,1,558.64
5700,1905,52,3,457.95
5701,1906,132,1,660.44
5702,1907,103,1,163.53
5703,1907,85,2,446.02
5704,1907,94,3,610.92
5705,1908,20,4,511.22
5706,1908,98,2,569.99
5707,1908,106,4,256.39
5708,1908,150,3,484.06
5709,1908,114,3,709.75
5710,1909,27,4,470.69
5711,1909,108,4,596.14
5712,1909,40,3,496.68
5713,1910,123,1,717.17
5714,1910,50,3,370.89
5715,1910,132,1,660.44
5716,1910,24,1,767.98
5717,1910,148,2,777.04
5718,1911,81,1,226.08
5719,1911,54,3,119.66
5720,1911,83,2,57.87
5721,1912,51,3,521.96
5722,1912,90,1,503.63
5723,1913,106,2,256.39
5724,1913,140,2,80.4
5725,1913,147,3,630.5
5726,1913,37,1,253.77
5727,1914,132,3,660.44
5728,1914,22,2,759.83
5729,1914,110,3,335.07
5730,1914,46,4,566.86
5731,1914,95,2,550.05
5732,1915,3,2,302.94
5733,1915,82,1,558.31
5734,1915,70,2,318.37
5735,1915,62,1,302.99
5736,1916,117,3,723.89
5737,1917,142,4,758.12
5738,1918,143,4,488.21
5739,1918,99,1,707.47
5740,1918,67,1,755.48
5741,1919,27,2,470.69
5742,1919,112,3,306.6
5743,1919,29,4,474.32
5744,1919,76,4,571.36
5745,1920,91,4,425.2
5746,1921,39,4,467.56
5747,1921,110,3,335.07
5748,1922,132,2,660.44
5749,1922,101,3,720.77
5750,1922,148,4,777.04
5751,1923,86,3,35.23
5752,1923,89,1,164.51
5753,1923,50,3,370.89
5754,1924,134,3,14.54
5755,1924,86,3,35.23
5756,1925,92,3,416.84
5757,1926,127,3,426.88
5758,1926,67,2,755.48
5759,1926,9,4,185.56
5760,1927,13,4,302.7
5761,1927,116,4,499.37
5762,1928,125,2,60.95
5763,1929,132,2,660.44
5764,1930,92,4,416.84
5765,1930,12,4,452.49
5766,1930,17,1,658.83
5767,1930,24,3,767.98
5768,1930,78,2,789.72
5769,1931,97,3,799.31
5770,1931,140,4,80.4
5771,1931,73,2,757.68
5772,1932,54,3,119.66
5773,1933,68,2,636.26
5774,1933,149,2,254.2
5775,1933,11,3,117.66
5776,1934,11,1,117.66
5777,1934,117,2,723.89
5778,1935,57,4,268.77
5779,1935,18,1,315.84
5780,1936,62,2,302.99
5781,1936,103,3,163.53
5782,1936,148,3,777.04
5783,1936,123,3,717.17
5784,1936,2,3,536.34
5785,1937,64,3,123.33
5786,1937,145,2,229.11
5787,1937,101,3,720.77
5788,1937,42,2,458.23
5789,1938,94,2,610.92
5790,1938,123,4,717.17
5791,1939,58,2,558.64
5792,1939,57,3,268.77
5793,1939,55,3,472.02
5794,1939,134,1,14.54
5795,1940,89,1,164.51
5796,1940,85,1,446.02
5797,1940,47,3,434.59
5798,1940,7,3,797.36
5799,1940,19,3,582.15
5800,1941,49,2,186.12
5801,1942,136,2,254.21
5802,1942,62,3,302.99
5803,1942,147,1,630.5
5804,1942,20,4,511.22
5805,1942,7,1,797.36
5806,1943,111,4,781.01
5807,1943,55,1,472.02
5808,1944,112,2,306.6
5809,1944,137,4,704.57
5810,1944,45,2,157.83
5811,1944,31,3,682.52
5812,1945,17,2,658.83
5813,1945,149,3,254.2
5814,1946,110,2,335.07
5815,1946,51,4,521.96
5816,1946,116,3,499.37
5817,1946,143,3,488.21
5818,1947,105,4,462.17
5819,1947,94,3,610.92
5820,1947,14,3,754.03
5821,1947,102,1,378.83
5822,1947,119,2,443.26
5823,1948,92,3,416.84
5824,1948,12,4,452.49
5825,1948,140,4,80.4
5826,1948,13,2,302.7
5827,1949,41,2,574.12
5828,1949,47,2,434.59
5829,1949,86,2,35.23
5830,1949,45,3,157.83
5831,1949,29,4,474.32
5832,1950,121,3,643.49
5833,1950,24,2,767.98
5834,1950,81,3,226.08
5835,1950,25,2,50.04
5836,1950,34,3,369.27
5837,1951,37,4,253.77
5838,1951,35,3,593.85
5839,1951,141,1,664.67
5840,1952,74,4,429.76
5841,1953,83,4,57.87
5842,1953,100,3,110.82
5843,1953,27,3,470.69
5844,1954,5,3,459.8
5845,1955,70,4,318.37
5846,1955,146,2,19.08
5847,1955,10,1,364.78
5848,1956,149,1,254.2
5849,1956,98,4,569.99
5850,1956,8,1,611.79
5851,1956,103,3,163.53
5852,1957,94,4,610.92
5853,1957,138,1,126.38
5854,1957,41,2,574.12
5855,1958,135,2,457.51
5856,1959,94,1,610.92
5857,1959,99,4,707.47
5858,1959,150,3,484.06
5859,1960,69,4,678.97
5860,1960,22,1,759.83
5861,1960,63,1,82.09
5862,1960,139,1,322.53
5863,1960,122,2,444.14
5864,1961,120,1,163.71
5865,1962,18,2,315.84
5866,1962,50,1,370.89
5867,1962,45,3,157.83
5868,1962,13,2,302.7
5869,1962,130,1,778.31
5870,1963,75,2,421.56
5871,1964,25,1,50.04
5872,1964,128,2,383.45
5873,1964,12,1,452.49
5874,1965,147,4,630.5
5875,1965,44,2,14.87
5876,1965,86,1,35.23
5877,1965,24,2,767.98
5878,1966,74,1,429.76
5879,1966,104,4,357.87
5880,1966,45,2,157.83
5881,1967,55,2,472.02
5882,1967,100,2,110.82
5883,1967,40,3,496.68
5884,1968,84,3,431.32
5885,1968,7,3,797.36
5886,1968,34,3,369.27
5887,1968,145,4,229.11
5888,1968,22,3,759.83
5889,1969,106,3,256.39
5890,1969,60,3,602.69
5891,1969,146,3,19.08
5892,1970,41,4,574.12
5893,1970,82,3,558.31
5894,1970,35,2,593.85
5895,1971,128,2,383.45
5896,1971,88,4,581.3
5897,1971,67,2,755.48
5898,1971,135,4,457.51
5899,1972,54,4,119.66
5900,1972,71,2,326.37
5901,1972,26,4,266.42
5902,1972,48,1,107.37
5903,1972,74,1,429.76
5904,1973,143,3,488.21
5905,1973,126,1,101.97
5906,1973,117,2,723.89
5907,1973,54,4,119.66
5908,1973,58,2,558.64
5909,1974,143,3,488.21
5910,1975,70,2,318.37
5911,1975,47,1,434.59
5912,1975,144,2,507.04
5913,1975,31,3,682.52
5914,1975,128,3,383.45
5915,1976,56,2,783.92
5916,1976,48,1,107.37
5917,1976,75,1,421.56
5918,1976,38,4,272.91
5919,1976,71,4,326.37
5920,1977,62,2,302.99
5921,1977,147,2,630.5
5922,1977,8,4,611.79
5923,1977,125,1,60.95
5924,1977,31,3,682.52
5925,1978,113,4,149.56
5926,1979,119,1,443.26
5927,1979,127,3,349.21
5928,1979,130,1,778.31
5929,1979,148,1,777.04
5930,1979,92,3,416.84
5931,1980,87,3,353.29
5932,1980,121,1,584.77
5933,1981,70,3,318.37
5934,1981,116,4,499.37
5935,1981,24,1,767.98
5936,1981,140,1,80.4
5937,1981,69,1,678.97
5938,1982,53,1,176.09
5939,1983,90,2,503.63
5940,1983,41,3,574.12
5941,1984,111,1,781.01
5942,1985,53,2,176.09
5943,1985,113,3,149.56
5944,1986,113,3,149.56
5945,1986,4,3,636.38
5946,1986,72,2,248.19
5947,1987,137,2,704.57
5948,1987,14,4,754.03
5949,1987,97,2,799.31
5950,1987,70,4,318.37
5951,1988,95,3,550.05
5952,1988,48,3,94.25
5953,1988,24,3,767.98
5954,1988,25,4,50.04
5955,1988,82,1,558.31
5956,1989,58,4,558.64
5957,1989,110,4,335.07
5958,1989,67,4,755.48
5959,1989,83,3,57.87
5960,1989,68,2,636.26
5961,1990,127,4,349.21
5962,1990,136,4,254.21
5963,1990,84,3,431.32
5964,1990,16,1,170.96
5965,1990,116,1,499.37
5966,1991,57,2,268.77
5967,1992,3,2,302.94
5968,1993,90,2,503.63
5969,1993,116,1,499.37
5970,1993,15,2,715.52
5971,1993,94,2,610.92
5972,1994,74,4,429.76
5973,1994,19,1,582.15
5974,1994,15,2,715.52
5975,1994,55,3,472.02
5976,1994,110,1,335.07
5977,1995,136,3,254.21
5978,1996,147,2,630.5
5979,1996,37,4,253.77
5980,1996,115,1,769.44
5981,1996,89,4,164.51
5982,1997,34,4,369.27
5983,1997,95,1,550.05
5984,1998,26,1,266.42
5985,1999,32,1,176.75
5986,2000,119,1,443.26
5987,2000,112,1,306.6
5988,2000,133,3,53.99
5989,2000,123,4,717.17
5990,2001,130,4,778.31
5991,2001,99,1,707.47
5992,2001,32,4,216.73
5993,2002,41,2,574.12
5994,2002,22,3,759.83
5995,2002,133,1,53.99
5996,2003,63,2,82.09
5997,2003,96,4,385.9
5998,2004,24,2,767.98
5999,2004,53,4,176.09
6000,2004,34,4,369.27
6001,2004,4,2,636.38
6002,2005,149,4,254.2
6003,2006,18,4,315.84
6004,2006,11,4,117.66
6005,2006,66,3,484.78
6006,2007,63,4,82.09
6007,2008,56,4,783.92
6008,2008,38,3,272.91
6009,2008,45,3,157.83
6010,2008,120,3,163.71
6011,2009,8,2,611.79
6012,2010,142,3,758.12
6013,2010,45,3,157.83
6014,2010,56,2,783.92
6015,2010,35,4,593.85
6016,2010,64,2,123.33
6017,2011,2,1,536.34
6018,2011,57,2,268.77
6019,2012,80,1,752.51
6020,2013,42,1,458.23
6021,2013,141,4,664.67
6022,2013,19,4,582.15
6023,2014,36,1,495.03
6024,2014,31,3,682.52
6025,2014,95,1,550.05
6026,2014,17,4,658.83
6027,2014,10,2,364.78
6028,2015,45,4,157.83
6029,2015,98,2,569.99
6030,2015,51,1,521.96
6031,2015,43,2,25.96
6032,2015,101,1,720.77
6033,2016,69,2,678.97
6034,2017,51,1,521.96
6035,2017,130,3,778.31
6036,2017,52,2,457.95
6037,2018,67,3,755.48
6038,2018,64,3,123.33
6039,2018,143,4,488.21
6040,2018,150,2,484.06
6041,2019,88,1,581.3
6042,2019,89,3,164.51
6043,2019,76,1,480.04
6044,2020,54,3,119.66
6045,2020,145,4,229.11
6046,2020,9,2,185.56
6047,2021,89,2,164.51
6048,2021,90,2,503.63
6049,2022,41,4,574.12
6050,2022,80,1,752.51
6051,2022,93,1,-549.02
6052,2023,145,3,229.11
6053,2023,46,4,566.86
6054,2023,32,3,176.75
6055,2024,90,1,503.63
6056,2024,132,3,660.44
6057,2025,51,4,521.96
6058,2025,52,2,494.39
6059,2025,32,2,176.75
6060,2026,102,2,378.83
6061,2026,113,4,149.56
6062,2027,81,3,226.08
6063,2027,102,4,378.83
6064,2027,133,2,53.99
6065,2027,85,1,446.02
6066,2027,145,4,229.11
6067,2028,3,2,302.94
6068,2028,63,3,82.09
6069,2028,105,3,462.17
6070,2028,64,2,123.33
6071,2029,132,3,660.44
6072,2029,113,3,149.56
6073,2029,21,2,658.67
6074,2029,75,4,421.56
6075,2029,131,3,318.76
6076,2030,26,1,266.42
6077,2030,129,2,356.8
6078,2030,54,3,119.66
6079,2031,98,3,669.88
6080,2031,104,4,556.7
6081,2031,15,1,715.52
6082,2031,117,3,976.67
6083,2031,48,2,107.37
6084,2032,128,3,383.45
6085,2032,70,3,382.7
6086,2032,28,3,487.27
6087,2033,142,2,766.4
6088,2034,123,1,717.17
6089,2034,21,2,658.67
6090,2035,19,1,582.15
6091,2035,120,1,163.71
6092,2035,93,4,-549.02
6093,2035,117,3,723.89
6094,2035,108,2,596.14
6095,2036,112,4,306.6
6096,2036,87,2,353.29
6097,2036,21,4,658.67
6098,2036,125,2,60.95
6099,2037,109,2,382.69
6100,2037,95,4,550.05
6101,2037,17,3,658.83
6102,2037,24,2,767.98
6103,2038,74,2,429.76
6104,2038,32,1,176.75
6105,2039,76,3,571.36
6106,2039,110,2,335.07
6107,2039,81,4,226.08
6108,2040,72,2,248.19
6109,2040,11,3,117.66
6110,2040,90,3,503.63
6111,2040,15,4,715.52
6112,2041,126,2,101.97
6113,2041,69,2,678.97
6114,2041,76,2,571.36
6115,2041,123,2,717.17
6116,2041,21,1,658.67
6117,2042,108,4,596.14
6118,2042,41,1,574.12
6119,2042,11,2,117.66
6120,2043,65,1,748.34
6121,2043,52,1,457.95
6122,2043,150,2,484.06
6123,2043,121,3,643.49
6124,2043,32,2,176.75
6125,2044,55,1,472.02
6126,2045,131,3,318.76
6127,2045,128,4,383.45
6128,2045,120,3,163.71
6129,2045,135,4,457.51
6130,2045,141,3,664.67
6131,2046,147,1,812.24
6132,2046,91,2,425.2
6133,2047,135,2,457.51
6134,2047,78,4,789.72
6135,2047,38,3,272.91
6136,2047,5,2,459.8
6137,2047,6,3,498.94
6138,2048,56,2,783.92
6139,2048,87,3,353.29
6140,2049,70,3,318.37
6141,2049,146,2,19.08
6142,2049,43,4,25.96
6143,2049,123,4,717.17
6144,2049,14,4,754.03
6145,2050,31,2,682.52
6146,2050,89,2,164.51
6147,2051,134,3,14.54
6148,2052,47,2,434.59
6149,2052,63,2,82.09
6150,2052,126,2,101.97
6151,2053,121,1,643.49
6152,2053,76,1,571.36
6153,2053,37,4,253.77
6154,2053,46,2,566.86
6155,2054,21,2,658.67
6156,2054,58,1,558.64
6157,2055,102,4,378.83
6158,2056,112,3,306.6
6159,2056,42,4,458.23
6160,2056,55,4,472.02
6161,2056,114,1,709.75
6162,2056,131,2,318.76
6163,2057,1,2,229.43
6164,2058,51,2,521.96
6165,2058,1,4,229.43
6166,2058,3,1,302.94
6167,2059,107,3,22.07
6168,2059,139,2,322.53
6169,2059,78,1,789.72
6170,2059,131,2,318.76
6171,2059,125,4,60.95
6172,2060,84,3,431.32
6173,2060,124,2,127.43
6174,2060,99,4,707.47
6175,2061,36,2,495.03
6176,2062,60,2,602.69
6177,2062,26,4,266.42
6178,2062,74,2,429.76
6179,2062,146,3,19.08
6180,2063,37,3,253.77
6181,2064,100,2,110.82
6182,2064,123,2,717.17
6183,2064,63,4,82.09
6184,2064,58,2,558.64
6185,2064,52,4,457.95
6186,2065,97,3,799.31
6187,2066,140,2,80.4
6188,2066,126,1,101.97
6189,2066,60,3,602.69
6190,2066,93,4,-549.02
6191,2067,139,4,322.53
6192,2068,114,4,709.75
6193,2068,138,1,126.38
6194,2068,106,1,256.39
6195,2068,59,4,402.24
6196,2069,109,2,382.69
6197,2070,100,1,110.82
6198,2070,90,3,503.63
6199,2071,121,4,643.49
6200,2071,47,2,434.59
6201,2071,68,3,636.26
6202,2072,131,1,318.76
6203,2072,91,4,425.2
6204,2073,69,1,678.97
6205,2074,61,4,0.0
6206,2074,98,1,569.99
6207,2074,76,4,571.36
6208,2075,62,1,302.99
6209,2075,61,1,0.0
6210,2075,9,3,185.56
6211,2076,138,3,126.38
6212,2076,10,3,364.78
6213,2077,88,4,581.3
6214,2077,2,1,536.34
6215,2077,14,3,754.03
6216,2077,7,3,797.36
6217,2078,55,2,472.02
6218,2078,47,3,434.59
6219,2079,14,1,754.03
6220,2079,62,3,302.99
6221,2080,54,2,119.66
6222,2080,106,4,256.39
6223,2080,29,1,474.32
6224,2080,17,2,658.83
6225,2081,150,2,538.95
6226,2081,149,3,254.2
6227,2081,145,2,229.11
6228,2081,102,3,378.83
6229,2081,35,4,593.85
6230,2082,136,3,254.21
6231,2082,146,1,19.08
6232,2082,108,3,596.14
6233,2083,48,4,107.37
6234,2084,58,1,558.64
6235,2084,8,4,611.79
6236,2085,86,4,35.23
6237,2085,14,3,754.03
6238,2086,118,4,361.9
6239,2086,110,2,335.07
6240,2086,85,4,446.02
6241,2087,11,4,117.66
6242,2087,49,1,186.12
6243,2087,84,1,431.32
6244,2087,40,4,496.68
6245,2087,22,3,759.83
6246,2088,13,2,302.7
6247,2088,34,2,369.27
6248,2088,112,1,306.6
6249,2088,107,2,29.24
6250,2088,35,2,593.85
6251,2089,56,4,783.92
6252,2089,51,2,521.96
6253,2089,47,4,434.59
6254,2089,132,4,660.44
6255,2090,56,3,783.92
6256,2090,140,3,80.4
6257,2090,30,1,466.19
6258,2091,13,3,302.7
6259,2091,124,1,127.43
6260,2091,117,1,723.89
6261,2091,71,3,326.37
6262,2091,28,1,487.27
6263,2092,101,3,720.77
6264,2092,110,3,335.07
6265,2092,138,2,126.38
6266,2092,142,4,758.12
6267,2093,71,2,326.37
6268,2093,73,1,757.68
6269,2094,25,2,50.04
6270,2094,80,3,752.51
6271,2094,99,1,707.47
6272,2094,42,2,458.23
6273,2095,42,4,458.23
6274,2096,29,4,474.32
6275,2096,124,4,127.43
6276,2097,81,3,216.57
6277,2097,127,4,349.21
6278,2098,125,1,60.95
6279,2098,147,2,630.5
6280,2098,15,3,715.52
6281,2098,99,1,707.47
6282,2099,34,2,369.27
6283,2099,132,3,904.96
6284,2099,111,1,781.01
6285,2100,127,2,438.33
6286,2100,90,4,503.63
6287,2101,49,4,186.12
6288,2101,122,3,486.45
6289,2102,77,3,0.0
6290,2103,55,4,472.02
6291,2103,99,4,707.47
6292,2103,141,1,664.67
6293,2103,10,1,364.78
6294,2104,51,1,521.96
6295,2104,6,1,498.94
6296,2105,92,1,416.84
6297,2105,32,4,176.75
6298,2105,13,1,302.7
6299,2106,57,3,268.77
6300,2106,110,2,335.07
6301,2106,83,4,57.87
6302,2106,16,3,170.96
6303,2107,53,4,176.09
6304,2107,14,3,754.03
6305,2107,89,1,164.51
6306,2107,54,3,119.66
6307,2107,145,4,229.11
6308,2108,66,3,484.78
6309,2108,3,2,302.94
6310,2108,81,4,226.08
6311,2108,23,1,701.6
6312,2109,74,1,429.76
6313,2109,45,2,157.83
6314,2109,110,2,335.07
6315,2110,77,2,0.0
6316,2110,95,4,550.05
6317,2110,144,4,507.04
6318,2110,145,3,229.11
6319,2110,43,4,25.96
6320,2111,138,4,126.38
6321,2111,49,4,186.12
6322,2112,127,1,349.21
6323,2112,92,2,416.84
6324,2112,54,3,119.66
6325,2112,68,3,636.26
6326,2112,46,4,566.86
6327,2113,93,3,-549.02
6328,2113,39,2,467.56
6329,2114,126,2,101.97
6330,2115,39,4,467.56
6331,2115,66,4,484.78
6332,2115,121,1,643.49
6333,2115,27,1,470.69
6334,2115,92,2,416.84
6335,2116,132,2,660.44
6336,2116,58,3,558.64
6337,2116,35,2,593.85
6338,2116,49,4,186.12
6339,2117,69,3,678.97
6340,2118,91,1,425.2
6341,2119,107,2,22.07
6342,2119,11,2,117.66
6343,2119,54,3,119.66
6344,2120,121,2,643.49
6345,2120,112,3,306.6
6346,2120,42,1,458.23
6347,2120,98,2,621.04
6348,2120,2,4,536.34
6349,2121,145,1,229.11
6350,2121,56,3,783.92
6351,2121,135,4,457.51
6352,2121,28,1,487.27
6353,2121,146,1,19.08
6354,2122,116,3,499.37
6355,2122,54,2,119.66
6356,2123,55,4,472.02
6357,2123,18,1,315.84
6358,2123,23,4,701.6
6359,2124,75,1,421.56
6360,2124,52,4,457.95
6361,2124,21,1,658.67
6362,2125,141,2,664.67
6363,2125,99,3,707.47
6364,2125,116,2,499.37
6365,2126,2,1,536.34
6366,2126,132,3,660.44
6367,2127,16,1,170.96
6368,2127,143,2,488.21
6369,2127,90,4,503.63
6370,2128,116,3,499.37
6371,2128,35,2,593.85
6372,2128,82,2,558.31
6373,2129,36,4,495.03
6374,2129,95,3,550.05
6375,2129,61,2,0.0
6376,2130,79,4,499.3
6377,2130,99,3,707.47
6378,2131,4,3,636.38
6379,2131,112,1,306.6
6380,2131,64,2,123.33
6381,2131,92,4,416.84
6382,2131,26,3,266.42
6383,2132,141,3,664.67
6384,2132,118,1,361.9
6385,2132,47,1,434.59
6386,2133,70,2,318.37
6387,2133,114,2,709.75
6388,2133,65,1,748.34
6389,2133,18,4,315.84
6390,2134,8,2,611.79
6391,2135,111,4,781.01
6392,2135,128,2,383.45
6393,2135,23,3,701.6
6394,2135,54,2,119.66
6395,2136,115,2,769.44
6396,2136,146,4,19.08
6397,2137,100,3,104.9
6398,2138,86,2,35.23
6399,2138,4,1,636.38
6400,2138,28,3,487.27
6401,2138,103,3,163.53
6402,2139,40,3,496.68
6403,2139,19,3,582.15
6404,2139,48,4,107.37
6405,2139,104,4,556.7
6406,2140,2,2,536.34
6407,2140,23,2,701.6
6408,2141,31,3,682.52
6409,2141,146,3,19.08
6410,2141,99,3,707.47
6411,2141,19,4,582.15
6412,2142,102,4,378.83
6413,2142,8,2,611.79
6414,2143,98,2,569.99
6415,2143,18,3,315.84
6416,2143,95,4,550.05
6417,2143,44,1,14.87
6418,2144,124,2,127.43
6419,2144,19,4,582.15
6420,2144,21,2,658.67
6421,2145,40,1,496.68
6422,2145,10,2,364.78
6423,2145,119,2,443.26
6424,2145,38,3,272.91
6425,2145,51,1,521.96
6426,2146,41,4,574.12
6427,2146,113,2,149.56
6428,2146,142,1,758.12
6429,2146,120,3,163.71
6430,2147,51,2,521.96
6431,2147,7,4,797.36
6432,2147,104,3,556.7
6433,2148,45,1,157.83
6434,2149,149,1,254.2
6435,2150,72,3,248.19
6436,2150,147,2,630.5
6437,2150,87,2,353.29
6438,2150,14,1,754.03
6439,2151,105,3,462.17
6440,2151,46,3,566.86
6441,2152,124,1,127.43
6442,2152,76,4,571.36
6443,2152,20,2,511.22
6444,2153,111,2,781.01
6445,2154,123,2,717.17
6446,2154,28,1,487.27
6447,2154,49,1,186.12
6448,2155,26,3,266.42
6449,2156,102,3,378.83
6450,2156,131,1,318.76
6451,2156,42,2,458.23
6452,2156,4,2,636.38
6453,2156,25,4,50.04
6454,2157,143,1,488.21
6455,2157,71,2,326.37
6456,2157,120,2,163.71
6457,2157,132,4,660.44
6458,2157,118,3,361.9
6459,2158,25,1,50.04
6460,2158,56,3,783.92
6461,2159,146,2,19.08
6462,2159,119,4,443.26
6463,2159,137,1,704.57
6464,2159,76,1,571.36
6465,2160,51,1,521.96
6466,2161,143,2,488.21
6467,2161,69,1,678.97
6468,2161,106,4,256.39
6469,2161,80,3,752.51
6470,2162,66,3,484.78
6471,2162,15,3,715.52
6472,2162,84,4,431.32
6473,2163,105,1,462.17
6474,2164,17,4,658.83
6475,2165,143,3,488.21
6476,2165,148,3,777.04
6477,2165,56,1,783.92
6478,2166,89,4,164.51
6479,2166,99,4,707.47
6480,2166,72,1,248.19
6481,2166,26,1,266.42
6482,2167,146,2,19.08
6483,2167,50,4,370.89
6484,2167,95,3,550.05
6485,2167,109,4,382.69
6486,2167,126,3,101.97
6487,2168,138,4,126.38
6488,2168,13,4,302.7
6489,2168,133,2,53.99
6490,2169,56,1,783.92
6491,2169,34,2,369.27
6492,2169,32,2,107.99
6493,2170,5,4,459.8
6494,2170,28,1,487.27
6495,2170,78,3,789.72
6496,2170,11,4,117.66
6497,2170,87,1,353.29
6498,2171,148,1,777.04
6499,2172,21,4,658.67
6500,2172,106,4,256.39
6501,2172,50,4,370.89
6502,2172,100,4,110.82
6503,2173,26,1,266.42
6504,2173,92,3,416.84
6505,2173,70,2,318.37
6506,2173,139,2,322.53
6507,2173,119,4,443.26
6508,2174,21,4,658.67
6509,2174,140,3,80.4
6510,2174,138,1,126.38
6511,2174,137,1,704.57
6512,2174,99,2,707.47
6513,2175,138,1,126.38
6514,2175,80,3,686.54
6515,2175,55,3,472.02
6516,2175,142,4,758.12
6517,2175,45,2,157.83
6518,2176,3,3,302.94
6519,2176,62,3,302.99
6520,2176,79,2,499.3
6521,2176,82,2,558.31
6522,2176,76,1,571.36
6523,2177,145,3,229.11
6524,2177,1,4,229.43
6525,2177,147,1,630.5
6526,2177,20,3,511.22
6527,2178,9,2,185.56
6528,2179,110,1,335.07
6529,2179,98,3,569.99
6530,2179,61,2,0.0
6531,2180,145,3,229.11
6532,2180,6,1,498.94
6533,2181,40,2,496.68
6534,2181,72,2,248.19
6535,2182,84,3,431.32
6536,2182,53,2,176.09
6537,2182,48,1,107.37
6538,2182,71,4,326.37
6539,2182,30,3,466.19
6540,2183,71,4,326.37
6541,2183,36,3,495.03
6542,2184,84,1,431.32
6543,2184,28,4,487.27
6544,2185,51,1,521.96
6545,2185,150,4,484.06
6546,2185,115,2,769.44
6547,2185,20,4,511.22
6548,2186,3,1,302.94
6549,2186,85,3,446.02
6550,2187,82,1,558.31
6551,2187,30,3,466.19
6552,2187,89,2,164.51
6553,2187,60,2,602.69
6554,2188,28,4,487.27
6555,2188,65,1,748.34
6556,2188,112,3,306.6
6557,2189,48,3,107.37
6558,2189,100,2,110.82
6559,2190,116,2,499.37
6560,2190,51,2,521.96
6561,2190,82,4,558.31
6562,2190,30,1,466.19
6563,2190,98,1,569.99
6564,2191,86,4,35.23
6565,2191,93,2,-549.02
6566,2191,115,2,769.44
6567,2192,68,1,636.26
6568,2192,133,4,53.99
6569,2192,64,4,123.33
6570,2192,92,4,416.84
6571,2192,132,3,660.44
6572,2193,135,1,457.51
6573,2193,71,4,326.37
6574,2193,90,1,503.63
6575,2193,145,4,229.11
6576,2194,145,3,229.11
6577,2194,142,4,758.12
6578,2194,128,2,383.45
6579,2194,46,3,566.86
6580,2194,69,1,678.97
6581,2195,36,2,495.03
6582,2195,10,1,364.78
6583,2196,100,3,110.82
6584,2197,12,2,452.49
6585,2198,110,3,335.07
6586,2198,120,3,163.71
6587,2199,91,4,425.2
6588,2199,66,3,484.78
6589,2199,63,2,82.09
6590,2199,115,4,769.44
6591,2199,112,3,306.6
6592,2200,92,2,416.84
6593,2200,94,2,610.92
6594,2201,116,2,499.37
6595,2201,15,3,715.52
6596,2201,118,3,361.9
6597,2201,128,4,383.45
6598,2202,125,3,60.95
6599,2202,54,3,119.66
6600,2202,30,4,466.19
6601,2202,11,3,117.66
6602,2202,34,3,369.27
6603,2203,35,4,593.85
6604,2203,97,2,799.31
6605,2203,49,1,186.12
6606,2203,48,4,107.37
6607,2204,126,2,101.97
6608,2205,1,2,229.43
6609,2205,30,2,466.19
6610,2205,145,2,229.11
6611,2205,104,3,556.7
6612,2205,69,2,678.97
6613,2206,33,3,680.29
6614,2206,15,2,715.52
6615,2207,19,1,582.15
6616,2207,115,2,769.44
6617,2207,30,4,466.19
6618,2207,4,1,636.38
6619,2208,94,4,610.92
6620,2208,119,2,443.26
6621,2208,110,1,335.07
6622,2208,10,3,364.78
6623,2208,47,3,434.59
6624,2209,40,4,496.68
6625,2209,71,3,326.37
6626,2209,23,3,701.6
6627,2210,31,3,412.27
6628,2210,72,1,248.19
6629,2210,43,1,25.96
6630,2210,130,4,778.31
6631,2211,38,2,272.91
6632,2211,84,4,431.32
6633,2212,31,4,682.52
6634,2212,121,4,643.49
6635,2212,127,4,349.21
6636,2213,69,2,678.97
6637,2213,128,2,383.45
6638,2214,82,3,558.31
6639,2215,29,2,474.32
6640,2215,131,2,318.76
6641,2216,139,2,322.53
6642,2216,23,3,701.6
6643,2217,17,4,658.83
6644,2218,50,3,370.89
6645,2218,103,4,163.53
6646,2218,12,4,452.49
6647,2219,1,4,229.43
6648,2219,112,4,421.79
6649,2219,6,4,498.94
6650,2219,77,1,0.0
6651,2219,30,2,466.19
6652,2220,6,4,498.94
6653,2220,150,2,484.06
6654,2221,133,4,53.99
6655,2222,72,4,248.19
6656,2222,44,2,14.87
6657,2222,45,3,157.83
6658,2222,8,2,611.79
6659,2223,66,1,484.78
6660,2223,75,1,421.56
6661,2224,113,4,149.56
6662,2224,42,4,458.23
6663,2225,143,1,488.21
6664,2226,112,4,306.6
6665,2226,17,4,658.83
6666,2227,59,2,402.24
6667,2228,24,2,767.98
6668,2229,120,2,163.71
6669,2229,126,2,101.97
6670,2230,144,2,507.04
6671,2230,147,4,630.5
6672,2230,26,4,266.42
6673,2230,96,1,385.9
6674,2231,4,4,636.38
6675,2231,131,1,318.76
6676,2231,58,4,558.64
6677,2231,134,1,14.54
6678,2231,34,4,369.27
6679,2232,7,3,797.36
6680,2232,129,3,356.8
6681,2232,109,4,382.69
6682,2232,97,4,799.31
6683,2233,82,2,558.31
6684,2233,9,2,185.56
6685,2233,106,2,256.39
6686,2233,135,2,457.51
6687,2234,129,4,356.8
6688,2234,104,3,556.7
6689,2234,87,4,422.09
6690,2234,115,3,769.44
6691,2234,14,4,754.03
6692,2235,131,1,318.76
6693,2235,135,2,457.51
6694,2236,113,1,149.56
6695,2237,79,1,499.3
6696,2237,76,4,571.36
6697,2238,41,4,574.12
6698,2238,76,2,571.36
6699,2238,136,1,254.21
6700,2238,81,3,226.08
6701,2239,15,1,715.52
6702,2239,22,4,759.83
6703,2239,64,1,123.33
6704,2239,37,1,253.77
6705,2240,21,2,658.67
6706,2240,133,2,53.99
6707,2240,141,4,664.67
6708,2240,6,1,498.94
6709,2241,72,4,248.19
6710,2242,20,1,511.22
6711,2242,107,4,22.07
6712,2242,78,1,789.72
6713,2243,54,3,119.66
6714,2243,84,1,431.32
6715,2243,46,1,566.86
6716,2244,125,3,60.95
6717,2244,130,3,778.31
6718,2244,26,3,266.42
6719,2244,54,4,119.66
6720,2245,90,3,503.63
6721,2245,20,4,511.22
6722,2246,13,1,302.7
6723,2247,68,2,636.26
6724,2247,121,3,643.49
6725,2247,7,1,797.36
6726,2247,144,2,507.04
6727,2247,26,2,266.42
6728,2248,29,2,474.32
6729,2249,45,2,157.83
6730,2249,62,2,302.99
6731,2249,137,1,704.57
6732,2249,29,1,474.32
6733,2250,61,3,0.0
6734,2250,59,2,402.24
6735,2251,80,1,752.51
6736,2251,91,1,425.2
6737,2252,138,3,126.38
6738,2252,45,2,157.83
6739,2252,20,1,511.22
6740,2252,33,4,680.29
6741,2252,75,4,429.38
6742,2253,41,4,574.12
6743,2253,111,2,781.01
6744,2253,52,1,457.95
6745,2254,89,4,164.51
6746,2254,2,1,536.34
6747,2254,72,3,248.19
6748,2254,67,3,755.48
6749,2255,149,2,254.2
6750,2255,64,3,123.33
6751,2256,116,2,499.37
6752,2256,124,1,127.43
6753,2256,82,4,558.31
6754,2256,68,4,636.26
6755,2256,127,3,349.21
6756,2257,67,3,755.48
6757,2258,2,4,536.34
6758,2258,83,1,57.87
6759,2259,44,2,14.87
6760,2259,10,1,424.14
6761,2260,126,2,101.97
6762,2260,149,1,254.2
6763,2261,147,3,630.5
6764,2261,132,3,660.44
6765,2261,135,2,457.51
6766,2261,64,1,123.33
6767,2262,137,3,704.57
6768,2262,27,4,470.69
6769,2262,126,2,101.97
6770,2262,28,1,487.27
6771,2263,22,4,759.83
6772,2263,48,1,113.6
6773,2263,36,4,495.03
6774,2264,76,4,571.36
6775,2264,129,3,356.8
6776,2264,126,1,101.97
6777,2264,64,2,123.33
6778,2265,139,3,322.53
6779,2265,110,2,335.07
6780,2265,126,3,101.97
6781,2265,20,3,511.22
6782,2266,22,2,759.83
6783,2266,13,2,302.7
6784,2266,60,2,602.69
6785,2266,94,4,610.92
6786,2266,49,3,162.06
6787,2267,70,2,318.37
6788,2268,129,4,356.8
6789,2268,87,3,353.29
6790,2268,66,2,484.78
6791,2268,30,4,466.19
6792,2268,38,1,272.91
6793,2269,15,2,715.52
6794,2269,30,2,466.19
6795,2269,28,3,487.27
6796,2269,2,4,536.34
6797,2269,105,3,462.17
6798,2270,129,4,356.8
6799,2270,85,3,446.02
6800,2270,84,2,431.32
6801,2270,17,1,658.83
6802,2271,70,1,318.37
6803,2271,13,4,302.7
6804,2271,135,4,457.51
6805,2271,12,1,452.49
6806,2271,18,2,315.84
6807,2272,5,4,459.8
6808,2272,61,3,0.0
6809,2272,13,1,302.7
6810,2273,95,2,550.05
6811,2273,26,1,266.42
6812,2273,5,3,459.8
6813,2273,84,4,431.32
6814,2274,99,2,707.47
6815,2274,86,4,35.23
6816,2274,66,1,484.78
6817,2274,145,4,229.11
6818,2275,62,4,302.99
6819,2275,46,2,624.68
6820,2275,16,1,170.96
6821,2275,21,4,658.67
6822,2276,30,1,466.19
6823,2276,43,1,25.96
6824,2276,113,4,149.56
6825,2276,119,3,443.26
6826,2276,108,3,596.14
6827,2277,128,3,383.45
6828,2277,24,3,767.98
6829,2277,48,4,107.37
6830,2278,68,1,636.26
6831,2279,38,3,272.91
6832,2279,29,4,474.32
6833,2279,108,2,596.14
6834,2280,77,2,0.0
6835,2280,47,3,434.59
6836,2280,4,4,850.75
6837,2281,60,4,602.69
6838,2281,112,1,306.6
6839,2281,58,2,558.64
6840,2281,84,4,431.32
6841,2281,11,4,117.66
6842,2282,88,2,581.3
6843,2282,86,4,35.23
6844,2282,130,3,778.31
6845,2282,18,3,315.84
6846,2283,15,2,715.52
6847,2283,14,2,754.03
6848,2284,57,1,268.77
6849,2284,60,3,602.69
6850,2284,29,2,474.32
6851,2285,61,3,0.0
6852,2285,97,1,799.31
6853,2286,54,4,119.66
6854,2286,13,1,302.7
6855,2286,34,1,369.27
6856,2286,42,1,458.23
6857,2286,25,3,50.04
6858,2287,140,2,80.4
6859,2288,88,4,581.3
6860,2288,94,4,610.92
6861,2288,122,2,444.14
6862,2289,32,4,176.75
6863,2289,114,2,709.75
6864,2289,88,1,581.3
6865,2290,56,3,783.92
6866,2290,50,4,370.89
6867,2291,149,2,254.2
6868,2292,128,2,383.45
6869,2293,12,3,452.49
6870,2293,80,4,752.51
6871,2294,35,2,593.85
6872,2294,118,2,361.9
6873,2295,112,3,306.6
6874,2295,92,3,416.84
6875,2295,119,2,443.26
6876,2295,122,1,444.14
6877,2295,103,2,163.53
6878,2296,20,4,511.22
6879,2297,69,3,678.97
6880,2297,70,3,318.37
6881,2298,46,4,566.86
6882,2298,31,1,682.52
6883,2298,95,4,550.05
6884,2299,102,2,378.83
6885,2299,30,3,466.19
6886,2299,34,3,369.27
6887,2300,106,4,256.39
6888,2301,55,2,472.02
6889,2301,66,4,484.78
6890,2301,103,2,163.53
6891,2301,144,1,507.04
6892,2301,102,2,378.83
6893,2302,129,3,356.8
6894,2302,78,3,789.72
6895,2303,42,2,458.23
6896,2303,19,2,582.15
6897,2303,121,1,643.49
6898,2303,101,3,720.77
6899,2304,18,3,315.84
6900,2305,36,3,495.03
6901,2305,19,2,582.15
6902,2306,145,2,229.11
6903,2307,113,2,149.56
6904,2307,12,2,452.49
6905,2307,104,4,556.7
6906,2307,136,4,254.21
6907,2308,149,3,254.2
6908,2308,105,3,462.17
6909,2308,48,1,107.37
6910,2309,100,2,110.82
6911,2309,110,4,335.07
6912,2309,149,3,254.2
6913,2310,85,1,446.02
6914,2310,127,3,349.21
6915,2310,47,2,434.59
6916,2311,73,2,757.68
6917,2311,95,1,550.05
6918,2311,4,2,636.38
6919,2311,91,3,425.2
6920,2312,100,1,110.82
6921,2312,130,4,778.31
6922,2312,149,3,254.2
6923,2312,136,2,254.21
6924,2313,111,2,781.01
6925,2314,14,1,754.03
6926,2314,47,4,434.59
6927,2314,76,2,571.36
6928,2315,7,2,797.36
6929,2315,92,3,416.84
6930,2315,68,4,636.26
6931,2316,119,3,443.26
6932,2316,125,4,60.95
6933,2316,148,2,777.04
6934,2316,90,1,503.63
6935,2316,20,2,511.22
6936,2317,61,3,0.0
6937,2317,59,1,402.24
6938,2317,3,3,302.94
6939,2317,149,2,254.2
6940,2318,111,3,781.01
6941,2319,26,4,266.42
6942,2319,97,1,799.31
6943,2319,76,4,571.36
6944,2319,61,3,0.0
6945,2320,126,3,101.97
6946,2320,141,2,664.67
6947,2320,42,2,458.23
6948,2321,69,1,678.97
6949,2322,24,1,767.98
6950,2322,81,3,226.08
6951,2322,122,2,444.14
6952,2322,146,1,19.08
6953,2322,112,1,306.6
6954,2323,12,3,452.49
6955,2323,150,2,484.06
6956,2323,47,3,434.59
6957,2323,119,3,443.26
6958,2324,103,2,163.53
6959,2324,104,1,556.7
6960,2324,112,2,306.6
6961,2325,62,3,302.99
6962,2325,54,4,119.66
6963,2325,78,1,789.72
6964,2325,71,1,326.37
6965,2326,40,4,496.68
6966,2327,76,4,571.36
6967,2328,111,1,781.01
6968,2329,121,1,643.49
6969,2329,138,4,126.38
6970,2330,31,1,682.52
6971,2330,33,1,680.29
6972,2331,127,2,349.21
6973,2331,37,2,253.77
6974,2332,150,2,484.06
6975,2332,70,3,318.37
6976,2332,139,4,322.53
6977,2332,43,4,25.96
6978,2332,55,1,472.02
6979,2333,21,3,658.67
6980,2333,67,3,755.48
6981,2334,127,3,349.21
6982,2334,68,4,636.26
6983,2334,66,2,484.78
6984,2334,43,3,25.96
6985,2334,45,2,157.83
6986,2335,64,4,123.33
6987,2335,1,4,229.43
6988,2335,117,3,723.89
6989,2335,125,3,60.95
6990,2335,63,4,82.09
6991,2336,10,1,364.78
6992,2336,48,3,107.37
6993,2336,64,4,123.33
6994,2336,137,1,704.57
6995,2336,75,2,421.56
6996,2337,139,3,322.53
6997,2337,10,3,364.78
6998,2337,148,4,777.04
6999,2338,17,1,658.83
7000,2339,108,4,596.14
7001,2340,133,1,53.99
7002,2340,132,3,660.44
7003,2340,14,2,754.03
7004,2340,61,1,0.0
7005,2341,81,2,226.08
7006,2341,5,2,459.8
7007,2341,51,1,521.96
7008,2342,95,1,550.05
7009,2342,8,4,611.79
7010,2342,70,4,318.37
7011,2342,142,2,758.12
7012,2342,132,2,660.44
7013,2343,54,4,119.66
7014,2343,148,3,777.04
7015,2343,25,4,50.04
7016,2343,10,2,364.78
7017,2344,120,4,163.71
7018,2345,90,3,503.63
7019,2345,21,4,658.67
7020,2345,11,2,117.66
7021,2345,28,4,487.27
7022,2345,88,1,581.3
7023,2346,47,1,434.59
7024,2346,125,2,60.95
7025,2346,96,2,385.9
7026,2346,41,1,574.12
7027,2347,150,4,484.06
7028,2347,113,1,149.56
7029,2347,34,3,369.27
7030,2348,98,2,569.99
7031,2349,41,4,574.12
7032,2349,33,2,680.29
7033,2349,145,1,229.11
7034,2349,24,1,767.98
7035,2350,133,2,53.99
7036,2351,82,1,558.31
7037,2351,15,2,715.52
7038,2352,73,4,757.68
7039,2352,124,4,127.43
7040,2352,42,2,458.23
7041,2353,116,2,499.37
7042,2353,146,4,19.08
7043,2353,148,4,777.04
7044,2353,67,2,755.48
7045,2354,133,1,53.99
7046,2354,127,1,349.21
7047,2354,145,1,229.11
7048,2354,8,4,611.79
7049,2355,44,1,14.87
7050,2355,84,2,431.32
7051,2356,66,2,484.78
7052,2356,8,3,611.79
7053,2356,26,1,266.42
7054,2356,43,1,25.96
7055,2356,91,1,425.2
7056,2357,25,2,50.04
7057,2357,126,3,101.97
7058,2358,136,1,254.21
7059,2358,29,4,474.32
7060,2358,78,1,789.72
7061,2359,24,1,767.98
7062,2359,146,4,19.08
7063,2359,68,3,636.26
7064,2360,141,4,664.67
7065,2360,116,3,499.37
7066,2361,41,2,574.12
7067,2362,116,3,499.37
7068,2363,49,1,186.12
7069,2363,145,1,229.11
7070,2363,3,2,302.94
7071,2363,114,4,709.75
7072,2363,82,3,645.2
7073,2364,100,2,110.82
7074,2364,71,3,326.37
7075,2364,137,3,704.57
7076,2364,4,1,636.38
7077,2365,19,2,582.15
7078,2365,70,2,318.37
7079,2365,147,4,630.5
7080,2366,131,4,318.76
7081,2366,104,1,556.7
7082,2366,49,3,186.12
7083,2367,42,3,458.23
7084,2367,109,2,382.69
7085,2367,17,1,658.83
7086,2367,9,3,185.56
7087,2368,93,2,-549.02
7088,2368,86,4,35.23
7089,2368,130,1,778.31
7090,2368,82,4,558.31
7091,2369,122,1,444.14
7092,2369,50,4,370.89
7093,2369,47,3,434.59
7094,2370,87,2,353.29
7095,2370,142,3,758.12
7096,2370,130,3,778.31
7097,2371,94,1,610.92
7098,2371,39,3,467.56
7099,2371,122,4,444.14
7100,2371,117,4,723.89
7101,2372,84,4,431.32
7102,2372,66,3,484.78
7103,2372,102,4,378.83
7104,2372,61,4,0.0
7105,2372,27,2,470.69
7106,2373,23,2,701.6
7107,2373,68,3,636.26
7108,2374,110,3,335.07
7109,2374,112,4,306.6
7110,2374,83,1,57.87
7111,2374,54,1,152.61
7112,2375,120,1,163.71
7113,2376,125,2,60.95
7114,2376,106,3,256.39
7115,2376,89,2,164.51
7116,2376,1,1,229.43
7117,2377,19,1,582.15
7118,2377,119,3,443.26
7119,2377,102,2,378.83
7120,2377,101,1,720.77
7121,2378,57,1,268.77
7122,2378,76,3,593.12
7123,2378,144,2,507.04
7124,2378,97,2,799.31
7125,2378,68,2,636.26
7126,2379,57,4,268.77
7127,2380,49,2,186.12
7128,2380,117,2,723.89
7129,2381,92,2,416.84
7130,2381,5,1,459.8
7131,2381,18,3,315.84
7132,2382,15,3,715.52
7133,2382,87,1,353.29
7134,2382,75,2,421.56
7135,2382,66,1,305.44
7136,2383,6,2,498.94
7137,2383,74,1,429.76
7138,2383,34,1,369.27
7139,2383,18,4,315.84
7140,2384,77,3,0.0
7141,2384,45,4,157.83
7142,2384,89,2,164.51
7143,2385,128,4,383.45
7144,2385,55,1,472.02
7145,2385,37,1,253.77
7146,2385,56,3,783.92
7147,2386,86,1,35.23
7148,2386,22,4,642.01
7149,2386,119,2,443.26
7150,2386,94,4,610.92
7151,2386,36,4,495.03
7152,2387,102,2,378.83
7153,2387,42,4,458.23
7154,2388,19,3,582.15
7155,2389,76,3,571.36
7156,2389,22,1,759.83
7157,2389,139,4,322.53
7158,2390,150,1,484.06
7159,2391,124,4,127.43
7160,2391,104,3,556.7
7161,2391,129,3,356.8
7162,2391,75,4,421.56
7163,2391,135,3,457.51
7164,2392,54,4,119.66
7165,2392,38,3,272.91
7166,2392,93,2,-549.02
7167,2392,34,2,369.27
7168,2392,105,4,462.17
7169,2393,47,3,434.59
7170,2393,6,4,498.94
7171,2393,57,2,268.77
7172,2394,87,4,353.29
7173,2394,90,3,503.63
7174,2394,53,4,176.09
7175,2394,56,2,783.92
7176,2395,77,3,0.0
7177,2395,100,4,110.82
7178,2395,18,1,315.84
7179,2396,33,2,680.29
7180,2396,146,4,19.08
7181,2396,135,1,457.51
7182,2397,127,3,349.21
7183,2398,143,1,488.21
7184,2398,136,4,254.21
7185,2398,8,4,611.79
7186,2399,48,1,107.37
7187,2399,16,1,170.96
7188,2399,100,4,110.82
7189,2400,18,4,315.84
7190,2400,77,1,0.0
7191,2401,116,1,499.37
7192,2401,94,2,610.92
7193,2401,36,2,495.03
7194,2402,36,4,495.03
7195,2402,21,1,658.67
7196,2402,15,4,715.52
7197,2402,72,4,248.19
7198,2403,78,2,789.72
7199,2403,76,1,571.36
7200,2403,93,1,-549.02
7201,2404,6,1,498.94
7202,2404,88,4,581.3
7203,2404,72,4,248.19
7204,2405,23,3,701.6
7205,2405,76,2,571.36
7206,2406,89,3,164.51
7207,2406,133,1,53.99
7208,2406,71,2,326.37
7209,2407,46,3,566.86
7210,2407,115,3,769.44
7211,2407,50,1,370.89
7212,2408,4,2,636.38
7213,2408,107,3,22.07
7214,2409,48,2,107.37
7215,2409,59,3,402.24
7216,2409,118,4,361.9
7217,2410,42,2,458.23
7218,2410,86,2,35.23
7219,2411,29,3,474.32
7220,2411,57,4,268.77
7221,2411,123,4,717.17
7222,2411,3,2,302.94
7223,2412,55,2,472.02
7224,2412,72,1,248.19
7225,2413,33,1,680.29
7226,2414,130,1,778.31
7227,2414,97,4,799.31
7228,2414,78,3,789.72
7229,2415,128,3,383.45
7230,2415,49,2,186.12
7231,2415,126,1,101.97
7232,2415,81,4,226.08
7233,2416,67,2,755.48
7234,2416,29,4,474.32
7235,2416,98,3,569.99
7236,2417,70,3,318.37
7237,2417,127,2,349.21
7238,2417,102,4,378.83
7239,2418,52,2,457.95
7240,2419,137,1,704.57
7241,2419,40,3,496.68
7242,2419,55,1,472.02
7243,2420,59,3,402.24
7244,2420,77,4,0.0
7245,2421,26,3,266.42
7246,2421,74,2,429.76
7247,2421,58,2,558.64
7248,2421,122,1,444.14
7249,2421,55,4,472.02
7250,2422,1,1,229.43
7251,2422,118,1,361.9
7252,2423,130,4,778.31
7253,2424,148,1,777.04
7254,2425,32,4,176.75
7255,2426,135,2,457.51
7256,2426,85,1,446.02
7257,2427,8,3,611.79
7258,2428,146,2,19.08
7259,2428,148,2,777.04
7260,2428,118,3,361.9
7261,2429,92,3,416.84
7262,2429,115,4,769.44
7263,2429,5,2,459.8
7264,2429,55,3,472.02
7265,2429,83,3,57.87
7266,2430,73,2,757.68
7267,2430,20,4,511.22
7268,2430,45,2,157.83
7269,2430,21,1,658.67
7270,2430,39,2,467.56
7271,2431,137,1,704.57
7272,2431,122,4,444.14
7273,2431,15,3,715.52
7274,2431,83,3,57.87
7275,2431,121,4,643.49
7276,2432,132,4,660.44
7277,2432,91,1,425.2
7278,2433,36,4,495.03
7279,2433,79,2,499.3
7280,2434,6,1,498.94
7281,2434,64,4,123.33
7282,2434,139,3,322.53
7283,2434,102,2,378.83
7284,2435,140,1,80.4
7285,2435,6,1,498.94
7286,2435,117,4,723.89
7287,2435,73,3,757.68
7288,2435,104,4,556.7
7289,2436,36,2,495.03
7290,2436,46,3,566.86
7291,2437,138,2,126.38
7292,2437,115,1,769.44
7293,2437,145,1,229.11
7294,2438,89,2,164.51
7295,2438,2,2,536.34
7296,2438,21,1,658.67
7297,2438,46,2,566.86
7298,2439,76,2,571.36
7299,2439,21,4,658.67
7300,2439,58,3,558.64
7301,2439,40,2,496.68
7302,2440,61,4,0.0
7303,2440,112,2,306.6
7304,2441,82,1,558.31
7305,2442,48,3,107.37
7306,2442,43,2,25.96
7307,2442,61,2,0.0
7308,2442,17,1,658.83
7309,2442,126,1,101.97
7310,2443,113,1,149.56
7311,2443,133,3,53.99
7312,2443,61,1,0.0
7313,2444,24,3,767.98
7314,2444,127,4,349.21
7315,2444,129,1,356.8
7316,2445,75,2,421.56
7317,2446,78,3,789.72
7318,2446,37,4,253.77
7319,2447,111,4,781.01
7320,2447,139,4,322.53
7321,2447,107,4,22.07
7322,2447,23,1,701.6
7323,2448,13,1,302.7
7324,2449,31,1,682.52
7325,2449,82,3,558.31
7326,2449,39,4,467.56
7327,2450,23,3,701.6
7328,2450,122,1,444.14
7329,2450,4,4,636.38
7330,2451,134,3,14.54
7331,2451,66,2,484.78
7332,2452,8,2,611.79
7333,2453,95,4,550.05
7334,2454,80,2,752.51
7335,2455,89,3,164.51
7336,2455,81,3,226.08
7337,2455,116,2,499.37
7338,2456,21,3,658.67
7339,2456,129,1,356.8
7340,2456,31,4,682.52
7341,2456,93,2,-549.02
7342,2456,132,1,660.44
7343,2457,61,1,0.0
7344,2457,55,2,472.02
7345,2458,3,1,302.94
7346,2458,137,3,704.57
7347,2459,102,2,378.83
7348,2459,84,1,431.32
7349,2459,20,1,511.22
7350,2460,114,1,709.75
7351,2460,20,2,511.22
7352,2460,108,4,596.14
7353,2460,16,3,170.96
7354,2461,83,3,57.87
7355,2461,52,4,457.95
7356,2461,27,2,470.69
7357,2461,127,2,349.21
7358,2462,137,2,704.57
7359,2463,125,2,60.95
7360,2463,133,3,53.99
7361,2463,67,1,755.48
7362,2464,100,2,110.82
7363,2465,51,1,521.96
7364,2465,39,3,467.56
7365,2465,2,4,429.5
7366,2465,89,3,164.51
7367,2465,95,2,550.05
7368,2466,100,4,110.82
7369,2466,133,2,53.99
7370,2467,13,1,302.7
7371,2468,112,3,306.6
7372,2468,44,3,14.87
7373,2468,19,1,582.15
7374,2468,107,3,22.07
7375,2468,56,4,783.92
7376,2469,21,3,658.67
7377,2469,60,1,602.69
7378,2469,118,2,361.9
7379,2469,22,1,759.83
7380,2470,114,2,709.75
7381,2470,46,2,566.86
7382,2470,14,4,754.03
7383,2470,54,3,119.66
7384,2470,43,2,25.96
7385,2471,43,2,25.96
7386,2472,24,2,767.98
7387,2472,65,4,748.34
7388,2472,61,3,0.0
7389,2473,52,2,457.95
7390,2474,64,1,123.33
7391,2474,121,3,643.49
7392,2475,119,1,443.26
7393,2475,117,3,723.89
7394,2475,29,2,474.32
7395,2476,67,1,755.48
7396,2477,149,1,254.2
7397,2477,39,2,467.56
7398,2477,96,4,385.9
7399,2478,75,4,421.56
7400,2479,101,1,720.77
7401,2479,56,3,783.92
7402,2479,39,4,467.56
7403,2479,62,3,302.99
7404,2479,17,2,658.83
7405,2480,117,2,723.89
7406,2480,72,4,248.19
7407,2480,1,2,229.43
7408,2480,55,3,472.02
7409,2480,150,2,484.06
7410,2481,41,2,574.12
7411,2481,105,1,462.17
7412,2481,123,4,717.17
7413,2481,16,2,170.96
7414,2481,23,4,701.6
7415,2482,88,4,581.3
7416,2482,58,4,558.64
7417,2482,114,4,709.75
7418,2483,136,1,254.21
7419,2483,45,4,157.83
7420,2483,54,3,119.66
7421,2483,56,2,783.92
7422,2484,135,1,457.51
7423,2484,123,3,717.17
7424,2484,113,4,149.56
7425,2484,57,3,268.77
7426,2484,85,4,446.02
7427,2485,42,4,458.23
7428,2485,150,2,484.06
7429,2485,60,1,602.69
7430,2485,103,2,163.53
7431,2485,26,4,266.42
7432,2486,122,4,547.32
7433,2486,62,4,302.99
7434,2487,26,1,266.42
7435,2488,124,4,127.43
7436,2488,149,2,254.2
7437,2488,129,1,356.8
7438,2488,138,3,126.38
7439,2489,76,1,571.36
7440,2489,100,4,110.82
7441,2489,111,4,781.01
7442,2490,140,2,80.4
7443,2490,136,2,254.21
7444,2491,117,4,723.89
7445,2492,146,1,19.08
7446,2492,142,4,758.12
7447,2492,68,3,636.26
7448,2493,118,1,361.9
7449,2493,65,4,748.34
7450,2493,121,4,643.49
7451,2493,29,1,474.32
7452,2494,46,2,634.14
7453,2495,37,3,253.77
7454,2495,8,3,611.79
7455,2496,148,3,777.04
7456,2497,82,4,558.31
7457,2497,107,3,22.07
7458,2497,144,2,507.04
7459,2497,57,4,268.77
7460,2498,104,1,556.7
7461,2499,150,1,484.06
7462,2500,149,1,254.2
7463,2500,16,2,170.96
7464,2500,127,3,349.21
7465,2501,49,1,186.12
7466,2502,20,2,511.22
7467,2502,130,3,778.31
7468,2502,88,4,581.3
7469,2503,24,2,767.98
7470,2503,66,4,484.78
7471,2503,50,3,370.89
7472,2504,100,2,110.82
7473,2504,94,3,610.92
7474,2504,140,1,80.4
7475,2504,97,3,799.31
7476,2504,45,1,157.83
7477,2505,65,1,748.34
7478,2506,40,4,496.68
7479,2506,65,2,748.34
7480,2506,122,2,444.14
7481,2506,103,1,163.53
7482,2506,30,4,466.19
7483,2507,68,2,636.26
7484,2507,30,1,466.19
7485,2507,59,1,402.24
7486,2508,52,2,457.95
7487,2508,12,4,452.49
7488,2508,39,3,467.56
7489,2508,38,1,272.91
7490,2508,20,4,511.22
7491,2509,36,3,495.03
7492,2510,98,1,569.99
7493,2511,101,1,720.77
7494,2511,25,4,50.04
7495,2511,35,3,593.85
7496,2512,86,4,35.23
7497,2513,38,1,200.55
7498,2513,138,2,126.38
7499,2514,129,3,356.8
7500,2515,100,1,110.82
7501,2516,78,2,789.72
7502,2516,72,1,248.19
7503,2516,1,3,229.43
7504,2516,102,1,378.83
7505,2516,10,2,364.78
7506,2517,129,2,356.8
7507,2517,24,2,767.98
7508,2517,85,4,446.02
7509,2517,59,4,402.24
7510,2517,6,3,498.94
7511,2518,27,2,470.69
7512,2518,58,2,558.64
7513,2518,37,3,253.77
7514,2518,96,1,385.9
7515,2519,78,3,901.71
7516,2519,70,4,318.37
7517,2519,80,1,752.51
7518,2520,60,3,602.69
7519,2520,4,4,478.71
7520,2520,86,4,35.23
7521,2520,25,3,50.04
7522,2521,109,2,382.69
7523,2521,53,3,176.09
7524,2521,80,1,752.51
7525,2522,113,4,149.56
7526,2522,89,2,164.51
7527,2522,99,2,707.47
7528,2522,76,2,571.36
7529,2523,1,3,229.43
7530,2523,135,4,457.51
7531,2523,121,1,643.49
7532,2523,9,2,185.56
7533,2523,18,2,315.84
7534,2524,86,2,35.23
7535,2524,8,3,611.79
7536,2525,55,2,472.02
7537,2525,39,2,467.56
7538,2525,64,1,123.33
7539,2525,126,2,101.97
7540,2526,39,3,467.56
7541,2526,115,4,769.44
7542,2526,65,2,748.34
7543,2526,95,4,550.05
7544,2526,7,1,797.36
7545,2527,101,4,720.77
7546,2527,44,4,14.87
7547,2527,22,3,759.83
7548,2528,15,2,715.52
7549,2528,66,1,484.78
7550,2528,104,3,556.7
7551,2528,77,4,0.0
7552,2529,54,4,119.66
7553,2529,119,2,443.26
7554,2529,73,4,757.68
7555,2529,123,2,717.17
7556,2529,97,2,799.31
7557,2530,35,2,593.85
7558,2531,130,3,778.31
7559,2531,19,1,582.15
7560,2531,150,1,484.06
7561,2532,83,4,57.87
7562,2532,134,3,14.54
7563,2533,138,3,126.38
7564,2533,108,2,596.14
7565,2534,30,4,466.19
7566,2535,96,2,385.9
7567,2535,63,3,82.09
7568,2535,144,2,507.04
7569,2535,19,3,582.15
7570,2536,57,2,268.77
7571,2536,142,1,758.12
7572,2536,91,1,425.2
7573,2536,94,3,610.92
7574,2537,149,3,254.2
7575,2538,40,4,496.68
7576,2538,96,1,385.9
7577,2539,135,3,457.51
7578,2539,24,4,767.98
7579,2540,49,2,186.12
7580,2540,99,2,707.47
7581,2540,23,4,701.6
7582,2540,18,3,315.84
7583,2540,81,2,226.08
7584,2541,88,1,581.3
7585,2541,102,3,378.83
7586,2541,112,4,306.6
7587,2542,107,2,22.07
7588,2542,8,4,611.79
7589,2542,20,3,511.22
7590,2542,121,4,643.49
7591,2543,52,3,457.95
7592,2543,4,3,636.38
7593,2543,29,2,474.32
7594,2543,110,3,335.07
7595,2544,76,4,571.36
7596,2544,78,3,789.72
7597,2544,58,3,558.64
7598,2544,143,3,488.21
7599,2544,6,4,498.94
7600,2545,89,4,164.51
7601,2546,73,4,757.68
7602,2546,128,4,383.45
7603,2546,53,4,176.09
7604,2546,148,4,777.04
7605,2547,149,4,254.2
7606,2548,72,1,248.19
7607,2548,15,1,715.52
7608,2548,106,4,256.39
7609,2549,55,2,472.02
7610,2549,45,2,157.83
7611,2550,12,4,452.49
7612,2550,111,4,781.01
7613,2551,41,2,574.12
7614,2552,28,4,487.27
7615,2552,90,4,503.63
7616,2552,11,2,117.66
7617,2552,1,2,229.43
7618,2553,33,1,680.29
7619,2553,14,3,754.03
7620,2554,54,3,119.66
7621,2555,110,4,335.07
7622,2555,107,1,22.07
7623,2555,135,1,457.51
7624,2556,130,3,778.31
7625,2556,58,1,558.64
7626,2556,102,1,378.83
7627,2557,140,4,80.4
7628,2558,147,4,630.5
7629,2558,67,3,755.48
7630,2559,146,3,19.08
7631,2559,78,1,789.72
7632,2559,54,4,119.66
7633,2559,80,4,752.51
7634,2560,96,1,385.9
7635,2560,3,2,302.94
7636,2560,30,1,466.19
7637,2560,124,1,127.43
7638,2560,99,4,707.47
7639,2561,138,3,126.38
7640,2561,55,1,472.02
7641,2561,16,4,170.96
7642,2561,5,1,459.8
7643,2561,70,2,223.9
7644,2562,113,2,149.56
7645,2562,101,1,720.77
7646,2562,90,4,503.63
7647,2562,106,1,256.39
7648,2562,126,3,101.97
7649,2563,41,3,574.12
7650,2563,47,3,434.59
7651,2564,33,1,680.29
7652,2564,35,4,593.85
7653,2565,31,2,682.52
7654,2565,76,1,571.36
7655,2565,57,2,268.77
7656,2566,132,1,660.44
7657,2566,1,2,229.43
7658,2566,135,3,457.51
7659,2566,127,2,349.21
7660,2567,146,2,19.08
7661,2567,96,1,385.9
7662,2567,149,2,254.2
7663,2568,138,1,126.38
7664,2568,19,2,582.15
7665,2568,18,2,315.84
7666,2568,113,1,149.56
7667,2568,37,1,253.77
7668,2569,25,2,38.29
7669,2569,5,2,564.6
7670,2570,18,1,315.84
7671,2570,85,2,446.02
7672,2570,64,4,123.33
7673,2571,54,1,119.66
7674,2572,118,4,361.9
7675,2572,110,1,335.07
7676,2572,73,4,757.68
7677,2572,41,3,574.12
7678,2573,67,1,755.48
7679,2573,65,3,748.34
7680,2573,138,2,126.38
7681,2573,86,2,35.23
7682,2574,39,4,467.56
7683,2574,27,3,470.69
7684,2574,114,3,709.75
7685,2574,25,4,50.04
7686,2574,1,4,229.43
7687,2575,131,1,318.76
7688,2575,141,4,664.67
7689,2576,110,2,335.07
7690,2577,89,1,164.51
7691,2578,74,1,429.76
7692,2578,148,4,777.04
7693,2578,47,1,434.59
7694,2578,62,3,302.99
7695,2579,56,1,783.92
7696,2580,91,2,425.2
7697,2580,50,3,370.89
7698,2580,88,3,581.3
7699,2580,137,3,704.57
7700,2581,51,2,521.96
7701,2581,35,2,593.85
7702,2581,63,1,82.09
7703,2582,79,2,499.3
7704,2583,109,3,382.69
7705,2583,81,2,226.08
7706,2583,107,2,22.07
7707,2583,73,1,757.68
7708,2584,1,3,229.43
7709,2584,107,2,22.07
7710,2584,101,2,720.77
7711,2585,146,2,19.08
7712,2585,140,2,80.4
7713,2586,32,4,176.75
7714,2586,105,1,462.17
7715,2586,13,2,302.7
7716,2586,20,4,511.22
7717,2587,132,3,660.44
7718,2588,118,2,361.9
7719,2588,76,3,571.36
7720,2588,17,2,658.83
7721,2588,100,2,110.82
7722,2588,58,1,558.64
7723,2589,35,1,593.85
7724,2589,28,3,487.27
7725,2589,31,2,682.52
7726,2589,143,1,488.21
7727,2589,45,1,157.83
7728,2590,66,4,484.78
7729,2591,71,3,326.37
7730,2591,84,2,431.32
7731,2591,130,4,778.31
7732,2591,40,2,496.68
7733,2592,94,1,610.92
7734,2592,64,2,123.33
7735,2593,125,1,60.95
7736,2594,10,2,364.78
7737,2594,67,4,755.48
7738,2594,61,1,0.0
7739,2594,122,3,444.14
7740,2595,104,4,556.7
7741,2595,100,1,110.82
7742,2595,10,1,364.78
7743,2595,15,4,715.52
7744,2596,15,3,715.52
7745,2597,81,4,226.08
7746,2597,97,3,799.31
7747,2597,145,1,229.11
7748,2598,92,1,416.84
7749,2599,77,2,0.0
7750,2600,117,3,723.89
7751,2600,132,2,660.44
7752,2600,122,2,444.14
7753,2600,55,4,472.02
7754,2601,93,3,-549.02
7755,2601,54,3,119.66
7756,2601,94,3,610.92
7757,2601,42,3,458.23
7758,2601,83,3,57.87
7759,2602,143,4,488.21
7760,2602,104,1,556.7
7761,2602,9,3,185.56
7762,2603,147,3,630.5
7763,2603,13,1,302.7
7764,2603,26,2,266.42
7765,2603,84,3,431.32
7766,2604,12,1,452.49
7767,2604,66,3,484.78
7768,2604,122,4,444.14
7769,2604,106,3,256.39
7770,2605,14,3,832.26
7771,2605,32,4,176.75
7772,2605,71,4,326.37
7773,2605,46,3,566.86
7774,2606,100,3,110.82
7775,2606,7,3,797.36
7776,2606,102,2,355.49
7777,2607,116,3,499.37
7778,2607,49,3,186.12
7779,2607,148,2,777.04
7780,2607,11,2,117.66
7781,2608,56,4,783.92
7782,2609,133,4,53.99
7783,2609,25,4,50.04
7784,2609,147,4,630.5
7785,2609,104,3,556.7
7786,2609,142,2,758.12
7787,2610,76,1,571.36
7788,2610,12,3,452.49
7789,2611,132,2,660.44
7790,2611,73,2,757.68
7791,2612,73,1,757.68
7792,2612,147,2,630.5
7793,2612,106,1,256.39
7794,2612,40,2,496.68
7795,2612,5,4,459.8
7796,2613,24,4,767.98
7797,2613,120,2,163.71
7798,2613,97,2,799.31
7799,2613,78,4,789.72
7800,2613,41,1,574.12
7801,2614,27,4,470.69
7802,2614,52,3,457.95
7803,2614,83,3,57.87
7804,2615,114,3,709.75
7805,2615,45,4,157.83
7806,2616,7,2,797.36
7807,2617,96,3,385.9
7808,2617,150,4,484.06
7809,2618,125,2,60.95
7810,2618,65,3,748.34
7811,2619,112,1,306.6
7812,2620,99,2,707.47
7813,2620,61,3,0.0
7814,2621,123,3,717.17
7815,2621,12,3,452.49
7816,2621,57,4,268.77
7817,2621,132,4,660.44
7818,2621,42,2,458.23
7819,2622,87,1,353.29
7820,2622,146,1,19.08
7821,2622,32,3,176.75
7822,2622,64,2,123.33
7823,2623,42,2,458.23
7824,2624,26,3,266.42
7825,2624,19,2,582.15
7826,2624,64,3,123.33
7827,2625,55,2,472.02
7828,2626,113,3,149.56
7829,2626,71,3,326.37
7830,2626,88,1,581.3
7831,2627,117,1,723.89
7832,2627,101,3,720.77
7833,2627,95,1,550.05
7834,2627,115,3,769.44
7835,2627,136,1,254.21
7836,2628,78,4,789.72
7837,2629,26,4,266.42
7838,2629,145,3,229.11
7839,2630,133,3,53.99
7840,2630,4,1,636.38
7841,2631,110,1,335.07
7842,2631,85,4,569.62
7843,2631,148,4,777.04
7844,2631,21,1,658.67
7845,2631,58,3,558.64
7846,2632,135,3,457.51
7847,2632,111,4,781.01
7848,2632,127,1,349.21
7849,2632,140,3,80.4
7850,2632,137,3,704.57
7851,2633,103,3,163.53
7852,2634,52,3,457.95
7853,2634,70,3,318.37
7854,2634,131,4,318.76
7855,2634,15,4,715.52
7856,2635,48,2,107.37
7857,2635,99,4,707.47
7858,2635,144,3,507.04
7859,2636,44,1,14.87
7860,2636,70,4,318.37
7861,2637,71,1,326.37
7862,2638,92,1,416.84
7863,2638,52,3,457.95
7864,2638,114,4,709.75
7865,2638,110,2,335.07
7866,2638,44,1,14.87
7867,2639,117,2,723.89
7868,2639,83,3,57.87
7869,2640,145,1,229.11
7870,2640,67,1,755.48
7871,2641,110,2,335.07
7872,2642,138,4,126.38
7873,2642,143,4,512.24
7874,2642,44,4,14.87
7875,2642,55,1,472.02
7876,2642,149,2,254.2
7877,2643,25,2,50.04
7878,2643,6,4,498.94
7879,2644,7,1,797.36
7880,2644,132,1,660.44
7881,2644,56,3,783.92
7882,2644,28,4,487.27
7883,2645,7,4,797.36
7884,2645,141,4,664.67
7885,2645,34,1,369.27
7886,2646,49,4,186.12
7887,2646,44,3,14.87
7888,2647,36,3,495.03
7889,2647,100,4,110.82
7890,2647,93,1,-549.02
7891,2648,142,1,758.12
7892,2649,105,1,462.17
7893,2649,47,3,434.59
7894,2650,66,3,484.78
7895,2650,55,3,413.13
7896,2650,47,4,434.59
7897,2651,118,2,361.9
7898,2651,36,4,495.03
7899,2651,126,1,101.97
7900,2652,20,2,511.22
7901,2652,112,1,306.6
7902,2652,123,1,717.17
7903,2652,52,1,457.95
7904,2652,73,1,757.68
7905,2653,57,1,268.77
7906,2653,145,2,229.11
7907,2653,75,2,421.56
7908,2653,45,1,157.83
7909,2653,119,3,443.26
7910,2654,8,3,611.79
7911,2655,110,4,335.07
7912,2655,79,4,499.3
7913,2655,105,1,462.17
7914,2656,123,4,717.17
7915,2656,70,3,318.37
7916,2656,120,4,163.71
7917,2656,81,4,226.08
7918,2656,104,3,556.7
7919,2657,43,2,25.96
7920,2657,78,4,789.72
7921,2658,31,4,682.52
7922,2658,79,1,499.3
7923,2659,94,1,610.92
7924,2659,20,1,511.22
7925,2659,75,2,421.56
7926,2659,103,3,163.53
7927,2660,128,3,383.45
7928,2661,54,4,119.66
7929,2662,150,2,484.06
7930,2662,83,1,57.87
7931,2662,1,1,229.43
7932,2663,113,1,149.56
7933,2664,53,2,176.09
7934,2665,32,4,176.75
7935,2665,121,3,643.49
7936,2665,149,1,254.2
7937,2665,40,1,496.68
7938,2665,19,3,582.15
7939,2666,140,3,80.4
7940,2666,66,2,484.78
7941,2667,48,3,107.37
7942,2668,46,3,566.86
7943,2668,21,3,597.56
7944,2668,86,1,35.23
7945,2668,59,3,402.24
7946,2669,57,1,268.77
7947,2669,52,3,457.95
7948,2669,109,2,382.69
7949,2670,90,1,503.63
7950,2670,29,3,474.32
7951,2670,129,2,356.8
7952,2670,8,3,611.79
7953,2671,134,3,18.17
7954,2671,125,1,60.95
7955,2671,1,1,229.43
7956,2672,55,4,472.02
7957,2673,47,1,434.59
7958,2674,137,1,704.57
7959,2674,131,4,318.76
7960,2675,5,1,459.8
7961,2675,99,3,707.47
7962,2675,72,2,248.19
7963,2675,139,2,322.53
7964,2676,64,2,123.33
7965,2676,58,2,558.64
7966,2676,100,2,110.82
7967,2676,7,1,797.36
7968,2676,101,3,720.77
7969,2677,50,1,370.89
7970,2678,80,3,752.51
7971,2678,133,3,53.99
7972,2678,30,2,466.19
7973,2678,46,1,566.86
7974,2678,106,3,256.39
7975,2679,149,1,254.2
7976,2679,25,3,50.04
7977,2680,97,1,799.31
7978,2681,31,3,682.52
7979,2681,130,1,778.31
7980,2681,8,3,611.79
7981,2681,68,1,636.26
7982,2682,101,1,720.77
7983,2682,88,2,581.3
7984,2683,6,2,498.94
7985,2683,97,2,1073.76
7986,2683,131,3,318.76
7987,2684,47,3,434.59
7988,2684,68,3,636.26
7989,2684,96,4,385.9
7990,2684,39,3,467.56
7991,2685,40,3,496.68
7992,2685,113,3,149.56
7993,2685,124,3,127.43
7994,2685,9,3,185.56
7995,2685,47,1,434.59
7996,2686,145,3,229.11
7997,2686,103,2,163.53
7998,2686,115,4,769.44
7999,2686,62,2,302.99
8000,2686,64,1,123.33
8001,2687,31,2,682.52
8002,2687,101,3,720.77
8003,2687,106,4,256.39
8004,2688,63,2,82.09
8005,2688,133,4,53.99
8006,2688,110,4,335.07
8007,2688,14,3,754.03
8008,2689,121,4,643.49
8009,2689,100,4,110.82
8010,2689,32,2,176.75
8011,2689,115,1,691.69
8012,2689,41,2,574.12
8013,2690,114,4,709.75
8014,2690,67,3,755.48
8015,2690,87,3,353.29
8016,2690,4,4,636.38
8017,2690,6,1,498.94
8018,2691,8,2,611.79
8019,2691,36,3,495.03
8020,2691,113,1,149.56
8021,2692,91,2,425.2
8022,2693,20,4,511.22
8023,2693,56,1,783.92
8024,2693,125,1,60.95
8025,2693,99,1,707.47
8026,2694,71,1,326.37
8027,2694,6,1,498.94
8028,2694,25,2,50.04
8029,2694,76,1,571.36
8030,2694,72,2,248.19
8031,2695,76,1,571.36
8032,2696,121,2,643.49
8033,2696,62,4,302.99
8034,2697,131,2,318.76
8035,2697,71,3,326.37
8036,2697,113,4,149.56
8037,2697,14,1,754.03
8038,2698,119,3,443.26
8039,2699,123,4,717.17
8040,2700,109,4,382.69
8041,2700,4,1,636.38
8042,2700,20,1,511.22
8043,2700,130,1,778.31
8044,2700,64,2,123.33
8045,2701,66,2,484.78
8046,2701,81,4,226.08
8047,2701,59,1,402.24
8048,2702,34,1,369.27
8049,2702,19,4,582.15
8050,2702,105,1,462.17
8051,2702,88,1,581.3
8052,2702,92,4,416.84
8053,2703,110,1,335.07
8054,2703,149,3,254.2
8055,2703,49,3,186.12
8056,2704,11,2,117.66
8057,2705,82,3,558.31
8058,2705,149,3,254.2
8059,2705,57,3,268.77
8060,2705,54,3,119.66
8061,2706,134,2,14.54
8062,2706,138,1,126.38
8063,2706,21,1,658.67
8064,2706,27,3,470.69
8065,2707,105,3,462.17
8066,2707,123,4,717.17
8067,2707,64,4,123.33
8068,2707,34,2,369.27
8069,2708,104,4,556.7
8070,2709,16,3,170.96
8071,2709,68,3,636.26
8072,2709,44,1,14.87
8073,2709,102,4,378.83
8074,2709,139,3,322.53
8075,2710,72,3,248.19
8076,2711,73,3,757.68
8077,2712,109,4,382.69
8078,2713,69,1,678.97
8079,2713,33,4,882.81
8080,2713,30,1,466.19
8081,2713,34,3,369.27
8082,2714,3,1,302.94
8083,2714,113,2,180.08
8084,2714,37,4,253.77
8085,2714,71,2,326.37
8086,2714,39,4,467.56
8087,2715,16,1,170.96
8088,2715,23,3,701.6
8089,2715,84,1,431.32
8090,2715,10,4,364.78
8091,2716,37,4,253.77
8092,2716,104,4,556.7
8093,2716,24,4,767.98
8094,2717,67,2,755.48
8095,2717,119,3,443.26
8096,2717,21,4,658.67
8097,2718,101,3,720.77
8098,2718,146,2,19.94
8099,2718,30,1,466.19
8100,2719,9,4,185.56
8101,2720,39,4,467.56
8102,2720,147,4,630.5
8103,2721,59,4,402.24
8104,2722,25,3,50.04
8105,2722,135,2,457.51
8106,2722,21,1,658.67
8107,2722,34,2,369.27
8108,2723,114,4,709.75
8109,2723,92,3,416.84
8110,2723,119,1,443.26
8111,2723,59,3,402.24
8112,2723,120,1,163.71
8113,2724,61,3,0.0
8114,2724,6,3,498.94
8115,2725,88,4,581.3
8116,2725,19,2,582.15
8117,2725,67,3,755.48
8118,2725,24,4,767.98
8119,2725,61,2,0.0
8120,2726,32,2,176.75
8121,2727,95,2,550.05
8122,2727,46,1,566.86
8123,2728,53,1,176.09
8124,2728,12,1,452.49
8125,2729,130,2,778.31
8126,2729,31,3,682.52
8127,2729,140,4,80.4
8128,2729,69,2,678.97
8129,2730,112,4,306.6
8130,2730,129,2,356.8
8131,2730,10,4,364.78
8132,2730,118,2,361.9
8133,2730,105,3,462.17
8134,2731,8,4,611.79
8135,2731,38,3,272.91
8136,2731,148,2,777.04
8137,2731,11,3,117.66
8138,2732,28,4,487.27
8139,2732,86,1,35.23
8140,2732,101,2,720.77
8141,2732,92,3,416.84
8142,2732,131,3,318.76
8143,2733,15,3,715.52
8144,2733,130,4,778.31
8145,2733,19,1,582.15
8146,2733,122,3,444.14
8147,2734,121,4,643.49
8148,2734,32,1,176.75
8149,2734,13,1,302.7
8150,2735,86,1,35.23
8151,2735,91,3,425.2
8152,2735,45,4,187.5
8153,2735,46,3,566.86
8154,2735,93,4,-549.02
8155,2736,55,4,472.02
8156,2736,112,2,306.6
8157,2736,4,1,636.38
8158,2736,10,3,364.78
8159,2737,146,4,19.08
8160,2738,59,2,402.24
8161,2738,23,4,701.6
8162,2738,121,4,643.49
8163,2739,32,3,176.75
8164,2740,134,3,14.54
8165,2740,87,1,353.29
8166,2740,121,3,643.49
8167,2740,122,1,444.14
8168,2741,140,4,80.4
8169,2741,24,1,767.98
8170,2741,73,1,757.68
8171,2741,145,2,229.11
8172,2741,113,3,149.56
8173,2742,36,2,495.03
8174,2742,120,3,163.71
8175,2742,107,3,22.07
8176,2742,57,1,268.77
8177,2742,70,4,318.37
8178,2743,48,2,107.37
8179,2743,115,1,769.44
8180,2743,68,2,636.26
8181,2743,117,4,723.89
8182,2744,116,3,499.37
8183,2744,6,3,498.94
8184,2745,145,2,229.11
8185,2745,9,4,185.56
8186,2745,103,3,163.53
8187,2746,148,4,777.04
8188,2746,125,1,60.95
8189,2746,134,4,14.54
8190,2746,133,4,53.99
8191,2746,86,2,35.23
8192,2747,149,4,254.2
8193,2747,133,2,53.99
8194,2747,11,4,117.66
8195,2747,146,2,19.08
8196,2748,130,2,778.31
8197,2749,83,2,57.87
8198,2749,106,3,216.42
8199,2749,50,4,370.89
8200,2750,85,1,446.02
8201,2750,68,2,636.26
8202,2750,123,2,717.17
8203,2750,74,1,429.76
8204,2750,47,2,434.59
8205,2751,41,3,574.12
8206,2751,138,4,126.38
8207,2751,142,4,758.12
8208,2752,125,2,60.95
8209,2753,69,1,678.97
8210,2753,127,1,349.21
8211,2754,3,2,302.94
8212,2754,105,2,462.17
8213,2754,72,3,248.19
8214,2755,35,2,593.85
8215,2755,33,4,680.29
8216,2755,77,1,0.0
8217,2755,69,3,678.97
8218,2755,32,4,176.75
8219,2756,32,2,176.75
8220,2757,41,2,574.12
8221,2757,31,2,682.52
8222,2758,26,1,266.42
8223,2758,69,1,678.97
8224,2759,77,2,0.0
8225,2759,46,1,566.86
8226,2759,139,3,322.53
8227,2759,23,1,701.6
8228,2759,76,4,571.36
8229,2760,28,3,487.27
8230,2761,78,2,789.72
8231,2762,46,2,566.86
8232,2762,127,3,349.21
8233,2763,97,4,799.31
8234,2763,90,1,503.63
8235,2763,106,4,256.39
8236,2764,25,2,69.14
8237,2765,118,2,378.16
8238,2766,35,2,593.85
8239,2767,82,3,558.31
8240,2767,16,2,170.96
8241,2767,26,3,266.42
8242,2768,141,1,664.67
8243,2768,17,4,658.83
8244,2768,73,4,757.68
8245,2768,122,4,444.14
8246,2769,50,3,370.89
8247,2769,140,1,80.4
8248,2770,129,3,356.8
8249,2771,92,4,416.84
8250,2771,112,2,306.6
8251,2771,94,3,610.92
8252,2771,21,3,658.67
8253,2771,150,3,484.06
8254,2772,96,3,385.9
8255,2773,73,2,757.68
8256,2773,150,2,484.06
8257,2773,76,3,571.36
8258,2773,70,4,318.37
8259,2773,34,3,369.27
8260,2774,146,3,19.08
8261,2775,17,3,658.83
8262,2775,4,1,636.38
8263,2775,87,3,353.29
8264,2775,145,2,229.11
8265,2775,42,1,458.23
8266,2776,76,2,571.36
8267,2777,85,3,446.02
8268,2777,104,3,556.7
8269,2777,146,4,19.08
8270,2778,122,1,444.14
8271,2778,118,1,361.9
8272,2778,68,4,636.26
8273,2779,63,3,82.09
8274,2779,99,4,707.47
8275,2780,150,2,484.06
8276,2780,105,2,462.17
8277,2780,40,2,496.68
8278,2781,75,2,421.56
8279,2781,18,4,315.84
8280,2781,128,1,383.45
8281,2781,56,4,783.92
8282,2782,85,1,446.02
8283,2782,141,3,664.67
8284,2783,98,4,569.99
8285,2783,78,3,789.72
8286,2783,142,4,758.12
8287,2784,138,4,126.38
8288,2784,111,4,781.01
8289,2785,60,4,602.69
8290,2785,15,4,715.52
8291,2785,97,2,799.31
8292,2785,12,2,452.49
8293,2786,31,2,682.52
8294,2786,107,1,22.07
8295,2786,66,2,484.78
8296,2786,8,3,611.79
8297,2787,70,1,318.37
8298,2787,138,1,126.38
8299,2787,48,3,107.37
8300,2787,109,4,382.69
8301,2788,90,4,503.63
8302,2789,23,4,701.6
8303,2789,138,4,126.38
8304,2789,52,3,457.95
8305,2790,113,1,149.56
8306,2790,92,1,416.84
8307,2790,136,3,254.21
8308,2790,99,4,707.47
8309,2790,55,4,472.02
8310,2791,23,1,701.6
8311,2791,4,1,636.38
8312,2791,75,4,421.56
8313,2791,132,4,660.44
8314,2792,37,3,253.77
8315,2792,118,3,361.9
8316,2792,146,3,19.08
8317,2792,59,1,402.24
8318,2792,87,4,353.29
8319,2793,114,3,709.75
8320,2793,133,4,53.99
8321,2793,44,4,14.87
8322,2794,118,2,361.9
8323,2795,115,1,769.44
8324,2795,11,1,117.66
8325,2795,16,2,170.96
8326,2796,68,2,636.26
8327,2796,50,4,370.89
8328,2797,98,2,569.99
8329,2798,60,4,602.69
8330,2798,31,1,682.52
8331,2798,13,1,302.7
8332,2799,58,4,558.64
8333,2799,72,1,248.19
8334,2799,94,3,610.92
8335,2799,127,4,349.21
8336,2799,19,4,665.47
8337,2800,128,3,383.45
8338,2800,41,1,574.12
8339,2800,110,4,335.07
8340,2800,129,1,356.8
8341,2801,3,3,302.94
8342,2801,71,1,326.37
8343,2801,35,4,593.85
8344,2801,75,2,421.56
8345,2801,142,1,758.12
8346,2802,99,4,707.47
8347,2802,97,4,799.31
8348,2802,124,2,127.43
8349,2803,69,1,678.97
8350,2803,60,2,602.69
8351,2803,130,4,778.31
8352,2803,88,3,581.3
8353,2804,45,3,157.83
8354,2804,25,1,50.04
8355,2804,13,3,302.7
8356,2805,13,3,302.7
8357,2805,138,2,126.38
8358,2805,8,2,611.79
8359,2805,120,3,163.71
8360,2806,132,2,660.44
8361,2807,56,1,783.92
8362,2807,132,3,660.44
8363,2808,129,1,356.8
8364,2808,11,3,117.66
8365,2808,66,2,484.78
8366,2808,114,3,709.75
8367,2809,147,4,630.5
8368,2809,52,4,457.95
8369,2809,26,3,266.42
8370,2809,11,1,117.66
8371,2809,89,3,164.51
8372,2810,31,4,682.52
8373,2810,8,2,611.79
8374,2810,84,2,431.32
8375,2811,107,4,22.07
8376,2811,87,4,353.29
8377,2811,60,4,602.69
8378,2811,86,1,35.23
8379,2811,124,2,127.43
8380,2812,77,1,0.0
8381,2812,68,4,636.26
8382,2812,26,2,266.42
8383,2812,140,4,80.4
8384,2812,90,1,503.63
8385,2813,6,4,498.94
8386,2813,71,2,326.37
8387,2813,115,2,769.44
8388,2813,63,4,82.09
8389,2813,39,1,467.56
8390,2814,19,4,582.15
8391,2814,31,1,682.52
8392,2814,69,1,678.97
8393,2815,29,1,474.32
8394,2815,24,2,767.98
8395,2815,133,3,53.99
8396,2815,147,3,630.5
8397,2816,146,3,19.08
8398,2816,119,3,443.26
8399,2816,73,3,757.68
8400,2816,55,1,472.02
8401,2816,96,3,385.9
8402,2817,59,4,402.24
8403,2817,134,1,14.54
8404,2817,105,3,462.17
8405,2818,53,3,176.09
8406,2818,49,1,186.12
8407,2818,45,3,157.83
8408,2818,102,1,378.83
8409,2819,81,4,226.08
8410,2820,43,1,25.96
8411,2821,96,2,385.9
8412,2821,39,2,467.56
8413,2821,17,2,658.83
8414,2821,33,2,680.29
8415,2822,127,1,349.21
8416,2822,14,1,754.03
8417,2822,49,3,186.12
8418,2822,113,3,149.56
8419,2823,66,4,484.78
8420,2823,53,1,176.09
8421,2823,118,3,361.9
8422,2823,24,4,767.98
8423,2823,27,1,470.69
8424,2824,31,2,682.52
8425,2824,136,3,254.21
8426,2824,110,4,335.07
8427,2824,36,3,495.03
8428,2824,61,3,0.0
8429,2825,147,3,630.5
8430,2826,139,4,322.53
8431,2827,45,2,157.83
8432,2827,56,4,783.92
8433,2827,121,2,643.49
8434,2828,33,4,680.29
8435,2828,104,2,556.7
8436,2829,8,4,611.79
8437,2829,38,1,272.91
8438,2830,130,2,778.31
8439,2830,48,3,107.37
8440,2830,110,2,335.07
8441,2831,39,2,467.56
8442,2831,51,2,521.96
8443,2831,34,4,369.27
8444,2831,142,1,758.12
8445,2832,125,2,60.95
8446,2832,83,1,57.87
8447,2832,91,4,425.2
8448,2833,27,1,470.69
8449,2833,4,4,636.38
8450,2833,121,4,643.49
8451,2834,128,4,383.45
8452,2834,73,2,757.68
8453,2834,36,4,495.03
8454,2835,42,2,458.23
8455,2836,12,1,452.49
8456,2836,16,3,170.96
8457,2837,61,1,0.0
8458,2837,130,3,778.31
8459,2837,121,2,643.49
8460,2838,33,1,680.29
8461,2838,68,2,636.26
8462,2838,102,1,378.83
8463,2838,18,3,315.84
8464,2839,4,4,636.38
8465,2839,105,2,462.17
8466,2839,16,1,170.96
8467,2839,63,1,73.03
8468,2839,85,1,446.02
8469,2840,124,3,127.43
8470,2840,68,4,636.26
8471,2840,2,2,536.34
8472,2840,143,1,488.21
8473,2841,137,1,704.57
8474,2841,61,3,0.0
8475,2841,99,4,707.47
8476,2841,119,2,443.26
8477,2841,1,4,229.43
8478,2842,88,4,581.3
8479,2842,89,1,164.51
8480,2842,122,3,444.14
8481,2842,141,2,664.67
8482,2843,125,4,60.95
8483,2843,45,3,157.83
8484,2843,129,1,356.8
8485,2843,62,2,302.99
8486,2844,144,2,507.04
8487,2844,14,1,754.03
8488,2845,89,2,164.51
8489,2845,120,4,163.71
8490,2846,139,1,322.53
8491,2847,37,2,253.77
8492,2848,86,3,35.23
8493,2848,46,1,566.86
8494,2848,13,1,302.7
8495,2849,83,1,57.87
8496,2850,85,4,446.02
8497,2850,16,1,170.96
8498,2850,134,1,14.54
8499,2850,47,2,434.59
8500,2851,95,1,550.05
8501,2851,29,1,474.32
8502,2851,78,3,789.72
8503,2852,41,4,574.12
8504,2853,59,3,402.24
8505,2853,50,1,370.89
8506,2854,70,3,318.37
8507,2854,9,1,185.56
8508,2854,95,3,550.05
8509,2854,136,4,254.21
8510,2855,15,4,715.52
8511,2856,136,3,254.21
8512,2856,37,4,253.77
8513,2856,129,1,356.8
8514,2856,17,4,658.83
8515,2857,113,3,149.56
8516,2858,45,1,157.83
8517,2858,107,1,22.07
8518,2858,56,2,783.92
8519,2858,89,2,164.51
8520,2859,41,2,574.12
8521,2859,119,4,443.26
8522,2859,121,4,427.74
8523,2859,117,1,723.89
8524,2859,23,4,701.6
8525,2860,43,1,25.96
8526,2860,147,4,630.5
8527,2860,62,2,302.99
8528,2860,15,3,715.52
8529,2860,148,1,777.04
8530,2861,1,1,229.43
8531,2861,86,2,35.23
8532,2861,107,3,22.07
8533,2861,133,4,53.99
8534,2862,106,1,256.39
8535,2863,50,1,370.89
8536,2863,15,2,715.52
8537,2864,53,2,176.09
8538,2864,22,3,759.83
8539,2865,3,4,302.94
8540,2866,82,2,558.31
8541,2867,81,4,226.08
8542,2867,119,4,443.26
8543,2867,27,1,470.69
8544,2867,130,4,778.31
8545,2868,38,1,365.52
8546,2868,54,1,119.66
8547,2868,31,2,682.52
8548,2868,89,2,164.51
8549,2868,28,4,487.27
8550,2869,130,4,778.31
8551,2869,22,1,759.83
8552,2869,135,4,457.51
8553,2869,131,3,318.76
8554,2869,62,1,302.99
8555,2870,69,3,678.97
8556,2870,15,3,715.52
8557,2870,141,3,664.67
8558,2870,51,3,521.96
8559,2871,81,1,226.08
8560,2871,126,1,101.97
8561,2872,75,1,421.56
8562,2872,60,2,602.69
8563,2872,114,2,709.75
8564,2873,80,4,752.51
8565,2873,137,4,704.57
8566,2874,28,3,487.27
8567,2874,140,4,80.4
8568,2874,36,1,495.03
8569,2874,100,3,110.82
8570,2875,22,4,759.83
8571,2875,16,3,170.96
8572,2875,56,4,783.92
8573,2875,114,2,709.75
8574,2875,69,2,678.97
8575,2876,32,1,176.75
8576,2876,64,1,123.33
8577,2877,41,2,574.12
8578,2877,148,1,777.04
8579,2877,116,1,499.37
8580,2877,111,1,781.01
8581,2877,125,3,60.95
8582,2878,37,4,253.77
8583,2878,127,3,349.21
8584,2878,144,2,507.04
8585,2878,53,3,176.09
8586,2878,110,3,335.07
8587,2879,45,1,157.83
8588,2880,49,3,186.12
8589,2880,150,1,484.06
8590,2880,97,3,799.31
8591,2880,55,3,472.02
8592,2880,45,4,157.83
8593,2881,47,4,434.59
8594,2881,70,4,318.37
8595,2881,37,2,253.77
8596,2881,63,2,82.09
8597,2881,122,4,444.14
8598,2882,132,4,660.44
8599,2882,47,1,434.59
8600,2882,71,1,326.37
8601,2883,126,1,101.97
8602,2883,62,4,302.99
8603,2883,131,1,318.76
8604,2884,88,3,581.3
8605,2885,16,4,170.96
8606,2885,3,1,302.94
8607,2885,19,2,582.15
8608,2886,62,4,302.99
8609,2886,50,2,370.89
8610,2886,134,2,14.54
8611,2887,12,3,452.49
8612,2887,15,2,715.52
8613,2887,127,3,349.21
8614,2888,72,2,248.19
8615,2888,71,4,326.37
8616,2889,61,1,0.0
8617,2889,41,2,574.12
8618,2889,97,2,799.31
8619,2890,70,2,318.37
8620,2890,19,1,582.15
8621,2890,117,1,723.89
8622,2891,112,3,306.6
8623,2891,58,4,558.64
8624,2892,141,4,664.67
8625,2892,10,3,364.78
8626,2892,7,3,797.36
8627,2892,46,3,566.86
8628,2892,60,3,602.69
8629,2893,65,2,748.34
8630,2893,137,3,704.57
8631,2894,100,3,110.82
8632,2895,91,1,425.2
8633,2895,114,4,709.75
8634,2895,9,1,185.56
8635,2895,123,2,717.17
8636,2896,86,3,35.23
8637,2896,142,1,758.12
8638,2897,34,1,369.27
8639,2897,9,4,185.56
8640,2898,106,1,256.39
8641,2898,108,4,596.14
8642,2898,59,4,402.24
8643,2898,1,4,229.43
8644,2898,124,4,127.43
8645,2899,135,3,482.61
8646,2899,79,2,499.3
8647,2899,149,3,254.2
8648,2899,54,4,119.66
8649,2899,49,4,186.12
8650,2900,51,2,521.96
8651,2900,52,4,457.95
8652,2900,44,1,14.87
8653,2901,76,2,571.36
8654,2901,65,4,748.34
8655,2901,106,4,256.39
8656,2901,86,4,35.23
8657,2902,130,1,778.31
8658,2902,137,3,704.57
8659,2902,79,2,499.3
8660,2902,49,1,186.12
8661,2902,145,2,229.11
8662,2903,42,2,458.23
8663,2903,129,1,356.8
8664,2903,38,1,375.4
8665,2904,25,1,50.04
8666,2904,11,1,109.66
8667,2905,9,4,185.56
8668,2905,149,4,254.2
8669,2906,52,2,457.95
8670,2906,20,2,511.22
8671,2906,72,2,248.19
8672,2907,51,2,521.96
8673,2907,59,4,402.24
8674,2908,149,1,254.2
8675,2908,55,1,472.02
8676,2908,107,4,22.07
8677,2909,124,3,127.43
8678,2909,96,4,385.9
8679,2909,140,1,80.4
8680,2910,143,2,488.21
8681,2910,134,2,14.54
8682,2910,33,3,680.29
8683,2910,45,2,157.83
8684,2911,32,3,176.75
8685,2912,4,3,636.38
8686,2912,104,4,556.7
8687,2912,28,3,487.27
8688,2912,39,1,467.56
8689,2913,64,1,123.33
8690,2914,122,1,444.14
8691,2914,75,4,421.56
8692,2914,144,4,507.04
8693,2914,89,3,164.51
8694,2914,29,4,474.32
8695,2915,11,2,117.66
8696,2915,47,4,434.59
8697,2915,141,4,664.67
8698,2916,116,1,499.37
8699,2916,143,2,488.21
8700,2916,44,4,14.87
8701,2917,45,4,157.83
8702,2917,12,2,452.49
8703,2917,74,3,429.76
8704,2918,147,1,630.5
8705,2918,141,1,664.67
8706,2918,50,3,370.89
8707,2918,12,1,452.49
8708,2919,64,3,123.33
8709,2919,129,3,356.8
8710,2920,73,1,757.68
8711,2920,71,4,326.37
8712,2920,140,4,80.4
8713,2921,34,4,369.27
8714,2922,94,2,610.92
8715,2923,15,3,715.52
8716,2923,105,4,462.17
8717,2923,53,2,176.09
8718,2924,111,4,781.01
8719,2924,12,2,452.49
8720,2925,12,4,530.19
8721,2925,62,1,302.99
8722,2925,24,4,767.98
8723,2925,112,1,306.6
8724,2925,114,3,709.75
8725,2926,18,2,315.84
8726,2926,100,4,110.82
8727,2926,22,2,759.83
8728,2926,94,2,610.92
8729,2926,12,3,452.49
8730,2927,134,1,14.54
8731,2928,145,2,229.11
8732,2928,56,2,783.92
8733,2928,32,2,176.75
8734,2928,63,3,82.09
8735,2929,70,4,318.37
8736,2929,107,3,22.07
8737,2929,25,1,50.04
8738,2929,85,4,446.02
8739,2929,41,1,574.12
8740,2930,5,3,459.8
8741,2930,139,1,322.53
8742,2930,26,2,266.42
8743,2930,36,2,495.03
8744,2931,101,1,720.77
8745,2931,85,1,446.02
8746,2931,9,1,185.56
8747,2932,143,1,488.21
8748,2932,105,4,462.17
8749,2932,8,3,611.79
8750,2933,129,2,356.8
8751,2933,8,1,611.79
8752,2934,125,2,60.95
8753,2934,134,1,14.54
8754,2934,89,1,164.51
8755,2934,32,3,176.75
8756,2935,36,3,495.03
8757,2935,24,2,767.98
8758,2935,115,2,769.44
8759,2935,27,3,470.69
8760,2936,54,3,119.66
8761,2936,24,4,767.98
8762,2936,57,2,268.77
8763,2936,78,2,789.72
8764,2937,48,1,107.37
8765,2937,58,3,558.64
8766,2937,21,4,658.67
8767,2938,21,1,658.67
8768,2938,45,1,157.83
8769,2939,34,2,369.27
8770,2940,116,2,302.06
8771,2940,107,2,22.07
8772,2940,72,1,248.19
8773,2940,46,4,566.86
8774,2940,114,4,709.75
8775,2941,45,4,157.83
8776,2941,131,1,318.76
8777,2941,6,4,498.94
8778,2941,23,2,701.6
8779,2942,129,1,356.8
8780,2943,39,4,467.56
8781,2944,85,1,446.02
8782,2944,67,4,755.48
8783,2944,54,1,119.66
8784,2944,24,2,767.98
8785,2944,110,1,335.07
8786,2945,69,1,678.97
8787,2945,106,4,256.39
8788,2945,142,1,758.12
8789,2945,120,4,163.71
8790,2945,103,1,163.53
8791,2946,103,1,163.53
8792,2946,83,3,57.87
8793,2946,92,1,416.84
8794,2946,122,1,444.14
8795,2947,123,4,717.17
8796,2947,39,1,467.56
8797,2948,28,2,487.27
8798,2949,84,1,431.32
8799,2949,134,1,14.54
8800,2950,93,3,-549.02
8801,2950,97,3,799.31
8802,2950,58,4,558.64
8803,2950,134,1,14.54
8804,2951,51,1,521.96
8805,2951,120,3,163.71
8806,2951,89,1,164.51
8807,2951,123,4,717.17
8808,2952,102,3,378.83
8809,2952,68,2,636.26
8810,2952,91,1,425.2
8811,2953,70,1,318.37
8812,2954,65,4,748.34
8813,2954,3,4,302.94
8814,2954,17,3,658.83
8815,2954,86,2,35.23
8816,2955,8,1,611.79
8817,2955,36,1,495.03
8818,2955,49,3,186.12
8819,2956,80,2,752.51
8820,2957,146,2,19.08
8821,2958,8,1,611.79
8822,2958,46,2,566.86
8823,2958,76,4,571.36
8824,2958,17,4,658.83
8825,2959,38,2,272.91
8826,2959,31,2,682.52
8827,2959,125,1,60.95
8828,2959,142,1,758.12
8829,2960,49,2,186.12
8830,2960,94,1,610.92
8831,2960,132,3,660.44
8832,2960,118,2,361.9
8833,2961,29,4,474.32
8834,2961,96,2,385.9
8835,2961,99,2,707.47
8836,2961,20,1,511.22
8837,2961,52,4,464.33
8838,2962,28,4,487.27
8839,2963,82,2,558.31
8840,2964,109,2,382.69
8841,2964,22,3,759.83
8842,2965,117,2,723.89
8843,2965,145,2,229.11
8844,2965,21,4,658.67
8845,2965,27,4,470.69
8846,2965,22,1,759.83
8847,2966,25,2,50.04
8848,2966,70,3,318.37
8849,2966,17,1,658.83
8850,2966,111,2,781.01
8851,2967,32,4,176.75
8852,2967,114,4,709.75
8853,2967,5,4,459.8
8854,2968,115,3,646.47
8855,2969,121,1,643.49
8856,2969,4,4,636.38
8857,2970,26,2,266.42
8858,2970,38,1,272.91
8859,2970,92,2,416.84
8860,2970,130,4,778.31
8861,2970,60,3,602.69
8862,2971,136,4,254.21
8863,2971,39,4,467.56
8864,2972,59,2,402.24
8865,2972,41,4,574.12
8866,2972,108,4,596.14
8867,2972,79,1,499.3
8868,2973,19,4,582.15
8869,2973,104,4,556.7
8870,2973,37,3,253.77
8871,2973,125,1,60.95
8872,2974,127,3,349.21
8873,2974,37,2,253.77
8874,2975,15,4,715.52
8875,2976,44,1,14.87
8876,2976,59,3,402.24
8877,2976,122,2,444.14
8878,2976,83,1,57.87
8879,2977,53,4,176.09
8880,2977,116,1,499.37
8881,2977,86,2,35.23
8882,2977,67,4,755.48
8883,2977,92,1,416.84
8884,2978,82,4,558.31
8885,2978,34,1,369.27
8886,2978,74,3,429.76
8887,2978,6,1,498.94
8888,2979,31,3,682.52
8889,2979,146,1,19.08
8890,2979,101,2,720.77
8891,2979,80,3,752.51
8892,2979,43,1,25.96
8893,2980,127,2,349.21
8894,2980,41,3,574.12
8895,2980,108,1,596.14
8896,2980,97,1,799.31
8897,2981,27,1,470.69
8898,2981,77,2,0.0
8899,2981,105,4,462.17
8900,2981,39,3,467.56
8901,2982,19,3,582.15
8902,2982,138,2,126.38
8903,2982,100,1,110.82
8904,2982,145,1,229.11
8905,2983,73,2,757.68
8906,2984,86,1,35.23
8907,2984,59,4,402.24
8908,2984,55,2,472.02
8909,2984,35,1,593.85
8910,2984,74,3,429.76
8911,2985,18,2,315.84
8912,2985,20,3,511.22
8913,2985,31,4,682.52
8914,2986,17,3,658.83
8915,2986,14,4,754.03
8916,2986,80,4,752.51
8917,2987,28,3,487.27
8918,2987,129,4,356.8
8919,2987,95,1,550.05
8920,2988,59,1,402.24
8921,2988,107,3,22.07
8922,2988,109,3,382.69
8923,2988,130,4,778.31
8924,2989,75,1,421.56
8925,2989,73,4,757.68
8926,2989,50,4,370.89
8927,2989,38,2,272.91
8928,2989,9,3,185.56
8929,2990,53,4,176.09
8930,2991,10,3,364.78
8931,2991,13,1,302.7
8932,2991,128,3,383.45
8933,2991,120,2,163.71
8934,2992,117,1,723.89
8935,2992,131,1,318.76
8936,2992,96,1,385.9
8937,2993,35,2,593.85
8938,2993,88,2,581.3
8939,2993,25,4,50.04
8940,2993,15,2,715.52
8941,2994,142,4,758.12
8942,2994,143,1,488.21
8943,2994,115,1,769.44
8944,2994,2,1,603.17
8945,2995,115,3,769.44
8946,2995,10,3,364.78
8947,2995,52,1,457.95
8948,2996,137,3,704.57
8949,2996,59,3,402.24
8950,2996,57,4,268.77
8951,2997,130,2,778.31
8952,2997,103,2,163.53
8953,2998,111,3,781.01
8954,2999,131,2,318.76
8955,2999,37,3,253.77
8956,2999,99,2,707.47
8957,3000,122,4,444.14
8958,3001,27,3,470.69
8959,3002,148,4,777.04
8960,3003,110,3,335.07
8961,3003,139,2,398.92
8962,3003,134,3,14.54
8963,3003,50,4,370.89
8964,3003,86,2,35.23
8965,3004,112,1,306.6
8966,3005,15,4,715.52
8967,3005,63,1,82.09
8968,3005,36,4,495.03
8969,3006,121,3,643.49
8970,3007,130,3,778.31
8971,3007,74,1,429.76
8972,3008,149,2,254.2
8973,3009,120,1,163.71
8974,3009,73,3,757.68
8975,3009,67,2,755.48
8976,3010,114,3,709.75
8977,3010,43,3,25.96
8978,3011,83,2,57.87
8979,3011,47,4,434.59
8980,3011,49,2,186.12
8981,3011,39,4,467.56
8982,3011,82,1,558.31
8983,3012,83,3,57.87
8984,3013,145,4,229.11
8985,3013,16,3,170.96
8986,3013,57,3,268.77
8987,3013,69,3,678.97
8988,3013,121,1,643.49
8989,3014,48,1,107.37
8990,3015,8,2,611.79
8991,3016,15,4,715.52
8992,3017,10,1,364.78
8993,3017,71,4,326.37
8994,3017,63,3,82.09
8995,3018,54,3,119.66
8996,3018,99,3,707.47
8997,3019,77,3,0.0
8998,3019,134,2,14.54
8999,3019,143,4,488.21
9000,3020,48,1,107.37
9001,3020,54,4,119.66
9002,3020,34,4,369.27
9003,3021,122,3,444.14
9004,3022,127,3,349.21
9005,3023,113,4,149.56
9006,3023,117,2,723.89
9007,3023,4,4,636.38
9008,3023,49,2,186.12
9009,3024,95,2,550.05
9010,3024,9,4,185.56
9011,3024,23,2,701.6
9012,3024,48,3,107.37
9013,3025,60,3,602.69
9014,3025,102,4,378.83
9015,3025,80,4,752.51
9016,3026,149,1,254.2
9017,3026,135,4,457.51
9018,3026,16,1,170.96
9019,3026,50,3,370.89
9020,3026,43,3,25.96
9021,3027,8,2,611.79
9022,3028,133,2,53.99
9023,3028,122,1,444.14
9024,3028,15,3,715.52
9025,3028,51,2,521.96
9026,3029,99,3,707.47
9027,3029,6,2,498.94
9028,3030,76,4,571.36
9029,3031,60,1,602.69
9030,3032,100,4,110.82
9031,3032,53,1,176.09
9032,3032,138,4,126.38
9033,3032,97,1,799.31
9034,3032,76,4,571.36
9035,3033,34,4,369.27
9036,3033,57,1,268.77
9037,3033,17,1,658.83
9038,3033,105,3,462.17
9039,3033,38,2,272.91
9040,3034,126,3,101.97
9041,3034,16,3,170.96
9042,3034,150,2,484.06
9043,3035,94,4,610.92
9044,3036,53,1,176.09
9045,3037,26,1,266.42
9046,3037,38,2,272.91
9047,3037,91,1,425.2
9048,3037,126,1,101.97
9049,3038,6,3,498.94
9050,3038,44,1,14.87
9051,3038,25,1,50.04
9052,3039,64,3,123.33
9053,3039,63,2,82.09
9054,3039,34,2,369.27
9055,3039,57,1,268.77
9056,3039,71,4,326.37
9057,3040,6,1,498.94
9058,3040,123,1,717.17
9059,3040,109,3,382.69
9060,3040,39,2,467.56
9061,3041,73,2,868.55
9062,3041,83,3,57.87
9063,3041,87,2,353.29
9064,3041,129,3,356.8
9065,3042,121,2,643.49
9066,3042,133,2,53.99
9067,3042,61,4,0.0
9068,3042,47,1,434.59
9069,3042,58,3,558.64
9070,3043,137,3,704.57
9071,3043,24,3,767.98
9072,3043,41,3,574.12
9073,3043,31,2,682.52
9074,3043,96,4,385.9
9075,3044,27,2,470.69
9076,3045,36,4,495.03
9077,3046,56,2,783.92
9078,3046,78,4,789.72
9079,3047,86,4,35.23
9080,3047,105,2,462.17
9081,3047,75,3,421.56
9082,3048,108,2,596.14
9083,3048,1,1,229.43
9084,3048,51,4,521.96
9085,3048,41,3,574.12
9086,3048,100,3,137.92
9087,3049,62,4,302.99
9088,3049,53,2,176.09
9089,3049,47,4,434.59
9090,3049,73,2,757.68
9091,3050,95,2,550.05
9092,3050,137,3,704.57
9093,3050,65,1,748.34
9094,3050,10,3,364.78
9095,3050,118,2,361.9
9096,3051,16,2,170.96
9097,3051,24,2,767.98
9098,3051,85,4,446.02
9099,3051,74,3,429.76
9100,3052,135,3,457.51
9101,3052,14,2,754.03
9102,3052,142,2,758.12
9103,3052,148,4,777.04
9104,3052,111,4,781.01
9105,3053,1,2,229.43
9106,3053,28,1,487.27
9107,3054,117,4,723.89
9108,3054,4,3,414.81
9109,3054,146,2,19.08
9110,3055,87,1,353.29
9111,3055,114,1,709.75
9112,3055,105,3,462.17
9113,3055,132,3,660.44
9114,3056,53,1,176.09
9115,3056,136,3,254.21
9116,3056,118,2,361.9
9117,3056,41,2,574.12
9118,3056,116,2,499.37
9119,3057,102,2,378.83
9120,3058,67,3,755.48
9121,3058,49,4,186.12
9122,3058,71,1,326.37
9123,3059,2,2,536.34
9124,3059,65,4,748.34
9125,3059,24,2,767.98
9126,3059,146,3,19.08
9127,3060,63,2,82.09
9128,3060,142,4,758.12
9129,3060,140,2,80.4
9130,3060,61,1,0.0
9131,3060,51,2,521.96
9132,3061,4,3,636.38
9133,3061,83,3,57.87
9134,3061,86,2,35.23
9135,3061,18,2,315.84
9136,3061,90,1,503.63
9137,3062,70,1,318.37
9138,3063,62,1,302.99
9139,3063,131,1,318.76
9140,3063,5,4,459.8
9141,3063,66,1,484.78
9142,3063,115,1,769.44
9143,3064,130,1,778.31
9144,3065,19,2,582.15
9145,3065,145,2,229.11
9146,3065,3,2,302.94
9147,3066,21,4,658.67
9148,3066,149,3,254.2
9149,3066,83,4,57.87
9150,3067,10,3,364.78
9151,3068,11,1,117.66
9152,3068,139,4,322.53
9153,3069,44,3,14.87
9154,3069,100,2,110.82
9155,3069,117,2,723.89
9156,3069,77,1,0.0
9157,3070,36,2,495.03
9158,3070,106,4,256.39
9159,3071,130,2,778.31
9160,3071,25,3,42.6
9161,3071,8,2,611.79
9162,3071,92,2,416.84
9163,3072,80,3,752.51
9164,3073,125,1,59.31
9165,3073,22,4,759.83
9166,3074,89,1,164.51
9167,3074,42,1,458.23
9168,3074,49,2,186.12
9169,3074,41,3,574.12
9170,3075,104,2,556.7
9171,3075,124,1,127.43
9172,3076,83,2,57.87
9173,3076,38,3,272.91
9174,3076,17,4,658.83
9175,3076,146,1,20.43
9176,3077,30,2,555.89
9177,3077,121,2,643.49
9178,3077,134,4,14.54
9179,3077,109,3,382.69
9180,3078,16,4,170.96
9181,3078,25,4,50.04
9182,3078,120,1,163.71
9183,3079,107,1,23.24
9184,3079,144,1,507.04
9185,3079,2,4,536.34
9186,3079,30,3,466.19
9187,3079,45,3,157.83
9188,3080,42,1,458.23
9189,3080,18,1,315.84
9190,3080,147,1,630.5
9191,3080,53,3,176.09
9192,3081,79,3,499.3
9193,3081,57,2,268.77
9194,3081,36,3,495.03
9195,3081,43,4,25.96
9196,3081,26,2,266.42
9197,3082,92,2,416.84
9198,3082,84,2,431.32
9199,3082,115,4,769.44
9200,3082,91,3,425.2
9201,3082,81,1,226.08
9202,3083,48,2,107.37
9203,3084,135,4,457.51
9204,3084,129,2,356.8
9205,3085,74,4,429.76
9206,3085,28,4,487.27
9207,3085,7,2,797.36
9208,3085,99,4,707.47
9209,3085,150,4,484.06
9210,3086,132,3,660.44
9211,3086,5,2,459.8
9212,3087,112,1,306.6
9213,3087,23,1,701.6
9214,3087,149,3,254.2
9215,3087,22,2,759.83
9216,3087,134,3,14.54
9217,3088,41,1,574.12
9218,3088,144,2,507.04
9219,3088,97,1,799.31
9220,3088,74,2,429.76
9221,3089,109,4,382.69
9222,3090,96,4,385.9
9223,3091,69,4,678.97
9224,3091,124,2,127.43
9225,3091,75,3,421.56
9226,3091,6,4,498.94
9227,3092,43,1,25.96
9228,3092,99,3,707.47
9229,3092,105,3,462.17
9230,3092,63,1,82.09
9231,3093,126,2,101.97
9232,3093,73,1,757.68
9233,3093,48,2,107.37
9234,3093,35,2,593.85
9235,3093,66,2,484.78
9236,3094,136,1,254.21
9237,3094,100,4,110.82
9238,3094,3,2,302.94
9239,3095,32,4,176.75
9240,3095,6,4,498.94
9241,3095,119,3,443.26
9242,3095,27,2,470.69
9243,3096,4,4,636.38
9244,3096,115,4,769.44
9245,3097,119,2,443.26
9246,3097,114,4,709.75
9247,3097,98,2,569.99
9248,3098,105,3,462.17
9249,3098,124,1,127.43
9250,3098,65,2,748.34
9251,3098,15,1,715.52
9252,3099,143,2,488.21
9253,3099,32,1,176.75
9254,3099,49,3,186.12
9255,3099,104,4,556.7
9256,3100,99,1,707.47
9257,3100,41,1,574.12
9258,3100,52,4,457.95
9259,3100,28,3,487.27
9260,3100,68,1,636.26
9261,3101,82,4,558.31
9262,3101,45,1,157.83
9263,3101,61,3,0.0
9264,3101,117,4,723.89
9265,3101,80,3,764.17
9266,3102,124,4,127.43
9267,3102,134,4,14.54
9268,3102,97,2,799.31
9269,3102,26,2,266.42
9270,3103,121,4,643.49
9271,3104,123,1,717.17
9272,3104,146,2,19.08
9273,3104,138,2,126.38
9274,3105,128,4,383.45
9275,3105,15,4,715.52
9276,3105,3,1,302.94
9277,3105,74,1,429.76
9278,3106,24,1,767.98
9279,3107,12,3,452.49
9280,3108,140,1,80.4
9281,3108,80,3,752.51
9282,3109,51,3,521.96
9283,3109,147,2,630.5
9284,3109,83,4,57.87
9285,3109,124,3,127.43
9286,3109,107,3,22.07
9287,3110,144,4,507.04
9288,3110,94,4,610.92
9289,3110,106,4,256.39
9290,3110,132,3,660.44
9291,3110,121,1,643.49
9292,3111,135,4,457.51
9293,3111,122,1,444.14
9294,3111,142,3,758.12
9295,3112,41,2,574.12
9296,3113,137,2,704.57
9297,3114,5,4,459.8
9298,3114,112,1,306.6
9299,3114,117,1,723.89
9300,3114,10,4,364.78
9301,3115,84,2,431.32
9302,3115,112,2,306.6
9303,3115,16,2,170.96
9304,3115,97,2,799.31
9305,3115,147,3,630.5
9306,3116,6,4,498.94
9307,3116,37,1,253.77
9308,3117,116,2,499.37
9309,3117,63,1,82.09
9310,3118,36,4,495.03
9311,3118,66,4,484.78
9312,3118,39,1,467.56
9313,3118,149,4,254.2
9314,3119,7,1,797.36
9315,3119,3,4,376.92
9316,3119,48,2,107.37
9317,3119,57,1,268.77
9318,3119,121,2,643.49
9319,3120,150,1,484.06
9320,3120,114,3,709.75
9321,3120,90,3,503.63
9322,3121,57,1,268.77
9323,3121,116,2,499.37
9324,3122,148,2,777.04
9325,3122,86,2,35.23
9326,3123,57,2,268.77
9327,3123,100,1,110.82
9328,3123,77,4,0.0
9329,3123,86,1,35.23
9330,3123,16,2,170.96
9331,3124,80,4,752.51
9332,3124,121,3,643.49
9333,3124,36,4,495.03
9334,3124,106,4,256.39
9335,3125,15,2,715.52
9336,3125,114,1,709.75
9337,3125,54,2,119.66
9338,3125,77,2,0.0
9339,3126,8,4,611.79
9340,3126,85,1,446.02
9341,3127,2,4,536.34
9342,3127,96,1,385.9
9343,3127,63,4,82.09
9344,3127,10,1,364.78
9345,3127,50,3,370.89
9346,3128,70,1,318.37
9347,3128,108,4,596.14
9348,3128,37,2,253.77
9349,3128,116,3,499.37
9350,3129,67,3,755.48
9351,3129,48,3,107.37
9352,3129,65,1,748.34
9353,3129,119,3,443.26
9354,3130,97,4,799.31
9355,3130,55,2,472.02
9356,3130,29,3,474.32
9357,3131,92,2,416.84
9358,3131,35,1,593.85
9359,3132,39,2,467.56
9360,3132,11,1,117.66
9361,3132,3,4,302.94
9362,3133,150,4,484.06
9363,3134,136,4,254.21
9364,3134,137,4,704.57
9365,3134,134,4,14.54
9366,3134,23,4,701.6
9367,3135,80,1,752.51
9368,3135,103,3,163.53
9369,3135,18,3,315.84
9370,3136,94,2,610.92
9371,3137,59,2,402.24
9372,3138,28,2,487.27
9373,3138,3,4,302.94
9374,3138,15,3,715.52
9375,3138,125,3,60.95
9376,3139,76,2,571.36
9377,3139,89,2,164.51
9378,3139,27,2,470.69
9379,3140,122,2,444.14
9380,3140,42,3,458.23
9381,3140,70,3,318.37
9382,3140,135,2,457.51
9383,3140,64,4,123.33
9384,3141,126,4,101.97
9385,3141,29,4,474.32
9386,3141,102,2,378.83
9387,3141,65,2,748.34
9388,3141,99,4,707.47
9389,3142,72,4,248.19
9390,3142,108,4,596.14
9391,3142,49,1,186.12
9392,3143,128,3,383.45
9393,3143,35,4,593.85
9394,3144,57,2,268.77
9395,3144,102,4,378.83
9396,3145,20,3,511.22
9397,3145,148,4,777.04
9398,3145,67,1,755.48
9399,3145,70,4,318.37
9400,3146,64,2,123.33
9401,3146,93,2,-549.02
9402,3146,35,4,593.85
9403,3147,34,1,369.27
9404,3147,112,1,306.6
9405,3148,26,3,266.42
9406,3148,133,1,53.99
9407,3148,3,4,302.94
9408,3148,91,4,425.2
9409,3148,81,1,226.08
9410,3149,13,4,302.7
9411,3149,149,2,254.2
9412,3149,116,2,499.37
9413,3150,77,4,0.0
9414,3150,12,3,452.49
9415,3150,113,1,149.56
9416,3151,56,3,783.92
9417,3151,29,2,474.32
9418,3151,117,3,723.89
9419,3151,119,4,443.26
9420,3152,140,3,80.4
9421,3152,3,4,302.94
9422,3152,147,4,630.5
9423,3153,124,2,127.43
9424,3154,123,1,717.17
9425,3155,66,4,484.78
9426,3155,146,2,19.08
9427,3156,105,2,462.17
9428,3156,125,1,60.95
9429,3156,135,1,457.51
9430,3156,25,4,50.04
9431,3156,54,4,119.66
9432,3157,133,1,53.99
9433,3157,43,4,25.96
9434,3157,131,4,318.76
9435,3157,47,3,434.59
9436,3157,115,3,769.44
9437,3158,109,2,382.69
9438,3158,60,1,602.69
9439,3158,100,3,110.82
9440,3159,138,4,126.38
9441,3159,107,3,22.07
9442,3160,27,3,470.69
9443,3160,31,1,682.52
9444,3160,137,1,704.57
9445,3161,40,3,496.68
9446,3162,122,4,444.14
9447,3162,58,2,558.64
9448,3162,4,2,636.38
9449,3162,134,1,14.54
9450,3162,14,3,754.03
9451,3163,111,4,781.01
9452,3163,1,1,229.43
9453,3164,112,2,306.6
9454,3164,34,3,369.27
9455,3164,39,4,467.56
9456,3164,149,3,254.2
9457,3164,48,1,107.37
9458,3165,115,1,769.44
9459,3165,65,3,748.34
9460,3165,2,4,536.34
9461,3165,4,3,636.38
9462,3166,98,3,569.99
9463,3166,92,2,416.84
9464,3166,40,4,496.68
9465,3166,8,1,611.79
9466,3167,27,2,470.69
9467,3167,16,4,170.96
9468,3167,74,1,429.76
9469,3167,82,3,558.31
9470,3168,105,1,462.17
9471,3168,127,2,384.5
9472,3168,114,4,709.75
9473,3168,78,4,789.72
9474,3169,25,3,50.04
9475,3169,61,4,0.0
9476,3169,82,4,558.31
9477,3169,88,1,581.3
9478,3169,112,3,306.6
9479,3170,15,4,715.52
9480,3170,75,4,421.56
9481,3170,105,4,462.17
9482,3170,18,3,315.84
9483,3171,57,2,268.77
9484,3171,110,2,335.07
9485,3172,39,4,467.56
9486,3172,11,4,117.66
9487,3172,145,3,229.11
9488,3172,112,4,306.6
9489,3173,22,2,759.83
9490,3173,77,4,0.0
9491,3173,60,1,602.69
9492,3174,126,1,101.97
9493,3174,29,2,474.32
9494,3174,90,1,503.63
9495,3174,20,2,511.22
9496,3175,112,1,306.6
9497,3175,64,2,123.33
9498,3175,146,3,19.08
9499,3175,78,2,789.72
9500,3176,66,4,484.78
9501,3176,97,3,799.31
9502,3177,31,4,682.52
9503,3177,119,4,443.26
9504,3177,8,1,611.79
9505,3178,149,3,254.2
9506,3178,71,3,326.37
9507,3178,85,4,446.02
9508,3178,62,3,302.99
9509,3179,9,3,185.56
9510,3179,23,2,701.6
9511,3180,98,4,569.99
9512,3180,137,1,704.57
9513,3180,106,1,256.39
9514,3180,83,3,57.87
9515,3180,3,4,302.94
9516,3181,107,4,22.07
9517,3182,138,3,126.38
9518,3183,60,4,602.69
9519,3183,127,1,399.29
9520,3183,136,4,254.21
9521,3183,36,4,495.03
9522,3183,63,1,82.09
9523,3184,11,1,117.66
9524,3184,8,3,611.79
9525,3184,70,1,243.93
9526,3184,124,4,127.43
9527,3184,48,4,107.37
9528,3185,140,4,80.4
9529,3186,34,3,369.27
9530,3186,91,2,425.2
9531,3187,37,3,253.77
9532,3188,149,3,254.2
9533,3188,4,2,704.03
9534,3188,66,1,484.78
9535,3188,124,1,127.43
9536,3189,79,2,499.3
9537,3189,87,3,353.29
9538,3189,53,4,176.09
9539,3189,51,2,521.96
9540,3189,75,1,421.56
9541,3190,84,3,431.32
9542,3190,7,2,797.36
9543,3190,108,3,596.14
9544,3190,6,1,498.94
9545,3191,61,2,0.0
9546,3191,106,2,256.39
9547,3191,44,1,14.87
9548,3191,90,2,503.63
9549,3192,78,1,789.72
9550,3192,4,1,476.73
9551,3192,5,2,459.8
9552,3192,126,3,101.97
9553,3192,85,4,446.02
9554,3193,24,2,767.98
9555,3193,114,2,709.75
9556,3193,17,3,658.83
9557,3193,54,2,119.66
9558,3193,10,3,364.78
9559,3194,85,1,446.02
9560,3194,97,2,799.31
9561,3195,40,2,496.68
9562,3195,13,4,302.7
9563,3195,6,1,498.94
9564,3196,60,1,602.69
9565,3196,127,3,349.21
9566,3196,63,2,82.09
9567,3197,84,4,431.32
9568,3197,36,4,495.03
9569,3198,60,4,602.69
9570,3199,136,3,254.21
9571,3199,144,2,507.04
9572,3199,121,4,643.49
9573,3199,80,3,752.51
9574,3199,42,2,458.23
9575,3200,129,2,356.8
9576,3200,3,3,302.94
9577,3201,24,4,767.98
9578,3201,95,4,550.05
9579,3201,91,2,425.2
9580,3202,141,3,664.67
9581,3202,133,1,53.99
9582,3202,72,1,248.19
9583,3202,43,1,25.96
9584,3202,60,1,602.69
9585,3203,94,3,610.92
9586,3203,106,4,256.39
9587,3203,32,2,176.75
9588,3204,120,3,163.71
9589,3204,11,3,117.66
9590,3205,128,4,383.45
9591,3205,1,1,229.43
9592,3205,109,4,382.69
9593,3206,131,2,318.76
9594,3206,14,3,754.03
9595,3206,38,4,272.91
9596,3207,80,1,752.51
9597,3207,100,2,110.82
9598,3207,85,4,446.02
9599,3207,68,1,636.26
9600,3207,19,1,582.15
9601,3208,143,4,488.21
9602,3209,95,4,550.05
9603,3209,150,4,484.06
9604,3209,75,3,421.56
9605,3209,143,4,488.21
9606,3210,136,4,240.68
9607,3211,55,1,472.02
9608,3211,43,1,25.96
9609,3211,99,2,707.47
9610,3211,133,1,53.99
9611,3212,83,2,57.87
9612,3212,105,2,462.17
9613,3212,47,1,434.59
9614,3212,72,2,248.19
9615,3212,23,1,701.6
9616,3213,65,2,748.34
9617,3214,33,2,680.29
9618,3214,10,1,364.78
9619,3214,90,3,503.63
9620,3214,18,2,315.84
9621,3214,16,2,170.96
9622,3215,115,4,769.44
9623,3216,61,2,0.0
9624,3217,27,4,470.69
9625,3218,124,2,127.43
9626,3219,24,2,767.98
9627,3219,90,4,503.63
9628,3220,105,4,462.17
9629,3220,62,4,302.99
9630,3220,109,3,382.69
9631,3221,125,1,60.95
9632,3221,80,4,752.51
9633,3221,44,1,14.87
9634,3221,144,2,507.04
9635,3222,14,3,754.03
9636,3222,112,2,306.6
9637,3222,74,1,429.76
9638,3222,82,4,558.31
9639,3223,86,4,35.23
9640,3223,1,4,229.43
9641,3223,42,1,458.23
9642,3223,119,1,443.26
9643,3223,103,3,163.53
9644,3224,73,4,757.68
9645,3224,40,4,496.68
9646,3224,143,3,488.21
9647,3225,47,4,434.59
9648,3225,63,2,82.09
9649,3225,90,1,503.63
9650,3225,88,4,581.3
9651,3225,38,4,272.91
9652,3226,56,3,783.92
9653,3226,28,4,487.27
9654,3226,1,1,229.43
9655,3226,81,4,226.08
9656,3227,15,2,715.52
9657,3228,147,3,630.5
9658,3229,108,1,561.5
9659,3230,142,2,758.12
9660,3230,43,2,25.96
9661,3231,140,4,80.4
9662,3232,140,2,80.4
9663,3232,130,3,778.31
9664,3232,121,2,643.49
9665,3232,32,2,111.62
9666,3233,63,1,82.09
9667,3233,103,4,163.53
9668,3233,120,1,166.85
9669,3233,5,3,459.8
9670,3233,111,3,781.01
9671,3234,54,3,119.66
9672,3234,95,3,550.05
9673,3234,49,3,186.12
9674,3234,78,1,789.72
9675,3234,139,1,322.53
9676,3235,51,1,521.96
9677,3235,48,4,107.37
9678,3235,92,2,416.84
9679,3235,123,3,717.17
9680,3235,147,4,630.5
9681,3236,2,3,536.34
9682,3236,18,1,315.84
9683,3236,62,3,302.99
9684,3237,91,2,425.2
9685,3237,20,3,511.22
9686,3237,41,2,574.12
9687,3238,35,1,593.85
9688,3238,26,2,266.42
9689,3238,11,1,117.66
9690,3239,67,2,755.48
9691,3240,114,4,709.75
9692,3240,54,4,106.15
9693,3240,57,1,268.77
9694,3241,82,3,558.31
9695,3241,56,3,783.92
9696,3242,53,1,176.09
9697,3242,122,2,444.14
9698,3242,50,4,370.89
9699,3242,100,4,110.82
9700,3242,57,1,268.77
9701,3243,75,1,421.56
9702,3243,13,2,302.7
9703,3243,146,3,19.08
9704,3244,60,4,602.69
9705,3245,1,3,229.43
9706,3245,25,4,50.04
9707,3245,107,3,22.07
9708,3246,130,1,778.31
9709,3246,82,1,558.31
9710,3246,19,3,582.15
9711,3247,18,1,315.84
9712,3247,91,1,425.2
9713,3247,44,4,14.87
9714,3247,82,1,558.31
9715,3248,116,4,499.37
9716,3249,57,4,370.38
9717,3249,105,1,462.17
9718,3249,5,1,459.8
9719,3249,79,4,499.3
9720,3249,72,3,248.19
9721,3250,41,4,574.12
9722,3250,36,1,495.03
9723,3250,22,2,759.83
9724,3250,132,3,660.44
9725,3250,138,1,126.38
9726,3251,134,3,14.54
9727,3251,83,2,57.87
9728,3251,58,4,558.64
9729,3251,32,2,176.75
9730,3252,139,2,322.53
9731,3252,7,3,797.36
9732,3252,106,4,256.39
9733,3253,6,1,498.94
9734,3253,38,2,272.91
9735,3254,82,4,558.31
9736,3254,115,1,769.44
9737,3254,39,2,467.56
9738,3254,58,4,558.64
9739,3254,38,3,272.91
9740,3255,101,3,720.77
9741,3255,45,4,157.83
9742,3255,77,1,0.0
9743,3255,47,2,434.59
9744,3255,105,4,462.17
9745,3256,92,1,416.84
9746,3256,125,1,60.95
9747,3256,91,3,425.2
9748,3256,146,1,19.08
9749,3256,78,3,789.72
9750,3257,104,4,556.7
9751,3257,19,1,582.15
9752,3257,28,1,327.98
9753,3257,136,1,254.21
9754,3258,95,3,550.05
9755,3258,41,3,574.12
9756,3259,25,4,50.04
9757,3259,82,3,558.31
9758,3259,96,1,385.9
9759,3259,62,2,302.99
9760,3259,138,1,126.38
9761,3260,4,3,636.38
9762,3260,3,2,302.94
9763,3260,28,2,487.27
9764,3260,78,1,789.72
9765,3261,75,3,421.56
9766,3261,50,1,370.89
9767,3261,4,2,636.38
9768,3261,124,1,127.43
9769,3261,19,1,582.15
9770,3262,38,1,272.91
9771,3262,14,4,754.03
9772,3262,116,4,499.37
9773,3262,52,2,457.95
9774,3263,129,1,356.8
9775,3264,2,4,536.34
9776,3264,91,1,425.2
9777,3264,76,4,571.36
9778,3265,2,4,536.34
9779,3265,18,1,315.84
9780,3265,145,2,229.11
9781,3265,22,4,759.83
9782,3265,120,1,163.71
9783,3266,116,4,499.37
9784,3267,86,1,35.23
9785,3267,136,1,254.21
9786,3267,48,1,107.37
9787,3267,76,2,571.36
9788,3268,115,1,769.44
9789,3269,15,4,715.52
9790,3269,68,3,636.26
9791,3269,92,1,416.84
9792,3270,150,4,484.06
9793,3270,34,1,369.27
9794,3270,104,1,556.7
9795,3270,58,1,558.64
9796,3270,50,2,370.89
9797,3271,122,1,444.14
9798,3271,76,2,571.36
9799,3271,47,2,434.59
9800,3271,41,4,574.12
9801,3271,62,1,302.99
9802,3272,79,2,499.3
9803,3272,59,4,402.24
9804,3272,103,3,163.53
9805,3273,75,4,421.56
9806,3273,42,1,458.23
9807,3273,131,4,318.76
9808,3273,65,3,748.34
9809,3274,58,1,558.64
9810,3275,140,3,80.4
9811,3275,121,3,643.49
9812,3275,59,4,402.24
9813,3275,122,2,444.14
9814,3276,34,1,369.27
9815,3276,149,4,254.2
9816,3276,81,4,226.08
9817,3276,132,4,660.44
9818,3277,141,3,664.67
9819,3277,135,3,457.51
9820,3277,139,2,322.53
9821,3278,81,4,226.08
9822,3278,28,2,487.27
9823,3278,45,4,157.83
9824,3279,55,4,472.02
9825,3279,47,1,434.59
9826,3279,23,3,977.85
9827,3279,21,2,658.67
9828,3279,39,3,467.56
9829,3280,47,3,434.59
9830,3280,112,3,306.6
9831,3280,61,4,0.0
9832,3280,78,2,789.72
9833,3280,46,2,566.86
9834,3281,17,3,684.45
9835,3282,44,1,14.87
9836,3283,108,1,596.14
9837,3284,73,2,757.68
9838,3284,139,3,322.53
9839,3284,3,3,302.94
9840,3284,44,3,14.87
9841,3285,19,3,582.15
9842,3285,101,1,720.77
9843,3285,134,4,14.54
9844,3285,32,1,176.75
9845,3285,82,3,558.31
9846,3286,101,2,720.77
9847,3286,96,3,385.9
9848,3286,133,4,53.99
9849,3287,134,3,14.54
9850,3288,19,3,582.15
9851,3288,77,3,0.0
9852,3288,1,4,229.43
9853,3288,7,1,797.36
9854,3289,30,3,466.19
9855,3289,100,1,110.82
9856,3290,82,1,558.31
9857,3290,35,3,593.85
9858,3290,22,3,759.83
9859,3290,21,2,658.67
9860,3290,36,1,495.03
9861,3291,120,4,163.71
9862,3292,61,4,0.0
9863,3293,105,4,462.17
9864,3293,65,4,748.34
9865,3294,48,3,107.37
9866,3295,113,2,149.56
9867,3296,133,3,53.99
9868,3296,90,2,503.63
9869,3296,98,3,569.99
9870,3296,70,2,318.37
9871,3297,114,2,709.75
9872,3297,109,4,382.69
9873,3297,71,3,326.37
9874,3297,100,3,110.82
9875,3297,93,2,-549.02
9876,3298,62,2,302.99
9877,3298,74,2,429.76
9878,3298,61,4,0.0
9879,3298,121,4,643.49
9880,3298,6,1,498.94
9881,3299,97,2,799.31
9882,3300,79,2,499.3
9883,3300,133,4,53.99
9884,3300,31,4,682.52
9885,3300,90,1,503.63
9886,3301,102,1,378.83
9887,3301,14,3,754.03
9888,3302,9,3,185.56
9889,3302,117,2,723.89
9890,3303,42,1,458.23
9891,3303,67,2,755.48
9892,3304,65,1,748.34
9893,3304,3,2,302.94
9894,3304,2,1,536.34
9895,3304,74,1,429.76
9896,3305,11,2,117.66
9897,3305,96,3,385.9
9898,3305,21,2,658.67
9899,3306,36,1,495.03
9900,3306,149,3,254.2
9901,3306,107,1,22.07
9902,3306,141,2,664.67
9903,3307,127,4,349.21
9904,3307,79,2,499.3
9905,3307,102,1,378.83
9906,3308,118,3,361.9
9907,3308,139,4,322.53
9908,3308,5,4,459.8
9909,3308,144,2,507.04
9910,3308,127,2,349.21
9911,3309,32,3,176.75
9912,3309,16,1,170.96
9913,3310,19,4,582.15
9914,3310,55,3,472.02
9915,3311,119,4,443.26
9916,3312,19,4,582.15
9917,3313,136,1,254.21
9918,3314,44,1,14.87
9919,3315,75,3,421.56
9920,3315,21,3,658.67
9921,3315,88,1,581.3
9922,3315,5,2,459.8
9923,3316,40,2,496.68
9924,3316,41,4,574.12
9925,3316,54,2,119.66
9926,3316,94,4,610.92
9927,3316,103,3,163.53
9928,3317,2,4,536.34
9929,3317,140,3,80.4
9930,3318,3,4,302.94
9931,3318,111,4,781.01
9932,3318,69,1,678.97
9933,3319,86,3,35.23
9934,3319,112,2,201.71
9935,3319,75,3,421.56
9936,3320,58,3,558.64
9937,3320,80,4,752.51
9938,3320,52,1,457.95
9939,3320,99,3,707.47
9940,3320,70,3,318.37
9941,3321,119,2,443.26
9942,3321,25,1,35.51
9943,3321,125,2,60.95
9944,3322,80,1,752.51
9945,3322,44,4,14.87
9946,3322,132,3,660.44
9947,3322,37,1,153.01
9948,3323,66,2,484.78
9949,3323,97,1,799.31
9950,3323,78,4,789.72
9951,3323,35,2,593.85
9952,3324,111,2,781.01
9953,3324,49,2,186.12
9954,3324,93,3,-549.02
9955,3324,122,4,444.14
9956,3324,33,4,680.29
9957,3325,118,2,361.9
9958,3325,93,3,-549.02
9959,3325,17,4,658.83
9960,3326,133,1,53.99
9961,3326,127,4,349.21
9962,3327,95,3,550.05
9963,3328,37,2,253.77
9964,3328,101,1,720.77
9965,3328,136,2,254.21
9966,3329,37,4,253.77
9967,3329,113,2,149.56
9968,3329,131,2,318.76
9969,3329,90,3,503.63
9970,3330,40,1,496.68
9971,3330,32,2,176.75
9972,3330,63,1,82.09
9973,3330,114,2,709.75
9974,3330,11,4,117.66
9975,3331,115,1,769.44
9976,3331,110,1,335.07
9977,3331,96,4,385.9
9978,3332,131,1,318.76
9979,3332,105,1,462.17
9980,3333,93,3,-549.02
9981,3333,51,1,487.57
9982,3333,115,3,769.44
9983,3333,47,1,434.59
9984,3333,3,2,302.94
9985,3334,11,4,117.66
9986,3335,64,3,123.33
9987,3335,91,4,425.2
9988,3336,26,4,266.42
9989,3336,45,2,157.83
9990,3336,21,4,658.67
9991,3337,56,1,783.92
9992,3337,147,4,630.5
9993,3337,110,4,335.07
9994,3338,136,1,254.21
9995,3339,94,2,610.92
9996,3340,85,1,446.02
9997,3340,3,4,302.94
9998,3340,21,4,658.67
9999,3340,82,3,558.31
10000,3340,44,4,14.87
10001,3341,134,2,14.54
10002,3341,111,4,781.01
10003,3342,104,3,556.7
10004,3342,72,2,248.19
10005,3342,44,1,14.87
10006,3342,74,2,429.76
10007,3343,47,1,434.59
10008,3343,113,1,149.56
10009,3343,41,4,797.91
10010,3343,118,4,361.9
10011,3343,48,4,107.37
10012,3344,25,1,50.04
10013,3344,123,4,717.17
10014,3344,107,4,22.07
10015,3345,140,4,80.4
10016,3346,39,2,467.56
10017,3347,11,2,117.66
10018,3347,141,4,664.67
10019,3347,42,3,458.23
10020,3348,128,3,383.45
10021,3349,131,3,318.76
10022,3349,128,1,383.45
10023,3350,145,1,229.11
10024,3351,85,4,446.02
10025,3351,17,2,658.83
10026,3351,36,1,495.03
10027,3352,81,4,226.08
10028,3352,6,1,498.94
10029,3353,12,2,452.49
10030,3353,146,2,19.08
10031,3353,81,3,226.08
10032,3354,133,2,53.99
10033,3354,6,3,498.94
10034,3355,142,4,758.12
10035,3355,94,4,610.92
10036,3355,105,2,462.17
10037,3356,108,4,596.14
10038,3356,15,2,715.52
10039,3357,87,1,353.29
10040,3357,27,2,470.69
10041,3357,86,4,35.23
10042,3357,70,3,318.37
10043,3358,9,1,185.56
10044,3358,22,1,759.83
10045,3358,3,3,302.94
10046,3359,28,3,487.27
10047,3359,9,4,185.56
10048,3359,102,4,378.83
10049,3359,58,3,558.64
10050,3359,85,4,446.02
10051,3360,92,2,416.84
10052,3360,128,1,383.45
10053,3360,35,1,593.85
10054,3361,150,2,484.06
10055,3362,77,4,0.0
10056,3362,60,1,602.69
10057,3362,27,2,470.69
10058,3362,49,2,186.12
10059,3362,99,2,707.47
10060,3363,52,2,457.95
10061,3363,120,1,163.71
10062,3363,88,3,581.3
10063,3363,64,4,123.33
10064,3363,117,1,723.89
10065,3364,114,3,709.75
10066,3365,140,1,80.4
10067,3365,83,4,57.87
10068,3366,5,3,606.29
10069,3366,58,4,498.04
10070,3366,122,1,444.14
10071,3367,143,2,488.21
10072,3367,121,4,643.49
10073,3368,16,4,170.96
10074,3368,81,3,226.08
10075,3368,73,1,757.68
10076,3368,121,4,643.49
10077,3368,21,3,658.67
10078,3369,53,2,176.09
10079,3369,94,1,570.26
10080,3369,138,4,126.38
10081,3370,9,4,185.56
10082,3371,63,2,82.09
10083,3372,91,1,425.2
10084,3372,49,2,186.12
10085,3372,117,1,527.82
10086,3372,77,4,0.0
10087,3373,34,2,369.27
10088,3373,8,3,611.79
10089,3373,99,4,707.47
10090,3374,82,1,558.31
10091,3374,39,3,467.56
10092,3374,40,1,496.68
10093,3375,105,2,462.17
10094,3375,118,3,361.9
10095,3375,39,1,467.56
10096,3376,18,2,315.84
10097,3376,67,4,755.48
10098,3376,112,3,306.6
10099,3377,60,2,602.69
10100,3377,73,2,757.68
10101,3377,131,4,318.76
10102,3377,100,1,110.82
10103,3377,125,3,60.95
10104,3378,131,2,318.76
10105,3378,85,1,446.02
10106,3378,6,1,498.94
10107,3378,32,1,176.75
10108,3378,139,2,322.53
10109,3379,70,1,318.37
10110,3379,144,1,507.04
10111,3379,143,1,488.21
10112,3379,64,4,123.33
10113,3379,79,1,499.3
10114,3380,140,1,80.4
10115,3380,129,3,356.8
10116,3380,44,3,14.87
10117,3381,3,2,302.94
10118,3381,80,3,752.51
10119,3382,141,2,664.67
10120,3382,99,4,707.47
10121,3383,84,2,431.32
10122,3383,100,3,110.82
10123,3383,36,2,495.03
10124,3383,115,3,769.44
10125,3384,26,1,266.42
10126,3384,111,4,781.01
10127,3384,142,1,758.12
10128,3384,135,4,457.51
10129,3385,78,4,789.72
10130,3385,22,3,759.83
10131,3385,77,1,0.0
10132,3385,9,1,185.56
10133,3386,126,1,101.97
10134,3386,149,1,254.2
10135,3386,147,3,630.5
10136,3386,39,3,467.56
10137,3386,40,1,496.68
10138,3387,59,2,402.24
10139,3388,18,4,192.76
10140,3389,6,4,419.59
10141,3389,119,4,445.36
10142,3389,111,4,781.01
10143,3390,118,1,361.9
10144,3390,112,2,306.6
10145,3390,43,2,25.96
10146,3391,33,1,680.29
10147,3391,93,3,-549.02
10148,3391,124,1,127.43
10149,3391,84,3,431.32
10150,3391,31,4,682.52
10151,3392,1,2,229.43
10152,3392,47,1,434.59
10153,3392,113,1,149.56
10154,3392,24,3,767.98
10155,3393,88,2,581.3
10156,3393,54,4,119.66
10157,3393,147,2,630.5
10158,3394,24,3,767.98
10159,3394,51,4,521.96
10160,3394,100,1,110.82
10161,3394,114,2,709.75
10162,3394,134,4,14.54
10163,3395,18,3,315.84
10164,3395,24,2,767.98
10165,3396,47,3,434.59
10166,3396,138,4,126.38
10167,3396,135,3,457.51
10168,3396,44,3,14.87
10169,3396,25,2,50.04
10170,3397,56,1,783.92
10171,3397,47,1,434.59
10172,3397,45,3,157.83
10173,3398,22,2,759.83
10174,3398,104,2,556.7
10175,3398,119,1,443.26
10176,3398,42,3,458.23
10177,3398,63,2,82.09
10178,3399,78,3,789.72
10179,3399,108,2,596.14
10180,3399,25,1,50.04
10181,3399,114,4,709.75
10182,3399,71,3,326.37
10183,3400,147,4,630.5
10184,3400,43,1,25.96
10185,3400,97,4,799.31
10186,3400,39,3,467.56
10187,3400,59,2,402.24
10188,3401,90,1,503.63
10189,3401,41,2,574.12
10190,3401,51,3,521.96
10191,3402,69,3,678.97
10192,3402,61,3,0.0
10193,3403,139,4,322.53
10194,3403,1,3,229.43
10195,3403,145,2,229.11
10196,3403,88,1,581.3
10197,3403,13,1,356.92
10198,3404,138,3,126.38
10199,3404,40,1,496.68
10200,3404,23,3,701.6
10201,3404,124,3,127.43
10202,3405,97,1,799.31
10203,3406,33,4,680.29
10204,3406,90,3,503.63
10205,3406,14,4,754.03
10206,3407,143,4,488.21
10207,3408,33,4,680.29
10208,3409,110,3,335.07
10209,3409,106,2,256.39
10210,3409,2,1,536.34
10211,3410,41,4,574.12
10212,3411,6,2,498.94
10213,3412,11,2,117.66
10214,3413,5,4,459.8
10215,3413,132,1,660.44
10216,3414,23,4,701.6
10217,3415,119,3,443.26
10218,3415,122,1,444.14
10219,3415,69,2,678.97
10220,3415,143,2,488.21
10221,3416,131,2,318.76
10222,3416,41,3,574.12
10223,3416,112,4,306.6
10224,3416,121,4,643.49
10225,3417,113,3,149.56
10226,3417,40,1,496.68
10227,3417,76,4,571.36
10228,3417,32,4,176.75
10229,3418,86,3,35.23
10230,3418,87,3,353.29
10231,3418,17,2,658.83
10232,3419,64,4,123.33
10233,3419,12,3,452.49
10234,3419,84,2,431.32
10235,3420,110,4,335.07
10236,3420,120,4,163.71
10237,3420,85,2,446.02
10238,3420,106,1,256.39
10239,3420,97,3,799.31
10240,3421,149,1,254.2
10241,3421,94,1,610.92
10242,3421,11,3,117.66
10243,3422,62,3,302.99
10244,3422,97,1,799.31
10245,3422,60,4,602.69
10246,3423,139,1,322.53
10247,3423,68,4,647.29
10248,3424,15,2,715.52
10249,3424,111,1,781.01
10250,3424,12,4,452.49
10251,3424,100,3,110.82
10252,3425,9,1,185.56
10253,3425,16,1,170.96
10254,3425,137,2,704.57
10255,3426,143,1,488.21
10256,3426,123,2,717.17
10257,3426,2,4,536.34
10258,3426,11,4,117.66
10259,3426,150,3,484.06
10260,3427,37,2,253.77
10261,3427,33,2,680.29
10262,3427,4,3,636.38
10263,3428,108,2,596.14
10264,3428,32,4,176.75
10265,3428,131,3,318.76
10266,3429,145,3,229.11
10267,3429,132,1,660.44
10268,3429,79,2,499.3
10269,3430,67,1,755.48
10270,3431,125,2,60.95
10271,3432,133,1,53.99
10272,3432,54,1,119.66
10273,3432,87,1,353.29
10274,3432,85,3,446.02
10275,3432,115,3,769.44
10276,3433,40,3,496.68
10277,3433,8,3,611.79
10278,3433,100,3,110.82
10279,3434,86,3,35.23
10280,3435,87,2,353.29
10281,3435,30,3,466.19
10282,3436,95,3,550.05
10283,3436,76,4,497.83
10284,3437,31,3,682.52
10285,3437,115,4,769.44
10286,3437,9,3,185.56
10287,3437,129,2,356.8
10288,3437,145,2,229.11
10289,3438,12,3,452.49
10290,3439,97,4,799.31
10291,3439,56,4,783.92
10292,3439,68,4,636.26
10293,3439,92,3,416.84
10294,3439,130,3,778.31
10295,3440,58,1,558.64
10296,3440,137,4,704.57
10297,3440,105,1,462.17
10298,3440,140,2,80.4
10299,3441,1,2,229.43
10300,3441,14,2,754.03
10301,3442,127,1,349.21
10302,3442,130,3,778.31
10303,3442,62,3,302.99
10304,3442,109,2,382.69
10305,3442,10,1,364.78
10306,3443,30,2,466.19
10307,3443,54,2,119.66
10308,3443,132,2,660.44
10309,3443,143,4,488.21
10310,3443,127,4,349.21
10311,3444,51,2,521.96
10312,3444,35,2,593.85
10313,3445,94,4,610.92
10314,3445,99,3,707.47
10315,3445,147,2,630.5
10316,3445,55,3,472.02
10317,3445,33,1,680.29
10318,3446,90,4,503.63
10319,3446,15,3,532.15
10320,3446,51,4,521.96
10321,3447,46,4,566.86
10322,3447,130,2,778.31
10323,3448,130,1,778.31
10324,3448,114,2,709.75
10325,3448,72,4,248.19
10326,3448,75,1,421.56
10327,3448,85,4,446.02
10328,3449,10,2,364.78
10329,3449,127,3,349.21
10330,3449,126,2,101.97
10331,3449,27,2,470.69
10332,3450,89,3,164.51
10333,3451,72,4,248.19
10334,3451,102,3,364.1
10335,3451,103,1,163.53
10336,3451,127,2,349.21
10337,3451,79,3,499.3
10338,3452,68,4,636.26
10339,3452,116,3,499.37
10340,3452,96,2,385.9
10341,3452,3,2,302.94
10342,3452,76,1,571.36
10343,3453,7,4,797.36
10344,3453,83,2,57.87
10345,3453,117,3,723.89
10346,3453,109,1,382.69
10347,3453,142,4,758.12
10348,3454,89,1,164.51
10349,3454,63,3,82.09
10350,3454,94,4,610.92
10351,3454,143,1,488.21
10352,3455,31,1,682.52
10353,3455,89,2,164.51
10354,3455,27,4,470.69
10355,3456,33,1,680.29
10356,3456,127,1,349.21
10357,3456,72,4,248.19
10358,3456,111,4,781.01
10359,3457,117,1,723.89
10360,3457,50,3,458.89
10361,3457,58,4,558.64
10362,3458,82,4,558.31
10363,3458,44,1,14.87
10364,3458,147,2,630.5
10365,3459,145,2,229.11
10366,3460,32,1,176.75
10367,3460,123,3,717.17
10368,3460,114,1,709.75
10369,3460,41,2,574.12
10370,3461,129,2,356.8
10371,3462,5,1,459.8
10372,3462,28,1,487.27
10373,3462,79,2,499.3
10374,3463,93,2,-549.02
10375,3464,15,1,715.52
10376,3464,31,4,682.52
10377,3464,82,2,558.31
10378,3464,45,2,157.83
10379,3464,111,3,781.01
10380,3465,5,2,459.8
10381,3465,58,3,558.64
10382,3465,46,1,566.86
10383,3466,83,2,57.87
10384,3466,77,2,0.0
10385,3466,85,2,308.43
10386,3466,139,2,322.53
10387,3467,100,1,110.82
10388,3468,56,1,783.92
10389,3468,14,2,754.03
10390,3469,103,2,163.53
10391,3469,128,2,383.45
10392,3470,59,1,402.24
10393,3470,114,1,709.75
10394,3470,138,3,126.38
10395,3470,98,4,569.99
10396,3471,122,2,512.43
10397,3472,79,4,499.3
10398,3472,134,2,14.54
10399,3472,39,2,467.56
10400,3472,140,1,80.4
10401,3473,40,2,496.68
10402,3473,2,1,536.34
10403,3474,130,2,778.31
10404,3475,123,3,717.17
10405,3475,16,4,170.96
10406,3475,27,4,470.69
10407,3476,135,2,457.51
10408,3476,12,4,452.49
10409,3476,53,2,176.09
10410,3476,36,1,495.03
10411,3476,114,3,709.75
10412,3477,125,2,60.95
10413,3477,55,1,472.02
10414,3477,87,3,353.29
10415,3477,12,2,486.09
10416,3478,55,2,472.02
10417,3478,56,1,783.92
10418,3478,91,1,425.2
10419,3478,108,4,596.14
10420,3478,120,3,163.71
10421,3479,93,1,-549.02
10422,3480,105,2,462.17
10423,3480,71,3,326.37
10424,3481,147,1,630.5
10425,3481,11,4,117.66
10426,3482,111,4,781.01
10427,3482,101,3,720.77
10428,3483,83,2,57.87
10429,3484,88,2,581.3
10430,3484,105,2,462.17
10431,3484,52,1,457.95
10432,3484,107,3,22.07
10433,3484,60,4,602.69
10434,3485,31,1,682.52
10435,3485,58,4,558.64
10436,3485,114,1,709.75
10437,3485,120,1,163.71
10438,3486,85,3,446.02
10439,3487,132,1,660.44
10440,3487,76,1,571.36
10441,3487,46,3,566.86
10442,3487,119,4,443.26
10443,3488,60,1,602.69
10444,3488,97,4,799.31
10445,3488,22,1,759.83
10446,3488,119,2,443.26
10447,3488,81,2,226.08
10448,3489,1,2,229.43
10449,3490,49,4,186.12
10450,3490,118,2,361.9
10451,3490,1,2,229.43
10452,3490,125,1,60.95
10453,3490,45,1,157.83
10454,3491,78,1,789.72
10455,3491,136,2,254.21
10456,3491,104,4,556.7
10457,3491,12,2,452.49
10458,3492,48,4,107.37
10459,3492,5,4,459.8
10460,3492,44,3,14.87
10461,3492,111,2,781.01
10462,3492,34,4,369.27
10463,3493,89,1,164.51
10464,3493,107,3,22.07
10465,3493,75,2,421.56
10466,3493,51,3,521.96
10467,3493,37,2,253.77
10468,3494,85,2,446.02
10469,3494,70,1,318.37
10470,3494,31,3,682.52
10471,3494,56,1,783.92
10472,3494,35,1,593.85
10473,3495,92,2,416.84
10474,3495,38,1,272.91
10475,3495,72,4,248.19
10476,3496,141,4,664.67
10477,3497,112,4,306.6
10478,3497,117,1,723.89
10479,3498,133,1,53.99
10480,3498,47,1,434.59
10481,3499,1,2,229.43
10482,3500,42,1,458.23
10483,3500,109,4,382.69
10484,3500,94,3,610.92
10485,3500,74,3,429.76
10486,3500,15,3,715.52
10487,3501,93,2,-549.02
10488,3502,104,3,556.7
10489,3502,55,4,472.02
10490,3502,47,3,434.59
10491,3502,68,3,636.26
10492,3502,39,2,467.56
10493,3503,16,4,170.96
10494,3503,114,3,709.75
10495,3503,7,1,797.36
10496,3503,111,1,781.01
10497,3504,53,3,176.09
10498,3504,57,1,268.77
10499,3505,132,4,660.44
10500,3505,29,2,474.32
10501,3505,93,1,-549.02
10502,3505,22,4,759.83
10503,3505,72,1,248.19
10504,3506,27,4,470.69
10505,3506,109,2,382.69
10506,3506,33,2,680.29
10507,3506,143,3,488.21
10508,3506,48,1,107.37
10509,3507,8,3,611.79
10510,3507,86,4,35.23
10511,3507,82,2,558.31
10512,3508,142,3,758.12
10513,3508,108,4,596.14
10514,3508,25,1,50.04
10515,3508,11,4,117.66
10516,3509,60,3,602.69
10517,3509,51,2,521.96
10518,3510,143,1,488.21
10519,3510,8,2,611.79
10520,3510,64,3,123.33
10521,3511,87,2,353.29
10522,3511,20,1,511.22
10523,3511,116,2,499.37
10524,3511,69,4,678.97
10525,3512,110,3,335.07
10526,3512,95,4,550.05
10527,3513,109,1,382.69
10528,3514,104,3,556.7
10529,3514,31,1,682.52
10530,3514,85,1,446.02
10531,3514,11,2,135.23
10532,3514,136,3,254.21
10533,3515,23,3,701.6
10534,3516,54,1,119.66
10535,3516,39,3,467.56
10536,3516,143,3,488.21
10537,3516,121,1,643.49
10538,3517,47,1,434.59
10539,3517,122,1,444.14
10540,3517,81,1,226.08
10541,3518,64,1,123.33
10542,3519,97,1,799.31
10543,3519,132,4,660.44
10544,3519,137,4,704.57
10545,3519,141,3,664.67
10546,3519,59,3,402.24
10547,3520,29,3,474.32
10548,3520,128,4,383.45
10549,3521,30,3,466.19
10550,3521,86,2,35.23
10551,3521,80,1,752.51
10552,3521,35,1,593.85
10553,3521,91,4,425.2
10554,3522,37,3,253.77
10555,3523,83,3,57.87
10556,3524,72,1,248.19
10557,3525,10,3,364.78
10558,3525,64,4,123.33
10559,3525,131,1,318.76
10560,3525,124,2,127.43
10561,3525,82,2,558.31
10562,3526,3,1,302.94
10563,3526,89,2,164.51
10564,3527,21,2,658.67
10565,3528,104,4,556.7
10566,3528,137,1,704.57
10567,3529,73,2,757.68
10568,3529,133,3,53.99
10569,3529,53,3,176.09
10570,3529,28,4,487.27
10571,3529,4,2,636.38
10572,3530,18,2,315.84
10573,3531,78,1,789.72
10574,3531,37,1,253.77
10575,3531,7,3,797.36
10576,3531,95,1,550.05
10577,3531,45,4,157.83
10578,3532,79,3,499.3
10579,3533,117,1,723.89
10580,3533,26,4,266.42
10581,3534,124,2,127.43
10582,3535,120,3,163.71
10583,3536,120,2,163.71
10584,3537,54,4,119.66
10585,3537,23,2,701.6
10586,3538,60,1,602.69
10587,3538,150,1,484.06
10588,3538,18,1,315.84
10589,3538,141,2,664.67
10590,3539,101,4,720.77
10591,3539,9,3,185.56
10592,3539,116,1,499.37
10593,3539,23,3,701.6
10594,3539,117,4,723.89
10595,3540,23,2,701.6
10596,3541,48,1,107.37
10597,3541,17,1,658.83
10598,3542,117,2,723.89
10599,3542,145,3,229.11
10600,3542,51,2,521.96
10601,3542,131,3,318.76
10602,3542,149,3,254.2
10603,3543,28,2,487.27
10604,3543,74,4,429.76
10605,3544,12,1,452.49
10606,3544,36,4,495.03
10607,3544,149,2,254.2
10608,3545,145,3,229.11
10609,3545,31,3,682.52
10610,3546,37,4,253.77
10611,3546,102,3,378.83
10612,3546,5,1,459.8
10613,3546,124,1,127.43
10614,3547,76,2,571.36
10615,3547,147,2,630.5
10616,3547,72,2,248.19
10617,3547,15,4,715.52
10618,3547,31,1,682.52
10619,3548,7,3,797.36
10620,3548,58,2,558.64
10621,3548,77,4,0.0
10622,3548,50,4,370.89
10623,3549,92,2,416.84
10624,3550,77,2,0.0
10625,3550,110,3,335.07
10626,3550,51,1,521.96
10627,3551,114,3,709.75
10628,3552,36,3,495.03
10629,3552,108,1,596.14
10630,3552,141,4,664.67
10631,3552,5,2,459.8
10632,3552,119,1,443.26
10633,3553,21,2,658.67
10634,3553,114,1,709.75
10635,3553,39,1,467.56
10636,3553,51,2,521.96
10637,3553,87,1,353.29
10638,3554,18,3,315.84
10639,3554,54,3,119.66
10640,3555,11,3,117.66
10641,3556,112,1,306.6
10642,3556,3,2,302.94
10643,3556,140,3,80.4
10644,3556,146,1,19.08
10645,3557,51,4,521.96
10646,3557,88,1,581.3
10647,3558,142,4,758.12
10648,3559,38,3,272.91
10649,3559,123,3,717.17
10650,3559,79,4,499.3
10651,3560,79,1,499.3
10652,3561,7,2,797.36
10653,3562,21,4,658.67
10654,3562,2,1,536.34
10655,3562,108,2,596.14
10656,3562,133,2,53.99
10657,3563,64,1,123.33
10658,3564,87,1,353.29
10659,3565,82,1,558.31
10660,3565,137,4,704.57
10661,3565,80,3,752.51
10662,3565,63,2,82.09
10663,3565,100,3,110.82
10664,3566,44,4,14.87
10665,3566,61,2,0.0
10666,3566,148,3,777.04
10667,3566,22,2,759.83
10668,3567,132,1,660.44
10669,3567,115,2,769.44
10670,3567,14,4,754.03
10671,3567,135,2,457.51
10672,3568,113,4,149.56
10673,3568,22,2,759.83
10674,3569,110,1,335.07
10675,3570,126,4,101.97
10676,3570,40,3,496.68
10677,3570,61,2,0.0
10678,3571,120,2,163.71
10679,3571,144,3,507.04
10680,3571,24,1,767.98
10681,3572,2,2,536.34
10682,3572,88,1,487.45
10683,3572,138,3,126.38
10684,3572,145,4,229.11
10685,3573,21,2,658.67
10686,3574,66,2,484.78
10687,3574,93,4,-549.02
10688,3574,44,3,14.87
10689,3575,3,2,302.94
10690,3575,145,2,229.11
10691,3575,44,4,14.87
10692,3576,48,3,107.37
10693,3576,111,3,781.01
10694,3576,54,1,119.66
10695,3576,77,1,0.0
10696,3577,97,2,799.31
10697,3577,21,3,658.67
10698,3577,147,3,630.5
10699,3577,130,2,778.31
10700,3578,28,2,487.27
10701,3579,132,4,660.44
10702,3579,77,4,0.0
10703,3579,105,3,462.17
10704,3579,110,1,335.07
10705,3580,103,3,163.53
10706,3580,9,1,185.56
10707,3581,67,1,755.48
10708,3581,78,1,789.72
10709,3581,36,1,495.03
10710,3581,17,2,658.83
10711,3581,20,1,511.22
10712,3582,79,3,499.3
10713,3583,79,3,499.3
10714,3584,84,1,431.32
10715,3584,130,3,778.31
10716,3585,41,1,574.12
10717,3585,27,1,470.69
10718,3585,86,4,35.23
10719,3585,49,3,186.12
10720,3585,7,1,797.36
10721,3586,61,2,0.0
10722,3586,124,1,127.43
10723,3586,92,1,416.84
10724,3586,131,3,318.76
10725,3586,27,3,470.69
10726,3587,26,1,266.42
10727,3587,140,4,80.4
10728,3587,86,4,35.23
10729,3587,55,4,472.02
10730,3587,107,1,22.07
10731,3588,102,3,378.83
10732,3588,138,4,126.38
10733,3589,109,3,382.69
10734,3589,60,3,602.69
10735,3589,19,4,582.15
10736,3589,129,4,356.8
10737,3589,92,1,416.84
10738,3590,92,2,416.84
10739,3591,111,4,781.01
10740,3591,146,1,19.08
10741,3591,115,4,769.44
10742,3591,106,1,256.39
10743,3591,133,1,53.99
10744,3592,79,1,499.3
10745,3592,25,1,50.04
10746,3593,6,4,634.03
10747,3593,130,3,778.31
10748,3593,47,2,587.96
10749,3593,65,1,748.34
10750,3593,89,2,164.51
10751,3594,67,1,755.48
10752,3594,65,1,748.34
10753,3594,125,3,60.95
10754,3594,42,4,458.23
10755,3594,120,3,163.71
10756,3595,105,2,462.17
10757,3595,69,3,678.97
10758,3595,125,4,60.95
10759,3595,24,2,767.98
10760,3596,81,2,226.08
10761,3597,134,3,14.54
10762,3597,40,4,496.68
10763,3597,24,2,767.98
10764,3597,11,2,117.66
10765,3598,15,4,715.52
10766,3599,51,2,521.96
10767,3599,98,4,569.99
10768,3599,87,3,353.29
10769,3599,131,1,318.76
10770,3599,141,3,664.67
10771,3600,129,3,356.8
10772,3600,96,3,385.9
10773,3600,24,4,767.98
10774,3600,91,2,425.2
10775,3600,103,1,163.53
10776,3601,110,1,335.07
10777,3602,93,4,-549.02
10778,3602,115,2,769.44
10779,3603,34,3,369.27
10780,3603,132,3,660.44
10781,3604,60,3,602.69
10782,3604,103,1,163.53
10783,3604,50,1,370.89
10784,3604,39,3,467.56
10785,3605,115,4,769.44
10786,3605,96,1,385.9
10787,3605,76,2,571.36
10788,3606,78,1,789.72
10789,3606,122,2,444.14
10790,3606,22,3,759.83
10791,3606,37,4,253.77
10792,3606,116,2,499.37
10793,3607,92,2,416.84
10794,3607,88,1,581.3
10795,3608,137,3,704.57
10796,3608,12,3,452.49
10797,3609,145,4,229.11
10798,3610,88,4,581.3
10799,3611,128,1,383.45
10800,3611,46,4,566.86
10801,3611,84,4,431.32
10802,3612,24,2,767.98
10803,3612,34,3,369.27
10804,3613,69,2,678.97
10805,3614,42,2,458.23
10806,3614,23,2,701.6
10807,3614,28,1,487.27
10808,3614,131,2,318.76
10809,3614,9,3,185.56
10810,3615,82,3,558.31
10811,3616,120,3,163.71
10812,3616,143,4,488.21
10813,3616,125,3,60.95
10814,3616,107,3,22.07
10815,3617,85,3,446.02
10816,3617,3,2,302.94
10817,3618,95,4,550.05
10818,3618,38,4,272.91
10819,3618,97,2,799.31
10820,3619,51,1,521.96
10821,3620,91,3,425.2
10822,3620,56,2,783.92
10823,3620,77,4,0.0
10824,3621,120,1,163.71
10825,3621,115,3,769.44
10826,3621,43,4,25.96
10827,3622,144,3,507.04
10828,3622,42,3,458.23
10829,3622,128,4,383.45
10830,3623,24,2,767.98
10831,3623,14,1,754.03
10832,3623,109,2,382.69
10833,3623,38,2,272.91
10834,3624,99,1,707.47
10835,3624,86,1,35.23
10836,3624,103,2,163.53
10837,3624,107,3,22.07
10838,3625,86,3,35.23
10839,3625,124,2,127.43
10840,3625,80,3,752.51
10841,3625,77,3,0.0
10842,3625,20,1,511.22
10843,3626,4,2,636.38
10844,3626,45,3,157.83
10845,3626,37,3,253.77
10846,3627,29,4,474.32
10847,3627,80,1,752.51
10848,3627,16,4,170.96
10849,3627,135,1,457.51
10850,3627,113,4,149.56
10851,3628,66,1,484.78
10852,3628,147,2,630.5
10853,3629,17,4,658.83
10854,3629,95,3,550.05
10855,3629,87,2,353.29
10856,3629,20,2,511.22
10857,3629,81,3,226.08
10858,3630,59,2,402.24
10859,3630,127,3,349.21
10860,3630,95,3,550.05
10861,3630,123,3,717.17
10862,3631,93,1,-549.02
10863,3631,51,1,521.96
10864,3631,42,1,458.23
10865,3631,146,3,19.08
10866,3632,140,4,80.4
10867,3632,51,2,521.96
10868,3632,13,1,302.7
10869,3633,129,4,356.8
10870,3633,73,4,757.68
10871,3634,62,3,302.99
10872,3635,14,4,754.03
10873,3636,131,1,318.76
10874,3636,130,4,867.1
10875,3636,106,3,256.39
10876,3637,36,1,495.03
10877,3637,133,4,53.99
10878,3637,35,2,593.85
10879,3637,126,2,101.97
10880,3638,4,1,636.38
10881,3638,30,3,466.19
10882,3639,131,4,318.76
10883,3639,55,3,472.02
10884,3639,71,4,326.37
10885,3639,81,4,226.08
10886,3639,127,4,349.21
10887,3640,100,2,110.82
10888,3640,98,4,569.99
10889,3640,101,1,720.77
10890,3641,75,3,421.56
10891,3641,95,3,550.05
10892,3642,45,3,157.83
10893,3642,77,1,0.0
10894,3642,8,2,611.79
10895,3643,9,3,185.56
10896,3643,49,3,183.82
10897,3643,41,3,574.12
10898,3643,116,1,499.37
10899,3643,13,2,302.7
10900,3644,67,2,755.48
10901,3645,134,3,14.54
10902,3645,93,2,-549.02
10903,3645,34,3,369.27
10904,3646,102,4,378.83
10905,3646,132,2,660.44
10906,3646,87,1,353.29
10907,3646,95,4,550.05
10908,3646,146,1,19.09
10909,3647,97,4,799.31
10910,3648,49,4,186.12
10911,3648,71,2,326.37
10912,3648,1,1,229.43
10913,3648,26,1,266.42
10914,3648,6,3,498.94
10915,3649,96,3,385.9
10916,3649,49,1,186.12
10917,3650,120,3,163.71
10918,3651,93,4,-549.02
10919,3651,78,3,789.72
10920,3651,20,4,511.22
10921,3652,116,2,499.37
10922,3652,60,1,602.69
10923,3653,6,1,498.94
10924,3653,64,3,123.33
10925,3653,122,2,444.14
10926,3653,123,4,717.17
10927,3654,132,4,660.44
10928,3654,144,2,507.04
10929,3654,126,3,131.22
10930,3654,40,2,496.68
10931,3655,59,1,402.24
10932,3655,97,2,799.31
10933,3655,126,2,101.97
10934,3656,60,3,602.69
10935,3656,28,3,487.27
10936,3656,87,4,353.29
10937,3656,21,4,658.67
10938,3656,9,2,185.56
10939,3657,86,1,35.23
10940,3657,13,2,302.7
10941,3657,11,1,117.66
10942,3657,57,1,268.77
10943,3657,136,1,254.21
10944,3658,16,4,170.96
10945,3658,121,1,643.49
10946,3658,64,1,123.33
10947,3658,74,2,429.76
10948,3658,75,2,421.56
10949,3659,21,2,658.67
10950,3659,65,4,748.34
10951,3659,44,1,14.87
10952,3659,56,4,783.92
10953,3659,85,1,446.02
10954,3660,8,1,611.79
10955,3660,89,3,164.51
10956,3660,27,3,470.69
10957,3660,36,3,495.03
10958,3661,25,3,50.04
10959,3661,33,1,680.29
10960,3661,141,3,664.67
10961,3661,46,4,566.86
10962,3661,99,3,707.47
10963,3662,4,4,636.38
10964,3662,22,2,759.83
10965,3663,115,1,769.44
10966,3664,82,3,558.31
10967,3664,54,1,119.66
10968,3664,9,4,185.56
10969,3664,24,1,767.98
10970,3665,32,3,176.75
10971,3665,131,2,318.76
10972,3665,33,2,680.29
10973,3665,71,2,326.37
10974,3665,3,1,302.94
10975,3666,122,4,444.14
10976,3666,101,2,720.77
10977,3666,76,1,571.36
10978,3666,36,3,495.03
10979,3667,95,2,550.05
10980,3667,26,4,266.42
10981,3667,112,2,306.6
10982,3668,80,4,752.51
10983,3668,102,2,378.83
10984,3668,65,3,748.34
10985,3668,141,2,664.67
10986,3669,21,2,658.67
10987,3669,82,2,558.31
10988,3669,54,4,119.66
10989,3669,16,3,170.96
10990,3670,118,3,361.9
10991,3670,39,4,467.56
10992,3671,109,3,382.69
10993,3672,71,4,326.37
10994,3672,27,1,470.69
10995,3672,96,2,385.9
10996,3673,64,2,123.33
10997,3673,84,2,431.32
10998,3674,43,4,25.96
10999,3674,84,2,431.32
11000,3675,132,1,660.44
11001,3675,12,1,452.49
11002,3676,150,3,484.06
11003,3676,68,4,636.26
11004,3676,145,2,229.11
11005,3676,82,1,558.31
11006,3676,14,4,754.03
11007,3677,65,1,748.34
11008,3677,106,4,256.39
11009,3677,94,3,610.92
11010,3677,36,3,495.03
11011,3678,56,4,783.92
11012,3678,2,1,536.34
11013,3678,113,3,149.56
11014,3678,1,2,229.43
11015,3678,72,4,248.19
11016,3679,69,1,678.97
11017,3679,7,4,797.36
11018,3679,145,1,229.11
11019,3679,17,2,658.83
11020,3680,8,3,611.79
11021,3680,23,1,701.6
11022,3680,81,2,226.08
11023,3681,105,4,462.17
11024,3681,61,2,0.0
11025,3681,48,2,107.37
11026,3682,104,2,556.7
11027,3682,69,4,678.97
11028,3683,31,2,682.52
11029,3683,107,4,22.07
11030,3683,135,3,457.51
11031,3683,69,3,678.97
11032,3683,86,3,35.23
11033,3684,145,3,229.11
11034,3684,15,1,715.52
11035,3684,71,1,326.37
11036,3685,79,2,499.3
11037,3685,116,4,499.37
11038,3685,25,4,50.04
11039,3685,52,3,457.95
11040,3685,127,1,349.21
11041,3686,72,4,248.19
11042,3686,127,3,349.21
11043,3686,12,4,452.49
11044,3687,24,3,767.98
11045,3687,150,3,484.06
11046,3688,77,2,0.0
11047,3688,13,4,302.7
11048,3689,66,3,484.78
11049,3690,128,3,383.45
11050,3690,66,1,484.78
11051,3690,49,3,186.12
11052,3690,37,4,253.77
11053,3690,3,4,302.94
11054,3691,55,1,472.02
11055,3691,112,3,306.6
11056,3692,34,3,369.27
11057,3692,147,4,630.5
11058,3692,149,4,254.2
11059,3693,4,2,636.38
11060,3693,65,3,748.34
11061,3693,22,3,759.83
11062,3694,50,3,370.89
11063,3694,11,4,117.66
11064,3694,130,4,778.31
11065,3695,12,3,452.49
11066,3695,112,1,306.6
11067,3696,35,4,593.85
11068,3696,69,2,678.97
11069,3696,80,1,752.51
11070,3696,8,4,611.79
11071,3697,60,1,602.69
11072,3697,97,1,968.13
11073,3698,56,2,783.92
11074,3699,47,3,434.59
11075,3699,100,2,110.82
11076,3700,39,3,467.56
11077,3700,56,4,783.92
11078,3700,145,1,229.11
11079,3700,129,2,356.8
11080,3700,139,1,322.53
11081,3701,67,4,755.48
11082,3702,85,4,446.02
11083,3702,11,2,117.66
11084,3703,109,4,382.69
11085,3703,56,1,783.92
11086,3703,22,1,759.83
11087,3703,80,3,752.51
11088,3703,105,4,462.17
11089,3704,65,4,748.34
11090,3704,134,1,14.54
11091,3704,143,4,488.21
11092,3704,13,1,302.7
11093,3705,31,2,682.52
11094,3705,90,3,503.63
11095,3706,116,1,499.37
11096,3706,24,1,767.98
11097,3706,132,4,660.44
11098,3706,91,2,425.2
11099,3707,53,4,176.09
11100,3708,31,1,682.52
11101,3708,73,1,757.68
11102,3709,10,4,364.78
11103,3709,11,3,117.66
11104,3709,13,4,302.7
11105,3709,91,3,425.2
11106,3709,8,1,611.79
11107,3710,3,2,302.94
11108,3710,93,4,-549.02
11109,3710,127,2,349.21
11110,3711,69,3,678.97
11111,3712,2,1,536.34
11112,3712,74,1,429.76
11113,3712,100,4,110.82
11114,3712,11,4,117.66
11115,3713,136,3,254.21
11116,3713,36,3,495.03
11117,3714,150,1,484.06
11118,3714,50,4,370.89
11119,3714,123,1,717.17
11120,3714,40,3,496.68
11121,3714,89,1,164.51
11122,3715,135,2,457.51
11123,3715,94,4,610.92
11124,3716,48,3,107.37
11125,3716,44,2,14.87
11126,3716,64,4,123.33
11127,3717,92,2,416.84
11128,3717,105,4,462.17
11129,3717,2,4,536.34
11130,3718,120,4,163.71
11131,3718,2,3,536.34
11132,3718,124,2,95.85
11133,3719,122,4,444.14
11134,3719,8,4,611.79
11135,3719,145,4,229.11
11136,3719,17,2,658.83
11137,3719,39,4,467.56
11138,3720,56,2,783.92
11139,3721,124,2,127.43
11140,3721,77,4,0.0
11141,3722,117,2,723.89
11142,3722,105,2,462.17
11143,3722,134,1,14.54
11144,3723,54,1,119.66
11145,3724,126,2,101.97
11146,3724,63,4,82.09
11147,3724,132,4,660.44
11148,3725,64,3,123.33
11149,3725,109,1,382.69
11150,3725,81,2,226.08
11151,3726,107,2,22.07
11152,3727,10,1,364.78
11153,3727,128,3,383.45
11154,3727,12,3,452.49
11155,3727,101,4,720.77
11156,3727,120,4,163.71
11157,3728,25,1,50.04
11158,3729,36,4,495.03
11159,3729,126,2,101.97
11160,3729,60,3,602.69
11161,3729,72,2,248.19
11162,3729,94,3,610.92
11163,3730,54,3,119.66
11164,3730,89,3,164.51
11165,3731,134,2,14.54
11166,3731,37,1,253.77
11167,3731,141,3,664.67
11168,3732,149,1,254.2
11169,3732,26,4,266.42
11170,3733,49,4,186.12
11171,3733,9,2,185.56
11172,3734,77,4,0.0
11173,3734,70,2,318.37
11174,3734,10,1,364.78
11175,3734,105,2,462.17
11176,3734,52,2,457.95
11177,3735,117,3,723.89
11178,3736,10,1,364.78
11179,3737,65,3,748.34
11180,3737,148,3,777.04
11181,3738,118,1,361.9
11182,3738,87,1,353.29
11183,3738,112,2,306.6
11184,3738,81,3,226.08
11185,3738,108,1,596.14
11186,3739,91,4,425.2
11187,3739,8,1,611.79
11188,3739,39,3,467.56
11189,3739,131,3,318.76
11190,3740,99,4,707.47
11191,3740,116,4,499.37
11192,3740,53,2,176.09
11193,3740,114,1,709.75
11194,3740,38,3,272.91
11195,3741,113,2,149.56
11196,3741,60,3,602.69
11197,3742,114,2,709.75
11198,3742,36,2,495.03
11199,3743,8,3,611.79
11200,3743,41,1,574.12
11201,3744,72,1,248.19
11202,3744,16,4,170.96
11203,3744,87,4,353.29
11204,3745,65,2,748.34
11205,3745,79,2,499.3
11206,3745,59,2,402.24
11207,3745,14,3,754.03
11208,3745,147,2,630.5
11209,3746,44,4,14.87
11210,3746,102,1,378.83
11211,3746,74,4,429.76
11212,3746,90,1,503.63
11213,3747,125,2,77.99
11214,3747,68,1,636.26
11215,3748,98,1,569.99
11216,3748,58,4,558.64
11217,3749,1,4,229.43
11218,3749,53,1,176.09
11219,3749,55,3,472.02
11220,3749,49,1,186.12
11221,3750,5,3,459.8
11222,3751,27,4,470.69
11223,3751,29,3,474.32
11224,3752,103,2,163.53
11225,3752,14,1,754.03
11226,3752,97,1,799.31
11227,3752,47,3,434.59
11228,3752,84,4,431.32
11229,3753,3,4,302.94
11230,3753,116,3,499.37
11231,3754,104,1,556.7
11232,3755,11,2,117.66
11233,3755,139,4,322.53
11234,3755,47,2,434.59
11235,3755,123,3,717.17
11236,3755,59,2,402.24
11237,3756,94,3,610.92
11238,3756,122,2,444.14
11239,3757,28,4,487.27
11240,3757,21,1,658.67
11241,3757,147,2,630.5
11242,3757,108,4,596.14
11243,3757,129,4,356.8
11244,3758,102,3,378.83
11245,3758,94,1,610.92
11246,3759,35,2,593.85
11247,3759,66,4,484.78
11248,3759,75,3,421.56
11249,3759,104,2,556.7
11250,3759,54,3,119.66
11251,3760,106,3,256.39
11252,3761,60,3,602.69
11253,3762,44,3,14.87
11254,3762,139,1,322.53
11255,3763,74,3,429.76
11256,3763,141,1,664.67
11257,3763,76,2,571.36
11258,3763,105,3,462.17
11259,3763,93,2,-549.02
11260,3764,53,4,176.09
11261,3764,51,2,521.96
11262,3764,40,4,496.68
11263,3764,150,1,484.06
11264,3765,52,2,457.95
11265,3765,49,1,186.12
11266,3765,119,4,443.26
11267,3766,108,3,596.14
11268,3767,126,3,101.97
11269,3767,131,1,318.76
11270,3767,79,4,499.3
11271,3767,34,1,369.27
11272,3768,38,4,272.91
11273,3768,120,3,163.71
11274,3768,123,3,717.17
11275,3768,11,1,117.66
11276,3769,144,3,507.04
11277,3769,3,3,302.94
11278,3769,42,3,458.23
11279,3769,143,1,488.21
11280,3770,24,4,1016.83
11281,3770,90,4,503.63
11282,3771,76,3,571.36
11283,3771,57,2,268.77
11284,3771,106,4,256.39
11285,3772,53,4,176.09
11286,3772,132,1,660.44
11287,3772,70,4,318.37
11288,3772,149,4,254.2
11289,3772,26,2,266.42
11290,3773,135,4,457.51
11291,3774,117,4,723.89
11292,3774,98,1,569.99
11293,3774,107,1,22.07
11294,3774,27,1,470.69
11295,3775,35,1,593.85
11296,3775,73,1,757.68
11297,3775,77,2,0.0
11298,3775,79,2,499.3
11299,3776,82,1,558.31
11300,3777,149,3,254.2
11301,3777,85,3,446.02
11302,3778,30,1,466.19
11303,3779,23,3,701.6
11304,3779,96,2,385.9
11305,3779,134,1,14.54
11306,3780,71,1,326.37
11307,3781,23,2,701.6
11308,3781,85,3,446.02
11309,3781,96,4,385.9
11310,3782,115,4,853.64
11311,3782,136,3,254.21
11312,3782,16,1,170.96
11313,3782,141,2,664.67
11314,3782,146,4,19.08
11315,3783,65,3,748.34
11316,3783,49,4,186.12
11317,3783,32,1,176.75
11318,3783,28,2,487.27
11319,3783,43,3,25.96
11320,3784,66,2,484.78
11321,3784,46,4,566.86
11322,3784,32,1,176.75
11323,3784,112,4,306.6
11324,3785,43,3,25.96
11325,3786,131,3,318.76
11326,3786,61,1,0.0
11327,3786,121,1,643.49
11328,3787,122,3,444.14
11329,3788,5,3,459.8
11330,3788,103,3,163.53
11331,3788,80,3,752.51
11332,3789,111,1,781.01
11333,3789,68,3,636.26
11334,3789,108,2,596.14
11335,3789,136,2,254.21
11336,3789,74,2,429.76
11337,3790,81,3,226.08
11338,3790,85,3,446.02
11339,3791,100,4,110.82
11340,3792,28,4,487.27
11341,3793,150,1,484.06
11342,3794,77,2,0.0
11343,3795,90,4,503.63
11344,3795,43,4,25.96
11345,3795,93,2,-549.02
11346,3795,65,3,748.34
11347,3796,83,1,57.87
11348,3796,2,1,536.34
11349,3796,150,2,533.78
11350,3797,100,2,110.82
11351,3797,25,3,50.04
11352,3798,27,3,541.69
11353,3798,126,2,101.97
11354,3798,110,3,335.07
11355,3798,12,4,452.49
11356,3798,43,3,25.96
11357,3799,11,2,117.66
11358,3799,137,2,704.57
11359,3799,50,1,370.89
11360,3799,37,3,253.77
11361,3800,24,2,767.98
11362,3800,97,2,799.31
11363,3800,13,2,302.7
11364,3800,7,4,797.36
11365,3800,50,3,370.89
11366,3801,73,2,757.68
11367,3801,111,4,781.01
11368,3802,131,2,318.76
11369,3802,34,2,369.27
11370,3803,123,2,717.17
11371,3803,8,3,611.79
11372,3804,21,4,658.67
11373,3804,150,1,484.06
11374,3805,150,4,484.06
11375,3805,97,4,799.31
11376,3805,76,3,571.36
11377,3806,126,2,101.97
11378,3807,97,3,799.31
11379,3807,26,3,266.42
11380,3808,123,2,717.17
11381,3808,58,1,558.64
11382,3808,4,3,636.38
11383,3809,123,3,717.17
11384,3809,81,2,226.08
11385,3810,58,3,558.64
11386,3810,139,3,322.53
11387,3810,70,4,318.37
11388,3811,123,1,717.17
11389,3812,62,1,302.99
11390,3812,4,4,636.38
11391,3812,108,2,596.14
11392,3812,145,1,229.11
11393,3813,21,4,658.67
11394,3813,35,1,593.85
11395,3813,49,4,186.12
11396,3813,73,2,757.68
11397,3814,148,3,777.04
11398,3815,23,3,701.6
11399,3815,112,1,306.6
11400,3815,142,2,758.12
11401,3815,21,1,658.67
11402,3816,106,4,256.39
11403,3816,121,3,643.49
11404,3816,96,2,385.9
11405,3817,74,4,429.76
11406,3817,108,1,596.14
11407,3817,83,2,57.87
11408,3818,104,3,556.7
11409,3819,113,3,94.63
11410,3819,57,2,268.77
11411,3819,71,2,326.37
11412,3820,144,3,507.04
11413,3821,49,1,186.12
11414,3821,69,4,678.97
11415,3821,2,1,536.34
11416,3822,78,4,789.72
11417,3823,131,1,318.76
11418,3823,124,4,127.43
11419,3823,66,2,484.78
11420,3823,48,3,107.37
11421,3823,127,1,349.21
11422,3824,142,1,758.12
11423,3824,110,1,335.07
11424,3824,116,1,499.37
11425,3824,53,3,176.09
11426,3825,99,3,707.47
11427,3825,19,3,582.15
11428,3825,36,2,495.03
11429,3825,132,4,485.88
11430,3826,96,3,385.9
11431,3826,70,2,318.37
11432,3827,105,2,462.17
11433,3827,88,4,581.3
11434,3827,40,2,496.68
11435,3827,126,1,101.97
11436,3828,32,1,176.75
11437,3828,83,4,57.87
11438,3828,105,3,462.17
11439,3828,52,3,457.95
11440,3829,44,4,14.87
11441,3830,144,2,507.04
11442,3830,88,2,581.3
11443,3830,121,1,643.49
11444,3831,148,4,777.04
11445,3831,73,2,757.68
11446,3831,66,1,484.78
11447,3831,117,1,723.89
11448,3832,26,4,266.42
11449,3833,64,2,123.33
11450,3833,142,4,758.12
11451,3833,15,1,715.52
11452,3833,33,3,680.29
11453,3834,25,1,50.04
11454,3834,44,4,14.87
11455,3834,114,4,709.75
11456,3835,52,3,457.95
11457,3835,90,1,503.63
11458,3835,44,1,19.53
11459,3835,127,2,349.21
11460,3836,70,4,318.37
11461,3836,28,1,487.27
11462,3836,89,3,164.51
11463,3836,100,2,110.82
11464,3836,122,4,444.14
11465,3837,126,4,101.97
11466,3838,76,4,571.36
11467,3838,116,2,499.37
11468,3838,70,4,318.37
11469,3838,121,4,643.49
11470,3838,20,4,511.22
11471,3839,58,1,558.64
11472,3840,72,2,248.19
11473,3841,74,1,429.76
11474,3841,88,3,581.3
11475,3842,26,4,266.42
11476,3842,31,3,682.52
11477,3842,84,2,431.32
11478,3842,131,1,318.76
11479,3843,141,4,664.67
11480,3843,27,4,470.69
11481,3843,55,3,472.02
11482,3843,128,4,383.45
11483,3843,100,2,110.82
11484,3844,5,4,459.8
11485,3845,75,1,421.56
11486,3845,128,2,383.45
11487,3846,75,4,421.56
11488,3846,81,3,226.08
11489,3847,105,4,462.17
11490,3847,43,2,25.96
11491,3847,145,1,229.11
11492,3848,131,2,318.76
11493,3848,62,1,302.99
11494,3849,106,2,256.39
11495,3849,98,2,569.99
11496,3849,47,4,434.59
11497,3849,78,2,789.72
11498,3850,65,4,748.34
11499,3850,58,3,558.64
11500,3850,52,3,457.95
11501,3850,144,2,507.04
11502,3850,50,3,370.89
11503,3851,132,2,660.44
11504,3852,39,4,467.56
11505,3852,28,3,487.27
11506,3852,88,3,581.3
11507,3852,89,2,164.51
11508,3853,13,2,302.7
11509,3853,138,2,126.38
11510,3853,120,2,163.71
11511,3854,61,3,0.0
11512,3854,107,3,22.07
11513,3854,88,1,581.3
11514,3854,148,4,777.04
11515,3854,75,3,421.56
11516,3855,111,1,781.01
11517,3855,69,2,678.97
11518,3856,48,1,107.37
11519,3857,51,2,521.96
11520,3857,48,2,107.37
11521,3857,136,3,254.21
11522,3857,42,1,458.23
11523,3857,27,2,470.69
11524,3858,87,4,353.29
11525,3858,82,2,558.31
11526,3858,125,2,60.95
11527,3858,144,3,507.04
11528,3858,108,4,383.82
11529,3859,87,1,353.29
11530,3860,13,1,302.7
11531,3860,145,3,229.11
11532,3860,36,1,495.03
11533,3861,109,3,382.69
11534,3861,120,3,163.71
11535,3861,107,4,22.07
11536,3861,69,1,678.97
11537,3861,35,2,593.85
11538,3862,128,4,383.45
11539,3863,38,1,272.91
11540,3864,13,3,302.7
11541,3864,40,4,496.68
11542,3864,43,3,25.96
11543,3864,132,1,660.44
11544,3864,51,3,416.05
11545,3865,21,3,658.67
11546,3866,45,2,157.83
11547,3866,57,2,268.77
11548,3866,75,1,421.56
11549,3866,73,3,757.68
11550,3866,108,1,596.14
11551,3867,5,2,459.8
11552,3867,28,3,487.27
11553,3867,11,4,117.66
11554,3867,118,2,361.9
11555,3867,112,1,306.6
11556,3868,104,4,556.7
11557,3868,61,3,0.0
11558,3868,44,3,14.87
11559,3868,112,2,306.6
11560,3869,57,2,268.77
11561,3869,43,4,25.96
11562,3869,135,2,457.51
11563,3869,39,3,467.56
11564,3869,60,2,602.69
11565,3870,82,4,558.31
11566,3870,143,4,488.21
11567,3870,128,1,383.45
11568,3870,141,4,664.67
11569,3870,13,3,302.7
11570,3871,142,4,758.12
11571,3871,69,3,678.97
11572,3871,20,1,511.22
11573,3871,12,3,452.49
11574,3871,19,3,582.15
11575,3872,96,1,385.9
11576,3872,124,3,127.43
11577,3872,142,2,758.12
11578,3873,94,3,610.92
11579,3873,103,3,163.53
11580,3873,28,4,487.27
11581,3873,11,3,117.66
11582,3874,59,2,402.24
11583,3874,145,1,229.11
11584,3874,99,1,707.47
11585,3874,12,1,452.49
11586,3874,68,3,636.26
11587,3875,6,2,498.94
11588,3875,105,2,462.17
11589,3875,10,2,364.78
11590,3876,147,1,630.5
11591,3876,45,3,157.83
11592,3876,47,3,434.59
11593,3876,52,2,457.95
11594,3877,20,4,511.22
11595,3877,98,3,569.99
11596,3877,37,1,253.77
11597,3877,79,2,499.3
11598,3877,122,4,444.14
11599,3878,90,4,503.63
11600,3878,65,2,748.34
11601,3878,86,4,35.23
11602,3879,20,2,511.22
11603,3879,105,4,462.17
11604,3879,128,4,383.45
11605,3879,4,1,636.38
11606,3880,23,3,701.6
11607,3880,68,3,636.26
11608,3880,37,4,253.77
11609,3880,69,4,678.97
11610,3881,93,2,-549.02
11611,3881,24,2,767.98
11612,3881,120,2,163.71
11613,3882,124,2,127.43
11614,3882,105,3,462.17
11615,3883,137,1,704.57
11616,3884,110,2,335.07
11617,3884,99,2,707.47
11618,3884,42,4,458.23
11619,3884,124,2,127.43
11620,3885,104,3,556.7
11621,3885,22,4,759.83
11622,3886,23,3,701.6
11623,3886,69,4,546.89
11624,3886,30,2,466.19
11625,3886,44,1,14.87
11626,3886,42,2,458.23
11627,3887,65,4,748.34
11628,3887,74,2,429.76
11629,3887,68,1,636.26
11630,3887,92,4,416.84
11631,3888,4,3,636.38
11632,3888,149,4,254.2
11633,3889,65,1,748.34
11634,3889,127,1,349.21
11635,3890,29,4,474.32
11636,3890,26,4,266.42
11637,3890,117,1,723.89
11638,3890,119,2,443.26
11639,3891,12,3,366.19
11640,3891,70,3,318.37
11641,3892,126,1,101.97
11642,3893,53,3,176.09
11643,3893,86,1,45.13
11644,3893,89,2,164.51
11645,3893,67,3,755.48
11646,3893,112,3,306.6
11647,3894,48,4,107.37
11648,3894,38,2,272.91
11649,3894,29,2,474.32
11650,3894,79,2,499.3
11651,3894,117,1,723.89
11652,3895,81,4,226.08
11653,3895,146,3,19.08
11654,3895,56,2,783.92
11655,3895,132,4,660.44
11656,3896,22,1,759.83
11657,3896,80,1,752.51
11658,3896,109,4,382.69
11659,3896,64,4,123.33
11660,3896,89,2,164.51
11661,3897,24,1,767.98
11662,3898,104,3,556.7
11663,3898,87,3,353.29
11664,3898,88,2,581.3
11665,3898,128,1,383.45
11666,3899,112,1,306.6
11667,3900,66,2,484.78
11668,3900,91,4,425.2
11669,3900,43,3,25.96
11670,3901,31,2,682.52
11671,3901,60,2,602.69
11672,3901,2,4,536.34
11673,3902,9,2,185.56
11674,3902,139,3,322.53
11675,3902,31,1,682.52
11676,3902,74,4,429.76
11677,3902,102,4,378.83
11678,3903,7,1,797.36
11679,3903,86,2,35.23
11680,3903,121,4,643.49
11681,3903,29,2,474.32
11682,3904,136,4,254.21
11683,3904,74,2,429.76
11684,3904,73,1,757.68
11685,3904,90,2,499.44
11686,3905,126,1,101.97
11687,3906,136,2,254.21
11688,3907,118,2,361.9
11689,3907,86,2,35.23
11690,3907,94,4,610.92
11691,3908,24,4,767.98
11692,3908,23,4,701.6
11693,3908,21,2,658.67
11694,3909,57,3,268.77
11695,3909,48,3,107.37
11696,3909,84,1,431.32
11697,3909,45,2,157.83
11698,3909,80,2,752.51
11699,3910,67,3,755.48
11700,3910,129,1,356.8
11701,3911,137,1,704.57
11702,3912,36,1,495.03
11703,3912,106,2,256.39
11704,3912,95,1,550.05
11705,3912,26,3,266.42
11706,3913,38,4,272.91
11707,3913,51,1,521.96
11708,3913,49,1,186.12
11709,3914,44,4,14.87
11710,3914,31,2,682.52
11711,3914,12,1,452.49
11712,3914,85,3,446.02
11713,3914,104,4,556.7
11714,3915,109,1,382.69
11715,3915,124,3,127.43
11716,3916,51,4,521.96
11717,3916,124,1,127.43
11718,3916,145,1,229.11
11719,3916,16,4,170.96
11720,3916,136,4,254.21
11721,3917,31,2,682.52
11722,3918,99,1,707.47
11723,3918,51,2,521.96
11724,3918,107,3,22.07
11725,3918,8,1,611.79
11726,3918,75,4,421.56
11727,3919,59,4,556.19
11728,3919,62,1,302.99
11729,3919,129,2,356.8
11730,3920,120,4,163.71
11731,3920,80,2,752.51
11732,3920,79,2,499.3
11733,3920,56,1,783.92
11734,3921,33,3,680.29
11735,3921,102,1,378.83
11736,3922,81,3,226.08
11737,3922,149,2,254.2
11738,3922,119,4,443.26
11739,3922,133,1,53.99
11740,3923,38,3,272.91
11741,3923,98,2,569.99
11742,3923,16,1,170.96
11743,3923,60,1,602.69
11744,3924,32,1,231.45
11745,3924,113,3,149.56
11746,3924,142,2,758.12
11747,3924,116,1,499.37
11748,3925,147,1,630.5
11749,3925,16,1,170.96
11750,3925,20,1,511.22
11751,3926,107,3,22.07
11752,3926,146,3,19.08
11753,3926,113,4,149.56
11754,3927,141,3,664.67
11755,3928,86,1,35.23
11756,3928,9,1,185.56
11757,3928,101,3,720.77
11758,3928,7,3,797.36
11759,3928,137,4,704.57
11760,3929,71,3,326.37
11761,3929,21,3,658.67
11762,3930,60,2,602.69
11763,3930,102,3,378.83
11764,3930,131,3,318.76
11765,3931,60,4,602.69
11766,3931,142,1,758.12
11767,3931,96,4,385.9
11768,3931,93,3,-549.02
11769,3932,128,1,383.45
11770,3932,129,3,356.8
11771,3932,42,3,458.23
11772,3932,72,4,248.19
11773,3932,132,2,660.44
11774,3933,118,1,361.9
11775,3933,18,3,315.84
11776,3933,134,2,14.54
11777,3933,135,4,457.51
11778,3934,105,4,462.17
11779,3934,119,2,443.26
11780,3934,15,1,715.52
11781,3935,60,1,602.69
11782,3936,138,2,126.38
11783,3936,145,4,229.11
11784,3936,8,4,611.79
11785,3937,64,1,123.33
11786,3937,147,2,630.5
11787,3937,17,4,658.83
11788,3938,3,3,302.94
11789,3938,66,4,484.78
11790,3938,136,4,254.21
11791,3938,84,4,431.32
11792,3939,89,3,164.51
11793,3939,68,4,636.26
11794,3939,31,4,682.52
11795,3939,22,3,759.83
11796,3940,63,3,82.09
11797,3940,4,1,636.38
11798,3940,13,2,302.7
11799,3940,29,1,474.32
11800,3941,97,2,799.31
11801,3941,98,4,569.99
11802,3941,82,3,558.31
11803,3941,77,1,0.0
11804,3942,10,1,364.78
11805,3943,33,3,680.29
11806,3943,76,2,571.36
11807,3943,4,1,636.38
11808,3943,111,3,781.01
11809,3943,134,2,14.54
11810,3944,15,2,715.52
11811,3944,33,4,680.29
11812,3944,85,1,446.02
11813,3944,52,1,457.95
11814,3945,94,4,610.92
11815,3945,17,1,658.83
11816,3946,25,3,50.04
11817,3947,22,3,759.83
11818,3947,38,4,272.91
11819,3947,92,2,416.84
11820,3947,64,1,123.33
11821,3947,98,3,569.99
11822,3948,136,2,254.21
11823,3949,65,3,748.34
11824,3950,37,1,253.77
11825,3951,147,2,630.5
11826,3951,4,2,636.38
11827,3951,115,1,769.44
11828,3952,141,4,664.67
11829,3952,39,2,467.56
11830,3952,73,2,757.68
11831,3952,15,4,715.52
11832,3953,116,2,499.37
11833,3953,106,2,256.39
11834,3953,78,4,789.72
11835,3953,73,4,468.66
11836,3953,54,4,119.66
11837,3954,14,2,754.03
11838,3955,4,4,636.38
11839,3955,111,2,781.01
11840,3956,121,2,643.49
11841,3956,21,3,658.67
11842,3956,77,4,0.0
11843,3956,146,4,19.08
11844,3957,9,2,185.56
11845,3957,35,4,593.85
11846,3957,70,1,318.37
11847,3957,25,4,50.04
11848,3958,30,2,348.49
11849,3959,113,4,149.56
11850,3959,23,1,701.6
11851,3959,79,1,499.3
11852,3959,110,4,335.07
11853,3960,47,2,434.59
11854,3960,132,4,660.44
11855,3960,78,2,789.72
11856,3961,142,3,758.12
11857,3961,3,4,302.94
11858,3961,69,4,678.97
11859,3961,124,1,127.43
11860,3962,133,1,53.99
11861,3962,99,4,707.47
11862,3962,28,2,487.27
11863,3962,140,1,80.4
11864,3963,90,4,503.63
11865,3963,49,4,186.12
11866,3963,52,3,457.95
11867,3963,7,3,797.36
11868,3964,32,1,176.75
11869,3964,144,4,507.04
11870,3964,86,1,43.89
11871,3964,81,3,226.08
11872,3965,107,3,22.07
11873,3965,73,2,757.68
11874,3965,15,2,715.52
11875,3966,64,1,123.33
11876,3966,32,1,176.75
11877,3966,65,1,748.34
11878,3966,59,1,402.24
11879,3967,55,2,472.02
11880,3967,144,1,507.04
11881,3967,140,1,80.4
11882,3967,126,3,101.97
11883,3968,139,1,322.53
11884,3969,115,3,769.44
11885,3970,14,1,528.59
11886,3971,46,2,566.86
11887,3971,110,4,335.07
11888,3971,102,2,378.83
11889,3972,115,2,769.44
11890,3972,149,4,254.2
11891,3972,150,3,484.06
11892,3972,112,4,306.6
11893,3972,63,3,82.09
11894,3973,109,4,382.69
11895,3973,124,2,127.43
11896,3973,120,1,163.71
11897,3973,93,4,-549.02
11898,3973,57,3,268.77
11899,3974,121,4,643.49
11900,3975,142,3,758.12
11901,3975,36,2,495.03
11902,3975,53,3,176.09
11903,3976,99,4,707.47
11904,3976,125,4,60.95
11905,3977,137,2,704.57
11906,3978,114,3,709.75
11907,3978,2,2,536.34
11908,3978,69,2,678.97
11909,3978,13,4,302.7
11910,3979,99,4,707.47
11911,3979,42,1,346.67
11912,3979,120,2,163.71
11913,3980,139,2,322.53
11914,3980,62,1,302.99
11915,3980,29,4,474.32
11916,3981,105,3,462.17
11917,3981,32,3,176.75
11918,3981,30,3,466.19
11919,3981,53,1,176.09
11920,3981,92,2,416.84
11921,3982,103,4,163.53
11922,3982,125,4,60.95
11923,3982,123,1,717.17
11924,3982,39,1,467.56
11925,3982,141,3,664.67
11926,3983,7,4,797.36
11927,3984,89,3,164.51
11928,3984,58,1,558.64
11929,3984,116,1,337.64
11930,3984,56,3,783.92
11931,3985,41,2,574.12
11932,3985,62,3,302.99
11933,3985,72,3,248.19
11934,3985,137,3,704.57
11935,3985,45,3,157.83
11936,3986,23,4,701.6
11937,3987,140,2,80.4
11938,3988,41,2,574.12
11939,3988,74,4,429.76
11940,3988,5,1,459.8
11941,3989,22,1,759.83
11942,3989,58,1,558.64
11943,3990,27,4,470.69
11944,3991,65,3,748.34
11945,3991,101,2,720.77
11946,3991,63,2,82.09
11947,3991,20,2,511.22
11948,3992,34,4,369.27
11949,3993,84,2,431.32
11950,3993,145,4,229.11
11951,3993,100,3,110.82
11952,3994,135,4,457.51
11953,3994,10,1,364.78
11954,3994,125,4,60.95
11955,3995,18,3,315.84
11956,3995,116,3,499.37
11957,3995,111,2,781.01
11958,3996,65,4,748.34
11959,3996,138,4,126.38
11960,3996,37,1,253.77
11961,3997,1,2,229.43
11962,3997,134,4,14.54
11963,3998,106,1,256.39
11964,3998,10,2,364.78
11965,3998,23,1,701.6
11966,3998,89,4,164.51
11967,3998,134,4,14.54
11968,3999,13,1,302.7
11969,3999,120,2,163.71
11970,4000,148,3,777.04
11971,4000,86,4,35.23
11972,4000,58,1,558.64
11973,4000,123,3,717.17
11974,4000,118,1,361.9
11975,4001,77,1,0.0
11976,4001,36,4,495.03
11977,4001,93,1,-549.02
11978,4002,26,1,266.42
11979,4003,136,1,254.21
11980,4003,123,4,717.17
11981,4004,63,1,82.09
11982,4005,20,2,511.22
11983,4005,53,1,176.09
11984,4006,79,2,499.3
11985,4006,3,3,302.94
11986,4006,109,2,382.69
11987,4006,76,4,571.36
11988,4006,85,3,446.02
11989,4007,61,2,0.0
11990,4007,36,1,495.03
11991,4008,125,4,60.95
11992,4008,11,3,117.66
11993,4008,135,1,457.51
11994,4008,114,1,709.75
11995,4008,80,2,752.51
11996,4009,29,1,474.32
11997,4010,105,2,462.17
11998,4011,74,3,429.76
11999,4011,123,4,717.17
12000,4011,62,3,302.99
12001,4011,89,4,164.51
12002,4012,22,4,759.83
12003,4012,147,4,630.5
12004,4013,26,2,266.42
12005,4013,55,4,472.02
12006,4013,20,4,511.22
12007,4013,65,2,748.34
12008,4014,12,3,452.49
12009,4014,67,1,755.48
12010,4014,113,4,149.56
12011,4015,86,3,35.23
12012,4016,82,3,558.31
12013,4016,23,4,701.6
12014,4016,103,3,163.53
12015,4016,69,2,678.97
12016,4017,67,2,755.48
12017,4017,142,3,758.12
12018,4017,91,1,425.2
12019,4017,80,3,752.51
12020,4018,45,2,157.83
12021,4018,97,3,799.31
12022,4018,46,3,566.86
12023,4018,58,1,558.64
12024,4019,31,1,682.52
12025,4019,134,1,14.54
12026,4019,88,4,581.3
12027,4020,54,2,119.66
12028,4020,144,3,507.04
12029,4020,91,1,425.2
12030,4020,36,3,495.03
12031,4020,93,3,-549.02
12032,4021,114,4,885.87
12033,4021,46,1,566.86
12034,4021,146,1,19.08
12035,4021,60,2,602.69
12036,4021,1,4,229.43
12037,4022,4,2,636.38
12038,4022,36,3,495.03
12039,4022,35,4,593.85
12040,4022,18,3,315.84
12041,4023,123,3,717.17
12042,4024,121,4,643.49
12043,4024,68,4,636.26
12044,4024,54,4,119.66
12045,4024,66,2,484.78
12046,4024,124,1,127.43
12047,4025,19,4,582.15
12048,4025,98,2,569.99
12049,4025,96,4,385.9
12050,4026,110,2,335.07
12051,4026,38,2,272.91
12052,4027,113,1,149.56
12053,4027,148,3,777.04
12054,4028,27,2,470.69
12055,4028,54,3,119.66
12056,4028,34,2,369.27
12057,4028,43,1,25.96
12058,4028,17,3,658.83
12059,4029,47,2,434.59
12060,4029,115,1,769.44
12061,4029,124,4,127.43
12062,4030,46,1,566.86
12063,4030,59,4,402.24
12064,4030,44,1,14.87
12065,4030,106,4,256.39
12066,4030,107,4,22.07
12067,4031,16,4,170.96
12068,4031,145,3,229.11
12069,4031,68,1,636.26
12070,4031,70,4,318.37
12071,4032,143,1,488.21
12072,4032,38,2,272.91
12073,4032,146,1,19.08
12074,4032,104,1,556.7
12075,4033,6,3,498.94
12076,4033,41,1,574.12
12077,4033,44,3,14.87
12078,4033,109,1,382.69
12079,4033,59,4,402.24
12080,4034,71,4,326.37
12081,4034,32,3,176.75
12082,4034,118,4,361.9
12083,4034,5,3,459.8
12084,4034,138,1,126.38
12085,4035,102,3,378.83
12086,4035,66,1,484.78
12087,4035,18,4,315.84
12088,4035,84,3,431.32
12089,4036,4,3,636.38
12090,4037,127,3,349.21
12091,4038,111,3,781.01
12092,4038,49,4,186.12
12093,4038,22,1,759.83
12094,4038,53,4,176.09
12095,4038,105,1,462.17
12096,4039,38,3,272.91
12097,4039,25,1,50.04
12098,4039,66,4,484.78
12099,4040,115,1,493.71
12100,4041,102,1,378.83
12101,4041,42,4,458.23
12102,4041,17,4,658.83
12103,4041,130,1,778.31
12104,4041,7,4,797.36
12105,4042,128,1,383.45
12106,4042,90,3,503.63
12107,4042,116,4,499.37
12108,4042,16,3,170.96
12109,4042,111,4,781.01
12110,4043,83,3,57.87
12111,4043,37,4,253.77
12112,4043,93,4,-549.02
12113,4043,115,2,769.44
12114,4044,81,4,226.08
12115,4045,74,1,429.76
12116,4045,51,1,521.96
12117,4046,85,4,446.02
12118,4046,23,2,701.6
12119,4047,2,1,536.34
12120,4048,6,2,498.94
12121,4049,82,3,558.31
12122,4049,17,3,658.83
12123,4049,102,4,378.83
12124,4049,92,4,416.84
12125,4049,40,4,496.68
12126,4050,149,3,254.2
12127,4051,69,2,678.97
12128,4051,22,1,759.83
12129,4051,130,2,778.31
12130,4052,116,2,499.37
12131,4052,19,1,582.15
12132,4052,82,4,558.31
12133,4052,117,4,723.89
12134,4053,144,4,507.04
12135,4053,116,2,499.37
12136,4053,80,3,752.51
12137,4054,33,1,680.29
12138,4054,136,1,254.21
12139,4055,114,3,709.75
12140,4055,26,4,266.42
12141,4055,38,4,272.91
12142,4056,133,2,53.99
12143,4056,72,3,248.19
12144,4057,74,2,429.76
12145,4057,144,3,507.04
12146,4057,11,2,117.66
12147,4057,91,2,425.2
12148,4057,64,4,123.33
12149,4058,48,3,107.37
12150,4058,23,3,701.6
12151,4058,76,4,571.36
12152,4059,82,3,558.31
12153,4060,80,3,752.51
12154,4060,77,2,0.0
12155,4060,20,4,511.22
12156,4060,90,1,503.63
12157,4060,13,4,302.7
12158,4061,62,2,302.99
12159,4061,146,1,19.08
12160,4061,44,1,14.87
12161,4061,80,4,752.51
12162,4061,125,3,60.95
12163,4062,76,1,571.36
12164,4062,27,3,470.69
12165,4062,22,1,759.83
12166,4062,47,4,434.59
12167,4063,86,3,35.23
12168,4064,53,1,176.09
12169,4064,120,4,163.71
12170,4064,72,1,248.19
12171,4065,92,1,416.84
12172,4065,39,1,467.56
12173,4065,56,2,783.92
12174,4066,43,3,25.96
12175,4067,149,4,254.2
12176,4067,20,3,511.22
12177,4068,109,2,382.69
12178,4068,101,1,720.77
12179,4068,5,1,459.8
12180,4069,40,2,496.68
12181,4069,28,4,487.27
12182,4069,147,1,630.5
12183,4069,12,1,452.49
12184,4070,60,1,602.69
12185,4070,48,4,107.37
12186,4070,9,3,185.56
12187,4071,29,4,474.32
12188,4071,106,4,256.39
12189,4071,77,1,0.0
12190,4071,10,2,364.78
12191,4071,65,2,748.34
12192,4072,88,4,581.3
12193,4072,15,3,715.52
12194,4072,143,3,488.21
12195,4072,94,1,610.92
12196,4073,125,3,60.95
12197,4073,42,1,458.23
12198,4073,126,1,101.97
12199,4073,83,2,57.87
12200,4074,109,4,382.69
12201,4074,44,3,14.87
12202,4074,27,4,470.69
12203,4074,105,1,462.17
12204,4075,132,2,660.44
12205,4076,150,1,484.06
12206,4076,110,4,335.07
12207,4076,60,4,602.69
12208,4077,130,3,778.31
12209,4077,100,1,110.82
12210,4077,16,3,170.96
12211,4078,132,1,660.44
12212,4078,11,3,117.66
12213,4079,12,4,452.49
12214,4080,75,1,421.56
12215,4081,131,2,318.76
12216,4082,95,2,550.05
12217,4082,76,4,571.36
12218,4082,136,4,254.21
12219,4082,109,3,382.69
12220,4083,17,1,658.83
12221,4083,107,2,22.07
12222,4083,89,2,164.51
12223,4084,124,2,127.43
12224,4084,127,1,349.21
12225,4084,114,3,709.75
12226,4084,14,1,754.03
12227,4084,77,4,0.0
12228,4085,28,2,487.27
12229,4085,136,1,254.21
12230,4085,126,3,101.97
12231,4086,15,3,715.52
12232,4086,45,2,157.83
12233,4087,32,2,176.75
12234,4087,28,1,487.27
12235,4087,114,3,709.75
12236,4088,54,1,119.66
12237,4088,25,4,50.04
12238,4089,61,1,0.0
12239,4089,148,4,777.04
12240,4090,122,1,444.14
12241,4090,2,2,536.34
12242,4090,69,4,678.97
12243,4090,104,2,556.7
12244,4090,33,1,680.29
12245,4091,88,4,581.3
12246,4091,126,1,101.97
12247,4092,10,3,364.78
12248,4092,131,2,318.76
12249,4092,138,4,126.38
12250,4092,120,4,163.71
12251,4093,12,3,452.49
12252,4093,56,1,783.92
12253,4093,83,2,57.87
12254,4094,125,2,60.95
12255,4094,101,1,720.77
12256,4094,114,3,709.75
12257,4094,12,1,452.49
12258,4094,79,2,499.3
12259,4095,124,2,127.43
12260,4095,147,4,630.5
12261,4095,138,4,126.38
12262,4095,130,1,778.31
12263,4095,84,1,431.32
12264,4096,27,3,470.69
12265,4097,35,3,593.85
12266,4097,18,1,315.84
12267,4097,26,4,266.42
12268,4097,122,1,444.14
12269,4097,94,3,610.92
12270,4098,114,2,709.75
12271,4099,40,3,496.68
12272,4099,137,4,704.57
12273,4099,41,1,574.12
12274,4099,132,3,660.44
12275,4100,7,1,797.36
12276,4100,75,2,421.56
12277,4100,34,4,369.27
12278,4101,98,1,569.99
12279,4102,10,4,364.78
12280,4102,57,4,268.77
12281,4102,16,2,170.96
12282,4102,52,1,457.95
12283,4103,74,3,429.76
12284,4103,47,2,434.59
12285,4103,34,3,369.27
12286,4103,127,3,349.21
12287,4104,136,1,254.21
12288,4104,129,4,356.8
12289,4104,15,4,715.52
12290,4105,77,3,0.0
12291,4105,36,1,495.03
12292,4105,70,1,318.37
12293,4105,18,3,315.84
12294,4105,79,4,499.3
12295,4106,148,4,777.04
12296,4106,88,4,581.3
12297,4106,23,1,701.6
12298,4107,55,4,472.02
12299,4107,48,4,107.37
12300,4107,92,4,416.84
12301,4108,67,2,755.48
12302,4108,22,4,759.83
12303,4109,38,4,272.91
12304,4109,100,4,110.82
12305,4109,88,2,581.3
12306,4110,114,4,709.75
12307,4110,140,4,80.4
12308,4110,70,4,318.37
12309,4111,58,4,558.64
12310,4111,145,1,229.11
12311,4112,11,4,117.66
12312,4112,132,3,660.44
12313,4113,57,4,268.77
12314,4113,41,2,574.12
12315,4113,128,3,383.45
12316,4114,95,1,550.05
12317,4114,26,2,266.42
12318,4114,49,3,186.12
12319,4115,142,3,555.15
12320,4115,71,4,326.37
12321,4115,92,1,416.84
12322,4115,127,1,349.21
12323,4115,120,1,163.71
12324,4116,137,2,704.57
12325,4117,128,3,383.45
12326,4117,77,2,0.0
12327,4117,87,2,353.29
12328,4117,105,2,462.17
12329,4117,63,4,82.09
12330,4118,122,2,444.14
12331,4119,44,3,14.87
12332,4119,91,1,425.2
12333,4120,45,3,157.83
12334,4120,105,1,462.17
12335,4121,141,2,664.67
12336,4121,52,2,457.95
12337,4122,89,3,164.51
12338,4122,105,3,510.98
12339,4122,5,4,459.8
12340,4122,88,4,581.3
12341,4122,36,1,353.83
12342,4123,140,1,80.4
12343,4123,31,3,682.52
12344,4123,112,2,306.6
12345,4123,72,4,248.19
12346,4124,139,2,322.53
12347,4124,116,3,499.37
12348,4125,143,1,488.21
12349,4125,98,2,569.99
12350,4126,84,3,431.32
12351,4126,70,2,318.37
12352,4127,51,2,521.96
12353,4127,1,1,229.43
12354,4128,116,4,499.37
12355,4128,28,4,487.27
12356,4128,103,3,163.53
12357,4129,129,3,356.8
12358,4129,14,4,754.03
12359,4129,141,1,664.67
12360,4129,21,2,658.67
12361,4129,84,3,431.32
12362,4130,77,3,0.0
12363,4131,84,2,431.32
12364,4132,32,1,176.75
12365,4132,78,4,789.72
12366,4133,17,2,658.83
12367,4133,81,2,226.08
12368,4133,116,1,499.37
12369,4134,84,4,431.32
12370,4134,111,4,781.01
12371,4134,12,3,452.49
12372,4134,93,1,-549.02
12373,4134,55,1,472.02
12374,4135,108,1,596.14
12375,4135,70,3,318.37
12376,4135,62,4,302.99
12377,4135,112,3,377.53
12378,4136,45,4,157.83
12379,4136,132,2,660.44
12380,4137,77,3,0.0
12381,4137,53,2,176.09
12382,4137,11,4,117.66
12383,4137,84,1,394.52
12384,4137,10,3,364.78
12385,4138,148,3,777.04
12386,4138,68,4,636.26
12387,4138,53,2,176.09
12388,4138,38,4,272.91
12389,4138,20,4,511.22
12390,4139,83,3,57.87
12391,4139,108,1,596.14
12392,4139,124,4,127.43
12393,4139,85,2,446.02
12394,4139,138,4,126.38
12395,4140,15,3,715.52
12396,4140,75,3,421.56
12397,4140,59,1,402.24
12398,4141,129,2,356.8
12399,4141,24,2,767.98
12400,4141,55,3,472.02
12401,4141,47,2,434.59
12402,4141,12,2,452.49
12403,4142,25,4,50.04
12404,4143,36,3,495.03
12405,4144,119,2,443.26
12406,4144,5,2,459.8
12407,4144,27,3,470.69
12408,4144,79,4,499.3
12409,4145,44,3,14.87
12410,4145,15,4,715.52
12411,4145,118,2,361.9
12412,4145,123,4,717.17
12413,4145,10,2,364.78
12414,4146,137,2,704.57
12415,4146,67,3,755.48
12416,4146,88,2,581.3
12417,4146,48,4,107.37
12418,4146,100,2,110.82
12419,4147,123,2,717.17
12420,4147,92,4,416.84
12421,4147,16,3,170.96
12422,4147,115,1,769.44
12423,4148,58,4,558.64
12424,4148,64,1,123.33
12425,4148,104,3,556.7
12426,4149,114,4,709.75
12427,4149,23,2,701.6
12428,4149,73,4,757.68
12429,4149,112,3,306.6
12430,4149,133,3,53.99
12431,4150,142,3,758.12
12432,4150,84,3,431.32
12433,4151,37,1,253.77
12434,4152,95,4,550.05
12435,4152,113,3,149.56
12436,4153,13,1,302.7
12437,4154,3,1,302.94
12438,4155,116,2,499.37
12439,4155,66,4,484.78
12440,4155,98,4,569.99
12441,4156,81,1,226.08
12442,4156,78,1,789.72
12443,4156,121,1,643.49
12444,4157,126,4,101.97
12445,4158,28,2,487.27
12446,4158,95,3,550.05
12447,4159,62,1,302.99
12448,4159,21,1,658.67
12449,4159,14,2,754.03
12450,4160,128,2,383.45
12451,4160,125,1,60.95
12452,4160,147,2,630.5
12453,4160,94,4,610.92
12454,4161,141,1,664.67
12455,4161,11,1,117.66
12456,4161,72,1,248.19
12457,4161,148,3,777.04
12458,4161,19,4,582.15
12459,4162,23,2,701.6
12460,4162,120,1,163.71
12461,4163,72,4,248.19
12462,4163,69,2,678.97
12463,4164,35,1,593.85
12464,4164,14,3,754.03
12465,4164,145,3,229.11
12466,4165,127,3,349.21
12467,4165,35,3,593.85
12468,4165,40,2,496.68
12469,4165,71,4,326.37
12470,4166,142,2,758.12
12471,4166,125,4,60.95
12472,4166,96,3,385.9
12473,4166,136,2,254.21
12474,4166,81,4,226.08
12475,4167,76,4,694.75
12476,4167,71,3,326.37
12477,4167,36,3,495.03
12478,4167,61,1,0.0
12479,4168,61,4,0.0
12480,4168,96,2,385.9
12481,4169,96,4,385.9
12482,4169,49,2,186.12
12483,4170,142,2,758.12
12484,4170,115,2,769.44
12485,4170,135,4,457.51
12486,4170,13,3,302.7
12487,4170,63,3,82.09
12488,4171,108,1,596.14
12489,4171,11,3,117.66
12490,4171,29,2,474.32
12491,4172,20,3,511.22
12492,4172,16,4,170.96
12493,4173,68,2,636.26
12494,4173,61,2,0.0
12495,4173,38,2,272.91
12496,4173,103,3,163.53
12497,4174,80,4,752.51
12498,4174,8,4,611.79
12499,4175,105,2,462.17
12500,4176,80,2,752.51
12501,4177,36,3,495.03
12502,4177,121,2,643.49
12503,4177,126,3,101.97
12504,4177,51,3,521.96
12505,4177,79,4,499.3
12506,4178,32,4,176.75
12507,4178,116,4,499.37
12508,4178,114,2,709.75
12509,4178,64,4,123.33
12510,4178,120,3,163.71
12511,4179,12,3,299.11
12512,4179,79,3,499.3
12513,4179,131,3,318.76
12514,4179,148,4,777.04
12515,4180,17,4,658.83
12516,4180,61,3,0.0
12517,4180,74,1,429.76
12518,4180,51,1,521.96
12519,4180,24,2,767.98
12520,4181,136,1,254.21
12521,4181,146,4,19.08
12522,4181,134,2,14.54
12523,4181,143,3,488.21
12524,4182,76,2,571.36
12525,4182,1,1,229.43
12526,4182,118,1,361.9
12527,4183,55,2,472.02
12528,4184,94,4,610.92
12529,4184,122,4,444.14
12530,4184,129,4,356.8
12531,4184,124,4,127.43
12532,4185,10,1,364.78
12533,4185,5,2,459.8
12534,4185,70,2,318.37
12535,4185,22,4,759.83
12536,4186,136,4,254.21
12537,4186,150,1,484.06
12538,4186,63,1,82.09
12539,4186,68,1,636.26
12540,4186,115,3,769.44
12541,4187,57,2,268.77
12542,4188,91,4,425.2
12543,4189,54,2,98.46
12544,4189,91,3,425.2
12545,4189,19,1,582.15
12546,4190,100,1,110.82
12547,4190,124,1,127.43
12548,4190,66,3,484.78
12549,4190,68,4,636.26
12550,4190,59,3,402.24
12551,4191,34,2,369.27
12552,4191,88,4,581.3
12553,4191,79,4,499.3
12554,4191,18,1,315.84
12555,4191,58,3,558.64
12556,4192,1,4,229.43
12557,4192,88,3,581.3
12558,4192,77,3,0.0
12559,4193,144,4,507.04
12560,4193,70,1,318.37
12561,4193,38,1,272.91
12562,4193,52,1,457.95
12563,4194,5,2,459.8
12564,4194,14,2,754.03
12565,4195,76,2,571.36
12566,4195,33,4,680.29
12567,4196,28,4,487.27
12568,4196,115,1,769.44
12569,4196,56,2,783.92
12570,4196,20,1,511.22
12571,4196,26,4,266.42
12572,4197,71,3,326.37
12573,4197,150,2,484.06
12574,4197,144,1,507.04
12575,4197,122,2,444.14
12576,4197,92,2,416.84
12577,4198,103,3,207.88
12578,4198,130,3,778.31
12579,4199,53,1,176.09
12580,4199,38,2,272.91
12581,4199,15,2,715.52
12582,4199,1,4,229.43
12583,4200,12,2,452.49
12584,4200,99,1,707.47
12585,4201,127,1,349.21
12586,4202,118,4,361.9
12587,4202,123,3,717.17
12588,4203,114,3,709.75
12589,4203,92,2,416.84
12590,4203,147,2,630.5
12591,4204,133,4,53.99
12592,4204,32,4,176.75
12593,4205,14,2,754.03
12594,4205,141,3,664.67
12595,4206,73,1,757.68
12596,4207,149,3,254.2
12597,4207,115,2,769.44
12598,4208,87,3,353.29
12599,4209,134,4,14.54
12600,4209,76,4,571.36
12601,4210,99,4,707.47
12602,4210,32,1,176.75
12603,4210,85,4,446.02
12604,4210,129,4,356.8
12605,4211,90,3,503.63
12606,4211,71,2,326.37
12607,4211,9,1,185.56
12608,4212,15,3,715.52
12609,4212,90,3,503.63
12610,4212,61,1,0.0
12611,4212,132,2,660.44
12612,4212,4,1,636.38
12613,4213,48,2,107.37
12614,4213,60,4,602.69
12615,4213,80,2,752.51
12616,4214,88,3,581.3
12617,4214,75,1,421.56
12618,4214,126,1,101.97
12619,4214,113,3,149.56
12620,4215,128,1,383.45
12621,4215,91,2,425.2
12622,4215,27,1,566.86
12623,4215,66,3,484.78
12624,4215,102,3,378.83
12625,4216,1,4,229.43
12626,4216,30,3,633.26
12627,4216,116,3,499.37
12628,4217,49,3,186.12
12629,4218,90,1,503.63
12630,4218,83,4,57.87
12631,4218,141,3,664.67
12632,4218,102,4,378.83
12633,4219,42,1,458.23
12634,4219,25,3,50.04
12635,4219,141,3,664.67
12636,4219,76,1,571.36
12637,4220,18,1,315.84
12638,4220,74,4,429.76
12639,4220,51,4,521.96
12640,4220,26,1,266.42
12641,4220,92,1,416.84
12642,4221,5,4,459.8
12643,4221,60,1,602.69
12644,4222,132,1,660.44
12645,4222,36,2,495.03
12646,4222,107,3,22.07
12647,4222,54,1,119.66
12648,4223,87,2,353.29
12649,4223,55,1,472.02
12650,4223,77,1,0.0
12651,4224,39,2,467.56
12652,4224,116,1,499.37
12653,4224,6,3,498.94
12654,4225,86,3,35.23
12655,4226,24,3,767.98
12656,4226,64,1,123.33
12657,4227,77,1,0.0
12658,4228,22,2,759.83
12659,4228,63,1,82.09
12660,4228,6,3,498.94
12661,4228,3,3,302.94
12662,4229,120,1,163.71
12663,4230,41,2,574.12
12664,4230,132,3,660.44
12665,4230,19,1,582.15
12666,4230,119,4,443.26
12667,4231,17,3,658.83
12668,4231,136,4,254.21
12669,4231,20,2,511.22
12670,4231,16,2,170.96
12671,4232,145,4,229.11
12672,4232,95,1,492.3
12673,4233,19,2,582.15
12674,4233,139,2,322.53
12675,4233,82,2,558.31
12676,4233,2,1,536.34
12677,4233,30,2,466.19
12678,4234,70,4,318.37
12679,4234,34,1,369.27
12680,4234,55,2,398.29
12681,4234,108,1,596.14
12682,4234,25,1,50.04
12683,4235,86,4,35.23
12684,4235,130,1,778.31
12685,4235,106,1,256.39
12686,4235,67,1,755.48
12687,4235,16,4,170.96
12688,4236,122,4,444.14
12689,4236,50,3,370.89
12690,4237,52,3,457.95
12691,4237,31,4,682.52
12692,4237,36,3,495.03
12693,4238,7,1,797.36
12694,4238,73,1,757.68
12695,4238,111,3,781.01
12696,4238,78,1,789.72
12697,4239,100,2,110.82
12698,4240,58,4,558.64
12699,4241,36,4,495.03
12700,4241,145,3,229.11
12701,4241,111,3,781.01
12702,4242,128,1,383.45
12703,4242,80,1,752.51
12704,4242,38,2,272.91
12705,4242,130,4,778.31
12706,4243,81,4,226.08
12707,4244,77,1,0.0
12708,4244,51,1,521.96
12709,4245,87,2,353.29
12710,4245,74,4,429.76
12711,4245,115,2,769.44
12712,4245,4,3,636.38
12713,4246,116,3,499.37
12714,4246,69,2,678.97
12715,4246,148,1,777.04
12716,4247,40,3,496.68
12717,4247,43,4,25.96
12718,4247,120,4,163.71
12719,4247,50,4,370.89
12720,4247,93,2,-549.02
12721,4248,93,3,-549.02
12722,4249,102,4,378.83
12723,4249,12,4,452.49
12724,4250,12,1,452.49
12725,4250,14,2,754.03
12726,4250,47,1,434.59
12727,4250,132,3,660.44
12728,4250,135,3,457.51
12729,4251,59,4,402.24
12730,4251,84,4,431.32
12731,4252,47,2,434.59
12732,4252,8,3,611.79
12733,4252,67,2,755.48
12734,4252,61,3,0.0
12735,4253,8,3,611.79
12736,4253,63,2,82.09
12737,4253,134,3,14.54
12738,4254,47,3,434.59
12739,4254,26,3,266.42
12740,4254,109,3,382.69
12741,4254,44,4,14.87
12742,4255,38,4,272.91
12743,4255,129,3,356.8
12744,4255,66,3,484.78
12745,4256,63,4,82.09
12746,4256,134,2,14.54
12747,4256,36,1,495.03
12748,4256,43,2,25.96
12749,4257,91,2,425.2
12750,4257,37,3,253.77
12751,4257,54,4,119.66
12752,4257,76,1,571.36
12753,4258,76,2,571.36
12754,4259,72,1,248.19
12755,4259,27,3,470.69
12756,4259,39,2,533.39
12757,4260,23,3,701.6
12758,4261,5,1,459.8
12759,4261,107,2,22.07
12760,4261,119,3,443.26
12761,4261,129,3,356.8
12762,4262,81,4,226.08
12763,4263,146,3,19.08
12764,4263,107,2,22.07
12765,4263,130,2,778.31
12766,4264,81,2,226.08
12767,4264,101,4,720.77
12768,4264,33,4,680.29
12769,4264,13,4,302.7
12770,4264,40,4,496.68
12771,4265,143,4,488.21
12772,4265,83,3,57.87
12773,4265,21,2,658.67
12774,4265,2,2,536.34
12775,4266,67,3,755.48
12776,4266,22,2,759.83
12777,4266,32,4,176.75
12778,4266,61,1,0.0
12779,4267,47,3,434.59
12780,4267,75,1,421.56
12781,4267,137,3,704.57
12782,4267,104,4,556.7
12783,4268,133,2,53.99
12784,4268,53,4,176.09
12785,4268,44,1,14.87
12786,4269,65,3,748.34
12787,4270,97,3,799.31
12788,4270,23,2,701.6
12789,4270,111,2,781.01
12790,4270,41,1,574.12
12791,4270,72,3,248.19
12792,4271,131,4,318.76
12793,4271,101,4,720.77
12794,4272,54,4,119.66
12795,4272,42,2,458.23
12796,4273,122,1,444.14
12797,4273,31,3,682.52
12798,4273,62,1,302.99
12799,4273,148,3,777.04
12800,4274,92,4,416.84
12801,4274,132,3,660.44
12802,4275,30,1,466.19
12803,4275,142,1,758.12
12804,4275,96,3,385.9
12805,4275,76,4,571.36
12806,4275,138,1,126.38
12807,4276,136,2,254.21
12808,4277,76,1,571.36
12809,4277,102,3,378.83
12810,4277,132,1,660.44
12811,4278,3,3,302.94
12812,4278,61,4,0.0
12813,4278,135,2,457.51
12814,4278,30,1,466.19
12815,4278,75,3,421.56
12816,4279,149,4,254.2
12817,4279,121,3,643.49
12818,4279,11,1,117.66
12819,4279,107,1,22.07
12820,4279,78,3,789.72
12821,4280,79,4,499.3
12822,4281,10,4,364.78
12823,4281,30,1,466.19
12824,4281,58,1,558.64
12825,4281,63,2,82.09
12826,4281,35,2,593.85
12827,4282,87,1,353.29
12828,4282,105,1,462.17
12829,4282,141,3,664.67
12830,4282,47,1,434.59
12831,4282,21,4,658.67
12832,4283,92,4,416.84
12833,4283,57,3,268.77
12834,4283,139,1,322.53
12835,4283,53,4,176.09
12836,4283,113,4,149.56
12837,4284,6,1,498.94
12838,4284,11,2,117.66
12839,4284,33,3,680.29
12840,4284,66,1,484.78
12841,4284,101,3,720.77
12842,4285,123,3,717.17
12843,4285,137,4,704.57
12844,4285,67,2,755.48
12845,4285,20,4,511.22
12846,4285,136,2,254.21
12847,4286,131,4,318.76
12848,4286,14,3,754.03
12849,4287,105,3,462.17
12850,4287,73,4,757.68
12851,4287,79,3,499.3
12852,4287,26,3,266.42
12853,4288,75,3,421.56
12854,4288,67,4,755.48
12855,4288,66,4,484.78
12856,4288,43,3,25.96
12857,4289,35,1,593.85
12858,4290,128,1,383.45
12859,4290,94,4,610.92
12860,4290,37,2,253.77
12861,4291,5,1,459.8
12862,4291,111,2,781.01
12863,4291,75,2,421.56
12864,4291,35,3,593.85
12865,4292,148,3,777.04
12866,4292,142,1,758.12
12867,4292,79,1,499.3
12868,4292,123,1,717.17
12869,4293,43,1,25.96
12870,4293,49,4,186.12
12871,4293,103,3,163.53
12872,4294,38,4,272.91
12873,4295,124,1,127.43
12874,4295,17,3,658.83
12875,4295,121,1,643.49
12876,4295,128,4,383.45
12877,4295,81,3,226.08
12878,4296,50,4,370.89
12879,4296,90,3,503.63
12880,4297,108,4,596.14
12881,4298,29,1,474.32
12882,4298,150,4,484.06
12883,4298,19,1,582.15
12884,4299,35,1,593.85
12885,4299,109,1,382.69
12886,4299,33,3,680.29
12887,4300,60,4,602.69
12888,4300,61,4,0.0
12889,4300,14,3,754.03
12890,4301,43,3,22.9
12891,4301,10,1,364.78
12892,4302,122,3,444.14
12893,4302,137,4,704.57
12894,4303,112,3,306.6
12895,4303,81,2,226.08
12896,4303,146,4,19.08
12897,4303,52,2,457.95
12898,4304,114,2,709.75
12899,4304,61,2,0.0
12900,4304,125,1,60.95
12901,4305,4,2,636.38
12902,4305,58,1,558.64
12903,4305,31,1,682.52
12904,4305,84,2,367.21
12905,4306,40,3,496.68
12906,4307,74,4,429.76
12907,4307,87,2,353.29
12908,4307,3,4,302.94
12909,4308,132,3,660.44
12910,4308,49,2,186.12
12911,4308,98,4,569.99
12912,4309,25,2,50.04
12913,4309,144,3,507.04
12914,4310,74,2,429.76
12915,4310,35,3,593.85
12916,4310,70,2,318.37
12917,4310,60,3,602.69
12918,4311,135,1,457.51
12919,4311,124,1,127.43
12920,4311,147,2,630.5
12921,4311,102,2,378.83
12922,4312,34,4,369.27
12923,4312,62,1,302.99
12924,4312,9,2,185.56
12925,4312,110,1,335.07
12926,4313,99,1,707.47
12927,4314,11,1,117.66
12928,4314,75,2,421.56
12929,4314,5,2,459.8
12930,4314,144,2,507.04
12931,4315,18,4,315.84
12932,4315,116,2,499.37
12933,4315,41,2,574.12
12934,4315,61,2,0.0
12935,4315,145,4,229.11
12936,4316,76,3,571.36
12937,4316,5,1,459.8
12938,4317,87,1,353.29
12939,4317,94,1,610.92
12940,4317,33,3,680.29
12941,4318,62,3,302.99
12942,4319,35,3,593.85
12943,4319,41,4,574.12
12944,4320,71,2,326.37
12945,4320,57,2,268.77
12946,4320,119,4,443.26
12947,4320,67,1,755.48
12948,4321,37,3,253.77
12949,4322,150,1,484.06
12950,4323,82,3,558.31
12951,4324,142,1,758.12
12952,4324,110,2,335.07
12953,4324,50,2,370.89
12954,4324,54,1,119.66
12955,4324,44,2,14.87
12956,4325,11,4,117.66
12957,4325,104,4,556.7
12958,4325,80,4,752.51
12959,4326,117,1,723.89
12960,4326,58,4,558.64
12961,4326,75,3,421.56
12962,4327,132,1,660.44
12963,4328,125,3,60.95
12964,4328,46,3,566.86
12965,4328,104,2,556.7
12966,4328,24,3,767.98
12967,4329,54,3,119.66
12968,4329,8,1,611.79
12969,4329,19,3,582.15
12970,4329,135,3,457.51
12971,4330,46,2,566.86
12972,4330,80,2,752.51
12973,4330,116,1,499.37
12974,4331,47,1,434.59
12975,4331,53,2,176.09
12976,4331,62,4,302.99
12977,4332,143,3,488.21
12978,4333,94,2,610.92
12979,4333,81,2,229.22
12980,4333,78,4,789.72
12981,4334,92,3,416.84
12982,4335,104,2,556.7
12983,4335,10,4,364.78
12984,4335,88,2,581.3
12985,4335,24,4,767.98
12986,4336,100,4,110.82
12987,4336,83,1,57.87
12988,4336,124,2,127.43
12989,4337,89,3,164.51
12990,4337,26,1,266.42
12991,4337,101,1,720.77
12992,4338,26,4,266.42
12993,4338,49,2,186.12
12994,4338,121,1,643.49
12995,4338,12,3,452.49
12996,4338,47,1,434.59
12997,4339,88,1,581.3
12998,4339,12,1,452.49
12999,4339,122,3,444.14
13000,4339,17,4,658.83
13001,4339,77,1,0.0
13002,4340,50,3,370.89
13003,4341,59,1,402.24
13004,4342,134,2,14.54
13005,4342,7,4,797.36
13006,4342,68,4,636.26
13007,4343,113,2,149.56
13008,4343,107,3,22.07
13009,4343,146,3,19.08
13010,4344,79,1,499.3
13011,4344,69,2,678.97
13012,4344,62,3,302.99
13013,4344,121,1,643.49
13014,4344,29,3,474.32
13015,4345,6,2,498.94
13016,4345,79,1,499.3
13017,4345,93,2,-549.02
13018,4345,22,1,759.83
13019,4345,62,2,302.99
13020,4346,125,1,60.95
13021,4346,5,2,459.8
13022,4346,113,2,149.56
13023,4346,69,2,678.97
13024,4347,5,1,459.8
13025,4347,21,3,658.67
13026,4347,140,1,80.4
13027,4348,99,4,707.47
13028,4348,84,2,431.32
13029,4348,19,2,582.15
13030,4348,56,4,783.92
13031,4349,77,2,0.0
13032,4349,103,3,163.53
13033,4350,137,1,704.57
13034,4350,94,4,610.92
13035,4351,111,1,781.01
13036,4351,107,4,22.07
13037,4351,17,4,658.83
13038,4351,114,3,709.75
13039,4352,123,2,717.17
13040,4352,2,4,536.34
13041,4352,27,4,470.69
13042,4352,7,4,797.36
13043,4353,48,4,107.37
13044,4353,45,3,157.83
13045,4353,28,1,487.27
13046,4354,40,4,496.68
13047,4354,150,1,484.06
13048,4354,94,1,610.92
13049,4354,98,3,569.99
13050,4355,132,3,660.44
13051,4355,88,1,581.3
13052,4355,58,1,558.64
13053,4355,19,2,582.15
13054,4356,71,2,326.37
13055,4356,87,4,353.29
13056,4356,46,3,566.86
13057,4357,64,2,123.33
13058,4357,18,3,315.84
13059,4358,27,3,470.69
13060,4358,129,4,337.24
13061,4359,8,2,611.79
13062,4360,145,2,229.11
13063,4360,73,4,757.68
13064,4360,19,3,582.15
13065,4361,94,4,610.92
13066,4362,118,4,361.9
13067,4363,135,1,457.51
13068,4363,100,2,110.82
13069,4363,19,4,582.15
13070,4364,98,3,569.99
13071,4364,21,1,658.67
13072,4364,45,2,157.83
13073,4365,123,2,717.17
13074,4365,59,3,402.24
13075,4365,19,1,582.15
13076,4365,37,3,253.77
13077,4366,103,2,209.35
13078,4367,25,4,50.04
13079,4367,65,1,748.34
13080,4367,64,1,123.33
13081,4367,112,4,306.6
13082,4368,4,1,636.38
13083,4368,46,1,566.86
13084,4368,92,2,416.84
13085,4368,124,1,127.43
13086,4368,87,3,353.29
13087,4369,53,3,176.09
13088,4369,139,4,322.53
13089,4369,146,1,19.08
13090,4370,150,2,484.06
13091,4370,16,1,170.96
13092,4370,105,2,462.17
13093,4370,47,3,434.59
13094,4371,77,1,0.0
13095,4372,43,4,25.96
13096,4372,97,4,799.31
13097,4372,124,1,127.43
13098,4373,65,1,748.34
13099,4373,128,4,383.45
13100,4373,46,1,566.86
13101,4373,52,2,457.95
13102,4374,70,1,318.37
13103,4374,91,4,425.2
13104,4374,28,1,487.27
13105,4374,90,4,503.63
13106,4375,56,4,783.92
13107,4376,102,4,378.83
13108,4376,109,2,533.6
13109,4376,95,3,550.05
13110,4376,35,3,593.85
13111,4377,42,3,458.23
13112,4378,59,2,402.24
13113,4378,64,3,123.33
13114,4378,32,3,176.75
13115,4378,67,1,755.48
13116,4378,113,1,149.56
13117,4379,40,2,496.68
13118,4379,29,1,474.32
13119,4379,39,4,467.56
13120,4379,78,2,789.72
13121,4380,140,2,80.4
13122,4380,73,4,757.68
13123,4380,92,4,286.19
13124,4380,127,4,349.21
13125,4381,33,4,680.29
13126,4381,5,4,459.8
13127,4382,62,3,302.99
13128,4382,83,2,57.87
13129,4382,144,4,507.04
13130,4383,123,4,717.17
13131,4383,98,4,569.99
13132,4383,68,3,636.26
13133,4383,87,4,353.29
13134,4384,10,1,364.78
13135,4384,120,3,163.71
13136,4385,79,3,499.3
13137,4386,67,4,755.48
13138,4386,114,4,861.2
13139,4386,147,3,630.5
13140,4386,4,3,636.38
13141,4387,106,3,256.39
13142,4387,84,1,431.32
13143,4387,87,3,353.29
13144,4387,146,4,19.08
13145,4387,9,4,185.56
13146,4388,78,2,789.72
13147,4388,96,1,385.9
13148,4388,101,3,720.77
13149,4388,58,2,558.64
13150,4389,123,3,717.17
13151,4390,63,4,82.09
13152,4391,92,2,416.84
13153,4391,124,2,127.43
13154,4391,66,4,484.78
13155,4392,96,2,385.9
13156,4392,89,2,164.51
13157,4392,20,3,511.22
13158,4392,128,1,383.45
13159,4393,56,1,783.92
13160,4393,31,1,682.52
13161,4394,107,2,22.07
13162,4394,135,4,627.27
13163,4394,57,4,268.77
13164,4395,34,1,369.27
13165,4395,54,3,119.66
13166,4396,52,3,457.95
13167,4397,132,1,693.21
13168,4398,50,3,370.89
13169,4398,129,3,356.8
13170,4398,58,3,558.64
13171,4398,75,3,421.56
13172,4399,106,3,155.24
13173,4399,125,2,60.95
13174,4399,98,4,569.99
13175,4399,95,1,550.05
13176,4399,105,1,462.17
13177,4400,26,2,266.42
13178,4400,59,4,402.24
13179,4401,23,3,701.6
13180,4401,113,4,149.56
13181,4401,127,3,349.21
13182,4402,132,3,660.44
13183,4402,16,3,170.96
13184,4402,92,1,416.84
13185,4402,43,3,25.96
13186,4403,112,3,306.6
13187,4403,65,4,748.34
13188,4403,45,1,157.83
13189,4403,109,2,382.69
13190,4404,129,3,356.8
13191,4404,125,2,60.95
13192,4404,105,2,462.17
13193,4404,55,2,472.02
13194,4405,103,1,163.53
13195,4406,17,1,658.83
13196,4407,72,1,248.19
13197,4407,131,3,318.76
13198,4408,43,1,25.96
13199,4408,146,3,19.08
13200,4408,117,4,723.89
13201,4409,29,2,474.32
13202,4410,116,2,499.37
13203,4410,131,1,318.76
13204,4411,62,4,302.99
13205,4412,115,3,769.44
13206,4412,94,3,610.92
13207,4413,69,3,678.97
13208,4413,70,3,318.37
13209,4414,50,2,370.89
13210,4414,135,2,457.51
13211,4414,145,1,229.11
13212,4414,51,2,521.96
13213,4414,148,2,777.04
13214,4415,32,3,176.75
13215,4415,58,2,558.64
13216,4416,113,4,149.56
13217,4416,136,3,254.21
13218,4417,53,2,176.09
13219,4417,101,1,720.77
13220,4417,122,3,444.14
13221,4417,75,1,421.56
13222,4417,106,4,256.39
13223,4418,4,1,636.38
13224,4418,112,3,306.6
13225,4419,31,1,682.52
13226,4419,38,2,272.91
13227,4419,44,1,19.02
13228,4419,27,2,470.69
13229,4419,144,1,507.04
13230,4420,46,4,566.86
13231,4420,103,3,163.53
13232,4421,130,2,778.31
13233,4421,127,3,349.21
13234,4421,61,2,0.0
13235,4421,77,3,0.0
13236,4421,102,3,378.83
13237,4422,95,3,550.05
13238,4422,67,3,755.48
13239,4422,117,1,723.89
13240,4422,40,3,496.68
13241,4422,133,3,53.99
13242,4423,3,1,302.94
13243,4423,40,3,496.68
13244,4423,11,2,117.66
13245,4423,25,2,50.04
13246,4423,135,1,598.62
13247,4424,147,4,630.5
13248,4424,129,1,356.8
13249,4425,42,3,458.23
13250,4425,94,1,610.92
13251,4426,105,3,462.17
13252,4426,101,2,705.1
13253,4427,134,3,14.54
13254,4428,85,4,446.02
13255,4428,76,4,571.36
13256,4428,14,2,754.03
13257,4428,70,1,318.37
13258,4428,125,2,60.95
13259,4429,127,4,349.21
13260,4429,32,4,176.75
13261,4429,53,2,176.09
13262,4430,85,4,446.02
13263,4431,43,3,25.96
13264,4431,99,2,874.95
13265,4431,66,3,538.03
13266,4431,123,2,717.17
13267,4431,107,3,22.07
13268,4432,25,2,50.04
13269,4432,114,4,709.75
13270,4432,18,3,315.84
13271,4432,83,4,57.87
13272,4432,22,2,759.83
13273,4433,16,3,170.96
13274,4433,92,4,416.84
13275,4433,119,3,443.26
13276,4434,49,2,127.53
13277,4435,77,2,0.0
13278,4435,1,4,229.43
13279,4435,104,1,556.7
13280,4435,116,1,499.37
13281,4435,42,4,458.23
13282,4436,119,4,443.26
13283,4436,126,2,101.97
13284,4436,22,2,759.83
13285,4437,128,1,383.45
13286,4437,134,4,14.54
13287,4437,21,2,658.67
13288,4437,124,2,127.43
13289,4437,118,2,361.9
13290,4438,74,4,429.76
13291,4438,3,2,302.94
13292,4439,105,2,462.17
13293,4439,94,1,610.92
13294,4439,11,1,117.66
13295,4439,42,2,458.23
13296,4439,18,1,315.84
13297,4440,98,2,569.99
13298,4441,144,3,507.04
13299,4442,67,1,755.48
13300,4442,110,4,335.07
13301,4443,108,3,596.14
13302,4443,20,2,511.22
13303,4444,141,1,664.67
13304,4444,11,3,117.66
13305,4444,50,4,370.89
13306,4444,99,2,707.47
13307,4445,127,3,349.21
13308,4445,108,2,596.14
13309,4445,103,1,163.53
13310,4446,98,1,569.99
13311,4446,49,3,186.12
13312,4447,128,4,383.45
13313,4447,81,3,226.08
13314,4447,126,1,101.97
13315,4447,127,2,349.21
13316,4448,54,4,119.66
13317,4448,95,2,550.05
13318,4449,87,3,353.29
13319,4449,47,1,434.59
13320,4449,106,2,256.39
13321,4449,97,4,799.31
13322,4449,100,1,110.82
13323,4450,13,2,302.7
13324,4450,93,3,-549.02
13325,4450,98,4,569.99
13326,4451,32,4,176.75
13327,4451,60,3,602.69
13328,4451,82,4,558.31
13329,4451,121,3,643.49
13330,4452,99,4,707.47
13331,4452,116,4,499.37
13332,4452,118,3,361.9
13333,4453,113,1,149.56
13334,4453,37,3,253.77
13335,4453,118,3,361.9
13336,4453,23,4,701.6
13337,4454,8,1,614.29
13338,4454,122,2,444.14
13339,4454,66,1,484.78
13340,4455,140,4,80.4
13341,4455,88,3,581.3
13342,4455,144,2,507.04
13343,4455,55,3,472.02
13344,4455,16,4,170.96
13345,4456,126,4,101.97
13346,4456,36,1,495.03
13347,4456,57,4,268.77
13348,4457,82,3,558.31
13349,4457,80,4,752.51
13350,4457,4,1,636.38
13351,4458,14,1,754.03
13352,4458,72,4,248.19
13353,4458,52,4,457.95
13354,4458,71,2,200.3
13355,4458,34,4,369.27
13356,4459,69,2,678.97
13357,4459,127,2,349.21
13358,4460,139,2,322.53
13359,4460,48,1,107.37
13360,4460,70,2,318.37
13361,4461,92,2,416.84
13362,4461,81,3,226.08
13363,4461,131,2,318.76
13364,4461,10,3,364.78
13365,4461,19,4,582.15
13366,4462,95,4,550.05
13367,4462,96,3,385.9
13368,4462,44,1,14.87
13369,4462,116,1,499.37
13370,4462,51,1,521.96
13371,4463,140,4,80.4
13372,4463,98,1,569.99
13373,4463,63,4,82.09
13374,4463,5,1,459.8
13375,4464,38,3,272.91
13376,4464,66,4,484.78
13377,4464,23,3,701.6
13378,4465,133,1,53.99
13379,4465,34,3,369.27
13380,4465,61,2,0.0
13381,4466,144,2,507.04
13382,4466,81,3,226.08
13383,4466,30,2,466.19
13384,4466,43,4,25.96
13385,4467,130,4,778.31
13386,4467,98,3,569.99
13387,4467,149,3,254.2
13388,4467,103,4,163.53
13389,4467,88,4,581.3
13390,4468,98,4,569.99
13391,4468,55,4,472.02
13392,4469,117,4,723.89
13393,4470,144,4,507.04
13394,4470,131,2,318.76
13395,4470,88,1,581.3
13396,4470,62,4,302.99
13397,4470,57,2,268.77
13398,4471,147,1,630.5
13399,4471,93,2,-549.02
13400,4471,146,3,19.08
13401,4471,126,1,101.97
13402,4472,114,2,709.75
13403,4472,48,2,107.37
13404,4473,36,1,495.03
13405,4473,54,3,119.66
13406,4473,108,3,596.14
13407,4473,90,2,503.63
13408,4473,114,1,709.75
13409,4474,26,2,266.42
13410,4474,38,1,272.91
13411,4474,113,4,149.56
13412,4474,25,1,50.04
13413,4475,91,4,425.2
13414,4475,147,2,630.5
13415,4475,75,1,421.56
13416,4475,101,1,720.77
13417,4476,67,1,755.48
13418,4476,13,3,302.7
13419,4476,123,1,717.17
13420,4476,19,3,582.15
13421,4477,12,3,399.63
13422,4477,30,1,466.19
13423,4477,41,4,574.12
13424,4477,149,4,254.2
13425,4478,14,2,754.03
13426,4478,89,3,164.51
13427,4478,2,2,536.34
13428,4478,78,4,789.72
13429,4478,79,4,499.3
13430,4479,115,3,769.44
13431,4480,22,1,759.83
13432,4480,84,4,431.32
13433,4480,101,3,720.77
13434,4481,85,1,446.02
13435,4482,82,1,558.31
13436,4482,4,3,636.38
13437,4482,80,2,752.51
13438,4483,95,4,550.05
13439,4484,88,1,581.3
13440,4484,84,2,431.32
13441,4485,40,3,496.68
13442,4485,71,2,326.37
13443,4485,95,2,550.05
13444,4485,96,3,385.9
13445,4486,125,4,60.95
13446,4486,117,1,723.89
13447,4486,84,2,431.32
13448,4487,133,1,53.99
13449,4487,64,1,123.33
13450,4487,25,3,50.04
13451,4488,84,4,431.32
13452,4488,134,1,14.54
13453,4488,23,3,701.6
13454,4488,120,4,163.71
13455,4489,22,3,698.86
13456,4489,49,4,186.12
13457,4490,61,2,0.0
13458,4491,52,2,457.95
13459,4491,123,2,717.17
13460,4492,87,3,353.29
13461,4492,122,2,444.14
13462,4492,51,1,521.96
13463,4492,31,3,682.52
13464,4492,34,1,369.27
13465,4493,52,4,457.95
13466,4493,12,1,452.49
13467,4493,15,2,715.52
13468,4493,26,2,354.56
13469,4494,119,4,443.26
13470,4494,75,3,421.56
13471,4495,117,2,723.89
13472,4496,100,3,110.82
13473,4497,29,2,474.32
13474,4497,22,4,759.83
13475,4497,16,1,170.96
13476,4497,34,4,369.27
13477,4497,88,4,581.3
13478,4498,58,2,558.64
13479,4498,17,3,658.83
13480,4499,80,3,752.51
13481,4499,128,4,383.45
13482,4500,79,2,499.3
13483,4500,38,3,272.91
13484,4501,127,2,349.21
13485,4501,110,4,335.07
13486,4501,29,1,355.83
13487,4501,35,1,593.85
13488,4502,147,4,630.5
13489,4503,127,3,349.21
13490,4503,114,3,709.75
13491,4503,90,1,503.63
13492,4504,50,3,370.89
13493,4504,110,2,335.07
13494,4504,46,1,566.86
13495,4504,117,3,723.89
13496,4505,70,4,318.37
13497,4505,27,3,470.69
13498,4505,26,1,266.42
13499,4505,121,2,643.49
13500,4506,17,2,658.83
13501,4507,37,2,253.77
13502,4508,18,3,315.84
13503,4508,57,4,268.77
13504,4508,100,2,110.82
13505,4509,6,3,498.94
13506,4509,16,4,170.96
13507,4510,121,1,643.49
13508,4511,73,2,757.68
13509,4511,116,1,499.37
13510,4511,84,3,431.32
13511,4511,10,1,364.78
13512,4512,148,4,777.04
13513,4512,141,3,664.67
13514,4512,139,3,322.53
13515,4512,107,4,22.07
13516,4513,50,4,370.89
13517,4513,146,2,19.08
13518,4513,22,2,759.83
13519,4513,18,2,315.84
13520,4514,33,1,680.29
13521,4514,30,4,466.19
13522,4515,132,3,660.44
13523,4515,1,2,229.43
13524,4515,124,2,127.43
13525,4516,42,3,458.23
13526,4516,73,4,757.68
13527,4516,103,2,163.53
13528,4516,72,2,248.19
13529,4517,42,3,458.23
13530,4518,61,3,0.0
13531,4519,103,2,163.53
13532,4519,57,3,268.77
13533,4520,96,4,385.9
13534,4520,37,2,253.77
13535,4521,26,3,266.42
13536,4521,125,3,60.95
13537,4521,101,1,720.77
13538,4521,86,1,35.23
13539,4521,120,1,163.71
13540,4522,127,3,349.21
13541,4522,106,4,256.39
13542,4522,130,1,778.31
13543,4523,14,4,754.03
13544,4523,123,3,717.17
13545,4523,104,4,556.7
13546,4524,127,3,349.21
13547,4524,111,1,781.01
13548,4524,116,4,499.37
13549,4524,54,2,119.66
13550,4524,137,1,704.57
13551,4525,106,3,256.39
13552,4526,89,3,164.51
13553,4526,8,1,611.79
13554,4526,79,4,499.3
13555,4526,49,3,186.12
13556,4526,127,4,349.21
13557,4527,91,1,425.2
13558,4527,60,4,602.69
13559,4527,24,1,767.98
13560,4528,132,3,660.44
13561,4528,20,1,511.22
13562,4528,2,2,536.34
13563,4528,101,3,720.77
13564,4528,11,1,117.66
13565,4529,121,2,643.49
13566,4529,68,2,636.26
13567,4529,59,1,402.24
13568,4530,8,3,611.79
13569,4530,37,2,253.77
13570,4530,43,2,25.96
13571,4531,49,4,186.12
13572,4531,90,2,503.63
13573,4531,143,1,488.21
13574,4532,143,3,488.21
13575,4532,137,1,704.57
13576,4532,101,2,720.77
13577,4532,96,2,385.9
13578,4532,148,2,777.04
13579,4533,118,2,361.9
13580,4534,147,3,630.5
13581,4535,139,3,322.53
13582,4536,5,3,459.8
13583,4536,119,2,443.26
13584,4536,50,3,370.89
13585,4537,35,4,458.27
13586,4538,83,4,57.87
13587,4538,20,2,511.22
13588,4538,102,4,378.83
13589,4538,101,1,720.77
13590,4539,98,1,569.99
13591,4539,18,1,315.84
13592,4539,114,1,709.75
13593,4539,111,2,781.01
13594,4539,11,2,117.66
13595,4540,141,4,664.67
13596,4540,130,1,778.31
13597,4540,51,3,521.96
13598,4541,65,4,748.34
13599,4542,127,1,349.21
13600,4542,8,1,611.79
13601,4542,65,4,748.34
13602,4542,53,1,176.09
13603,4542,37,4,253.77
13604,4543,11,4,117.66
13605,4543,124,2,127.43
13606,4543,28,4,487.27
13607,4544,71,3,326.37
13608,4544,41,3,574.12
13609,4544,101,1,720.77
13610,4544,42,4,458.23
13611,4545,137,2,704.57
13612,4546,4,2,636.38
13613,4546,102,1,253.35
13614,4546,145,3,229.11
13615,4546,81,2,226.08
13616,4546,79,1,499.3
13617,4547,55,2,472.02
13618,4547,25,1,50.04
13619,4547,102,1,378.83
13620,4547,101,1,720.77
13621,4547,61,3,0.0
13622,4548,92,2,416.84
13623,4548,130,1,778.31
13624,4549,21,4,658.67
13625,4550,49,4,186.12
13626,4550,55,4,472.02
13627,4551,77,4,0.0
13628,4551,34,1,369.27
13629,4551,10,1,364.78
13630,4551,69,2,678.97
13631,4551,126,3,101.97
13632,4552,8,1,611.79
13633,4553,95,4,550.05
13634,4553,5,2,459.8
13635,4553,30,3,466.19
13636,4553,134,1,14.54
13637,4553,1,2,229.43
13638,4554,50,2,370.89
13639,4554,74,2,429.76
13640,4555,27,2,470.69
13641,4555,61,2,0.0
13642,4556,124,1,127.43
13643,4556,15,2,715.52
13644,4557,76,2,571.36
13645,4557,109,1,382.69
13646,4558,102,2,378.83
13647,4558,87,2,353.29
13648,4559,111,3,781.01
13649,4559,88,2,581.3
13650,4559,146,4,19.08
13651,4560,6,4,498.94
13652,4561,58,4,558.64
13653,4562,115,4,769.44
13654,4562,133,2,53.99
13655,4562,45,3,157.83
13656,4562,143,4,488.21
13657,4562,6,4,498.94
13658,4563,148,3,777.04
13659,4563,143,3,488.21
13660,4563,59,4,402.24
13661,4564,149,2,254.2
13662,4564,72,3,248.19
13663,4564,82,4,558.31
13664,4564,93,2,-549.02
13665,4565,40,4,496.68
13666,4565,143,3,488.21
13667,4565,129,3,356.8
13668,4565,36,3,495.03
13669,4565,86,1,35.23
13670,4566,46,2,566.86
13671,4566,72,2,323.99
13672,4566,67,1,755.48
13673,4566,59,4,402.24
13674,4567,67,4,755.48
13675,4567,51,4,521.96
13676,4567,68,2,636.26
13677,4567,127,4,349.21
13678,4567,69,3,678.97
13679,4568,9,3,185.56
13680,4568,61,2,0.0
13681,4568,51,2,521.96
13682,4568,93,2,-549.02
13683,4569,88,3,581.3
13684,4569,95,1,550.05
13685,4570,51,4,521.96
13686,4571,18,4,315.84
13687,4572,54,2,119.66
13688,4572,76,3,571.36
13689,4573,118,1,361.9
13690,4573,96,3,385.9
13691,4573,36,1,495.03
13692,4573,9,3,185.56
13693,4574,121,2,741.92
13694,4574,40,3,496.68
13695,4574,74,4,429.76
13696,4574,8,4,611.79
13697,4575,141,2,664.67
13698,4575,112,1,306.6
13699,4575,49,2,186.12
13700,4575,48,2,107.37
13701,4575,118,3,361.9
13702,4576,92,3,416.84
13703,4576,101,1,720.77
13704,4576,128,4,383.45
13705,4576,85,2,446.02
13706,4576,143,4,488.21
13707,4577,141,1,664.67
13708,4577,62,4,302.99
13709,4578,77,4,0.0
13710,4579,116,2,499.37
13711,4579,26,4,266.42
13712,4579,64,2,123.33
13713,4579,71,2,326.37
13714,4580,33,4,680.29
13715,4580,54,3,119.66
13716,4580,89,1,164.51
13717,4581,127,3,474.31
13718,4581,18,4,315.84
13719,4582,39,3,467.56
13720,4582,105,1,462.17
13721,4582,81,2,226.08
13722,4583,106,4,256.39
13723,4583,62,3,302.99
13724,4583,1,2,229.43
13725,4583,147,4,630.5
13726,4583,81,3,226.08
13727,4584,147,3,630.5
13728,4584,27,4,470.69
13729,4584,32,2,176.75
13730,4584,15,4,715.52
13731,4585,96,2,385.9
13732,4586,37,1,253.77
13733,4586,16,2,170.96
13734,4586,104,1,556.7
13735,4587,84,1,431.32
13736,4587,103,4,163.53
13737,4587,12,1,452.49
13738,4587,89,2,164.51
13739,4587,108,2,596.14
13740,4588,65,1,748.34
13741,4588,28,3,487.27
13742,4588,115,2,769.44
13743,4588,60,3,602.69
13744,4588,122,2,444.14
13745,4589,49,4,186.12
13746,4589,96,3,385.9
13747,4589,82,4,558.31
13748,4589,114,2,709.75
13749,4590,31,4,682.52
13750,4591,9,4,185.56
13751,4591,11,2,117.66
13752,4591,72,3,248.19
13753,4591,51,4,521.96
13754,4591,132,1,660.44
13755,4592,135,4,457.51
13756,4592,24,3,767.98
13757,4592,63,3,82.09
13758,4593,55,1,472.02
13759,4593,120,4,163.71
13760,4593,54,4,119.66
13761,4594,19,2,582.15
13762,4594,9,1,185.56
13763,4594,69,4,678.97
13764,4595,2,2,536.34
13765,4595,27,1,470.69
13766,4596,88,1,581.3
13767,4596,92,4,416.84
13768,4596,53,1,176.09
13769,4596,100,4,110.82
13770,4597,31,2,682.52
13771,4597,22,4,759.83
13772,4597,56,4,783.92
13773,4598,94,4,610.92
13774,4599,49,3,186.12
13775,4599,99,4,707.47
13776,4599,4,1,636.38
13777,4599,9,2,185.56
13778,4599,101,1,720.77
13779,4600,110,1,335.07
13780,4600,68,4,636.26
13781,4601,44,4,14.87
13782,4601,107,1,22.07
13783,4601,70,2,318.37
13784,4601,3,4,302.94
13785,4602,51,4,521.96
13786,4602,78,2,789.72
13787,4602,129,1,356.8
13788,4603,89,3,164.51
13789,4603,37,4,253.77
13790,4603,40,3,602.19
13791,4604,22,4,759.83
13792,4604,150,1,484.06
13793,4604,15,2,715.52
13794,4604,88,1,581.3
13795,4605,131,1,318.76
13796,4605,2,4,536.34
13797,4605,87,1,353.29
13798,4605,38,3,272.91
13799,4605,105,4,462.17
13800,4606,101,4,720.77
13801,4606,61,1,0.0
13802,4606,20,4,511.22
13803,4606,113,1,149.56
13804,4606,123,2,717.17
13805,4607,125,2,60.95
13806,4607,78,1,789.72
13807,4607,150,1,484.06
13808,4607,79,4,499.3
13809,4607,92,3,526.2
13810,4608,32,4,176.75
13811,4608,136,4,254.21
13812,4609,20,4,511.22
13813,4609,9,1,185.56
13814,4610,38,4,272.91
13815,4611,15,2,715.52
13816,4611,111,2,781.01
13817,4611,93,3,-549.02
13818,4611,55,2,472.02
13819,4611,3,2,302.94
13820,4612,128,3,383.45
13821,4612,83,1,57.87
13822,4612,29,3,474.32
13823,4613,62,4,302.99
13824,4613,55,3,472.02
13825,4613,2,2,536.34
13826,4613,100,4,110.82
13827,4614,89,1,164.51
13828,4614,119,1,443.26
13829,4615,109,2,382.69
13830,4615,24,4,767.98
13831,4615,72,1,248.19
13832,4615,142,4,758.12
13833,4615,113,3,149.56
13834,4616,101,3,720.77
13835,4617,88,1,581.3
13836,4617,129,2,356.8
13837,4617,95,3,550.05
13838,4617,85,4,446.02
13839,4618,112,4,306.6
13840,4618,2,4,536.34
13841,4618,51,2,521.96
13842,4619,48,4,107.37
13843,4620,145,1,229.11
13844,4620,12,3,452.49
13845,4621,59,2,402.24
13846,4622,94,1,610.92
13847,4622,49,4,186.12
13848,4622,101,4,720.77
13849,4622,135,4,457.51
13850,4622,26,3,266.42
13851,4623,28,1,487.27
13852,4624,27,2,470.69
13853,4624,99,4,707.47
13854,4624,53,3,176.09
13855,4624,48,4,107.37
13856,4625,143,1,488.21
13857,4626,80,1,752.51
13858,4627,109,4,382.69
13859,4628,99,3,707.47
13860,4628,94,1,610.92
13861,4628,87,4,353.29
13862,4628,10,4,364.78
13863,4629,77,4,0.0
13864,4630,137,2,704.57
13865,4630,31,4,682.52
13866,4630,82,1,558.31
13867,4631,57,3,268.77
13868,4632,122,4,444.14
13869,4633,98,4,569.99
13870,4633,65,4,748.34
13871,4633,119,2,443.26
13872,4633,6,3,498.94
13873,4633,150,3,484.06
13874,4634,36,1,495.03
13875,4634,93,4,-549.02
13876,4635,24,3,767.98
13877,4635,120,1,163.71
13878,4635,82,4,558.31
13879,4635,124,2,127.43
13880,4635,130,4,778.31
13881,4636,72,2,248.19
13882,4636,89,4,164.51
13883,4636,68,1,636.26
13884,4636,37,2,253.77
13885,4636,90,1,503.63
13886,4637,129,2,356.8
13887,4637,52,4,457.95
13888,4637,13,4,302.7
13889,4637,90,1,503.63
13890,4637,25,2,50.04
13891,4638,115,3,769.44
13892,4638,73,3,757.68
13893,4638,102,3,378.83
13894,4639,94,1,610.92
13895,4639,59,1,402.24
13896,4639,88,4,581.3
13897,4639,60,4,602.69
13898,4639,105,3,462.17
13899,4640,73,4,757.68
13900,4640,3,1,302.94
13901,4640,14,4,754.03
13902,4640,120,3,163.71
13903,4641,150,4,484.06
13904,4641,115,3,769.44
13905,4641,129,4,356.8
13906,4641,89,4,164.51
13907,4642,60,1,602.69
13908,4642,75,3,421.56
13909,4642,32,1,176.75
13910,4643,103,3,163.53
13911,4643,78,4,789.72
13912,4643,48,2,107.37
13913,4643,37,4,253.77
13914,4643,52,2,457.95
13915,4644,29,3,474.32
13916,4644,40,4,496.68
13917,4644,107,2,22.07
13918,4644,62,4,302.99
13919,4645,42,3,458.23
13920,4645,150,1,484.06
13921,4645,2,3,463.9
13922,4645,27,3,470.69
13923,4645,83,1,57.87
13924,4646,128,2,383.45
13925,4647,121,1,643.49
13926,4647,42,1,458.23
13927,4647,98,3,569.99
13928,4647,136,3,254.21
13929,4648,22,3,759.83
13930,4649,56,3,783.92
13931,4650,39,2,467.56
13932,4650,114,1,709.75
13933,4651,139,4,322.53
13934,4651,44,1,14.87
13935,4652,130,3,778.31
13936,4652,81,1,226.08
13937,4652,111,2,781.01
13938,4652,77,1,0.0
13939,4653,73,1,757.68
13940,4653,129,1,356.8
13941,4653,133,2,53.99
13942,4653,30,1,466.19
13943,4653,91,2,425.2
13944,4654,16,4,170.96
13945,4655,37,4,253.77
13946,4655,77,1,0.0
13947,4655,59,1,402.24
13948,4656,47,4,434.59
13949,4656,30,3,466.19
13950,4657,27,3,470.69
13951,4657,75,1,421.56
13952,4658,43,4,25.96
13953,4658,109,4,382.69
13954,4659,18,1,315.84
13955,4659,84,2,431.32
13956,4659,115,3,769.44
13957,4659,10,4,364.78
13958,4660,7,1,797.36
13959,4660,103,4,163.53
13960,4660,36,2,495.03
13961,4661,128,3,383.45
13962,4662,9,2,185.56
13963,4662,119,1,443.26
13964,4663,11,3,117.66
13965,4663,126,3,101.97
13966,4663,6,2,498.94
13967,4663,133,1,53.99
13968,4664,11,2,117.66
13969,4664,133,4,53.99
13970,4664,52,3,457.95
13971,4664,13,2,302.7
13972,4664,42,1,458.23
13973,4665,94,1,610.92
13974,4665,73,2,757.68
13975,4666,135,2,457.51
13976,4666,93,1,-549.02
13977,4667,113,2,149.56
13978,4668,147,4,630.5
13979,4668,93,4,-549.02
13980,4669,47,4,434.59
13981,4669,124,1,127.43
13982,4669,86,3,35.23
13983,4669,111,3,781.01
13984,4669,150,2,484.06
13985,4670,63,2,82.09
13986,4670,68,1,636.26
13987,4670,58,1,558.64
13988,4671,37,1,253.77
13989,4672,150,2,484.06
13990,4672,7,4,797.36
13991,4672,16,1,170.96
13992,4672,119,2,443.26
13993,4673,47,3,434.59
13994,4673,99,1,707.47
13995,4673,21,4,658.67
13996,4674,22,2,759.83
13997,4674,64,2,123.33
13998,4675,35,2,593.85
13999,4675,142,1,758.12
14000,4676,107,3,22.07
14001,4676,10,4,364.78
14002,4676,62,3,302.99
14003,4676,37,4,253.77
14004,4676,30,4,466.19
14005,4677,17,3,658.83
14006,4677,72,4,248.19
14007,4678,12,2,452.49
14008,4678,67,2,755.48
14009,4678,92,3,416.84
14010,4678,138,2,126.38
14011,4678,71,2,326.37
14012,4679,120,3,163.71
14013,4680,92,4,416.84
14014,4680,104,4,556.7
14015,4680,17,3,658.83
14016,4680,146,1,19.08
14017,4680,83,4,57.87
14018,4681,10,2,364.78
14019,4681,83,2,57.87
14020,4681,52,1,457.95
14021,4681,68,3,703.8
14022,4681,55,3,472.02
14023,4682,118,2,361.9
14024,4683,146,2,23.39
14025,4683,28,2,487.27
14026,4683,86,2,35.23
14027,4683,9,4,185.56
14028,4684,57,3,268.77
14029,4684,88,3,581.3
14030,4684,140,2,80.4
14031,4684,149,3,254.2
14032,4684,73,1,757.68
14033,4685,123,3,717.17
14034,4685,71,1,326.37
14035,4686,127,2,349.21
14036,4686,107,2,22.07
14037,4686,118,2,361.9
14038,4686,26,1,266.42
14039,4686,45,3,175.76
14040,4687,45,1,157.83
14041,4688,42,2,458.23
14042,4688,108,1,596.14
14043,4688,87,2,353.29
14044,4688,14,2,754.03
14045,4688,10,4,364.78
14046,4689,127,4,349.21
14047,4689,67,4,755.48
14048,4690,90,4,503.63
14049,4691,87,4,353.29
14050,4691,25,3,50.04
14051,4692,52,1,457.95
14052,4693,78,3,789.72
14053,4693,18,2,315.84
14054,4693,116,3,499.37
14055,4693,121,4,643.49
14056,4693,113,1,149.56
14057,4694,98,3,569.99
14058,4694,144,4,507.04
14059,4694,16,3,170.96
14060,4695,42,1,458.23
14061,4695,145,4,229.11
14062,4696,66,4,484.78
14063,4696,59,2,402.24
14064,4696,136,3,254.21
14065,4696,50,3,370.89
14066,4697,105,2,462.17
14067,4697,129,4,356.8
14068,4697,137,4,704.57
14069,4697,64,4,123.33
14070,4698,116,2,499.37
14071,4698,28,2,487.27
14072,4698,117,2,723.89
14073,4698,27,4,470.69
14074,4699,147,4,630.5
14075,4699,2,4,536.34
14076,4700,106,4,256.39
14077,4700,26,1,297.53
14078,4700,10,2,364.78
14079,4700,27,1,470.69
14080,4701,134,2,14.54
14081,4702,111,4,781.01
14082,4703,24,3,767.98
14083,4704,132,2,660.44
14084,4704,59,4,402.24
14085,4704,13,1,302.7
14086,4705,118,4,361.9
14087,4705,95,3,550.05
14088,4705,17,2,658.83
14089,4706,147,3,630.5
14090,4706,6,3,498.94
14091,4707,15,4,715.52
14092,4707,142,1,758.12
14093,4707,56,4,783.92
14094,4708,37,1,253.77
14095,4708,5,4,459.8
14096,4708,104,4,556.7
14097,4708,52,1,457.95
14098,4709,110,1,335.07
14099,4709,60,2,602.69
14100,4710,63,4,82.09
14101,4710,85,1,446.02
14102,4710,68,2,636.26
14103,4710,133,3,53.99
14104,4711,61,4,0.0
14105,4711,52,4,457.95
14106,4711,143,2,488.21
14107,4712,85,3,446.02
14108,4713,26,3,266.42
14109,4713,109,3,382.69
14110,4713,33,1,680.29
14111,4713,117,3,723.89
14112,4714,42,1,458.23
14113,4714,97,1,799.31
14114,4714,150,2,484.06
14115,4714,99,1,707.47
14116,4715,54,2,119.66
14117,4715,142,1,758.12
14118,4715,102,1,378.83
14119,4716,89,1,164.51
14120,4716,100,2,110.82
14121,4716,139,3,322.53
14122,4716,90,3,503.63
14123,4716,62,2,302.99
14124,4717,70,2,318.37
14125,4718,111,3,781.01
14126,4718,135,1,457.51
14127,4718,67,1,755.48
14128,4718,133,1,53.99
14129,4719,30,3,466.19
14130,4719,79,4,499.3
14131,4720,85,2,446.02
14132,4720,58,3,558.64
14133,4720,1,1,229.43
14134,4720,23,3,701.6
14135,4721,81,2,226.08
14136,4721,40,4,496.68
14137,4721,92,1,416.84
14138,4721,57,4,268.77
14139,4721,12,4,452.49
14140,4722,15,1,715.52
14141,4722,25,3,50.04
14142,4723,33,3,680.29
14143,4723,55,1,472.02
14144,4724,34,4,369.27
14145,4725,141,2,664.67
14146,4725,55,4,472.02
14147,4726,51,2,521.96
14148,4727,1,3,229.43
14149,4727,26,3,266.42
14150,4728,102,1,378.83
14151,4728,18,2,315.84
14152,4728,68,2,636.26
14153,4728,66,1,484.78
14154,4729,78,3,789.72
14155,4729,58,4,558.64
14156,4729,145,4,229.11
14157,4729,23,3,701.6
14158,4729,135,3,457.51
14159,4730,125,2,60.95
14160,4730,2,3,536.34
14161,4730,39,4,467.56
14162,4731,94,3,610.92
14163,4732,64,4,123.33
14164,4732,122,3,444.14
14165,4733,6,2,498.94
14166,4733,3,4,302.94
14167,4733,13,1,302.7
14168,4733,50,4,370.89
14169,4734,72,4,248.19
14170,4734,31,1,682.52
14171,4735,136,2,254.21
14172,4735,58,2,558.64
14173,4735,76,3,571.36
14174,4735,47,2,434.59
14175,4736,8,2,611.79
14176,4737,16,2,170.96
14177,4737,103,3,163.53
14178,4738,15,3,715.52
14179,4738,28,4,487.27
14180,4738,68,2,636.26
14181,4739,84,3,431.32
14182,4739,96,4,385.9
14183,4739,95,2,550.05
14184,4739,10,1,364.78
14185,4740,150,1,484.06
14186,4740,27,2,470.69
14187,4740,48,4,107.37
14188,4740,6,1,498.94
14189,4740,34,1,369.27
14190,4741,92,3,416.84
14191,4742,6,4,498.94
14192,4742,14,2,754.03
14193,4742,30,1,466.19
14194,4743,37,3,253.77
14195,4743,88,1,581.3
14196,4743,145,4,229.11
14197,4744,38,3,272.91
14198,4744,86,2,35.23
14199,4744,92,4,416.84
14200,4744,75,2,421.56
14201,4744,91,2,425.2
14202,4745,146,4,19.08
14203,4745,84,4,431.32
14204,4745,57,1,268.77
14205,4745,35,4,593.85
14206,4745,70,2,318.37
14207,4746,118,2,274.45
14208,4746,77,1,0.0
14209,4746,35,2,593.85
14210,4746,20,1,511.22
14211,4746,36,1,495.03
14212,4747,106,4,256.39
14213,4747,70,3,318.37
14214,4747,20,3,511.22
14215,4747,135,1,457.51
14216,4748,144,4,507.04
14217,4748,69,2,678.97
14218,4748,61,2,0.0
14219,4748,77,3,0.0
14220,4748,93,1,-549.02
14221,4749,140,3,80.4
14222,4749,51,1,493.34
14223,4749,82,4,558.31
14224,4750,53,2,176.09
14225,4750,82,2,558.31
14226,4750,140,1,80.4
14227,4750,117,1,723.89
14228,4751,87,2,353.29
14229,4752,112,4,306.6
14230,4752,22,3,759.83
14231,4752,23,4,701.6
14232,4753,77,1,0.0
14233,4753,41,1,574.12
14234,4753,89,1,164.51
14235,4754,131,2,318.76
14236,4754,98,2,569.99
14237,4754,31,2,682.52
14238,4754,123,3,717.17
14239,4754,33,2,680.29
14240,4755,132,4,660.44
14241,4755,56,4,783.92
14242,4756,65,3,748.34
14243,4756,120,1,163.71
14244,4756,37,1,265.35
14245,4757,20,2,511.22
14246,4757,61,1,0.0
14247,4757,83,4,57.87
14248,4758,100,2,110.82
14249,4758,101,4,720.77
14250,4758,33,2,680.29
14251,4759,31,3,682.52
14252,4759,16,3,170.96
14253,4759,149,4,254.2
14254,4759,20,2,511.22
14255,4759,54,1,119.66
14256,4760,1,4,229.43
14257,4761,6,1,498.94
14258,4762,124,4,127.43
14259,4762,32,1,176.75
14260,4763,16,2,170.96
14261,4763,48,1,107.37
14262,4764,23,3,701.6
14263,4764,93,1,-549.02
14264,4765,129,3,356.8
14265,4765,106,1,256.39
14266,4766,46,2,566.86
14267,4766,139,1,322.53
14268,4766,47,1,434.59
14269,4766,29,3,474.32
14270,4766,26,3,266.42
14271,4767,88,1,581.3
14272,4767,3,2,302.94
14273,4768,18,4,315.84
14274,4768,106,4,256.39
14275,4768,35,4,593.85
14276,4768,81,1,226.08
14277,4769,36,1,495.03
14278,4770,30,3,466.19
14279,4771,77,3,0.0
14280,4771,53,1,176.09
14281,4771,86,3,35.23
14282,4771,110,4,335.07
14283,4771,139,3,322.53
14284,4772,136,4,254.21
14285,4772,37,1,253.77
14286,4772,76,4,571.36
14287,4772,53,2,176.09
14288,4772,112,1,306.6
14289,4773,9,3,185.56
14290,4773,31,3,682.52
14291,4773,114,2,709.75
14292,4773,27,3,470.69
14293,4773,103,2,163.53
14294,4774,124,2,127.43
14295,4774,140,1,80.4
14296,4775,149,1,254.2
14297,4776,116,4,308.32
14298,4776,141,3,664.67
14299,4776,83,4,57.87
14300,4776,75,4,421.56
14301,4776,45,1,157.83
14302,4777,116,2,499.37
14303,4777,86,1,35.23
14304,4778,49,2,186.12
14305,4779,122,4,444.14
14306,4779,77,2,0.0
14307,4779,121,2,643.49
14308,4779,143,4,488.21
14309,4779,112,3,306.6
14310,4780,145,3,229.11
14311,4780,25,4,50.04
14312,4781,56,2,783.92
14313,4781,148,1,777.04
14314,4781,107,2,22.07
14315,4782,116,2,499.37
14316,4782,106,2,256.39
14317,4782,84,3,431.32
14318,4783,7,4,797.36
14319,4783,105,3,462.17
14320,4783,135,3,457.51
14321,4784,140,4,80.4
14322,4784,2,2,536.34
14323,4784,116,4,499.37
14324,4784,24,1,767.98
14325,4784,126,4,101.97
14326,4785,134,2,14.54
14327,4785,132,3,660.44
14328,4785,78,3,789.72
14329,4786,102,2,378.83
14330,4786,10,3,364.78
14331,4787,8,3,611.79
14332,4787,23,2,701.6
14333,4787,116,2,499.37
14334,4788,52,1,457.95
14335,4788,16,2,170.96
14336,4789,118,1,361.9
14337,4789,141,1,664.67
14338,4789,8,1,611.79
14339,4789,101,4,720.77
14340,4790,40,4,496.68
14341,4790,110,2,335.07
14342,4790,53,3,176.09
14343,4791,141,2,664.67
14344,4792,144,3,507.04
14345,4792,25,1,50.04
14346,4793,31,1,682.52
14347,4793,2,3,536.34
14348,4794,105,1,462.17
14349,4794,81,2,226.08
14350,4794,107,1,22.07
14351,4794,143,3,488.21
14352,4795,46,1,566.86
14353,4795,28,1,487.27
14354,4795,76,3,571.36
14355,4796,43,4,25.96
14356,4797,98,2,569.99
14357,4798,28,3,487.27
14358,4798,140,4,80.4
14359,4798,82,2,558.31
14360,4798,123,2,717.17
14361,4799,46,3,566.86
14362,4800,149,1,254.2
14363,4800,69,4,678.97
14364,4801,90,4,503.63
14365,4801,12,1,452.49
14366,4801,49,4,186.12
14367,4802,44,4,14.87
14368,4802,11,3,117.66
14369,4803,25,3,50.04
14370,4803,50,3,370.89
14371,4803,19,4,582.15
14372,4804,104,2,556.7
14373,4804,8,3,611.79
14374,4804,27,4,470.69
14375,4805,111,1,781.01
14376,4806,58,1,558.64
14377,4806,83,1,57.87
14378,4806,123,2,717.17
14379,4807,25,1,50.04
14380,4807,56,4,783.92
14381,4807,146,2,19.08
14382,4807,115,1,769.44
14383,4807,35,1,593.85
14384,4808,70,1,318.37
14385,4808,140,3,80.4
14386,4808,45,3,157.83
14387,4808,124,4,127.43
14388,4808,34,1,369.27
14389,4809,121,1,643.49
14390,4809,55,3,472.02
14391,4810,66,2,484.78
14392,4811,2,2,536.34
14393,4811,5,1,459.8
14394,4812,79,2,319.86
14395,4812,103,4,163.53
14396,4812,47,4,434.59
14397,4812,150,1,484.06
14398,4812,130,3,778.31
14399,4813,8,3,611.79
14400,4813,47,3,434.59
14401,4814,107,3,22.07
14402,4814,11,1,117.66
14403,4814,127,2,349.21
14404,4815,51,2,521.96
14405,4815,136,4,254.21
14406,4815,147,1,630.5
14407,4816,55,3,472.02
14408,4817,55,3,472.02
14409,4817,105,4,462.17
14410,4817,128,4,383.45
14411,4817,91,4,425.2
14412,4817,60,1,602.69
14413,4818,3,1,302.94
14414,4818,79,2,499.3
14415,4819,39,2,467.56
14416,4820,38,1,272.91
14417,4820,81,1,226.08
14418,4820,30,1,466.19
14419,4820,36,1,495.03
14420,4820,70,2,318.37
14421,4821,119,1,443.26
14422,4821,4,1,636.38
14423,4822,67,3,755.48
14424,4822,104,3,556.7
14425,4823,63,4,82.09
14426,4824,32,4,176.75
14427,4824,36,4,495.03
14428,4824,100,3,110.82
14429,4825,74,4,429.76
14430,4825,96,1,385.9
14431,4825,41,1,574.12
14432,4826,21,4,658.67
14433,4826,45,4,157.83
14434,4827,27,1,470.69
14435,4827,138,2,126.38
14436,4828,123,3,717.17
14437,4829,111,4,781.01
14438,4829,98,3,569.99
14439,4829,105,4,462.17
14440,4829,62,2,302.99
14441,4829,89,1,164.51
14442,4830,72,2,248.19
14443,4830,9,3,185.56
14444,4830,150,2,484.06
14445,4830,57,4,268.77
14446,4830,66,4,484.78
14447,4831,100,4,110.82
14448,4831,137,2,704.57
14449,4831,21,2,658.67
14450,4831,12,1,452.49
14451,4831,3,4,302.94
14452,4832,86,1,35.23
14453,4832,31,2,682.52
14454,4833,12,4,452.49
14455,4834,109,3,382.69
14456,4835,15,1,715.52
14457,4835,38,3,272.91
14458,4835,27,3,470.69
14459,4835,142,1,758.12
14460,4836,58,1,558.64
14461,4836,139,4,322.53
14462,4837,124,3,127.43
14463,4837,37,2,253.77
14464,4837,115,2,769.44
14465,4837,80,4,752.51
14466,4837,138,3,126.38
14467,4838,127,3,349.21
14468,4839,75,3,421.56
14469,4839,5,1,459.8
14470,4839,90,2,503.63
14471,4839,150,3,484.06
14472,4839,31,3,682.52
14473,4840,47,2,434.59
14474,4840,105,1,462.17
14475,4840,22,4,759.83
14476,4840,144,4,507.04
14477,4840,50,1,370.89
14478,4841,6,2,498.94
14479,4841,89,4,164.51
14480,4841,11,2,117.66
14481,4842,57,1,268.77
14482,4843,141,3,664.67
14483,4843,77,1,0.0
14484,4843,48,3,107.37
14485,4844,140,4,80.4
14486,4844,22,3,759.83
14487,4844,26,2,266.42
14488,4844,3,2,302.94
14489,4844,65,4,748.34
14490,4845,21,1,658.67
14491,4845,137,4,704.57
14492,4846,146,1,19.08
14493,4846,18,3,315.84
14494,4846,46,3,566.86
14495,4846,12,2,452.49
14496,4847,135,1,457.51
14497,4847,113,2,149.56
14498,4847,36,4,495.03
14499,4848,30,3,466.19
14500,4848,113,2,149.56
14501,4849,80,3,752.51
14502,4850,49,1,186.12
14503,4850,37,1,253.77
14504,4850,22,1,759.83
14505,4850,100,4,110.82
14506,4851,11,2,117.66
14507,4851,31,1,682.52
14508,4851,79,1,499.3
14509,4852,116,1,499.37
14510,4852,69,1,678.97
14511,4852,4,2,636.38
14512,4853,136,2,254.21
14513,4853,11,3,117.66
14514,4853,37,3,253.77
14515,4853,142,1,758.12
14516,4853,132,3,660.44
14517,4854,137,1,704.57
14518,4854,4,1,636.38
14519,4855,138,3,126.38
14520,4855,71,4,326.37
14521,4856,117,4,723.89
14522,4857,122,1,444.14
14523,4858,29,2,474.32
14524,4858,142,2,758.12
14525,4858,34,3,369.27
14526,4858,102,4,378.83
14527,4858,73,4,757.68
14528,4859,81,4,226.08
14529,4859,110,2,335.07
14530,4860,104,1,556.7
14531,4860,21,4,658.67
14532,4860,116,4,499.37
14533,4861,131,1,318.76
14534,4861,116,2,499.37
14535,4861,134,4,14.54
14536,4862,137,4,704.57
14537,4862,17,4,658.83
14538,4863,62,2,302.99
14539,4863,99,3,707.47
14540,4864,56,3,783.92
14541,4864,40,4,496.68
14542,4864,89,2,164.51
14543,4865,139,2,322.53
14544,4865,93,1,-549.02
14545,4865,84,2,431.32
14546,4865,11,1,117.66
14547,4865,150,4,484.06
14548,4866,52,2,457.95
14549,4866,39,2,467.56
14550,4866,31,1,682.52
14551,4866,103,2,163.53
14552,4867,67,1,755.48
14553,4867,100,3,110.82
14554,4867,102,3,378.83
14555,4867,103,2,163.53
14556,4868,96,3,385.9
14557,4869,77,3,0.0
14558,4870,48,4,107.37
14559,4870,91,3,425.2
14560,4870,106,4,256.39
14561,4870,44,3,14.87
14562,4871,129,2,356.8
14563,4871,131,4,318.76
14564,4871,150,4,484.06
14565,4872,137,4,704.57
14566,4872,131,3,318.76
14567,4872,125,3,60.95
14568,4873,150,2,484.06
14569,4873,76,3,571.36
14570,4873,91,1,425.2
14571,4874,45,1,157.83
14572,4875,78,4,789.72
14573,4875,28,4,487.27
14574,4876,94,2,610.92
14575,4877,103,2,163.53
14576,4877,102,4,378.83
14577,4877,40,3,496.68
14578,4878,119,2,443.26
14579,4878,82,3,558.31
14580,4878,33,4,680.29
14581,4879,10,1,364.78
14582,4879,57,2,268.77
14583,4879,100,1,110.82
14584,4880,132,2,660.44
14585,4880,106,3,256.39
14586,4881,29,1,474.32
14587,4882,52,3,457.95
14588,4882,92,1,416.84
14589,4882,142,2,758.12
14590,4882,111,3,781.01
14591,4882,88,3,581.3
14592,4883,113,1,165.47
14593,4883,57,2,268.77
14594,4883,144,2,507.04
14595,4883,76,4,571.36
14596,4883,19,1,582.15
14597,4884,93,2,-549.02
14598,4884,129,2,356.8
14599,4884,35,1,593.85
14600,4884,90,1,503.63
14601,4884,148,1,777.04
14602,4885,1,3,229.43
14603,4885,2,1,536.34
14604,4885,123,4,717.17
14605,4885,142,3,758.12
14606,4886,51,4,521.96
14607,4886,148,4,777.04
14608,4887,141,2,664.67
14609,4888,41,4,574.12
14610,4888,76,3,571.36
14611,4888,19,4,582.15
14612,4888,42,4,458.23
14613,4888,96,3,385.9
14614,4889,19,2,582.15
14615,4889,126,2,101.97
14616,4889,66,1,484.78
14617,4889,31,4,682.52
14618,4890,108,2,596.14
14619,4891,128,4,383.45
14620,4891,43,4,25.96
14621,4891,105,2,462.17
14622,4891,4,4,636.38
14623,4892,28,1,487.27
14624,4892,30,4,466.19
14625,4892,79,1,499.3
14626,4892,13,1,302.7
14627,4892,12,4,452.49
14628,4893,53,1,176.09
14629,4894,17,4,658.83
14630,4894,85,4,446.02
14631,4895,57,1,268.77
14632,4896,63,3,82.09
14633,4896,103,2,163.53
14634,4896,73,1,757.68
14635,4896,81,3,226.08
14636,4896,144,1,507.04
14637,4897,110,1,335.07
14638,4897,54,3,119.66
14639,4898,145,1,229.11
14640,4898,116,3,499.37
14641,4899,20,4,511.22
14642,4899,85,1,446.02
14643,4899,125,3,60.95
14644,4900,127,2,349.21
14645,4900,21,4,658.67
14646,4900,43,1,25.96
14647,4900,51,2,521.96
14648,4901,122,3,444.14
14649,4901,11,1,117.66
14650,4901,24,2,767.98
14651,4901,84,4,431.32
14652,4902,129,1,356.8
14653,4903,99,3,707.47
14654,4903,13,2,302.7
14655,4904,20,3,511.22
14656,4904,148,4,777.04
14657,4904,138,2,126.38
14658,4904,140,2,80.4
14659,4905,48,2,107.37
14660,4905,98,3,569.99
14661,4905,72,3,248.19
14662,4906,48,1,107.37
14663,4906,61,3,0.0
14664,4906,146,1,19.08
14665,4906,92,3,416.84
14666,4907,108,2,596.14
14667,4908,29,2,474.32
14668,4908,52,2,457.95
14669,4908,45,1,121.32
14670,4908,8,2,611.79
14671,4909,30,2,466.19
14672,4909,123,3,717.17
14673,4909,56,1,783.92
14674,4909,49,3,186.12
14675,4909,150,4,484.06
14676,4910,1,4,229.43
14677,4910,26,3,266.42
14678,4910,59,1,402.24
14679,4910,44,3,14.87
14680,4911,121,4,643.49
14681,4911,6,1,498.94
14682,4911,95,1,550.05
14683,4911,64,3,123.33
14684,4912,80,4,752.51
14685,4913,101,4,720.77
14686,4913,30,3,466.19
14687,4913,50,4,370.89
14688,4913,59,1,402.24
14689,4913,26,2,266.42
14690,4914,3,4,302.94
14691,4915,141,1,664.67
14692,4915,27,1,470.69
14693,4915,129,3,356.8
14694,4915,95,1,550.05
14695,4915,100,2,110.82
14696,4916,67,4,755.48
14697,4917,102,1,378.83
14698,4917,144,1,507.04
14699,4917,65,1,748.34
14700,4917,132,1,660.44
14701,4918,66,2,484.78
14702,4918,102,1,378.83
14703,4918,84,1,431.32
14704,4919,53,4,176.09
14705,4919,82,1,558.31
14706,4919,51,2,521.96
14707,4919,121,3,643.49
14708,4920,71,4,326.37
14709,4920,64,2,123.33
14710,4920,138,2,126.38
14711,4921,62,2,302.99
14712,4922,44,2,14.87
14713,4922,87,1,353.29
14714,4923,131,1,318.76
14715,4923,41,4,574.12
14716,4923,52,1,457.95
14717,4924,47,4,319.06
14718,4925,86,4,35.23
14719,4925,7,1,797.36
14720,4925,44,4,14.87
14721,4925,116,1,499.37
14722,4926,89,1,164.51
14723,4926,21,2,658.67
14724,4926,131,2,318.76
14725,4927,15,3,715.52
14726,4927,81,3,226.08
14727,4928,117,2,723.89
14728,4928,78,3,789.72
14729,4929,67,2,755.48
14730,4929,51,2,521.96
14731,4930,73,1,757.68
14732,4930,80,2,752.51
14733,4930,150,1,484.06
14734,4931,112,1,306.6
14735,4932,8,2,611.79
14736,4932,114,1,709.75
14737,4933,77,2,0.0
14738,4934,67,1,755.48
14739,4935,48,4,107.37
14740,4935,4,1,636.38
14741,4935,54,2,119.66
14742,4936,127,1,349.21
14743,4936,115,3,769.44
14744,4936,51,3,521.96
14745,4936,143,1,488.21
14746,4937,76,2,571.36
14747,4937,52,3,457.95
14748,4937,140,4,80.4
14749,4938,19,3,582.15
14750,4939,105,3,462.17
14751,4939,92,4,416.84
14752,4939,27,2,470.69
14753,4940,47,2,434.59
14754,4940,136,1,254.21
14755,4940,127,3,349.21
14756,4941,18,2,315.84
14757,4941,120,1,163.71
14758,4942,64,1,123.33
14759,4943,127,3,349.21
14760,4943,110,3,335.07
14761,4943,27,2,470.69
14762,4943,99,3,707.47
14763,4944,77,3,0.0
14764,4944,48,3,107.37
14765,4944,1,2,229.43
14766,4944,121,2,643.49
14767,4945,146,4,19.08
14768,4946,103,3,163.53
14769,4946,60,4,602.69
14770,4947,34,3,369.27
14771,4947,124,2,127.43
14772,4948,138,3,126.38
14773,4949,138,3,126.38
14774,4949,90,1,503.63
14775,4950,112,2,306.6
14776,4950,16,2,170.96
14777,4950,88,3,581.3
14778,4950,97,4,799.31
14779,4951,106,4,256.39
14780,4951,112,3,306.6
14781,4951,95,3,550.05
14782,4951,7,2,797.36
14783,4952,92,1,416.84
14784,4952,76,2,571.36
14785,4952,62,3,302.99
14786,4953,132,3,660.44
14787,4954,24,1,767.98
14788,4954,148,4,777.04
14789,4955,32,3,176.75
14790,4955,87,2,353.29
14791,4955,135,4,457.51
14792,4955,103,2,163.53
14793,4955,143,1,488.21
14794,4956,32,4,176.75
14795,4956,3,3,302.94
14796,4957,44,2,14.87
14797,4957,127,2,349.21
14798,4958,59,1,402.24
14799,4958,20,3,511.22
14800,4958,128,3,383.45
14801,4958,127,1,349.21
14802,4959,89,1,164.51
14803,4959,69,2,678.97
14804,4960,8,3,611.79
14805,4960,126,3,101.97
14806,4960,102,1,378.83
14807,4960,15,2,715.52
14808,4961,76,3,571.36
14809,4961,118,3,361.9
14810,4961,5,2,459.8
14811,4961,142,2,758.12
14812,4961,27,2,470.69
14813,4962,139,2,322.53
14814,4962,145,1,229.11
14815,4962,148,2,777.04
14816,4963,14,2,754.03
14817,4964,87,1,353.29
14818,4965,23,4,701.6
14819,4965,55,1,472.02
14820,4965,24,4,767.98
14821,4966,91,3,425.2
14822,4966,127,2,349.21
14823,4966,79,1,499.3
14824,4967,90,4,503.63
14825,4967,94,3,610.92
14826,4967,82,3,558.31
14827,4967,97,1,799.31
14828,4968,90,1,503.63
14829,4968,18,1,315.84
14830,4968,127,2,349.21
14831,4969,140,2,80.4
14832,4969,125,3,60.95
14833,4969,13,2,302.7
14834,4969,44,2,14.87
14835,4970,41,4,574.12
14836,4970,77,2,0.0
14837,4970,8,4,611.79
14838,4970,122,4,444.14
14839,4970,127,3,349.21
14840,4971,122,2,444.14
14841,4971,39,1,467.56
14842,4971,78,1,789.72
14843,4972,1,4,229.43
14844,4972,67,2,755.48
14845,4972,29,3,535.27
14846,4973,78,3,789.72
14847,4973,63,1,82.09
14848,4973,42,4,458.23
14849,4973,43,2,25.96
14850,4974,131,2,318.76
14851,4974,43,4,25.96
14852,4975,84,3,431.32
14853,4975,14,1,754.03
14854,4975,122,4,444.14
14855,4976,129,1,356.8
14856,4976,55,4,472.02
14857,4977,134,2,14.54
14858,4978,93,3,-549.02
14859,4978,79,4,499.3
14860,4978,110,1,335.07
14861,4979,25,4,50.04
14862,4979,40,1,496.68
14863,4979,75,4,421.56
14864,4979,76,1,571.36
14865,4980,27,4,470.69
14866,4980,86,1,35.23
14867,4980,75,4,421.56
14868,4980,52,1,457.95
14869,4980,51,4,521.96
14870,4981,146,4,19.08
14871,4981,106,2,256.39
14872,4982,120,3,163.71
14873,4982,38,1,272.91
14874,4982,131,2,318.76
14875,4982,100,2,110.82
14876,4983,28,2,487.27
14877,4984,73,4,757.68
14878,4984,125,3,60.95
14879,4984,77,2,0.0
14880,4984,76,4,571.36
14881,4985,30,3,466.19
14882,4985,28,2,487.27
14883,4985,26,4,266.42
14884,4985,136,3,254.21
14885,4985,75,1,421.56
14886,4986,12,2,452.49
14887,4986,120,2,163.71
14888,4986,58,1,558.64
14889,4987,55,2,472.02
14890,4988,94,3,610.92
14891,4988,1,3,229.43
14892,4988,29,3,474.32
14893,4988,133,2,53.99
14894,4989,82,4,558.31
14895,4990,33,2,680.29
14896,4990,101,2,720.77
14897,4990,82,2,558.31
14898,4990,98,1,569.99
14899,4990,45,1,157.83
14900,4991,26,3,266.42
14901,4991,80,2,752.51
14902,4992,104,3,556.7
14903,4992,44,2,14.87
14904,4992,106,4,256.39
14905,4992,66,1,484.78
14906,4992,3,2,302.94
14907,4993,38,3,272.91
14908,4993,115,1,769.44
14909,4993,39,2,467.56
14910,4993,125,1,60.95
14911,4994,2,3,536.34
14912,4994,99,2,707.47
14913,4994,147,1,630.5
14914,4995,48,4,107.37
14915,4995,76,4,571.36
14916,4995,93,4,-549.02
14917,4995,34,1,369.27
14918,4996,50,2,370.89
14919,4996,76,3,571.36
14920,4996,123,3,717.17
14921,4996,48,4,107.37
14922,4996,148,1,777.04
14923,4997,56,4,783.92
14924,4997,123,4,717.17
14925,4997,19,2,582.15
14926,4998,126,3,101.97
14927,4998,86,4,35.23
14928,4998,37,4,253.77
14929,4999,20,2,511.22
14930,4999,35,2,593.85
14931,5000,26,1,266.42
14932,5000,127,3,349.21
14933,5000,23,2,701.6
14934,5000,118,4,361.9
14935,5001,121,4,643.49
14936,5001,93,4,-549.02
14937,5001,13,2,302.7
14938,5001,85,3,446.02
14939,5002,82,1,558.31
14940,5002,118,4,361.9
14941,5002,30,4,466.19
14942,5003,147,4,630.5
14943,5003,39,1,467.56
14944,5003,53,2,176.09
14945,5004,142,3,758.12
14946,5004,1,1,229.43
14947,5005,24,3,767.98
14948,5005,66,1,484.78
14949,5006,33,4,680.29
14950,5006,91,2,425.2
14951,5007,42,2,458.23
14952,5007,81,1,226.08
14953,5007,142,4,758.12
14954,5008,106,4,256.39
14955,5008,109,2,382.69
14956,5008,6,1,498.94
14957,5009,106,4,294.32
14958,5009,57,4,268.77
14959,5009,146,2,19.08
14960,5010,40,3,496.68
14961,5011,38,2,272.91
14962,5011,129,2,356.8
14963,5011,14,1,754.03
14964,5011,87,4,353.29
14965,5012,10,2,364.78
14966,5012,72,3,248.19
14967,5012,60,4,602.69
14968,5012,26,4,266.42
14969,5013,134,3,14.54
14970,5013,117,1,723.89
14971,5013,39,1,467.56
14972,5014,53,1,176.09
14973,5014,123,1,717.17
14974,5015,130,4,778.31
14975,5016,83,1,57.87
14976,5016,87,3,353.29
14977,5016,125,2,60.95
14978,5017,79,2,499.3
14979,5017,7,2,797.36
14980,5018,5,4,459.8
14981,5018,104,3,556.7
14982,5019,63,2,82.09
14983,5019,111,2,781.01
14984,5020,63,3,82.09
14985,5020,103,2,163.53
14986,5021,58,2,558.64
14987,5022,4,2,636.38
14988,5022,57,3,268.77
14989,5022,53,2,176.09
14990,5022,74,1,429.76
14991,5022,131,3,318.76
14992,5023,87,4,353.29
14993,5023,17,2,658.83
14994,5023,83,2,57.87
14995,5023,43,1,25.96
14996,5024,104,4,556.7
14997,5024,10,4,364.78
14998,5024,29,4,474.32
14999,5024,133,3,60.54
15000,5025,28,3,487.27
15001,5026,35,3,593.85
15002,5026,48,2,107.37
15003,5026,22,3,759.83
15004,5026,66,1,484.78
15005,5027,34,1,369.27
15006,5027,138,3,126.38
15007,5028,134,1,14.54
15008,5028,75,1,461.07
15009,5028,28,4,487.27
15010,5028,86,4,35.23
15011,5029,41,1,574.12
15012,5029,34,4,369.27
15013,5030,99,3,707.47
15014,5030,102,4,492.62
15015,5030,144,3,507.04
15016,5031,60,1,602.69
15017,5031,83,2,57.87
15018,5031,34,3,369.27
15019,5031,82,1,558.31
15020,5031,120,3,163.71
15021,5032,149,4,254.2
15022,5032,44,4,14.87
15023,5032,91,2,425.2
15024,5032,27,3,470.69
15025,5033,124,3,127.43
15026,5033,66,4,484.78
15027,5034,30,2,466.19
15028,5034,107,2,22.07
15029,5034,57,4,268.77
15030,5034,21,4,658.67
15031,5035,147,4,630.5
15032,5035,99,2,707.47
15033,5036,86,4,35.23
15034,5036,21,1,658.67
15035,5036,87,1,353.29
15036,5036,61,1,0.0
15037,5037,10,2,364.78
15038,5037,106,1,256.39
15039,5037,39,3,467.56
15040,5038,85,4,446.02
15041,5038,63,3,82.09
15042,5039,29,4,474.32
15043,5040,76,3,571.36
15044,5040,123,2,717.17
15045,5040,38,3,272.91
15046,5041,8,3,611.79
15047,5041,9,3,185.56
15048,5041,87,4,353.29
15049,5041,132,1,660.44
15050,5042,25,3,50.04
15051,5042,90,4,503.63
15052,5042,89,3,164.51
15053,5042,91,1,425.2
15054,5043,52,1,457.95
15055,5043,64,1,123.33
15056,5043,128,4,383.45
15057,5044,101,4,720.77
15058,5044,114,4,709.75
15059,5045,28,2,487.27
15060,5045,133,4,53.99
15061,5045,118,2,361.9
15062,5045,31,4,682.52
15063,5046,109,3,382.69
15064,5046,121,3,643.49
15065,5046,78,4,789.72
15066,5047,123,3,717.17
15067,5047,51,2,521.96
15068,5047,81,2,226.08
15069,5047,88,4,581.3
15070,5048,99,2,707.47
15071,5048,27,4,470.69
15072,5049,120,1,163.71
15073,5049,1,2,229.43
15074,5050,140,1,80.4
15075,5051,142,4,758.12
15076,5051,94,4,610.92
15077,5051,28,4,487.27
15078,5052,57,4,268.77
15079,5052,35,2,593.85
15080,5052,54,4,119.66
15081,5052,118,4,361.9
15082,5053,46,4,566.86
15083,5053,90,4,503.63
15084,5053,118,4,361.9
15085,5053,44,4,14.87
15086,5053,102,2,378.83
15087,5054,96,4,385.9
15088,5054,43,1,25.96
15089,5054,60,3,602.69
15090,5054,50,2,370.89
15091,5054,109,3,382.69
15092,5055,98,3,569.99
15093,5055,47,1,434.59
15094,5055,16,1,170.96
15095,5056,20,1,511.22
15096,5056,25,3,50.04
15097,5057,47,1,434.59
15098,5057,42,1,458.23
15099,5058,127,3,349.21
15100,5059,92,2,416.84
15101,5059,102,4,378.83
15102,5060,105,3,462.17
15103,5061,43,4,25.96
15104,5061,57,4,268.77
15105,5062,117,1,723.89
15106,5063,139,1,322.53
15107,5063,16,1,170.96
15108,5063,136,1,254.21
15109,5063,92,3,416.84
15110,5064,3,2,302.94
15111,5065,94,3,610.92
15112,5065,144,4,507.04
15113,5065,67,1,755.48
15114,5065,111,2,781.01
15115,5065,118,1,361.9
15116,5066,57,1,268.77
15117,5066,121,2,643.49
15118,5066,54,3,119.66
15119,5066,69,4,678.97
15120,5066,13,4,302.7
15121,5067,69,3,678.97
15122,5068,114,2,709.75
15123,5068,93,2,-549.02
15124,5068,81,4,226.08
15125,5068,92,2,416.84
15126,5068,17,1,658.83
15127,5069,102,3,378.83
15128,5069,22,1,759.83
15129,5069,104,3,556.7
15130,5070,9,3,185.56
15131,5071,141,3,664.67
15132,5072,83,1,57.87
15133,5072,66,3,484.78
15134,5072,23,3,701.6
15135,5073,52,3,457.95
15136,5073,91,1,425.2
15137,5073,145,1,229.11
15138,5073,150,4,484.06
15139,5073,129,4,356.8
15140,5074,125,1,60.95
15141,5074,64,2,123.33
15142,5074,90,4,503.63
15143,5074,93,4,-549.02
15144,5075,69,2,678.97
15145,5075,107,4,22.07
15146,5076,141,1,664.67
15147,5076,107,1,22.07
15148,5076,1,4,229.43
15149,5076,2,4,536.34
15150,5076,54,3,119.66
15151,5077,68,2,636.26
15152,5078,109,2,382.69
15153,5078,23,1,701.6
15154,5079,123,4,717.17
15155,5079,79,3,499.3
15156,5080,65,2,748.34
15157,5080,49,3,186.12
15158,5081,18,4,315.84
15159,5081,89,4,164.51
15160,5081,144,1,507.04
15161,5082,104,1,556.7
15162,5082,88,1,581.3
15163,5082,20,2,511.22
15164,5082,111,4,781.01
15165,5083,24,4,767.98
15166,5083,137,4,704.57
15167,5083,147,4,475.78
15168,5083,43,2,28.16
15169,5083,121,3,643.49
15170,5084,136,3,254.21
15171,5084,81,2,226.08
15172,5085,52,3,457.95
15173,5085,146,1,19.08
15174,5085,68,1,636.26
15175,5085,104,2,556.7
15176,5085,111,1,781.01
15177,5086,53,1,176.09
15178,5086,75,1,421.56
15179,5086,6,3,498.94
15180,5086,3,3,302.94
15181,5086,59,2,402.24
15182,5087,95,3,550.05
15183,5088,144,1,507.04
15184,5088,96,4,385.9
15185,5088,7,3,797.36
15186,5089,77,3,0.0
15187,5090,20,4,511.22
15188,5090,62,3,302.99
15189,5090,5,3,459.8
15190,5090,3,2,302.94
15191,5090,54,2,119.66
15192,5091,150,2,484.06
15193,5092,96,1,385.9
15194,5092,104,1,556.7
15195,5092,20,2,511.22
15196,5092,89,3,164.51
15197,5092,21,4,658.67
15198,5093,9,2,185.56
15199,5094,9,2,185.56
15200,5094,133,1,53.99
15201,5094,142,1,758.12
15202,5094,47,2,434.59
15203,5095,127,2,349.21
15204,5095,42,3,458.23
15205,5095,51,1,521.96
15206,5095,128,4,383.45
15207,5095,21,1,658.67
15208,5096,40,3,496.68
15209,5097,97,1,799.31
15210,5098,127,2,483.06
15211,5098,103,3,163.53
15212,5099,116,1,499.37
15213,5099,134,4,14.54
15214,5099,34,2,369.27
15215,5099,33,2,680.29
15216,5099,70,3,318.37
15217,5100,42,4,458.23
15218,5101,86,4,35.23
15219,5101,25,2,50.04
15220,5101,32,2,176.75
15221,5102,149,4,254.2
15222,5102,127,2,349.21
15223,5102,54,2,119.66
15224,5103,29,4,474.32
15225,5103,142,1,758.12
15226,5104,65,4,748.34
15227,5104,123,3,717.17
15228,5105,94,2,610.92
15229,5105,7,3,797.36
15230,5105,59,1,456.39
15231,5105,144,4,507.04
15232,5106,48,1,107.37
15233,5106,81,1,226.08
15234,5106,146,1,19.08
15235,5106,89,3,164.51
15236,5106,31,2,682.52
15237,5107,123,2,850.76
15238,5107,71,3,326.37
15239,5107,78,3,789.72
15240,5107,138,3,126.38
15241,5108,96,3,385.9
15242,5108,32,1,176.75
15243,5109,42,4,458.23
15244,5110,49,2,186.12
15245,5111,91,1,425.2
15246,5111,75,1,421.56
15247,5111,102,4,378.83
15248,5111,77,2,0.0
15249,5112,107,3,22.07
15250,5113,117,3,723.89
15251,5113,80,1,752.51
15252,5114,128,2,383.45
15253,5114,83,1,64.41
15254,5114,114,3,709.75
15255,5114,68,1,636.26
15256,5114,150,4,484.06
15257,5115,93,4,-549.02
15258,5115,72,2,248.19
15259,5115,131,4,318.76
15260,5116,129,2,356.8
15261,5117,141,2,664.67
15262,5118,142,4,758.12
15263,5118,44,4,14.87
15264,5118,127,4,349.21
15265,5119,110,1,335.07
15266,5119,56,2,783.92
15267,5119,116,2,499.37
15268,5119,107,4,22.07
15269,5119,72,1,248.19
15270,5120,114,4,709.75
15271,5120,48,4,107.37
15272,5120,57,2,268.77
15273,5120,137,1,704.57
15274,5120,98,3,569.99
15275,5121,8,1,611.79
15276,5121,112,2,306.6
15277,5121,80,2,752.51
15278,5121,134,2,14.54
15279,5121,104,4,556.7
15280,5122,3,1,302.94
15281,5122,73,2,757.68
15282,5122,47,2,434.59
15283,5122,139,2,322.53
15284,5122,98,2,569.99
15285,5123,140,4,80.4
15286,5123,2,2,536.34
15287,5124,41,1,574.12
15288,5124,88,4,581.3
15289,5124,125,2,60.95
15290,5124,23,1,701.6
15291,5124,12,4,452.49
15292,5125,102,4,378.83
15293,5125,32,1,176.75
15294,5125,41,4,574.12
15295,5126,140,1,80.4
15296,5126,33,1,680.29
15297,5127,31,2,682.52
15298,5127,84,1,351.26
15299,5128,136,3,254.21
15300,5128,120,4,163.71
15301,5128,59,4,402.24
15302,5129,39,1,467.56
15303,5129,129,3,282.77
15304,5129,42,4,458.23
15305,5129,89,1,164.51
15306,5130,131,4,318.76
15307,5130,71,2,326.37
15308,5130,117,1,723.89
15309,5130,13,2,302.7
15310,5131,41,1,574.12
15311,5131,66,1,484.78
15312,5131,39,2,467.56
15313,5131,17,3,658.83
15314,5131,19,2,582.15
15315,5132,53,1,176.09
15316,5132,26,3,266.42
15317,5132,79,1,499.3
15318,5133,1,1,229.43
15319,5133,43,1,25.96
15320,5133,30,2,466.19
15321,5134,131,2,318.76
15322,5134,83,4,57.87
15323,5134,68,4,636.26
15324,5134,98,4,569.99
15325,5135,51,2,521.96
15326,5135,114,1,709.75
15327,5135,106,3,256.39
15328,5136,38,4,272.91
15329,5136,7,4,797.36
15330,5136,148,3,777.04
15331,5137,38,1,272.91
15332,5137,78,1,789.72
15333,5138,133,2,53.99
15334,5138,61,1,0.0
15335,5138,143,3,483.52
15336,5138,96,1,385.9
15337,5138,10,4,364.78
15338,5139,12,4,452.49
15339,5139,110,2,335.07
15340,5139,73,1,757.68
15341,5139,104,4,556.7
15342,5140,65,1,748.34
15343,5140,94,2,610.92
15344,5141,114,2,709.75
15345,5141,79,3,499.3
15346,5141,136,2,254.21
15347,5141,113,3,149.56
15348,5141,97,3,799.31
15349,5142,41,2,574.12
15350,5143,104,4,556.7
15351,5143,78,4,789.72
15352,5144,143,4,488.21
15353,5144,142,1,758.12
15354,5144,22,4,759.83
15355,5145,70,4,318.37
15356,5145,49,1,186.12
15357,5145,75,4,421.56
15358,5145,138,3,126.38
15359,5146,19,2,582.15
15360,5146,28,1,487.27
15361,5146,102,3,378.83
15362,5146,107,3,22.07
15363,5146,23,2,701.6
15364,5147,145,1,229.11
15365,5148,45,2,157.83
15366,5148,77,3,0.0
15367,5148,147,1,630.5
15368,5149,59,2,402.24
15369,5150,121,1,643.49
15370,5151,55,1,472.02
15371,5151,121,1,643.49
15372,5152,85,3,446.02
15373,5152,83,1,57.87
15374,5152,26,2,266.42
15375,5153,4,2,636.38
15376,5153,100,4,110.82
15377,5153,73,3,757.68
15378,5153,30,3,466.19
15379,5154,147,3,630.5
15380,5155,129,1,356.8
15381,5155,52,3,457.95
15382,5155,51,4,521.96
15383,5155,98,3,569.99
15384,5155,60,4,602.69
15385,5156,146,3,19.08
15386,5156,118,3,361.9
15387,5156,109,2,382.69
15388,5156,27,1,470.69
15389,5156,133,2,53.99
15390,5157,93,1,-549.02
15391,5157,9,4,185.56
15392,5157,32,4,176.75
15393,5157,46,2,566.86
15394,5158,146,3,19.08
15395,5158,6,2,498.94
15396,5159,122,2,444.14
15397,5159,24,4,767.98
15398,5159,108,4,596.14
15399,5159,4,3,636.38
15400,5160,40,4,496.68
15401,5160,119,1,443.26
15402,5160,94,3,610.92
15403,5160,98,4,569.99
15404,5160,96,1,385.9
15405,5161,50,1,370.89
15406,5161,90,3,503.63
15407,5162,57,3,268.77
15408,5162,13,2,302.7
15409,5162,123,4,717.17
15410,5162,17,3,658.83
15411,5163,27,3,470.69
15412,5164,43,4,25.96
15413,5164,47,2,434.59
15414,5164,148,3,777.04
15415,5165,87,3,353.29
15416,5165,75,2,421.56
15417,5165,43,2,25.96
15418,5165,140,3,80.4
15419,5165,114,2,709.75
15420,5166,57,1,268.77
15421,5166,9,3,185.56
15422,5166,60,1,602.69
15423,5167,63,3,68.02
15424,5167,91,3,425.2
15425,5167,20,1,511.22
15426,5167,111,4,781.01
15427,5167,119,4,443.26
15428,5168,43,1,25.96
15429,5168,92,2,416.84
15430,5168,4,4,636.38
15431,5168,5,3,459.8
15432,5168,3,4,302.94
15433,5169,107,2,22.07
15434,5170,17,1,658.83
15435,5170,90,4,503.63
15436,5171,117,3,723.89
15437,5171,61,4,0.0
15438,5171,115,3,769.44
15439,5172,20,3,511.22
15440,5172,109,2,382.69
15441,5172,41,1,574.12
15442,5173,40,4,496.68
15443,5174,96,2,385.9
15444,5174,122,2,444.14
15445,5174,8,2,611.79
15446,5174,33,2,680.29
15447,5175,18,4,315.84
15448,5175,119,1,443.26
15449,5175,122,4,444.14
15450,5175,87,2,353.29
15451,5175,6,2,498.94
15452,5176,69,4,678.97
15453,5176,10,3,364.78
15454,5176,86,3,35.23
15455,5176,59,2,402.24
15456,5176,91,3,425.2
15457,5177,25,4,50.04
15458,5177,149,4,254.2
15459,5177,117,1,723.89
15460,5178,99,1,707.47
15461,5178,81,2,226.08
15462,5178,79,4,499.3
15463,5179,95,2,550.05
15464,5179,38,4,272.91
15465,5179,81,4,226.08
15466,5179,110,1,335.07
15467,5180,16,1,170.96
15468,5180,102,1,378.83
15469,5180,80,3,752.51
15470,5180,65,4,748.34
15471,5181,23,2,701.6
15472,5181,77,1,0.0
15473,5181,111,3,781.01
15474,5181,148,4,777.04
15475,5181,1,3,229.43
15476,5182,33,1,680.29
15477,5182,19,4,582.15
15478,5182,35,1,593.85
15479,5182,96,1,385.9
15480,5182,127,4,349.21
15481,5183,35,4,593.85
15482,5183,65,2,748.34
15483,5183,139,2,322.53
15484,5183,30,1,466.19
15485,5183,108,2,596.14
15486,5184,101,2,720.77
15487,5185,51,2,521.96
15488,5185,58,2,558.64
15489,5185,46,2,566.86
15490,5185,78,2,789.72
15491,5185,134,1,14.54
15492,5186,66,4,484.78
15493,5186,137,2,704.57
15494,5186,112,2,306.6
15495,5187,134,2,14.54
15496,5187,76,2,571.36
15497,5187,71,2,326.37
15498,5188,147,4,630.5
15499,5188,6,1,498.94
15500,5188,65,2,748.34
15501,5188,44,4,14.87
15502,5189,128,3,383.45
15503,5189,14,2,754.03
15504,5189,110,2,335.07
15505,5190,13,2,302.7
15506,5190,143,2,488.21
15507,5190,21,2,658.67
15508,5190,89,4,164.51
15509,5190,131,2,318.76
15510,5191,17,2,658.83
15511,5191,99,1,707.47
15512,5191,10,4,364.78
15513,5191,14,1,754.03
15514,5191,89,3,164.51
15515,5192,117,4,723.89
15516,5192,138,3,126.38
15517,5192,144,1,507.04
15518,5192,13,4,302.7
15519,5193,3,4,302.94
15520,5193,122,3,444.14
15521,5193,106,1,256.39
15522,5193,114,2,709.75
15523,5194,17,4,658.83
15524,5194,45,1,157.83
15525,5194,104,2,556.7
15526,5194,112,2,306.6
15527,5194,39,1,467.56
15528,5195,69,2,678.97
15529,5195,90,4,503.63
15530,5195,37,4,253.77
15531,5196,59,3,402.24
15532,5196,78,2,789.72
15533,5196,65,1,748.34
15534,5197,10,4,364.78
15535,5197,12,2,452.49
15536,5198,108,4,596.14
15537,5198,95,4,550.05
15538,5198,46,2,578.96
15539,5198,66,2,484.78
15540,5198,65,2,748.34
15541,5199,131,4,318.76
15542,5200,13,3,302.7
15543,5200,135,3,457.51
15544,5201,46,3,566.86
15545,5201,131,4,318.76
15546,5201,142,3,758.12
15547,5201,122,4,444.14
15548,5201,37,4,253.77
15549,5202,130,2,778.31
15550,5203,8,3,611.79
15551,5204,7,1,797.36
15552,5204,147,1,630.5
15553,5204,123,2,932.64
15554,5204,42,2,458.23
15555,5204,132,1,660.44
15556,5205,76,2,571.36
15557,5205,139,4,322.53
15558,5205,30,3,453.2
15559,5205,25,1,50.04
15560,5205,22,1,759.83
15561,5206,74,1,429.76
15562,5206,105,1,462.17
15563,5206,141,1,664.67
15564,5207,8,4,611.79
15565,5207,56,2,783.92
15566,5207,106,2,256.39
15567,5207,24,4,767.98
15568,5208,12,3,452.49
15569,5208,131,2,318.76
15570,5209,133,2,53.99
15571,5209,7,4,797.36
15572,5209,46,2,566.86
15573,5209,117,3,723.89
15574,5210,27,4,470.69
15575,5210,19,1,582.15
15576,5210,7,3,797.36
15577,5210,81,3,226.08
15578,5211,102,4,378.83
15579,5211,91,1,425.2
15580,5212,37,1,253.77
15581,5212,46,4,566.86
15582,5212,23,2,701.6
15583,5212,59,2,402.24
15584,5212,110,2,335.07
15585,5213,71,3,326.37
15586,5213,72,2,248.19
15587,5214,130,1,778.31
15588,5214,73,3,757.68
15589,5214,142,3,758.12
15590,5214,98,2,569.99
15591,5214,1,4,229.43
15592,5215,31,3,682.52
15593,5215,71,1,326.37
15594,5215,104,3,556.7
15595,5215,41,1,574.12
15596,5215,25,4,50.04
15597,5216,52,3,457.95
15598,5216,38,2,272.91
15599,5216,121,1,643.49
15600,5216,26,4,266.42
15601,5217,68,1,636.26
15602,5217,7,3,797.36
15603,5217,57,4,268.77
15604,5217,121,1,643.49
15605,5218,122,3,444.14
15606,5218,91,3,425.2
15607,5218,145,4,229.11
15608,5218,149,2,254.2
15609,5218,49,3,186.12
15610,5219,138,1,126.38
15611,5219,121,4,643.49
15612,5220,63,3,82.09
15613,5220,41,4,574.12
15614,5220,52,1,457.95
15615,5220,38,3,272.91
15616,5220,59,3,402.24
15617,5221,104,3,556.7
15618,5221,83,4,57.87
15619,5221,127,3,238.88
15620,5221,138,1,126.38
15621,5221,46,2,566.86
15622,5222,41,3,574.12
15623,5222,126,1,101.97
15624,5222,90,1,503.63
15625,5222,95,4,550.05
15626,5223,102,1,378.83
15627,5223,125,3,60.95
15628,5223,94,2,610.92
15629,5224,19,2,582.15
15630,5225,14,3,754.03
15631,5225,65,1,748.34
15632,5225,17,3,658.83
15633,5225,11,1,117.66
15634,5225,36,4,495.03
15635,5226,127,2,349.21
15636,5227,116,2,499.37
15637,5228,49,4,186.12
15638,5228,44,4,14.87
15639,5229,133,1,53.99
15640,5229,108,3,596.14
15641,5230,89,1,164.51
15642,5231,18,2,315.84
15643,5231,24,3,767.98
15644,5231,92,3,416.84
15645,5231,135,3,457.51
15646,5231,142,4,758.12
15647,5232,5,4,459.8
15648,5232,45,1,157.83
15649,5232,7,1,797.36
15650,5232,137,1,704.57
15651,5232,106,4,256.39
15652,5233,7,2,797.36
15653,5233,141,2,664.67
15654,5233,111,4,781.01
15655,5233,89,3,164.51
15656,5234,31,3,682.52
15657,5235,117,1,723.89
15658,5235,92,1,416.84
15659,5236,65,4,748.34
15660,5237,121,2,643.49
15661,5238,130,4,778.31
15662,5238,75,4,421.56
15663,5238,49,4,186.12
15664,5238,28,1,487.27
15665,5238,46,2,566.86
15666,5239,28,4,487.27
15667,5239,9,3,185.56
15668,5239,20,4,511.22
15669,5240,63,3,82.09
15670,5241,41,4,574.12
15671,5241,106,1,256.39
15672,5241,85,3,446.02
15673,5241,114,3,709.75
15674,5241,31,3,682.52
15675,5242,45,2,157.83
15676,5243,40,3,496.68
15677,5243,2,2,536.34
15678,5243,84,3,431.32
15679,5244,74,3,447.43
15680,5245,77,2,0.0
15681,5245,79,2,499.3
15682,5245,26,3,266.42
15683,5245,109,3,382.69
15684,5246,84,3,431.32
15685,5246,140,3,80.4
15686,5247,146,2,19.08
15687,5247,2,2,536.34
15688,5248,146,1,19.08
15689,5248,15,2,715.52
15690,5249,76,3,571.36
15691,5249,124,3,127.43
15692,5249,104,2,556.7
15693,5249,111,1,781.01
15694,5249,23,3,701.6
15695,5250,12,1,452.49
15696,5250,62,3,302.99
15697,5251,127,2,349.21
15698,5251,97,4,799.31
15699,5252,65,4,748.34
15700,5252,121,2,643.49
15701,5252,47,4,434.59
15702,5252,14,2,754.03
15703,5252,119,4,443.26
15704,5253,135,3,457.51
15705,5253,17,4,658.83
15706,5253,55,3,472.02
15707,5253,94,1,610.92
15708,5253,45,3,157.83
15709,5254,1,3,229.43
15710,5254,86,1,35.23
15711,5254,35,3,593.85
15712,5255,105,1,462.17
15713,5256,11,1,117.66
15714,5256,117,3,723.89
15715,5257,105,1,462.17
15716,5257,145,1,229.11
15717,5258,86,4,35.23
15718,5258,112,2,306.6
15719,5258,59,3,402.24
15720,5258,61,1,0.0
15721,5259,25,2,50.04
15722,5259,36,4,495.03
15723,5260,118,4,361.9
15724,5260,132,4,660.44
15725,5261,116,4,499.37
15726,5261,117,2,723.89
15727,5262,97,3,799.31
15728,5263,146,3,19.08
15729,5263,18,4,315.84
15730,5263,116,4,499.37
15731,5263,19,1,582.15
15732,5263,99,4,707.47
15733,5264,146,2,19.08
15734,5264,106,2,256.39
15735,5265,102,1,378.83
15736,5265,107,2,22.07
15737,5266,45,3,157.83
15738,5266,11,3,117.66
15739,5266,99,3,707.47
15740,5266,114,2,709.75
15741,5266,64,4,123.33
15742,5267,149,2,254.2
15743,5267,79,2,499.3
15744,5267,30,2,466.19
15745,5268,55,2,472.02
15746,5268,43,1,25.96
15747,5268,106,2,256.39
15748,5269,35,3,593.85
15749,5269,41,4,574.12
15750,5269,79,1,499.3
15751,5269,89,2,164.51
15752,5270,125,1,60.95
15753,5270,94,1,610.92
15754,5271,68,4,636.26
15755,5271,84,2,431.32
15756,5272,35,4,593.85
15757,5272,73,2,757.68
15758,5272,147,1,630.5
15759,5273,111,3,781.01
15760,5274,80,2,752.51
15761,5275,87,2,353.29
15762,5275,68,2,636.26
15763,5276,117,4,723.89
15764,5277,63,4,82.09
15765,5277,39,4,387.42
15766,5277,117,2,723.89
15767,5277,89,4,126.83
15768,5277,3,4,302.94
15769,5278,91,3,425.2
15770,5279,98,1,569.99
15771,5279,119,3,443.26
15772,5279,46,3,566.86
15773,5279,131,2,318.76
15774,5280,80,2,752.51
15775,5281,74,2,429.76
15776,5281,78,2,789.72
15777,5282,82,4,558.31
15778,5282,73,1,757.68
15779,5282,3,3,193.4
15780,5282,24,1,767.98
15781,5283,149,2,254.2
15782,5283,66,2,484.78
15783,5283,58,1,558.64
15784,5283,50,4,370.89
15785,5284,79,1,499.3
15786,5284,19,4,582.15
15787,5284,72,2,248.19
15788,5285,43,3,25.96
15789,5285,5,1,459.8
15790,5285,50,3,370.89
15791,5285,108,1,596.14
15792,5285,93,1,-549.02
15793,5286,50,1,370.89
15794,5286,52,3,457.95
15795,5287,30,2,466.19
15796,5287,101,1,720.77
15797,5287,11,4,117.66
15798,5288,88,1,581.3
15799,5288,69,3,678.97
15800,5289,18,1,315.84
15801,5289,48,1,107.37
15802,5289,6,2,498.94
15803,5289,116,4,499.37
15804,5290,83,3,57.87
15805,5290,78,1,789.72
15806,5290,127,4,349.21
15807,5290,61,1,0.0
15808,5291,92,1,416.84
15809,5291,36,4,495.03
15810,5291,22,3,759.83
15811,5291,51,3,521.96
15812,5291,46,4,566.86
15813,5292,65,4,748.34
15814,5293,139,2,322.53
15815,5293,42,3,458.23
15816,5293,125,4,60.95
15817,5294,93,3,-549.02
15818,5295,79,2,499.3
15819,5295,126,3,101.97
15820,5295,97,4,799.31
15821,5295,104,1,556.7
15822,5296,65,4,748.34
15823,5296,32,2,176.75
15824,5296,67,2,755.48
15825,5296,31,1,682.52
15826,5297,149,3,254.2
15827,5297,129,4,356.8
15828,5297,81,1,226.08
15829,5297,150,1,484.06
15830,5298,106,1,256.39
15831,5298,72,1,248.19
15832,5298,103,1,163.53
15833,5298,123,1,717.17
15834,5299,85,2,446.02
15835,5300,2,3,536.34
15836,5300,9,1,185.56
15837,5300,18,2,315.84
15838,5301,98,3,569.99
15839,5301,126,4,101.97
15840,5301,100,1,110.82
15841,5302,67,4,755.48
15842,5302,32,4,176.75
15843,5302,34,4,369.27
15844,5302,89,3,164.51
15845,5302,29,4,474.32
15846,5303,141,1,664.67
15847,5304,92,2,416.84
15848,5304,91,2,425.2
15849,5305,55,1,472.02
15850,5305,150,4,484.06
15851,5305,4,4,636.38
15852,5305,6,3,498.94
15853,5306,11,4,117.66
15854,5306,30,1,466.19
15855,5307,41,1,574.12
15856,5307,10,3,364.78
15857,5308,88,4,581.3
15858,5309,70,1,318.37
15859,5309,48,3,107.37
15860,5309,66,3,484.78
15861,5309,84,4,431.32
15862,5310,59,1,402.24
15863,5310,131,3,318.76
15864,5310,1,4,229.43
15865,5311,39,1,467.56
15866,5311,110,2,335.07
15867,5311,89,3,164.51
15868,5311,131,1,318.76
15869,5311,87,4,353.29
15870,5312,45,2,157.83
15871,5312,109,4,382.69
15872,5312,67,1,755.48
15873,5312,50,1,370.89
15874,5312,13,2,302.7
15875,5313,34,3,369.27
15876,5313,135,4,457.51
15877,5313,137,1,704.57
15878,5313,53,2,176.09
15879,5313,74,1,429.76
15880,5314,82,4,558.31
15881,5314,48,3,107.37
15882,5314,129,1,356.8
15883,5314,150,3,484.06
15884,5314,98,2,569.99
15885,5315,59,3,402.24
15886,5315,64,1,123.33
15887,5315,22,2,759.83
15888,5315,119,3,443.26
15889,5316,105,4,462.17
15890,5316,85,1,446.02
15891,5316,89,2,164.51
15892,5316,116,2,499.37
15893,5316,106,3,256.39
15894,5317,70,4,318.37
15895,5317,67,3,755.48
15896,5317,144,4,507.04
15897,5317,68,4,636.26
15898,5318,102,3,378.83
15899,5318,3,3,302.94
15900,5318,148,3,777.04
15901,5318,111,1,781.01
15902,5319,50,2,370.89
15903,5319,118,1,361.9
15904,5319,64,3,123.33
15905,5320,142,1,662.49
15906,5320,98,4,569.99
15907,5321,61,4,0.0
15908,5321,121,1,643.49
15909,5322,63,1,82.09
15910,5322,21,1,658.67
15911,5322,19,3,582.15
15912,5322,30,4,466.19
15913,5322,83,3,57.87
15914,5323,126,4,101.97
15915,5324,97,1,799.31
15916,5324,18,1,315.84
15917,5324,125,2,60.95
15918,5325,69,3,678.97
15919,5325,78,3,789.72
15920,5325,87,3,353.29
15921,5326,34,2,369.27
15922,5326,150,4,484.06
15923,5327,94,3,610.92
15924,5327,146,3,19.08
15925,5328,136,1,254.21
15926,5328,9,3,185.56
15927,5329,95,2,550.05
15928,5329,116,3,499.37
15929,5329,71,1,326.37
15930,5329,32,1,176.75
15931,5330,116,4,499.37
15932,5330,19,4,582.15
15933,5331,45,2,157.83
15934,5331,145,1,229.11
15935,5331,114,3,709.75
15936,5331,19,2,582.15
15937,5332,29,3,474.32
15938,5332,59,2,402.24
15939,5332,30,4,466.19
15940,5332,102,1,378.83
15941,5332,19,2,582.15
15942,5333,68,2,636.26
15943,5333,29,2,474.32
15944,5333,73,4,757.68
15945,5333,94,1,610.92
15946,5334,72,4,248.19
15947,5334,140,1,80.4
15948,5334,132,3,660.44
15949,5334,131,1,318.76
15950,5335,128,2,383.45
15951,5336,132,1,660.44
15952,5336,35,4,593.85
15953,5336,38,3,272.91
15954,5337,116,1,499.37
15955,5337,72,3,248.19
15956,5338,24,1,767.98
15957,5338,99,1,707.47
15958,5338,59,2,402.24
15959,5338,20,4,679.6
15960,5339,18,4,315.84
15961,5339,54,1,119.66
15962,5340,67,4,755.48
15963,5340,9,1,185.56
15964,5340,115,4,769.44
15965,5340,105,4,462.17
15966,5340,108,3,596.14
15967,5341,120,1,163.71
15968,5342,116,2,471.38
15969,5342,41,4,574.12
15970,5343,14,4,754.03
15971,5343,15,2,715.52
15972,5343,137,4,704.57
15973,5343,103,2,163.53
15974,5343,65,1,748.34
15975,5344,139,3,322.53
15976,5344,58,1,558.64
15977,5345,84,1,431.32
15978,5345,68,1,636.26
15979,5346,117,3,723.89
15980,5346,127,3,349.21
15981,5346,125,4,60.95
15982,5347,78,1,789.72
15983,5348,47,1,434.59
15984,5348,62,4,302.99
15985,5348,80,2,752.51
15986,5349,46,3,566.86
15987,5350,97,3,799.31
15988,5350,31,2,682.52
15989,5350,44,1,14.87
15990,5351,97,2,799.31
15991,5351,60,2,602.69
15992,5351,139,4,322.53
15993,5351,23,1,701.6
15994,5352,10,1,364.78
15995,5353,63,1,82.09
15996,5353,29,4,474.32
15997,5353,100,4,110.82
15998,5353,74,1,577.35
15999,5354,113,4,149.56
16000,5354,58,4,558.64
16001,5354,21,3,658.67
16002,5355,101,2,720.77
16003,5355,57,1,268.77
16004,5355,93,1,-549.02
16005,5355,54,2,119.66
16006,5356,132,3,660.44
16007,5356,117,2,723.89
16008,5357,150,4,484.06
16009,5357,81,2,226.08
16010,5358,132,2,467.55
16011,5358,90,2,503.63
16012,5358,128,3,383.45
16013,5358,12,3,452.49
16014,5358,73,1,757.68
16015,5359,9,1,185.56
16016,5360,47,3,434.59
16017,5361,33,3,680.29
16018,5361,64,2,123.33
16019,5361,127,3,349.21
16020,5361,83,2,57.87
16021,5362,113,3,149.56
16022,5362,57,1,268.77
16023,5363,125,4,60.95
16024,5363,8,4,611.79
16025,5364,15,2,715.52
16026,5365,53,3,176.09
16027,5365,93,1,-549.02
16028,5365,49,4,186.12
16029,5365,68,3,636.26
16030,5366,86,2,35.23
16031,5366,27,2,470.69
16032,5366,34,3,369.27
16033,5367,137,1,704.57
16034,5367,119,1,443.26
16035,5367,120,2,163.71
16036,5368,62,3,302.99
16037,5368,145,2,229.11
16038,5369,85,3,446.02
16039,5370,128,2,383.45
16040,5371,133,3,53.99
16041,5371,13,2,302.7
16042,5372,99,4,707.47
16043,5372,52,2,457.95
16044,5373,130,1,778.31
16045,5373,66,1,484.78
16046,5374,112,1,306.6
16047,5375,34,2,369.27
16048,5375,53,1,176.09
16049,5376,144,4,507.04
16050,5376,43,4,25.96
16051,5376,145,3,229.11
16052,5377,56,3,783.92
16053,5378,107,1,22.07
16054,5378,52,2,457.95
16055,5378,85,4,446.02
16056,5378,73,2,757.68
16057,5379,39,3,467.56
16058,5379,71,3,326.37
16059,5380,70,2,318.37
16060,5381,46,3,566.86
16061,5382,20,2,511.22
16062,5382,87,4,353.29
16063,5382,140,1,80.4
16064,5382,144,1,507.04
16065,5383,74,2,429.76
16066,5383,5,1,459.8
16067,5383,103,3,163.53
16068,5383,96,2,385.9
16069,5383,32,2,176.75
16070,5384,41,4,574.12
16071,5384,36,4,495.03
16072,5384,66,1,484.78
16073,5384,90,1,503.63
16074,5385,34,4,369.27
16075,5385,129,1,356.8
16076,5385,85,3,505.95
16077,5385,58,4,558.64
16078,5385,135,2,457.51
16079,5386,33,2,680.29
16080,5386,99,1,707.47
16081,5386,62,1,302.99
16082,5386,122,1,444.14
16083,5387,138,2,126.38
16084,5387,42,2,458.23
16085,5387,127,3,349.21
16086,5388,122,1,444.14
16087,5388,135,1,457.51
16088,5388,9,4,185.56
16089,5388,74,4,429.76
16090,5388,140,3,80.4
16091,5389,58,1,558.64
16092,5389,108,4,596.14
16093,5389,125,1,60.95
16094,5390,148,4,777.04
16095,5390,18,4,315.84
16096,5390,46,4,566.86
16097,5390,52,4,457.95
16098,5390,140,3,80.4
16099,5391,57,3,268.77
16100,5391,72,4,248.19
16101,5392,4,3,636.38
16102,5392,136,2,254.21
16103,5392,19,2,582.15
16104,5392,93,2,-549.02
16105,5392,99,1,707.47
16106,5393,1,3,229.43
16107,5393,122,1,444.14
16108,5394,78,3,789.72
16109,5394,21,4,658.67
16110,5394,114,3,709.75
16111,5394,72,3,248.19
16112,5395,9,4,185.56
16113,5395,65,4,748.34
16114,5396,79,3,499.3
16115,5396,145,4,229.11
16116,5396,9,1,185.56
16117,5396,129,1,356.8
16118,5397,24,2,767.98
16119,5397,22,4,759.83
16120,5397,59,4,402.24
16121,5397,42,1,448.71
16122,5398,41,1,574.12
16123,5399,105,3,462.17
16124,5400,58,1,558.64
16125,5401,112,4,306.6
16126,5401,54,1,119.66
16127,5401,21,4,658.67
16128,5401,150,1,484.06
16129,5402,34,3,369.27
16130,5402,150,1,484.06
16131,5402,137,4,704.57
16132,5402,24,3,767.98
16133,5403,6,1,498.94
16134,5403,27,1,470.69
16135,5403,65,3,727.78
16136,5403,14,3,754.03
16137,5403,130,3,778.31
16138,5404,66,3,484.78
16139,5404,126,4,101.97
16140,5405,120,4,163.71
16141,5406,35,2,593.85
16142,5407,83,2,57.87
16143,5407,21,1,658.67
16144,5407,82,2,558.31
16145,5408,138,2,126.38
16146,5408,21,3,658.67
16147,5409,3,4,302.94
16148,5409,135,4,457.51
16149,5409,118,3,361.9
16150,5409,84,2,431.32
16151,5409,126,4,109.15
16152,5410,23,2,701.6
16153,5410,28,1,487.27
16154,5410,84,3,431.32
16155,5410,52,1,457.95
16156,5410,39,1,467.56
16157,5411,136,4,254.21
16158,5411,2,2,536.34
16159,5412,117,3,723.89
16160,5412,140,4,80.4
16161,5412,68,4,636.26
16162,5412,46,3,566.86
16163,5412,93,4,-549.02
16164,5413,78,3,789.72
16165,5413,25,3,50.04
16166,5413,102,3,378.83
16167,5413,69,4,678.97
16168,5414,141,1,664.67
16169,5414,23,2,701.6
16170,5414,149,4,254.2
16171,5414,51,1,521.96
16172,5414,116,4,499.37
16173,5415,80,4,752.51
16174,5415,42,4,458.23
16175,5415,57,4,268.77
16176,5415,35,1,593.85
16177,5415,62,3,302.99
16178,5416,43,3,25.96
16179,5416,35,2,593.85
16180,5416,29,1,474.32
16181,5417,67,1,755.48
16182,5418,15,2,715.52
16183,5418,108,4,596.14
16184,5418,125,1,60.95
16185,5418,112,4,306.6
16186,5418,114,1,709.75
16187,5419,44,2,14.87
16188,5419,34,1,369.27
16189,5419,138,3,126.38
16190,5420,6,1,498.94
16191,5420,132,1,660.44
16192,5420,89,4,164.51
16193,5420,106,3,256.39
16194,5420,80,1,752.51
16195,5421,82,2,558.31
16196,5421,108,4,596.14
16197,5421,26,2,266.42
16198,5421,105,2,462.17
16199,5422,129,2,356.8
16200,5422,35,3,593.85
16201,5422,64,4,123.33
16202,5423,110,4,335.07
16203,5423,98,2,569.99
16204,5423,72,1,248.19
16205,5423,23,4,701.6
16206,5424,139,4,322.53
16207,5425,96,3,385.9
16208,5425,16,2,170.96
16209,5426,112,4,306.6
16210,5426,39,4,467.56
16211,5427,43,3,25.96
16212,5427,146,3,19.08
16213,5427,150,4,484.06
16214,5427,136,4,254.21
16215,5428,131,1,432.05
16216,5428,72,3,248.19
16217,5428,32,3,176.75
16218,5428,120,1,163.71
16219,5429,119,4,443.26
16220,5429,147,1,630.5
16221,5430,9,2,185.56
16222,5430,99,4,707.47
16223,5430,116,2,499.37
16224,5430,100,1,110.82
16225,5430,86,4,35.23
16226,5431,9,2,185.56
16227,5431,26,1,266.42
16228,5431,112,3,306.6
16229,5432,125,3,60.95
16230,5433,69,1,678.97
16231,5433,86,4,35.23
16232,5433,85,1,446.02
16233,5434,1,4,229.43
16234,5434,84,1,431.32
16235,5434,83,2,57.87
16236,5434,80,1,752.51
16237,5435,94,3,610.92
16238,5435,148,3,777.04
16239,5435,75,3,421.56
16240,5436,40,1,496.68
16241,5436,38,4,272.91
16242,5436,64,1,123.33
16243,5437,66,3,484.78
16244,5437,7,3,797.36
16245,5437,120,1,163.71
16246,5437,106,3,256.39
16247,5438,23,2,701.6
16248,5438,74,2,429.76
16249,5438,53,3,176.09
16250,5439,124,3,127.43
16251,5439,4,2,636.38
16252,5440,111,3,781.01
16253,5440,149,4,254.2
16254,5440,79,3,499.3
16255,5440,21,1,658.67
16256,5441,88,1,581.3
16257,5441,93,2,-549.02
16258,5441,72,3,248.19
16259,5442,103,4,163.53
16260,5442,33,2,680.29
16261,5442,150,4,484.06
16262,5443,126,2,101.97
16263,5444,11,4,117.66
16264,5445,89,4,164.51
16265,5446,128,3,383.45
16266,5446,79,2,499.3
16267,5446,99,3,707.47
16268,5447,135,4,457.51
16269,5447,53,4,176.09
16270,5447,34,4,369.27
16271,5447,44,2,14.87
16272,5447,45,2,157.83
16273,5448,112,3,306.6
16274,5448,119,1,443.26
16275,5448,45,1,157.83
16276,5448,43,2,25.96
16277,5449,60,3,602.69
16278,5449,108,3,596.14
16279,5449,30,2,466.19
16280,5450,35,3,593.85
16281,5450,78,2,789.72
16282,5450,57,2,268.77
16283,5451,61,2,0.0
16284,5451,56,2,783.92
16285,5452,130,3,778.31
16286,5452,52,4,457.95
16287,5452,75,3,421.56
16288,5453,136,4,254.21
16289,5453,65,3,748.34
16290,5453,95,3,550.05
16291,5453,2,4,536.34
16292,5454,40,2,496.68
16293,5455,100,2,110.82
16294,5455,37,4,253.77
16295,5455,66,2,484.78
16296,5455,147,2,385.16
16297,5455,137,3,704.57
16298,5456,120,1,163.71
16299,5456,66,1,484.78
16300,5456,10,1,364.78
16301,5457,132,3,660.44
16302,5457,147,2,630.5
16303,5457,105,2,462.17
16304,5457,12,4,452.49
16305,5457,136,2,254.21
16306,5458,99,3,707.47
16307,5459,50,3,370.89
16308,5459,89,4,164.51
16309,5459,124,4,127.43
16310,5459,47,1,434.59
16311,5459,62,3,302.99
16312,5460,52,2,457.95
16313,5461,22,2,759.83
16314,5461,136,4,254.21
16315,5461,127,3,349.21
16316,5461,36,2,495.03
16317,5462,81,2,226.08
16318,5463,34,1,369.27
16319,5463,75,4,421.56
16320,5463,129,4,356.8
16321,5463,58,2,558.64
16322,5464,116,2,499.37
16323,5464,45,3,157.83
16324,5465,38,2,272.91
16325,5465,135,2,457.51
16326,5466,75,4,421.56
16327,5466,7,2,797.36
16328,5466,23,2,701.6
16329,5467,147,4,630.5
16330,5467,86,3,35.23
16331,5467,103,3,163.53
16332,5468,24,1,767.98
16333,5468,95,3,550.05
16334,5468,14,1,754.03
16335,5468,54,4,119.66
16336,5469,131,2,318.76
16337,5470,14,4,754.03
16338,5470,65,1,748.34
16339,5470,71,1,326.37
16340,5470,80,1,752.51
16341,5471,89,2,213.4
16342,5471,7,2,797.36
16343,5471,62,3,302.99
16344,5471,146,2,19.08
16345,5471,137,1,704.57
16346,5472,62,4,302.99
16347,5472,105,2,462.17
16348,5472,78,4,789.72
16349,5472,121,3,643.49
16350,5473,8,3,611.79
16351,5473,52,1,457.95
16352,5473,57,2,268.77
16353,5473,77,2,0.0
16354,5474,137,1,704.57
16355,5474,45,2,157.83
16356,5474,111,2,781.01
16357,5474,58,3,558.64
16358,5475,96,1,385.9
16359,5475,132,2,660.44
16360,5475,72,4,248.19
16361,5475,30,3,466.19
16362,5476,134,1,14.54
16363,5476,30,4,466.19
16364,5476,58,1,558.64
16365,5476,113,1,149.56
16366,5477,115,1,769.44
16367,5477,129,3,356.8
16368,5477,46,3,566.86
16369,5477,25,4,50.04
16370,5477,66,2,484.78
16371,5478,103,1,163.53
16372,5478,126,4,101.97
16373,5478,64,2,123.33
16374,5478,80,4,752.51
16375,5479,91,1,425.2
16376,5479,134,1,14.54
16377,5480,143,1,488.21
16378,5480,26,3,266.42
16379,5481,96,1,385.9
16380,5481,4,3,636.38
16381,5481,138,3,126.38
16382,5481,121,3,643.49
16383,5482,127,2,349.21
16384,5482,54,4,119.66
16385,5482,29,4,474.32
16386,5482,112,2,306.6
16387,5483,87,3,353.29
16388,5483,18,4,315.84
16389,5483,34,3,369.27
16390,5484,36,1,495.03
16391,5485,125,2,65.56
16392,5485,36,3,495.03
16393,5485,7,1,797.36
16394,5486,83,1,57.87
16395,5486,39,1,467.56
16396,5486,15,4,715.52
16397,5486,7,4,577.06
16398,5487,11,2,117.66
16399,5488,40,2,496.68
16400,5488,92,1,416.84
16401,5488,67,2,755.48
16402,5488,35,3,593.85
16403,5489,93,3,-549.02
16404,5489,35,1,593.85
16405,5490,89,3,164.51
16406,5490,10,1,364.78
16407,5490,136,3,254.21
16408,5490,111,2,781.01
16409,5491,101,4,720.77
16410,5492,140,1,80.4
16411,5492,52,2,457.95
16412,5492,39,1,467.56
16413,5492,80,3,752.51
16414,5493,11,1,117.66
16415,5494,123,2,717.17
16416,5494,106,2,256.39
16417,5494,16,3,170.96
16418,5494,38,3,272.91
16419,5495,125,4,60.95
16420,5496,111,4,781.01
16421,5496,58,3,558.64
16422,5496,57,2,268.77
16423,5497,1,4,229.43
16424,5498,7,1,797.36
16425,5498,53,3,176.09
16426,5499,46,3,566.86
16427,5499,104,2,556.7
16428,5499,150,4,484.06
16429,5500,28,1,487.27
16430,5501,54,2,119.66
16431,5501,85,4,446.02
16432,5501,147,4,630.5
16433,5502,118,3,361.9
16434,5502,31,2,682.52
16435,5502,112,3,306.6
16436,5502,19,2,582.15
16437,5502,27,2,470.69
16438,5503,24,3,767.98
16439,5504,5,2,459.8
16440,5504,57,1,268.77
16441,5504,118,4,361.9
16442,5504,18,3,315.84
16443,5505,144,4,507.04
16444,5505,7,1,797.36
16445,5506,132,1,660.44
16446,5506,92,4,416.84
16447,5506,69,3,678.97
16448,5506,65,4,748.34
16449,5506,39,3,467.56
16450,5507,14,1,754.03
16451,5508,58,4,558.64
16452,5508,26,4,266.42
16453,5509,24,3,767.98
16454,5509,148,2,777.04
16455,5509,3,2,302.94
16456,5509,35,1,593.85
16457,5509,92,2,416.84
16458,5510,23,4,701.6
16459,5511,67,3,755.48
16460,5511,126,3,101.97
16461,5511,148,2,777.04
16462,5511,17,2,658.83
16463,5512,11,4,117.66
16464,5512,30,4,466.19
16465,5512,118,3,361.9
16466,5512,98,3,569.99
16467,5512,68,1,636.26
16468,5513,34,2,369.27
16469,5513,60,3,602.69
16470,5514,103,4,163.53
16471,5515,28,4,487.27
16472,5516,23,4,701.6
16473,5517,133,2,53.99
16474,5518,84,1,431.32
16475,5518,109,2,382.69
16476,5518,94,3,610.92
16477,5518,62,2,302.99
16478,5518,8,4,611.79
16479,5519,110,4,335.07
16480,5519,73,3,757.68
16481,5519,92,4,416.84
16482,5519,12,4,452.49
16483,5520,21,2,658.67
16484,5521,118,3,361.9
16485,5521,87,3,353.29
16486,5521,124,2,127.43
16487,5521,54,1,119.66
16488,5522,62,2,302.99
16489,5523,71,3,326.37
16490,5523,84,3,397.6
16491,5524,56,1,783.92
16492,5524,22,3,759.83
16493,5525,43,1,25.96
16494,5525,30,3,466.19
16495,5525,39,2,467.56
16496,5526,101,4,720.77
16497,5526,39,2,467.56
16498,5526,149,4,254.2
16499,5526,150,2,484.06
16500,5527,84,1,431.32
16501,5527,126,3,101.97
16502,5527,117,3,723.89
16503,5527,137,1,704.57
16504,5527,72,2,248.19
16505,5528,124,1,127.43
16506,5528,9,4,185.56
16507,5529,110,4,335.07
16508,5529,48,1,107.37
16509,5529,124,4,127.43
16510,5529,145,2,229.11
16511,5530,107,4,22.07
16512,5530,119,3,443.26
16513,5530,126,4,101.97
16514,5530,12,1,452.49
16515,5531,45,3,157.83
16516,5531,78,1,789.72
16517,5531,28,1,487.27
16518,5532,24,4,767.98
16519,5533,107,4,22.07
16520,5533,91,2,425.2
16521,5534,69,4,678.97
16522,5535,72,2,248.19
16523,5535,17,2,658.83
16524,5535,20,3,511.22
16525,5535,60,2,602.69
16526,5536,88,3,581.3
16527,5536,66,2,484.78
16528,5536,92,4,416.84
16529,5536,55,1,472.02
16530,5537,97,1,799.31
16531,5537,140,2,80.4
16532,5537,54,1,119.66
16533,5538,76,1,571.36
16534,5538,25,2,50.04
16535,5539,52,3,457.95
16536,5539,74,3,429.76
16537,5539,108,1,596.14
16538,5539,141,2,664.67
16539,5539,22,2,759.83
16540,5540,47,3,434.59
16541,5540,48,2,107.37
16542,5540,70,1,318.37
16543,5540,71,3,326.37
16544,5540,33,2,680.29
16545,5541,63,4,82.09
16546,5542,71,2,326.37
16547,5542,121,4,643.49
16548,5542,117,3,723.89
16549,5543,58,1,558.64
16550,5543,4,4,636.38
16551,5544,80,1,752.51
16552,5544,76,2,571.36
16553,5544,108,3,596.14
16554,5544,8,1,611.79
16555,5545,14,4,754.03
16556,5545,45,4,157.83
16557,5545,117,4,723.89
16558,5545,59,3,402.24
16559,5545,105,4,462.17
16560,5546,100,3,110.82
16561,5547,18,2,315.84
16562,5547,56,1,783.92
16563,5547,132,3,660.44
16564,5547,136,4,254.21
16565,5547,92,3,416.84
16566,5548,35,4,593.85
16567,5548,1,1,229.43
16568,5548,13,4,302.7
16569,5549,10,3,364.78
16570,5549,98,3,569.99
16571,5549,119,2,443.26
16572,5550,19,1,582.15
16573,5550,50,2,370.89
16574,5551,12,2,452.49
16575,5551,124,4,127.43
16576,5551,53,3,176.09
16577,5551,11,1,117.66
16578,5552,126,2,101.97
16579,5553,131,2,318.76
16580,5553,143,1,488.21
16581,5554,103,4,163.53
16582,5554,90,1,503.63
16583,5554,68,4,636.26
16584,5554,50,3,370.89
16585,5554,25,1,50.04
16586,5555,14,2,754.03
16587,5555,30,4,466.19
16588,5555,41,3,574.12
16589,5556,99,1,707.47
16590,5556,108,1,596.14
16591,5557,109,2,382.69
16592,5557,114,1,709.75
16593,5558,117,2,723.89
16594,5559,85,2,446.02
16595,5559,82,2,558.31
16596,5559,109,3,382.69
16597,5559,39,2,467.56
16598,5560,80,2,752.51
16599,5560,19,2,582.15
16600,5560,60,4,602.69
16601,5561,44,1,14.87
16602,5561,19,2,582.15
16603,5561,140,4,80.4
16604,5561,40,1,496.68
16605,5562,57,3,268.77
16606,5562,115,4,769.44
16607,5563,18,3,315.84
16608,5563,81,3,226.08
16609,5563,57,3,268.77
16610,5563,131,1,318.76
16611,5563,44,3,14.87
16612,5564,117,1,723.89
16613,5564,74,2,429.76
16614,5564,130,4,778.31
16615,5565,54,3,119.66
16616,5565,78,4,789.72
16617,5565,74,3,429.76
16618,5566,141,3,664.67
16619,5566,125,4,60.95
16620,5567,19,2,582.15
16621,5567,64,2,123.33
16622,5567,76,4,571.36
16623,5567,9,2,185.56
16624,5568,97,3,799.31
16625,5568,39,2,467.56
16626,5568,10,4,364.78
16627,5568,41,3,574.12
16628,5568,38,2,272.91
16629,5569,13,3,302.7
16630,5569,83,2,57.87
16631,5570,50,2,370.89
16632,5571,17,1,658.83
16633,5571,37,2,253.77
16634,5571,16,3,170.96
16635,5571,3,4,302.94
16636,5571,150,4,484.06
16637,5572,109,3,382.69
16638,5572,54,4,119.66
16639,5572,127,4,349.21
16640,5572,121,2,643.49
16641,5572,33,3,500.66
16642,5573,145,2,229.11
16643,5573,83,2,57.87
16644,5573,25,3,50.04
16645,5573,88,3,581.3
16646,5574,71,2,326.37
16647,5574,47,3,434.59
16648,5574,134,4,14.54
16649,5574,118,2,361.9
16650,5574,121,1,643.49
16651,5575,94,3,610.92
16652,5575,9,2,185.56
16653,5575,124,1,127.43
16654,5575,114,2,709.75
16655,5575,49,2,186.12
16656,5576,53,1,176.09
16657,5576,116,2,499.37
16658,5576,50,3,370.89
16659,5577,72,4,248.19
16660,5577,131,2,318.76
16661,5577,138,4,126.38
16662,5577,79,2,499.3
16663,5578,125,1,60.95
16664,5578,17,3,658.83
16665,5578,7,1,797.36
16666,5578,123,2,717.17
16667,5579,27,3,299.01
16668,5579,34,4,369.27
16669,5579,2,2,536.34
16670,5579,138,3,126.38
16671,5580,128,3,383.45
16672,5580,79,1,499.3
16673,5580,129,1,356.8
16674,5580,82,4,558.31
16675,5581,114,3,709.75
16676,5581,104,1,556.7
16677,5581,93,2,-549.02
16678,5581,67,4,755.48
16679,5582,134,3,14.54
16680,5582,86,2,35.23
16681,5582,79,3,499.3
16682,5583,4,4,636.38
16683,5583,101,4,720.77
16684,5584,88,2,581.3
16685,5585,83,2,57.87
16686,5586,47,2,434.59
16687,5586,105,4,449.84
16688,5586,50,2,370.89
16689,5586,38,1,283.99
16690,5586,142,4,758.12
16691,5587,81,1,226.08
16692,5587,41,2,574.12
16693,5587,29,3,474.32
16694,5587,33,3,680.29
16695,5587,46,4,566.86
16696,5588,34,1,369.27
16697,5588,70,3,318.37
16698,5589,72,4,248.19
16699,5589,4,1,636.38
16700,5589,78,4,789.72
16701,5590,81,3,226.08
16702,5590,114,4,709.75
16703,5590,67,2,755.48
16704,5590,25,1,50.04
16705,5590,41,1,574.12
16706,5591,121,2,643.49
16707,5591,39,4,467.56
16708,5591,118,3,361.9
16709,5591,43,4,25.96
16710,5592,19,1,582.15
16711,5593,132,2,660.44
16712,5593,57,1,257.88
16713,5593,1,4,185.77
16714,5594,126,2,101.97
16715,5594,70,2,318.37
16716,5594,111,3,781.01
16717,5594,31,2,682.52
16718,5594,148,1,777.04
16719,5595,10,1,364.78
16720,5595,24,4,767.98
16721,5595,84,3,431.32
16722,5595,135,3,457.51
16723,5596,22,4,759.83
16724,5596,60,1,602.69
16725,5596,3,4,302.94
16726,5596,102,2,378.83
16727,5597,100,3,110.82
16728,5597,138,4,126.38
16729,5597,112,1,306.6
16730,5597,87,3,353.29
16731,5598,77,1,0.0
16732,5598,22,4,759.83
16733,5598,13,3,302.7
16734,5599,49,2,186.12
16735,5600,91,2,425.2
16736,5600,56,2,795.87
16737,5600,54,4,119.66
16738,5600,126,3,101.97
16739,5601,46,3,566.86
16740,5601,16,1,170.96
16741,5601,146,1,19.08
16742,5602,139,4,322.53
16743,5603,139,4,322.53
16744,5603,138,3,126.38
16745,5603,110,1,335.07
16746,5604,100,2,110.82
16747,5604,149,4,254.2
16748,5604,115,2,769.44
16749,5605,21,1,658.67
16750,5605,139,4,322.53
16751,5605,146,4,19.08
16752,5605,68,1,636.26
16753,5606,101,4,720.77
16754,5606,126,3,101.97
16755,5606,96,2,385.9
16756,5607,71,4,326.37
16757,5607,121,3,643.49
16758,5607,49,4,186.12
16759,5607,39,2,467.56
16760,5608,65,4,748.34
16761,5609,54,1,119.66
16762,5609,132,1,660.44
16763,5610,115,2,769.44
16764,5611,92,1,416.84
16765,5611,48,3,107.37
16766,5611,12,2,452.49
16767,5611,114,4,709.75
16768,5611,132,1,660.44
16769,5612,6,1,498.94
16770,5612,118,1,361.9
16771,5613,55,1,472.02
16772,5613,42,4,458.23
16773,5614,137,3,704.57
16774,5614,130,1,778.31
16775,5614,67,3,755.48
16776,5615,3,1,302.94
16777,5615,146,4,19.08
16778,5615,34,4,369.27
16779,5616,14,3,754.03
16780,5616,48,1,107.37
16781,5616,122,4,444.14
16782,5616,68,4,636.26
16783,5616,100,4,110.82
16784,5617,61,4,0.0
16785,5617,121,1,643.49
16786,5617,108,1,596.14
16787,5617,98,3,569.99
16788,5618,33,3,680.29
16789,5618,110,4,335.07
16790,5618,73,4,757.68
16791,5619,78,2,789.72
16792,5619,22,4,759.83
16793,5619,79,3,499.3
16794,5619,17,3,658.83
16795,5620,142,1,758.12
16796,5620,147,1,630.5
16797,5620,80,4,752.51
16798,5620,48,2,107.37
16799,5621,64,3,123.33
16800,5621,31,2,682.52
16801,5621,130,1,778.31
16802,5621,37,3,253.77
16803,5622,96,4,351.69
16804,5622,43,4,25.96
16805,5622,9,2,185.56
16806,5623,15,1,715.52
16807,5623,26,2,176.3
16808,5623,56,2,783.92
16809,5624,112,3,306.6
16810,5624,84,3,431.32
16811,5624,123,1,717.17
16812,5625,127,2,349.21
16813,5625,83,2,57.87
16814,5625,132,3,660.44
16815,5625,118,4,361.9
16816,5626,94,2,610.92
16817,5626,64,3,123.33
16818,5626,118,2,361.9
16819,5627,142,2,758.12
16820,5627,25,1,50.04
16821,5627,76,2,571.36
16822,5627,97,3,738.97
16823,5628,117,4,723.89
16824,5628,127,1,349.21
16825,5629,149,1,254.2
16826,5629,27,3,470.69
16827,5630,101,4,720.77
16828,5630,80,2,752.51
16829,5630,47,3,434.59
16830,5630,114,2,709.75
16831,5631,57,3,268.77
16832,5632,103,2,163.53
16833,5632,65,3,748.34
16834,5632,37,4,253.77
16835,5632,89,4,164.51
16836,5632,131,4,318.76
16837,5633,77,4,0.0
16838,5634,77,3,0.0
16839,5634,25,1,50.04
16840,5634,47,2,434.59
16841,5635,13,3,302.7
16842,5635,111,3,781.01
16843,5635,87,3,353.29
16844,5635,2,1,536.34
16845,5636,92,1,416.84
16846,5636,66,3,484.78
16847,5636,34,1,369.27
16848,5637,133,1,53.99
16849,5637,87,3,237.86
16850,5637,38,1,272.91
16851,5637,52,3,457.95
16852,5638,82,3,558.31
16853,5638,130,2,778.31
16854,5638,132,2,660.44
16855,5638,104,4,556.7
16856,5639,45,4,157.83
16857,5640,54,1,119.66
16858,5640,24,2,767.98
16859,5640,55,4,472.02
16860,5640,89,2,164.51
16861,5641,104,2,556.7
16862,5641,68,1,636.26
16863,5641,121,1,643.49
16864,5641,123,3,717.17
16865,5642,28,2,487.27
16866,5642,140,4,80.4
16867,5642,100,1,110.82
16868,5642,35,4,593.85
16869,5642,77,3,0.0
16870,5643,72,2,248.19
16871,5643,66,4,484.78
16872,5644,97,4,799.31
16873,5644,119,1,443.26
16874,5644,99,1,707.47
16875,5644,16,1,170.96
16876,5644,144,4,507.04
16877,5645,143,4,488.21
16878,5645,44,3,14.87
16879,5645,136,2,254.21
16880,5645,108,2,596.14
16881,5645,42,1,458.23
16882,5646,40,1,496.68
16883,5646,133,3,53.99
16884,5646,24,2,767.98
16885,5647,124,3,127.43
16886,5648,105,3,462.17
16887,5648,128,2,383.45
16888,5649,3,3,302.94
16889,5650,145,4,229.11
16890,5650,138,3,126.38
16891,5650,44,4,14.87
16892,5650,142,2,758.12
16893,5650,143,1,488.21
16894,5651,11,4,117.66
16895,5652,103,4,163.53
16896,5653,70,3,318.37
16897,5653,133,4,53.99
16898,5653,128,2,383.45
16899,5654,133,3,47.05
16900,5654,7,4,809.85
16901,5654,134,3,14.54
16902,5654,68,2,636.26
16903,5654,138,2,126.38
16904,5655,51,1,521.96
16905,5655,32,1,176.75
16906,5655,73,4,757.68
16907,5656,146,2,19.08
16908,5656,57,2,268.77
16909,5657,34,1,369.27
16910,5657,115,2,769.44
16911,5657,104,3,556.7
16912,5657,148,1,777.04
16913,5658,41,2,574.12
16914,5659,149,1,254.2
16915,5659,43,3,25.96
16916,5659,12,3,452.49
16917,5660,110,3,335.07
16918,5660,48,3,107.37
16919,5660,141,3,664.67
16920,5660,139,2,322.53
16921,5660,83,4,57.87
16922,5661,99,1,707.47
16923,5661,142,2,758.12
16924,5661,103,3,163.53
16925,5662,82,4,558.31
16926,5662,98,3,569.99
16927,5663,128,2,383.45
16928,5664,77,1,0.0
16929,5665,71,4,297.7
16930,5665,65,3,748.34
16931,5665,124,4,127.43
16932,5665,49,3,186.12
16933,5666,122,1,444.14
16934,5667,120,1,163.71
16935,5667,123,1,717.17
16936,5667,36,1,495.03
16937,5667,98,1,569.99
16938,5668,138,3,126.38
16939,5668,124,2,127.43
16940,5668,9,2,185.56
16941,5668,39,3,467.56
16942,5668,1,4,229.43
16943,5669,85,4,446.02
16944,5669,66,1,484.78
16945,5669,27,2,470.69
16946,5669,63,2,82.09
16947,5669,133,1,53.99
16948,5670,140,3,80.4
16949,5670,1,2,229.43
16950,5670,14,4,754.03
16951,5671,106,3,256.39
16952,5672,84,3,431.32
16953,5673,40,1,496.68
16954,5673,128,3,383.45
16955,5673,143,2,488.21
16956,5673,132,1,660.44
16957,5673,30,1,466.19
16958,5674,56,3,783.92
16959,5674,27,1,470.69
16960,5674,8,3,611.79
16961,5674,13,2,302.7
16962,5675,148,2,777.04
16963,5676,107,4,22.07
16964,5676,121,4,643.49
16965,5677,40,3,496.68
16966,5677,71,4,326.37
16967,5677,80,1,752.51
16968,5677,1,2,229.43
16969,5678,54,1,119.66
16970,5678,144,1,507.04
16971,5678,4,4,636.38
16972,5679,26,2,266.42
16973,5679,14,2,754.03
16974,5679,92,1,416.84
16975,5679,8,3,611.79
16976,5680,139,2,322.53
16977,5680,89,4,164.51
16978,5680,41,4,574.12
16979,5680,86,1,35.23
16980,5681,8,1,611.79
16981,5681,68,2,636.26
16982,5681,31,2,682.52
16983,5682,95,2,550.05
16984,5682,12,1,452.49
16985,5683,76,3,571.36
16986,5683,117,2,723.89
16987,5683,146,3,19.08
16988,5684,8,1,611.79
16989,5684,32,1,176.75
16990,5684,42,3,458.23
16991,5684,85,3,446.02
16992,5684,144,3,507.04
16993,5685,147,2,630.5
16994,5685,50,4,370.89
16995,5685,69,2,678.97
16996,5686,148,4,777.04
16997,5687,140,1,80.4
16998,5687,149,1,254.2
16999,5687,64,1,123.33
17000,5688,85,4,446.02
17001,5688,120,2,163.71
17002,5688,134,1,14.54
17003,5688,64,3,123.33
17004,5688,32,4,176.75
17005,5689,64,2,123.33
17006,5689,112,3,306.6
17007,5690,3,4,302.94
17008,5690,7,4,797.36
17009,5691,86,2,35.23
17010,5691,88,4,581.3
17011,5691,20,4,511.22
17012,5692,19,3,582.15
17013,5692,135,4,457.51
17014,5692,9,4,185.56
17015,5692,136,2,254.21
17016,5693,59,4,402.24
17017,5693,114,4,709.75
17018,5694,30,4,466.19
17019,5694,103,3,163.53
17020,5694,94,4,610.92
17021,5695,50,4,370.89
17022,5695,142,4,758.12
17023,5695,127,4,349.21
17024,5696,49,2,186.12
17025,5696,55,3,472.02
17026,5697,101,1,720.77
17027,5698,106,1,256.39
17028,5698,73,2,757.68
17029,5698,120,2,163.71
17030,5698,35,1,593.85
17031,5698,12,4,452.49
17032,5699,68,3,636.26
17033,5699,76,3,571.36
17034,5699,81,2,226.08
17035,5699,98,4,569.99
17036,5699,146,4,19.08
17037,5700,31,2,682.52
17038,5700,132,3,660.44
17039,5700,27,1,470.69
17040,5700,93,4,-549.02
17041,5701,58,3,558.64
17042,5701,54,4,119.66
17043,5701,112,2,306.6
17044,5702,125,1,60.95
17045,5702,102,2,378.83
17046,5703,65,3,748.34
17047,5703,72,3,248.19
17048,5703,53,4,176.09
17049,5703,9,4,185.56
17050,5704,45,4,157.83
17051,5704,78,3,789.72
17052,5704,38,2,272.91
17053,5705,46,4,566.86
17054,5705,145,3,229.11
17055,5705,36,2,495.03
17056,5705,124,3,127.43
17057,5706,120,2,163.71
17058,5706,87,3,353.29
17059,5706,54,2,119.66
17060,5706,40,4,496.68
17061,5706,79,4,499.3
17062,5707,94,4,610.92
17063,5708,58,4,558.64
17064,5708,35,3,593.85
17065,5708,131,1,318.76
17066,5708,130,2,778.31
17067,5709,75,1,421.56
17068,5709,74,3,429.76
17069,5710,82,1,558.31
17070,5710,141,3,664.67
17071,5710,26,4,266.42
17072,5711,45,4,157.83
17073,5711,57,3,268.77
17074,5711,144,1,507.04
17075,5711,81,2,226.08
17076,5712,102,4,378.83
17077,5713,25,4,50.04
17078,5713,4,3,636.38
17079,5713,16,1,170.96
17080,5714,145,4,229.11
17081,5714,56,4,783.92
17082,5714,92,3,416.84
17083,5714,107,3,22.07
17084,5714,32,2,176.75
17085,5715,3,4,302.94
17086,5715,43,2,25.96
17087,5715,41,3,574.12
17088,5715,106,4,351.35
17089,5716,108,3,782.89
17090,5716,14,4,754.03
17091,5716,25,1,50.04
17092,5716,127,4,349.21
17093,5716,119,3,443.26
17094,5717,44,3,13.64
17095,5717,98,3,569.99
17096,5718,38,1,272.91
17097,5718,36,4,495.03
17098,5718,43,4,25.96
17099,5718,45,3,157.83
17100,5718,109,2,382.69
17101,5719,63,3,82.09
17102,5719,123,2,717.17
17103,5720,48,1,107.37
17104,5720,110,4,335.07
17105,5720,87,4,353.29
17106,5721,27,3,470.69
17107,5721,28,3,487.27
17108,5721,146,1,19.08
17109,5722,31,4,682.52
17110,5722,97,1,799.31
17111,5722,111,1,781.01
17112,5723,131,4,318.76
17113,5723,89,4,164.51
17114,5724,107,4,22.07
17115,5725,99,1,707.47
17116,5725,24,4,767.98
17117,5725,81,3,226.08
17118,5725,97,2,799.31
17119,5726,67,1,755.48
17120,5726,134,3,14.54
17121,5726,6,1,498.94
17122,5727,98,3,569.99
17123,5727,69,2,678.97
17124,5727,6,2,498.94
17125,5727,67,4,755.48
17126,5727,16,3,170.96
17127,5728,129,4,356.8
17128,5729,149,4,254.2
17129,5729,116,4,499.37
17130,5729,28,1,487.27
17131,5729,145,1,229.11
17132,5729,7,2,797.36
17133,5730,130,4,778.31
17134,5731,13,3,302.7
17135,5732,67,1,755.48
17136,5732,100,1,110.82
17137,5733,65,2,748.34
17138,5733,30,3,466.19
17139,5733,25,4,50.04
17140,5733,50,1,370.89
17141,5734,121,2,643.49
17142,5734,83,1,57.87
17143,5735,42,3,458.23
17144,5736,75,4,421.56
17145,5736,93,1,-549.02
17146,5736,97,1,799.31
17147,5737,98,2,569.99
17148,5738,66,1,484.78
17149,5738,51,1,521.96
17150,5738,43,1,25.96
17151,5738,121,3,643.49
17152,5739,76,3,571.36
17153,5739,79,3,499.3
17154,5739,145,4,229.11
17155,5739,143,4,488.21
17156,5740,43,4,25.96
17157,5740,11,3,117.66
17158,5741,62,1,302.99
17159,5741,81,4,226.08
17160,5741,93,4,-549.02
17161,5741,148,2,777.04
17162,5742,125,2,60.95
17163,5743,66,3,484.78
17164,5743,50,1,370.89
17165,5743,107,1,22.07
17166,5744,100,4,110.82
17167,5744,22,3,759.83
17168,5745,2,1,492.87
17169,5746,48,3,107.37
17170,5746,87,4,353.29
17171,5747,88,3,581.3
17172,5747,80,2,752.51
17173,5747,126,2,101.97
17174,5747,45,2,157.83
17175,5747,102,2,378.83
17176,5748,71,2,326.37
17177,5748,134,2,14.54
17178,5749,147,2,630.5
17179,5749,55,2,472.02
17180,5749,63,4,82.09
17181,5750,1,1,229.43
17182,5750,149,3,254.2
17183,5750,113,1,149.56
17184,5750,19,4,582.15
17185,5750,62,4,302.99
17186,5751,150,1,484.06
17187,5751,103,2,163.53
17188,5751,106,1,256.39
17189,5751,67,3,755.48
17190,5752,132,4,660.44
17191,5752,140,1,80.4
17192,5753,99,3,707.47
17193,5753,92,1,416.84
17194,5753,5,3,459.8
17195,5753,133,3,53.99
17196,5754,121,2,643.49
17197,5754,140,4,80.4
17198,5754,39,3,467.56
17199,5754,100,2,110.82
17200,5755,63,1,82.09
17201,5756,69,1,678.97
17202,5756,79,2,499.3
17203,5756,76,3,571.36
17204,5756,73,1,757.68
17205,5757,92,4,416.84
17206,5758,13,2,302.7
17207,5758,66,2,484.78
17208,5758,62,1,302.99
17209,5758,122,4,444.14
17210,5759,114,3,709.75
17211,5759,90,4,503.63
17212,5759,146,4,19.08
17213,5759,37,3,253.77
17214,5760,102,4,378.83
17215,5761,116,1,499.37
17216,5761,109,2,382.69
17217,5761,113,4,149.56
17218,5761,122,4,444.14
17219,5761,111,2,781.01
17220,5762,99,1,707.47
17221,5762,96,3,385.9
17222,5762,150,1,484.06
17223,5762,135,3,457.51
17224,5762,125,4,60.95
17225,5763,99,3,707.47
17226,5763,93,3,-549.02
17227,5763,27,3,470.69
17228,5763,85,4,446.02
17229,5763,144,1,507.04
17230,5764,146,3,19.08
17231,5765,92,1,416.84
17232,5765,7,1,797.36
17233,5766,117,2,723.89
17234,5766,59,4,402.24
17235,5766,92,1,416.84
17236,5766,22,4,759.83
17237,5767,145,2,229.11
17238,5767,98,2,569.99
17239,5768,117,4,723.89
17240,5768,128,1,383.45
17241,5768,42,2,458.23
17242,5768,64,3,123.33
17243,5768,43,4,25.96
17244,5769,95,3,550.05
17245,5769,147,4,630.5
17246,5769,108,2,596.14
17247,5769,13,2,302.7
17248,5769,138,3,126.38
17249,5770,114,2,709.75
17250,5771,109,2,382.69
17251,5771,144,1,507.04
17252,5771,71,1,326.37
17253,5771,119,1,443.26
17254,5771,15,3,715.52
17255,5772,43,1,25.96
17256,5772,133,2,53.99
17257,5772,123,1,717.17
17258,5772,100,3,110.82
17259,5773,42,4,458.23
17260,5773,104,4,556.7
17261,5773,10,4,364.78
17262,5773,45,2,157.83
17263,5773,100,4,110.82
17264,5774,145,2,229.11
17265,5774,1,3,229.43
17266,5774,43,2,25.96
17267,5774,2,3,536.34
17268,5774,30,3,466.19
17269,5775,9,2,116.05
17270,5775,85,1,608.64
17271,5775,84,3,431.32
17272,5776,40,2,496.68
17273,5776,99,3,707.47
17274,5777,76,1,571.36
17275,5778,117,4,723.89
17276,5778,95,2,550.05
17277,5778,103,4,163.53
17278,5779,113,3,149.56
17279,5779,146,3,19.08
17280,5779,67,3,755.48
17281,5779,51,4,521.96
17282,5779,56,3,783.92
17283,5780,10,4,364.78
17284,5780,23,4,701.6
17285,5780,3,1,302.94
17286,5780,68,2,636.26
17287,5780,111,2,781.01
17288,5781,144,2,507.04
17289,5781,133,3,53.99
17290,5781,19,3,582.15
17291,5781,82,3,558.31
17292,5781,2,3,536.34
17293,5782,18,2,315.84
17294,5782,126,1,101.97
17295,5782,103,2,163.53
17296,5783,6,3,498.94
17297,5783,21,4,658.67
17298,5783,57,2,268.77
17299,5784,128,2,383.45
17300,5784,114,3,709.75
17301,5784,149,1,254.2
17302,5784,86,1,35.23
17303,5784,13,3,302.7
17304,5785,138,2,126.38
17305,5785,44,1,14.87
17306,5785,62,3,302.99
17307,5785,133,1,53.99
17308,5785,63,4,82.09
17309,5786,98,4,569.99
17310,5786,112,2,306.6
17311,5786,33,1,680.29
17312,5786,137,4,704.57
17313,5786,7,4,797.36
17314,5787,46,3,566.86
17315,5787,55,3,472.02
17316,5787,121,1,643.49
17317,5787,61,1,0.0
17318,5788,48,1,107.37
17319,5788,33,3,680.29
17320,5788,118,3,361.9
17321,5788,21,1,658.67
17322,5788,16,2,170.96
17323,5789,63,2,82.09
17324,5789,16,4,170.96
17325,5789,56,1,783.92
17326,5790,35,1,593.85
17327,5791,130,1,778.31
17328,5791,64,1,123.33
17329,5791,139,3,322.53
17330,5791,53,3,176.09
17331,5792,52,3,457.95
17332,5792,48,2,107.37
17333,5792,97,4,799.31
17334,5793,48,2,107.37
17335,5794,21,2,658.67
17336,5795,140,4,80.4
17337,5795,102,2,378.83
17338,5795,48,3,107.37
17339,5796,62,2,302.99
17340,5796,144,4,507.04
17341,5796,43,4,25.96
17342,5796,14,4,754.03
17343,5796,85,1,446.02
17344,5797,43,3,25.96
17345,5797,25,3,50.04
17346,5797,58,4,558.64
17347,5798,75,3,421.56
17348,5798,17,2,658.83
17349,5798,98,2,569.99
17350,5798,15,3,715.52
17351,5799,39,1,467.56
17352,5799,76,2,571.36
17353,5800,125,2,60.95
17354,5801,1,4,229.43
17355,5801,59,2,402.24
17356,5801,60,4,602.69
17357,5801,14,4,754.03
17358,5802,8,4,611.79
17359,5802,143,2,488.21
17360,5803,42,3,458.23
17361,5803,95,1,550.05
17362,5803,125,2,60.95
17363,5803,144,1,577.37
17364,5804,6,3,498.94
17365,5804,15,2,715.52
17366,5804,30,2,466.19
17367,5804,76,1,571.36
17368,5804,39,4,467.56
17369,5805,65,4,748.34
17370,5806,43,1,25.96
17371,5806,13,2,302.7
17372,5806,81,4,226.08
17373,5806,3,1,302.94
17374,5807,45,2,157.83
17375,5807,47,1,434.59
17376,5807,20,2,511.22
17377,5807,26,3,266.42
17378,5807,82,1,558.31
17379,5808,68,3,636.26
17380,5808,72,4,248.19
17381,5808,35,1,593.85
17382,5808,85,1,446.02
17383,5808,132,1,660.44
17384,5809,98,3,569.99
17385,5809,45,3,157.83
17386,5809,53,2,176.09
17387,5809,141,4,664.67
17388,5810,43,2,25.96
17389,5810,23,1,701.6
17390,5810,114,2,709.75
17391,5810,74,1,429.76
17392,5810,90,1,503.63
17393,5811,46,1,566.86
17394,5811,106,1,256.39
17395,5811,6,2,498.94
17396,5812,64,2,123.33
17397,5812,106,4,256.39
17398,5812,150,3,484.06
17399,5812,62,2,302.99
17400,5812,148,2,777.04
17401,5813,38,2,272.91
17402,5813,123,2,717.17
17403,5813,23,4,701.6
17404,5813,111,4,781.01
17405,5814,103,1,163.53
17406,5814,32,4,176.75
17407,5814,122,1,444.14
17408,5815,51,1,521.96
17409,5815,94,1,610.92
17410,5815,99,4,707.47
17411,5815,14,4,754.03
17412,5816,131,4,318.76
17413,5816,101,1,720.77
17414,5816,109,3,382.69
17415,5817,46,3,566.86
17416,5817,67,3,755.48
17417,5818,139,3,322.53
17418,5818,24,3,767.98
17419,5818,64,1,123.33
17420,5818,87,1,353.29
17421,5818,35,4,593.85
17422,5819,106,3,256.39
17423,5820,70,3,318.37
17424,5821,59,2,402.24
17425,5821,78,1,789.72
17426,5822,126,3,101.97
17427,5822,86,2,35.23
17428,5823,95,2,550.05
17429,5823,26,4,266.42
17430,5823,25,3,50.04
17431,5823,43,2,25.96
17432,5824,68,1,636.26
17433,5824,63,3,82.09
17434,5824,140,4,80.4
17435,5825,97,4,799.31
17436,5825,61,2,0.0
17437,5825,5,3,459.8
17438,5825,76,3,493.59
17439,5825,116,4,499.37
17440,5826,14,2,754.03
17441,5827,91,4,425.2
17442,5827,42,1,458.23
17443,5827,140,3,80.4
17444,5827,149,1,254.2
17445,5828,38,4,272.91
17446,5828,91,4,425.2
17447,5828,73,2,757.68
17448,5829,45,3,157.83
17449,5829,60,2,602.69
17450,5829,76,1,571.36
17451,5829,51,4,521.96
17452,5829,139,2,322.53
17453,5830,63,4,82.09
17454,5830,97,2,799.31
17455,5831,87,3,353.29
17456,5832,13,2,302.7
17457,5832,45,3,157.83
17458,5832,52,1,457.95
17459,5832,49,4,186.12
17460,5833,136,2,254.21
17461,5833,12,2,452.49
17462,5833,128,4,383.45
17463,5833,91,3,573.77
17464,5834,129,3,356.8
17465,5834,3,1,302.94
17466,5834,58,2,558.64
17467,5834,74,3,429.76
17468,5834,149,4,254.2
17469,5835,92,1,416.84
17470,5835,144,3,507.04
17471,5835,31,3,682.52
17472,5836,66,2,484.78
17473,5836,117,4,723.89
17474,5836,142,2,758.12
17475,5836,79,4,499.3
17476,5836,149,4,254.2
17477,5837,16,4,208.87
17478,5837,41,3,574.12
17479,5838,28,4,487.27
17480,5838,27,2,470.69
17481,5838,103,1,163.53
17482,5839,8,3,611.79
17483,5839,38,3,272.91
17484,5840,63,1,82.09
17485,5840,5,1,459.8
17486,5840,9,4,185.56
17487,5841,69,3,678.97
17488,5841,34,1,369.27
17489,5841,145,1,229.11
17490,5841,22,3,759.83
17491,5841,122,1,444.14
17492,5842,123,2,717.17
17493,5842,127,1,349.21
17494,5843,93,4,-580.89
17495,5843,73,3,757.68
17496,5843,51,3,521.96
17497,5844,93,1,-549.02
17498,5844,3,2,302.94
17499,5844,2,3,536.34
17500,5844,101,4,720.77
17501,5844,1,4,172.81
17502,5845,115,3,769.44
17503,5845,136,3,254.21
17504,5845,39,1,467.56
17505,5845,74,3,429.76
17506,5846,105,1,462.17
17507,5846,36,3,495.03
17508,5846,103,3,163.53
17509,5847,88,3,604.45
17510,5847,64,2,123.33
17511,5847,49,1,186.12
17512,5847,16,3,170.96
17513,5847,13,2,302.7
17514,5848,124,4,127.43
17515,5848,35,3,593.85
17516,5848,135,4,457.51
17517,5848,24,1,767.98
17518,5848,39,2,467.56
17519,5849,31,2,682.52
17520,5849,47,3,434.59
17521,5849,111,3,781.01
17522,5849,23,3,701.6
17523,5849,13,2,302.7
17524,5850,29,4,474.32
17525,5850,67,3,755.48
17526,5850,30,3,466.19
17527,5850,79,1,499.3
17528,5851,62,3,302.99
17529,5852,85,1,446.02
17530,5853,126,3,101.97
17531,5853,149,4,254.2
17532,5853,111,2,781.01
17533,5853,81,2,226.08
17534,5853,83,1,57.87
17535,5854,24,4,767.98
17536,5854,145,4,229.11
17537,5854,129,2,356.8
17538,5854,11,2,117.66
17539,5855,133,1,53.99
17540,5855,76,3,571.36
17541,5855,78,4,789.72
17542,5856,116,1,499.37
17543,5856,69,2,678.97
17544,5856,98,2,569.99
17545,5856,65,4,748.34
17546,5856,68,1,636.26
17547,5857,141,1,664.67
17548,5858,39,2,467.56
17549,5858,79,3,499.3
17550,5858,113,4,149.56
17551,5858,104,2,556.7
17552,5858,96,4,385.9
17553,5859,120,1,163.71
17554,5859,148,4,777.04
17555,5860,53,3,176.09
17556,5860,45,3,157.83
17557,5860,144,4,507.04
17558,5860,4,2,636.38
17559,5861,57,4,268.77
17560,5861,114,4,709.75
17561,5862,45,4,157.83
17562,5862,27,4,470.69
17563,5863,74,2,429.76
17564,5863,25,3,50.04
17565,5863,75,1,421.56
17566,5864,16,4,170.96
17567,5864,21,2,658.67
17568,5865,7,2,797.36
17569,5865,115,3,769.44
17570,5866,84,2,431.32
17571,5866,46,1,566.86
17572,5867,62,3,302.99
17573,5867,143,1,488.21
17574,5868,73,2,757.68
17575,5868,111,2,781.01
17576,5868,116,4,499.37
17577,5869,147,1,630.5
17578,5869,137,1,704.57
17579,5869,79,1,499.3
17580,5869,75,1,421.56
17581,5870,52,1,457.95
17582,5870,101,3,720.77
17583,5870,30,2,466.19
17584,5870,141,1,664.67
17585,5871,93,3,-549.02
17586,5871,94,1,610.92
17587,5871,36,2,495.03
17588,5871,106,3,256.39
17589,5871,44,4,14.87
17590,5872,127,3,349.21
17591,5872,91,2,425.2
17592,5872,82,3,558.31
17593,5873,100,2,110.82
17594,5873,74,2,429.76
17595,5873,17,2,658.83
17596,5873,21,2,658.67
17597,5874,5,3,459.8
17598,5875,148,1,777.04
17599,5876,58,3,558.64
17600,5876,106,4,256.39
17601,5876,70,2,318.37
17602,5876,36,2,495.03
17603,5877,106,1,256.39
17604,5877,140,2,80.4
17605,5878,150,3,484.06
17606,5878,130,1,687.11
17607,5878,61,2,0.0
17608,5879,22,2,759.83
17609,5879,89,1,164.51
17610,5879,34,4,369.27
17611,5879,62,1,302.99
17612,5880,103,1,163.53
17613,5880,20,3,511.22
17614,5880,45,3,157.83
17615,5880,121,1,643.49
17616,5880,94,2,610.92
17617,5881,139,2,322.53
17618,5881,71,2,326.37
17619,5882,12,1,452.49
17620,5882,132,1,660.44
17621,5882,67,4,755.48
17622,5882,58,2,558.64
17623,5883,40,2,496.68
17624,5884,32,2,176.75
17625,5884,129,3,356.8
17626,5884,81,3,226.08
17627,5884,78,2,789.72
17628,5884,110,4,335.07
17629,5885,105,2,462.17
17630,5885,39,1,467.56
17631,5885,124,2,127.43
17632,5885,2,3,536.34
17633,5885,21,1,658.67
17634,5886,81,2,226.08
17635,5886,56,2,783.92
17636,5887,21,2,658.67
17637,5887,106,3,256.39
17638,5887,120,4,163.71
17639,5888,12,3,452.49
17640,5888,69,1,678.97
17641,5888,43,2,25.96
17642,5888,103,1,163.53
17643,5888,60,3,602.69
17644,5889,142,1,758.12
17645,5889,19,1,439.41
17646,5889,146,2,19.08
17647,5889,101,1,720.77
17648,5889,80,4,752.51
17649,5890,130,3,778.31
17650,5890,29,1,474.32
17651,5890,73,4,757.68
17652,5890,104,2,556.7
17653,5890,100,1,110.82
17654,5891,90,1,503.63
17655,5891,27,3,470.69
17656,5892,97,3,799.31
17657,5892,94,4,610.92
17658,5892,118,3,361.9
17659,5893,134,1,14.54
17660,5894,20,3,511.22
17661,5894,78,3,789.72
17662,5894,104,4,556.7
17663,5894,53,4,176.09
17664,5894,103,2,163.53
17665,5895,79,2,499.3
17666,5895,51,3,521.96
17667,5895,144,2,507.04
17668,5896,2,4,536.34
17669,5897,121,1,643.49
17670,5898,125,4,60.95
17671,5899,109,2,382.69
17672,5899,48,2,107.37
17673,5899,73,4,757.68
17674,5899,76,3,571.36
17675,5899,104,2,556.7
17676,5900,4,4,636.38
17677,5901,144,1,507.04
17678,5901,50,3,370.89
17679,5901,9,4,185.56
17680,5901,98,3,569.99
17681,5902,90,3,503.63
17682,5902,117,4,640.27
17683,5902,147,4,630.5
17684,5903,47,1,434.59
17685,5903,76,1,571.36
17686,5903,132,3,660.44
17687,5904,126,4,101.97
17688,5905,55,4,472.02
17689,5905,140,2,80.4
17690,5905,56,4,783.92
17691,5906,31,2,682.52
17692,5906,84,3,431.32
17693,5907,34,1,369.27
17694,5908,85,2,446.02
17695,5908,131,1,318.76
17696,5908,20,3,511.22
17697,5909,9,3,185.56
17698,5910,140,3,80.4
17699,5911,9,3,185.56
17700,5911,26,2,266.42
17701,5912,21,4,658.67
17702,5912,92,1,416.84
17703,5912,59,3,402.24
17704,5913,100,1,110.82
17705,5913,134,4,14.54
17706,5913,59,3,402.24
17707,5914,121,3,643.49
17708,5915,18,4,315.84
17709,5915,73,2,757.68
17710,5915,31,2,682.52
17711,5915,24,1,767.98
17712,5915,137,1,704.57
17713,5916,123,3,717.17
17714,5916,126,2,101.97
17715,5917,30,2,466.19
17716,5917,28,4,487.27
17717,5917,98,1,569.99
17718,5917,97,2,799.31
17719,5917,147,1,630.5
17720,5918,83,1,57.87
17721,5918,82,3,558.31
17722,5919,130,1,778.31
17723,5919,52,4,457.95
17724,5920,23,1,701.6
17725,5920,45,1,157.83
17726,5920,62,3,302.99
17727,5921,118,4,361.9
17728,5921,103,3,163.53
17729,5921,82,4,558.31
17730,5922,69,4,678.97
17731,5922,142,3,758.12
17732,5922,41,3,574.12
17733,5922,93,3,-549.02
17734,5922,5,4,459.8
17735,5923,117,1,723.89
17736,5924,124,2,127.43
17737,5924,72,1,248.19
17738,5924,117,4,723.89
17739,5924,16,4,170.96
17740,5924,63,3,82.09
17741,5925,51,3,521.96
17742,5925,106,3,256.39
17743,5925,53,1,176.09
17744,5925,25,4,50.04
17745,5926,2,2,691.45
17746,5926,43,3,25.96
17747,5927,145,2,229.11
17748,5927,107,4,22.07
17749,5927,117,1,723.89
17750,5928,123,3,717.17
17751,5928,106,1,256.39
17752,5928,133,3,53.99
17753,5929,78,2,789.72
17754,5930,70,4,268.19
17755,5930,49,2,186.12
17756,5931,138,1,126.38
17757,5931,123,4,717.17
17758,5931,14,4,754.03
17759,5931,142,4,758.12
17760,5931,149,4,254.2
17761,5932,45,4,157.83
17762,5932,149,2,188.3
17763,5932,44,4,14.87
17764,5933,148,1,777.04
17765,5934,130,2,778.31
17766,5934,120,3,163.71
17767,5935,35,1,593.85
17768,5935,138,3,126.38
17769,5936,63,1,82.09
17770,5936,2,3,536.34
17771,5936,56,3,783.92
17772,5936,119,2,443.26
17773,5936,6,3,498.94
17774,5937,79,1,358.77
17775,5938,60,2,602.69
17776,5938,10,1,364.78
17777,5938,88,2,581.3
17778,5938,54,3,119.66
17779,5939,112,2,306.6
17780,5939,83,1,57.87
17781,5940,69,4,678.97
17782,5940,48,3,107.37
17783,5940,94,2,610.92
17784,5940,139,1,322.53
17785,5940,70,4,318.37
17786,5941,15,3,715.52
17787,5941,19,3,582.15
17788,5941,122,3,444.14
17789,5941,112,4,306.6
17790,5941,49,3,186.12
17791,5942,126,1,101.97
17792,5942,116,1,499.37
17793,5942,11,4,117.66
17794,5942,41,4,574.12
17795,5942,136,1,254.21
17796,5943,37,3,253.77
17797,5944,124,3,127.43
17798,5945,15,1,715.52
17799,5945,21,3,658.67
17800,5946,111,3,781.01
17801,5947,64,4,123.33
17802,5947,140,2,80.4
17803,5947,75,3,421.56
17804,5947,46,2,545.95
17805,5948,36,2,495.03
17806,5948,97,3,799.31
17807,5948,65,2,748.34
17808,5948,33,2,680.29
17809,5948,103,2,163.53
17810,5949,39,4,467.56
17811,5949,115,2,769.44
17812,5949,46,3,566.86
17813,5949,64,1,123.33
17814,5949,146,1,19.08
17815,5950,61,4,0.0
17816,5951,24,1,767.98
17817,5951,99,3,707.47
17818,5952,112,2,306.6
17819,5952,66,4,484.78
17820,5953,63,3,82.09
17821,5953,2,4,536.34
17822,5953,12,1,452.49
17823,5953,6,4,498.94
17824,5954,82,4,558.31
17825,5955,112,2,306.6
17826,5956,30,3,289.7
17827,5956,22,1,759.83
17828,5957,136,2,254.21
17829,5957,81,3,226.08
17830,5957,68,4,636.26
17831,5957,78,1,1037.6
17832,5958,134,1,14.54
17833,5958,48,2,107.37
17834,5958,64,4,123.33
17835,5958,13,4,302.7
17836,5958,11,3,117.66
17837,5959,31,4,682.52
17838,5959,65,3,748.34
17839,5960,34,4,369.27
17840,5960,2,4,536.34
17841,5960,22,3,759.83
17842,5960,108,3,596.14
17843,5961,71,4,326.37
17844,5962,135,3,457.51
17845,5962,32,1,176.75
17846,5962,69,2,678.97
17847,5962,10,2,273.79
17848,5963,143,1,488.21
17849,5963,105,2,462.17
17850,5963,116,4,499.37
17851,5964,52,4,457.95
17852,5965,76,1,571.36
17853,5965,29,2,474.32
17854,5965,18,4,315.84
17855,5965,110,1,335.07
17856,5966,6,3,498.94
17857,5966,89,3,164.51
17858,5966,99,2,707.47
17859,5967,17,3,658.83
17860,5967,78,4,789.72
17861,5968,57,1,268.77
17862,5968,49,2,186.12
17863,5969,135,3,457.51
17864,5969,134,3,14.54
17865,5969,110,4,335.07
17866,5969,33,3,680.29
17867,5969,56,4,783.92
17868,5970,129,1,356.8
17869,5970,2,2,536.34
17870,5970,44,3,14.87
17871,5971,9,2,185.56
17872,5971,69,3,678.97
17873,5971,108,3,596.14
17874,5972,15,4,715.52
17875,5972,103,3,163.53
17876,5972,14,3,754.03
17877,5972,4,3,636.38
17878,5973,33,3,680.29
17879,5974,47,4,434.59
17880,5974,146,2,19.08
17881,5974,32,3,176.75
17882,5975,7,1,797.36
17883,5975,144,3,507.04
17884,5975,73,4,757.68
17885,5975,110,1,335.07
17886,5975,117,4,723.89
17887,5976,112,4,306.6
17888,5976,141,2,664.67
17889,5976,74,1,429.76
17890,5977,46,2,566.86
17891,5977,25,4,50.04
17892,5977,29,4,474.32
17893,5977,8,4,611.79
17894,5977,19,1,582.15
17895,5978,115,2,769.44
17896,5978,3,4,302.94
17897,5978,42,4,458.23
17898,5978,9,1,185.56
17899,5979,30,4,466.19
17900,5979,65,2,748.34
17901,5980,99,3,707.47
17902,5980,60,4,602.69
17903,5980,94,1,610.92
17904,5981,86,1,35.23
17905,5981,88,4,581.3
17906,5981,70,1,318.37
17907,5981,5,4,459.8
17908,5982,17,3,658.83
17909,5982,28,4,487.27
17910,5982,117,2,723.89
17911,5982,108,3,596.14
17912,5982,146,2,19.08
17913,5983,94,3,610.92
17914,5983,117,1,723.89
17915,5983,78,3,789.72
17916,5983,39,1,467.56
17917,5984,61,3,0.0
17918,5984,70,3,318.37
17919,5984,33,1,680.29
17920,5985,60,4,602.69
17921,5986,76,1,571.36
17922,5986,31,3,682.52
17923,5986,74,3,429.76
17924,5986,82,3,558.31
17925,5986,80,4,752.51
17926,5987,127,3,349.21
17927,5988,97,1,799.31
17928,5988,3,4,302.94
17929,5988,140,4,80.4
17930,5988,87,2,353.29
17931,5989,79,2,499.3
17932,5989,93,4,-549.02
17933,5989,38,4,272.91
17934,5990,122,4,444.14
17935,5990,50,2,370.89
17936,5990,133,2,53.99
17937,5990,38,3,272.91
17938,5990,106,4,256.39
17939,5991,29,4,474.32
17940,5991,122,2,444.14
17941,5991,72,4,248.19
17942,5992,86,1,35.23
17943,5992,97,4,799.31
17944,5992,49,1,206.14
17945,5993,105,1,462.17
17946,5993,139,1,322.53
17947,5993,64,3,123.33
17948,5993,16,3,170.96
17949,5993,38,4,272.91
17950,5994,144,1,507.04
17951,5995,99,1,707.47
17952,5995,122,2,444.14
17953,5995,31,2,682.52
17954,5996,57,4,268.77
17955,5996,72,4,248.19
17956,5996,95,4,550.05
17957,5997,65,4,748.34
17958,5997,115,1,769.44
17959,5997,69,2,678.97
17960,5998,64,1,123.33
17961,5998,81,3,226.08
17962,5998,68,2,636.26
17963,5998,6,2,498.94
17964,5999,126,4,101.97
17965,5999,91,1,425.2
17966,5999,31,1,682.52
17967,6000,28,1,487.27
17968,6000,3,2,302.94
17969,6001,39,4,467.56
17970,6001,23,1,701.6
17971,6001,51,2,521.96
17972,6001,5,3,459.8
17973,6002,140,3,80.4
17974,6002,38,3,272.91
17975,6002,34,4,369.27
17976,6002,16,1,170.96
17977,6003,79,1,499.3
17978,6003,108,1,596.14
17979,6004,97,2,799.31
17980,6004,12,2,452.49
17981,6004,27,3,470.69
17982,6005,20,2,511.22
17983,6005,131,4,315.93
17984,6006,134,3,14.54
17985,6006,135,2,457.51
17986,6006,38,4,272.91
17987,6006,18,4,315.84
17988,6007,118,1,361.9
17989,6007,58,4,558.64
17990,6008,101,1,720.77
17991,6008,124,3,127.43
17992,6008,117,3,723.89
17993,6009,70,1,318.37
17994,6009,146,3,19.08
17995,6009,67,2,755.48
17996,6010,46,3,566.86
17997,6010,64,1,123.33
17998,6010,7,3,797.36
17999,6010,49,2,186.12
18000,6011,25,4,50.04
18001,6011,126,2,101.97
18002,6011,26,3,266.42
18003,6012,49,3,186.12
18004,6012,39,4,467.56
18005,6012,144,2,507.04
18006,6013,62,3,302.99
18007,6013,49,1,186.12
18008,6013,110,2,335.07
18009,6013,141,3,664.67
18010,6013,84,2,431.32
18011,6014,53,3,108.37
18012,6014,84,2,431.32
18013,6014,3,2,302.94
18014,6014,90,4,503.63
18015,6014,87,3,353.29
18016,6015,96,1,385.9
18017,6016,31,2,682.52
18018,6016,94,3,610.92
18019,6016,131,4,318.76
18020,6016,128,1,383.45
18021,6017,39,4,467.56
18022,6017,102,4,378.83
18023,6017,69,4,678.97
18024,6017,80,4,752.51
18025,6018,64,3,123.33
18026,6018,125,4,60.95
18027,6019,146,4,19.08
18028,6020,38,3,272.91
18029,6020,128,4,383.45
18030,6020,95,3,550.05
18031,6020,102,1,378.83
18032,6021,31,2,682.52
18033,6021,94,4,610.92
18034,6021,74,4,429.76
18035,6021,112,4,306.6
18036,6021,16,4,170.96
18037,6022,40,4,496.68
18038,6022,136,2,254.21
18039,6022,101,2,720.77
18040,6022,21,4,658.67
18041,6022,60,3,602.69
18042,6023,124,3,127.43
18043,6024,77,4,0.0
18044,6024,9,2,185.56
18045,6025,48,1,107.37
18046,6025,37,4,253.77
18047,6025,142,3,758.12
18048,6026,136,2,254.21
18049,6026,80,3,752.51
18050,6027,89,4,164.51
18051,6027,72,4,248.19
18052,6028,72,1,248.19
18053,6028,79,2,499.3
18054,6029,22,3,759.83
18055,6029,97,2,799.31
18056,6029,68,1,636.26
18057,6029,124,4,127.43
18058,6030,138,3,126.38
18059,6030,20,1,511.22
18060,6031,9,2,185.56
18061,6032,76,1,571.36
18062,6033,93,2,-549.02
18063,6034,128,3,383.45
18064,6034,52,1,457.95
18065,6035,99,3,707.47
18066,6035,58,2,558.64
18067,6035,140,2,80.4
18068,6036,35,3,593.85
18069,6036,22,4,759.83
18070,6036,24,2,767.98
18071,6036,29,3,474.32
18072,6037,29,1,474.32
18073,6037,21,4,658.67
18074,6037,147,4,630.5
18075,6038,4,1,416.33
18076,6038,44,3,14.87
18077,6038,103,3,163.53
18078,6038,108,4,596.14
18079,6039,54,3,119.66
18080,6039,98,2,569.99
18081,6039,135,2,457.51
18082,6039,59,3,402.24
18083,6039,25,4,50.04
18084,6040,56,3,783.92
18085,6040,50,3,370.89
18086,6040,39,3,467.56
18087,6040,49,3,186.12
18088,6041,138,3,126.38
18089,6042,125,1,60.95
18090,6042,90,3,503.63
18091,6043,141,3,664.67
18092,6043,121,4,643.49
18093,6043,12,2,452.49
18094,6044,84,1,431.32
18095,6044,124,1,127.43
18096,6045,80,2,752.51
18097,6045,86,2,35.23
18098,6046,121,4,643.49
18099,6046,118,3,361.9
18100,6047,131,4,318.76
18101,6047,58,1,558.64
18102,6048,124,4,127.43
18103,6048,15,2,715.52
18104,6048,100,1,110.82
18105,6048,62,2,302.99
18106,6048,79,1,499.3
18107,6049,53,1,176.09
18108,6049,103,1,163.53
18109,6049,84,4,431.32
18110,6050,117,2,723.89
18111,6051,90,1,503.63
18112,6051,50,1,370.89
18113,6051,63,2,82.09
18114,6051,23,2,701.6
18115,6052,141,1,664.67
18116,6053,129,3,356.8
18117,6054,18,1,315.84
18118,6054,41,1,574.12
18119,6054,64,4,123.33
18120,6054,20,4,511.22
18121,6055,55,2,472.02
18122,6055,110,2,335.07
18123,6055,59,4,402.24
18124,6056,52,4,457.95
18125,6056,72,2,248.19
18126,6057,30,4,466.19
18127,6057,99,3,707.47
18128,6058,81,2,226.08
18129,6058,124,4,127.43
18130,6058,14,3,754.03
18131,6059,2,4,536.34
18132,6059,40,1,496.68
18133,6060,126,1,101.97
18134,6060,37,3,253.77
18135,6060,62,4,302.99
18136,6060,92,3,416.84
18137,6061,14,4,754.03
18138,6061,61,4,0.0
18139,6062,127,1,349.21
18140,6062,94,2,485.91
18141,6062,76,2,571.36
18142,6062,7,1,797.36
18143,6062,82,3,558.31
18144,6063,86,3,35.23
18145,6063,101,3,720.77
18146,6063,78,4,789.72
18147,6063,4,4,758.23
18148,6063,18,1,315.84
18149,6064,34,1,369.27
18150,6064,38,2,272.91
18151,6064,54,4,119.66
18152,6064,62,2,302.99
18153,6065,79,1,499.3
18154,6066,32,4,176.75
18155,6067,49,3,186.12
18156,6067,30,2,466.19
18157,6067,79,4,499.3
18158,6068,45,4,157.83
18159,6068,80,3,752.51
18160,6068,34,4,369.27
18161,6068,93,4,-549.02
18162,6069,2,3,536.34
18163,6069,80,3,752.51
18164,6069,142,1,758.12
18165,6069,83,3,57.87
18166,6070,140,2,80.4
18167,6070,71,3,326.37
18168,6070,94,4,610.92
18169,6071,23,2,701.6
18170,6072,140,1,80.4
18171,6072,6,3,498.94
18172,6072,58,4,558.64
18173,6072,67,3,755.48
18174,6072,10,1,364.78
18175,6073,25,1,50.04
18176,6073,11,2,117.66
18177,6073,121,3,643.49
18178,6074,137,3,704.57
18179,6074,144,1,507.04
18180,6075,109,4,382.69
18181,6075,54,3,119.66
18182,6075,67,3,717.1
18183,6075,113,1,149.56
18184,6075,49,4,186.12
18185,6076,69,4,678.97
18186,6076,3,3,302.94
18187,6076,10,2,364.78
18188,6076,115,2,769.44
18189,6077,106,2,256.39
18190,6077,71,3,326.37
18191,6077,22,1,759.83
18192,6077,134,4,14.54
18193,6078,133,4,53.99
18194,6078,96,2,385.9
18195,6078,137,2,704.57
18196,6079,18,4,315.84
18197,6079,78,3,789.72
18198,6079,38,1,272.91
18199,6079,139,1,322.53
18200,6080,69,1,678.97
18201,6080,22,4,759.83
18202,6080,35,4,593.85
18203,6081,74,3,429.76
18204,6081,82,3,558.31
18205,6081,112,2,306.6
18206,6082,85,4,446.02
18207,6082,137,1,704.57
18208,6082,44,2,14.87
18209,6083,121,2,643.49
18210,6083,38,2,272.91
18211,6084,47,4,434.59
18212,6084,76,3,571.36
18213,6084,137,1,704.57
18214,6085,55,1,472.02
18215,6085,139,2,322.53
18216,6086,62,4,302.99
18217,6087,92,4,416.84
18218,6087,84,1,431.32
18219,6087,39,4,467.56
18220,6087,37,2,253.77
18221,6087,90,3,503.63
18222,6088,47,1,434.59
18223,6088,12,1,452.49
18224,6089,86,3,35.23
18225,6089,115,2,769.44
18226,6089,39,4,467.56
18227,6089,9,1,185.56
18228,6090,88,3,581.3
18229,6090,104,2,556.7
18230,6090,16,4,170.96
18231,6090,132,3,660.44
18232,6090,118,4,361.9
18233,6091,100,3,110.82
18234,6091,34,2,369.27
18235,6091,64,3,123.33
18236,6091,81,1,226.08
18237,6092,42,1,458.23
18238,6092,138,4,126.38
18239,6092,143,4,488.21
18240,6092,121,4,643.49
18241,6093,68,2,636.26
18242,6093,35,4,593.85
18243,6093,58,3,558.64
18244,6094,117,2,723.89
18245,6094,52,4,457.95
18246,6094,2,3,536.34
18247,6094,90,2,503.63
18248,6095,80,2,752.51
18249,6095,50,2,370.89
18250,6095,34,3,369.27
18251,6096,10,2,364.78
18252,6097,12,3,452.49
18253,6098,150,4,484.06
18254,6098,127,4,349.21
18255,6099,101,3,720.77
18256,6099,27,2,470.69
18257,6100,27,1,470.69
18258,6100,137,2,704.57
18259,6100,34,3,369.27
18260,6100,81,2,226.08
18261,6100,102,4,378.83
18262,6101,73,4,757.68
18263,6101,96,4,385.9
18264,6101,101,2,720.77
18265,6102,143,4,488.21
18266,6102,146,4,19.08
18267,6102,66,2,484.78
18268,6103,18,1,315.84
18269,6104,4,1,636.38
18270,6104,87,1,353.29
18271,6104,79,3,499.3
18272,6105,144,1,507.04
18273,6105,46,3,566.86
18274,6105,44,4,14.87
18275,6106,39,3,467.56
18276,6106,20,4,511.22
18277,6106,33,4,680.29
18278,6106,8,1,611.79
18279,6107,57,3,268.77
18280,6107,114,4,709.75
18281,6107,4,4,636.38
18282,6107,65,3,748.34
18283,6107,108,1,596.14
18284,6108,141,1,664.67
18285,6108,56,4,783.92
18286,6108,143,1,488.21
18287,6108,16,2,170.96
18288,6109,43,4,25.96
18289,6109,149,3,254.2
18290,6109,120,2,163.71
18291,6109,98,1,569.99
18292,6109,23,3,701.6
18293,6110,59,2,402.24
18294,6111,72,3,248.19
18295,6112,101,2,720.77
18296,6112,89,4,164.51
18297,6112,26,1,266.42
18298,6112,143,4,488.21
18299,6112,112,4,306.6
18300,6113,111,3,639.79
18301,6113,116,3,499.37
18302,6113,45,4,157.83
18303,6113,43,3,25.96
18304,6113,104,2,556.7
18305,6114,135,2,457.51
18306,6115,150,1,484.06
18307,6115,64,1,123.33
18308,6115,83,4,57.87
18309,6116,10,4,364.78
18310,6116,90,2,503.63
18311,6116,68,1,636.26
18312,6116,33,1,680.29
18313,6116,2,2,536.34
18314,6117,135,1,457.51
18315,6117,150,3,484.06
18316,6117,86,1,35.23
18317,6117,119,2,443.26
18318,6118,30,2,466.19
18319,6118,94,2,610.92
18320,6118,53,3,176.09
18321,6119,126,3,102.67
18322,6119,1,1,229.43
18323,6119,23,2,701.6
18324,6119,2,1,536.34
18325,6119,133,2,53.99
18326,6120,55,2,472.02
18327,6120,120,4,163.71
18328,6121,23,3,701.6
18329,6121,46,1,566.86
18330,6121,109,1,382.69
18331,6122,129,1,356.8
18332,6123,146,1,19.08
18333,6123,69,3,678.97
18334,6123,46,3,566.86
18335,6124,11,2,117.66
18336,6124,111,3,781.01
18337,6125,40,1,496.68
18338,6125,28,4,487.27
18339,6125,1,3,229.43
18340,6126,134,1,14.54
18341,6126,101,1,720.77
18342,6126,29,3,474.32
18343,6126,32,4,176.75
18344,6126,88,3,581.3
18345,6127,44,2,14.87
18346,6127,73,4,757.68
18347,6128,140,2,80.4
18348,6128,51,3,521.96
18349,6128,15,1,715.52
18350,6128,6,1,498.94
18351,6129,49,1,186.12
18352,6130,71,4,326.37
18353,6131,30,1,466.19
18354,6131,120,1,163.71
18355,6131,109,3,364.54
18356,6132,24,3,767.98
18357,6132,113,4,149.56
18358,6133,91,3,425.2
18359,6133,68,1,636.26
18360,6133,3,2,302.94
18361,6133,13,1,302.7
18362,6133,110,3,335.07
18363,6134,94,1,610.92
18364,6134,136,3,254.21
18365,6135,38,1,272.91
18366,6136,2,3,536.34
18367,6136,51,4,521.96
18368,6137,9,4,185.56
18369,6137,50,3,370.89
18370,6137,117,3,723.89
18371,6137,111,4,781.01
18372,6137,26,1,266.42
18373,6138,45,2,157.83
18374,6138,97,3,799.31
18375,6138,4,1,636.38
18376,6138,59,2,402.24
18377,6138,123,1,717.17
18378,6139,30,3,466.19
18379,6139,114,2,709.75
18380,6139,29,1,474.32
18381,6139,12,4,452.49
18382,6139,107,4,22.07
18383,6140,11,4,117.66
18384,6140,64,3,123.33
18385,6141,37,1,253.77
18386,6141,98,1,569.99
18387,6141,70,2,318.37
18388,6141,3,2,302.94
18389,6141,141,1,664.67
18390,6142,32,1,176.75
18391,6143,34,1,369.27
18392,6144,95,3,550.05
18393,6145,76,4,571.36
18394,6145,110,4,335.07
18395,6146,52,3,457.95
18396,6146,123,2,717.17
18397,6147,63,2,82.09
18398,6147,49,4,186.12
18399,6148,42,3,458.23
18400,6148,43,1,25.96
18401,6148,54,1,119.66
18402,6149,72,2,248.19
18403,6149,52,1,457.95
18404,6149,30,2,466.19
18405,6149,132,3,660.44
18406,6150,92,1,416.84
18407,6151,30,2,466.19
18408,6151,144,2,507.04
18409,6151,47,1,434.59
18410,6151,115,2,769.44
18411,6151,100,3,110.82
18412,6152,142,1,758.12
18413,6152,84,1,431.32
18414,6153,73,2,757.68
18415,6153,48,3,107.37
18416,6153,148,4,777.04
18417,6153,2,3,536.34
18418,6154,126,2,101.97
18419,6154,82,3,558.31
18420,6154,148,1,871.2
18421,6154,8,2,611.79
18422,6154,51,4,521.96
18423,6155,100,2,110.82
18424,6155,103,1,163.53
18425,6155,121,2,643.49
18426,6156,77,4,0.0
18427,6156,30,3,466.19
18428,6156,11,2,117.66
18429,6157,25,4,50.04
18430,6157,17,1,658.83
18431,6157,132,3,660.44
18432,6157,70,2,318.37
18433,6158,25,1,50.04
18434,6158,119,1,443.26
18435,6159,7,1,797.36
18436,6159,97,4,799.31
18437,6159,87,3,353.29
18438,6159,83,1,57.87
18439,6160,99,1,707.47
18440,6160,18,3,315.84
18441,6160,125,2,60.95
18442,6160,77,3,0.0
18443,6161,146,1,19.08
18444,6161,32,2,176.75
18445,6161,136,3,254.21
18446,6161,13,4,302.7
18447,6162,31,4,682.52
18448,6162,120,4,163.71
18449,6163,109,4,382.69
18450,6163,119,2,443.26
18451,6163,61,3,0.0
18452,6163,31,3,682.52
18453,6164,76,4,571.36
18454,6164,91,2,425.2
18455,6164,46,4,566.86
18456,6164,30,4,466.19
18457,6164,112,4,306.6
18458,6165,9,1,185.56
18459,6165,108,1,455.03
18460,6166,63,4,82.09
18461,6166,49,3,186.12
18462,6166,53,4,176.09
18463,6166,76,3,557.55
18464,6166,27,1,470.69
18465,6167,34,3,369.27
18466,6167,66,1,484.78
18467,6168,64,3,123.33
18468,6169,52,2,457.95
18469,6169,140,1,80.4
18470,6169,115,3,769.44
18471,6169,73,3,757.68
18472,6170,143,2,488.21
18473,6170,1,4,229.43
18474,6170,102,3,378.83
18475,6171,140,4,60.8
18476,6172,85,4,446.02
18477,6172,74,1,429.76
18478,6172,22,2,759.83
18479,6172,49,1,186.12
18480,6172,33,3,680.29
18481,6173,135,1,456.96
18482,6174,62,1,302.99
18483,6174,32,4,176.75
18484,6174,40,4,496.68
18485,6175,110,2,335.07
18486,6176,104,3,556.7
18487,6176,125,3,60.95
18488,6176,7,3,797.36
18489,6177,72,4,248.19
18490,6177,8,3,611.79
18491,6178,117,2,723.89
18492,6178,57,3,268.77
18493,6178,142,3,758.12
18494,6178,107,4,22.07
18495,6178,130,1,778.31
18496,6179,40,3,496.68
18497,6179,34,2,369.27
18498,6179,87,3,353.29
18499,6179,51,4,521.96
18500,6180,115,3,769.44
18501,6180,34,4,369.27
18502,6180,35,3,593.85
18503,6180,112,3,306.6
18504,6180,82,1,558.31
18505,6181,21,1,658.67
18506,6181,107,4,22.07
18507,6182,120,4,163.71
18508,6183,147,2,630.5
18509,6183,104,3,556.7
18510,6183,67,1,755.48
18511,6183,19,1,582.15
18512,6184,115,4,769.44
18513,6185,90,4,503.63
18514,6185,30,4,466.19
18515,6186,40,3,496.68
18516,6186,63,2,82.09
18517,6187,16,1,170.96
18518,6188,53,2,176.09
18519,6188,43,3,25.96
18520,6188,69,4,678.97
18521,6189,128,1,383.45
18522,6189,121,3,643.49
18523,6189,51,3,521.96
18524,6189,30,3,466.19
18525,6189,75,4,421.56
18526,6190,77,2,0.0
18527,6190,59,1,402.24
18528,6190,138,4,126.38
18529,6191,135,4,457.51
18530,6192,11,2,117.66
18531,6192,147,3,630.5
18532,6192,145,3,145.85
18533,6192,62,1,302.99
18534,6192,35,1,593.85
18535,6193,1,4,229.43
18536,6193,70,2,318.37
18537,6193,139,4,322.53
18538,6193,39,2,467.56
18539,6193,50,4,370.89
18540,6194,119,3,443.26
18541,6194,6,3,498.94
18542,6194,57,3,268.77
18543,6194,74,2,429.76
18544,6194,130,1,778.31
18545,6195,60,4,602.69
18546,6195,61,4,0.0
18547,6195,117,2,723.89
18548,6195,111,3,781.01
18549,6196,43,1,25.96
18550,6196,82,2,558.31
18551,6196,111,3,781.01
18552,6197,45,1,157.83
18553,6198,143,4,488.21
18554,6198,112,4,306.6
18555,6198,149,3,254.2
18556,6198,31,2,682.52
18557,6199,106,3,256.39
18558,6200,108,3,596.14
18559,6200,79,4,499.3
18560,6201,148,2,777.04
18561,6201,130,3,778.31
18562,6201,81,3,226.08
18563,6201,5,3,459.8
18564,6201,42,4,458.23
18565,6202,66,4,484.78
18566,6202,93,1,-549.02
18567,6203,130,3,778.31
18568,6203,128,3,383.45
18569,6203,1,2,229.43
18570,6204,64,1,123.33
18571,6204,139,1,322.53
18572,6204,136,4,254.21
18573,6205,113,2,149.56
18574,6205,132,4,660.44
18575,6205,66,2,484.78
18576,6205,31,4,682.52
18577,6206,136,1,254.21
18578,6207,19,1,582.15
18579,6207,94,1,610.92
18580,6208,149,4,254.2
18581,6208,124,2,127.43
18582,6208,70,1,318.37
18583,6209,110,1,335.07
18584,6209,114,3,709.75
18585,6209,65,1,748.34
18586,6209,140,3,80.4
18587,6210,56,1,783.92
18588,6210,35,2,593.85
18589,6210,103,4,163.53
18590,6211,6,4,498.94
18591,6211,128,2,383.45
18592,6211,79,4,499.3
18593,6211,131,2,318.76
18594,6211,97,3,799.31
18595,6212,124,3,127.43
18596,6212,144,3,507.04
18597,6212,2,1,536.34
18598,6213,148,3,777.04
18599,6214,55,2,472.02
18600,6214,117,4,723.89
18601,6214,105,3,462.17
18602,6214,144,4,507.04
18603,6215,39,1,467.56
18604,6215,85,3,446.02
18605,6216,2,3,536.34
18606,6216,20,4,511.22
18607,6216,133,4,53.99
18608,6216,36,2,495.03
18609,6216,119,4,443.26
18610,6217,2,4,536.34
18611,6217,113,1,149.56
18612,6217,114,1,709.75
18613,6217,128,4,383.45
18614,6217,93,4,-549.02
18615,6218,34,1,369.27
18616,6218,132,1,660.44
18617,6218,53,2,176.09
18618,6218,13,2,302.7
18619,6218,66,2,484.78
18620,6219,52,3,457.95
18621,6219,146,1,19.08
18622,6219,81,1,226.08
18623,6219,44,2,14.87
18624,6219,20,3,511.22
18625,6220,6,2,498.94
18626,6220,101,3,720.77
18627,6220,105,1,462.17
18628,6220,132,4,660.44
18629,6220,12,4,452.49
18630,6221,105,4,462.17
18631,6221,118,4,361.9
18632,6221,26,3,266.42
18633,6221,48,4,107.37
18634,6221,102,4,378.83
18635,6222,94,3,610.92
18636,6222,39,4,467.56
18637,6223,126,3,101.97
18638,6223,133,4,53.99
18639,6223,81,2,226.08
18640,6223,100,3,110.82
18641,6223,8,4,611.79
18642,6224,118,2,318.62
18643,6224,149,3,254.2
18644,6225,86,2,35.23
18645,6225,81,4,226.08
18646,6225,130,4,778.31
18647,6225,37,2,253.77
18648,6225,28,3,487.27
18649,6226,74,1,429.76
18650,6226,90,1,451.77
18651,6226,88,1,581.3
18652,6227,113,2,149.56
18653,6227,84,2,431.32
18654,6228,14,1,754.03
18655,6228,28,1,487.27
18656,6228,5,3,459.8
18657,6228,36,3,495.03
18658,6228,119,4,443.26
18659,6229,140,3,80.4
18660,6229,94,2,610.92
18661,6229,148,1,777.04
18662,6229,144,1,507.04
18663,6229,72,1,248.19
18664,6230,23,1,661.77
18665,6230,10,3,364.78
18666,6231,92,3,416.84
18667,6231,98,4,569.99
18668,6231,41,3,574.12
18669,6232,144,1,507.04
18670,6232,48,4,107.37
18671,6232,22,1,759.83
18672,6233,23,3,863.13
18673,6234,78,4,789.72
18674,6234,80,2,752.51
18675,6235,57,1,268.77
18676,6235,136,4,254.21
18677,6235,127,4,349.21
18678,6235,129,1,356.8
18679,6236,101,3,720.77
18680,6236,25,1,50.04
18681,6236,39,4,467.56
18682,6237,9,4,185.56
18683,6237,3,2,302.94
18684,6238,81,1,226.08
18685,6238,52,4,457.95
18686,6238,33,2,680.29
18687,6239,37,2,253.77
18688,6239,94,4,610.92
18689,6239,73,2,757.68
18690,6239,91,3,425.2
18691,6240,117,2,723.89
18692,6240,102,4,378.83
18693,6241,3,4,302.94
18694,6241,65,3,748.34
18695,6241,12,4,452.49
18696,6241,23,3,701.6
18697,6241,53,2,176.09
18698,6242,64,3,123.33
18699,6242,123,2,717.17
18700,6242,61,2,0.0
18701,6242,101,3,720.77
18702,6243,115,3,769.44
18703,6243,119,1,443.26
18704,6243,137,3,704.57
18705,6244,7,1,701.62
18706,6244,73,4,757.68
18707,6244,60,2,602.69
18708,6245,120,3,163.71
18709,6245,129,4,356.8
18710,6245,87,2,353.29
18711,6245,76,2,571.36
18712,6246,149,2,254.2
18713,6246,40,4,496.68
18714,6246,44,1,14.87
18715,6247,136,2,254.21
18716,6248,13,4,302.7
18717,6249,90,2,503.63
18718,6250,7,1,797.36
18719,6250,66,1,484.78
18720,6250,100,2,110.82
18721,6250,39,2,467.56
18722,6250,127,2,349.21
18723,6251,88,4,581.3
18724,6252,95,2,550.05
18725,6253,55,2,472.02
18726,6254,31,3,682.52
18727,6254,68,2,636.26
18728,6254,135,1,457.51
18729,6254,123,4,717.17
18730,6255,116,4,499.37
18731,6256,21,1,658.67
18732,6256,134,3,14.54
18733,6256,84,1,431.32
18734,6256,146,4,20.54
18735,6256,131,2,318.76
18736,6257,103,3,163.53
18737,6257,148,1,777.04
18738,6257,121,1,643.49
18739,6257,107,4,22.07
18740,6258,137,3,704.57
18741,6258,117,4,723.89
18742,6259,11,2,117.66
18743,6259,147,3,630.5
18744,6259,9,2,185.56
18745,6259,61,4,0.0
18746,6259,45,1,157.83
18747,6260,78,3,789.72
18748,6260,74,1,429.76
18749,6261,124,1,127.43
18750,6261,122,4,444.14
18751,6262,125,2,60.95
18752,6262,19,3,582.15
18753,6262,82,4,558.31
18754,6263,72,2,248.19
18755,6263,88,1,581.3
18756,6263,38,2,272.91
18757,6264,44,2,14.87
18758,6264,26,2,266.42
18759,6264,34,3,369.27
18760,6265,99,1,707.47
18761,6265,132,2,660.44
18762,6265,62,4,302.99
18763,6265,133,2,53.99
18764,6265,8,2,611.79
18765,6266,106,1,256.39
18766,6267,131,1,295.92
18767,6267,54,4,119.66
18768,6268,122,3,444.14
18769,6268,146,2,19.08
18770,6269,150,3,484.06
18771,6270,47,3,434.59
18772,6271,92,2,416.84
18773,6271,4,2,636.38
18774,6271,79,4,499.3
18775,6272,56,1,783.92
18776,6273,112,2,306.6
18777,6274,64,4,123.33
18778,6274,30,4,466.19
18779,6274,5,1,459.8
18780,6275,50,3,370.89
18781,6275,34,1,369.27
18782,6275,88,1,581.3
18783,6275,92,2,416.84
18784,6276,22,1,759.83
18785,6276,17,4,658.83
18786,6276,103,3,163.53
18787,6277,96,2,385.9
18788,6277,104,1,556.7
18789,6277,1,1,229.43
18790,6277,29,2,474.32
18791,6278,13,3,302.7
18792,6278,12,4,452.49
18793,6279,99,2,707.47
18794,6279,133,1,53.99
18795,6279,68,1,636.26
18796,6280,114,4,709.75
18797,6280,89,3,164.51
18798,6280,135,3,457.51
18799,6280,120,2,163.71
18800,6281,114,3,709.75
18801,6281,14,1,754.03
18802,6282,55,1,472.02
18803,6282,112,4,306.6
18804,6282,52,2,457.95
18805,6283,94,2,610.92
18806,6283,146,3,19.08
18807,6284,46,1,566.86
18808,6284,41,1,574.12
18809,6284,48,4,107.37
18810,6284,128,2,383.45
18811,6284,55,2,472.02
18812,6285,110,1,335.07
18813,6285,92,2,416.84
18814,6286,73,4,757.68
18815,6286,60,2,602.69
18816,6286,83,2,57.87
18817,6286,77,4,0.0
18818,6286,131,1,318.76
18819,6287,126,2,101.97
18820,6288,118,1,361.9
18821,6288,74,2,429.76
18822,6289,29,2,474.32
18823,6290,95,4,550.05
18824,6290,50,3,370.89
18825,6290,69,3,678.97
18826,6290,99,3,707.47
18827,6291,145,3,229.11
18828,6291,105,1,462.17
18829,6291,82,1,558.31
18830,6291,149,1,254.2
18831,6292,16,3,170.96
18832,6292,31,4,682.52
18833,6293,141,4,664.67
18834,6293,77,2,0.0
18835,6293,133,4,53.99
18836,6293,59,2,402.24
18837,6293,130,4,778.31
18838,6294,120,1,163.71
18839,6294,49,2,186.12
18840,6294,116,1,499.37
18841,6295,26,4,266.42
18842,6295,48,3,107.37
18843,6295,49,2,186.12
18844,6296,79,2,499.3
18845,6296,109,4,382.69
18846,6297,65,4,748.34
18847,6297,26,3,266.42
18848,6298,96,2,385.9
18849,6299,91,4,425.2
18850,6299,141,4,664.67
18851,6299,78,1,789.72
18852,6299,129,4,356.8
18853,6300,55,3,472.02
18854,6301,93,4,-549.02
18855,6301,27,2,470.69
18856,6302,76,4,571.36
18857,6303,131,4,318.76
18858,6303,46,4,566.86
18859,6303,104,1,556.7
18860,6303,48,2,107.37
18861,6304,91,1,425.2
18862,6304,99,4,707.47
18863,6305,56,4,783.92
18864,6305,143,3,488.21
18865,6305,96,1,385.9
18866,6305,48,4,107.37
18867,6306,144,1,507.04
18868,6306,140,1,80.4
18869,6306,87,4,353.29
18870,6307,145,2,229.11
18871,6307,49,1,186.12
18872,6307,46,1,566.86
18873,6308,28,4,487.27
18874,6308,58,1,558.64
18875,6309,139,2,322.53
18876,6309,98,4,569.99
18877,6309,11,4,117.66
18878,6309,49,1,186.12
18879,6310,57,4,268.77
18880,6310,145,4,229.11
18881,6310,86,4,35.23
18882,6311,116,1,499.37
18883,6311,33,2,680.29
18884,6311,27,2,470.69
18885,6311,72,4,248.19
18886,6312,138,1,126.38
18887,6312,11,3,117.66
18888,6313,73,3,757.68
18889,6313,117,1,723.89
18890,6314,127,3,349.21
18891,6315,96,4,385.9
18892,6315,29,3,474.32
18893,6315,126,3,101.97
18894,6315,75,4,421.56
18895,6316,19,1,813.48
18896,6316,49,1,186.12
18897,6316,55,3,472.02
18898,6317,42,1,458.23
18899,6317,147,3,630.5
18900,6317,44,1,14.58
18901,6317,150,4,484.06
18902,6318,101,2,720.77
18903,6318,135,3,457.51
18904,6318,74,3,429.76
18905,6318,16,3,170.96
18906,6318,83,3,57.87
18907,6319,37,3,253.77
18908,6319,143,4,488.21
18909,6319,55,3,472.02
18910,6319,109,2,382.69
18911,6320,103,2,163.53
18912,6320,129,2,356.8
18913,6321,22,3,759.83
18914,6321,3,1,302.94
18915,6321,82,4,558.31
18916,6321,118,3,361.9
18917,6321,40,1,496.68
18918,6322,59,1,402.24
18919,6322,72,2,248.19
18920,6322,124,2,127.43
18921,6322,33,3,680.29
18922,6322,8,3,611.79
18923,6323,121,2,643.49
18924,6323,42,1,458.23
18925,6324,126,3,101.97
18926,6324,147,3,630.5
18927,6324,18,2,315.84
18928,6324,58,1,558.64
18929,6325,58,3,558.64
18930,6325,113,2,149.56
18931,6325,44,2,14.87
18932,6326,126,1,101.97
18933,6326,29,3,474.32
18934,6327,115,3,769.44
18935,6327,103,2,163.53
18936,6327,91,4,425.2
18937,6327,124,2,127.43
18938,6327,11,2,117.66
18939,6328,83,4,57.87
18940,6328,67,2,755.48
18941,6328,10,2,364.78
18942,6328,2,2,536.34
18943,6329,46,4,566.86
18944,6330,5,4,459.8
18945,6330,78,4,789.72
18946,6330,87,3,353.29
18947,6330,43,1,25.96
18948,6331,15,1,715.52
18949,6332,116,3,499.37
18950,6333,90,4,503.63
18951,6333,123,4,717.17
18952,6333,92,4,416.84
18953,6333,2,3,536.34
18954,6334,19,4,582.15
18955,6335,2,2,536.34
18956,6335,36,4,495.03
18957,6335,98,4,569.99
18958,6335,110,2,335.07
18959,6335,10,3,364.78
18960,6336,128,4,383.45
18961,6336,108,4,596.14
18962,6336,39,2,467.56
18963,6336,35,3,593.85
18964,6337,89,1,164.51
18965,6337,141,2,664.67
18966,6337,25,4,50.04
18967,6338,102,2,378.83
18968,6338,99,2,707.47
18969,6338,4,3,547.48
18970,6339,136,1,219.04
18971,6339,133,2,53.99
18972,6339,44,1,14.87
18973,6340,75,4,421.56
18974,6340,2,4,536.34
18975,6340,71,2,326.37
18976,6341,1,3,229.43
18977,6341,13,4,302.7
18978,6341,50,1,370.89
18979,6341,88,1,581.3
18980,6342,143,1,488.21
18981,6342,9,3,185.56
18982,6342,46,1,566.86
18983,6342,2,2,536.34
18984,6343,107,4,22.07
18985,6344,46,2,566.86
18986,6344,82,4,558.31
18987,6344,102,3,378.83
18988,6344,148,2,777.04
18989,6345,49,3,186.12
18990,6345,38,4,272.91
18991,6345,7,2,797.36
18992,6346,124,3,86.14
18993,6346,100,3,110.82
18994,6346,70,4,318.37
18995,6347,43,4,25.96
18996,6347,83,1,57.87
18997,6347,11,2,117.66
18998,6348,9,3,185.56
18999,6348,31,4,682.52
19000,6348,21,1,658.67
19001,6348,70,1,318.37
19002,6348,46,2,566.86
19003,6349,4,4,636.38
19004,6350,37,4,253.77
19005,6350,94,3,610.92
19006,6350,145,3,229.11
19007,6351,68,4,636.26
19008,6352,141,4,664.67
19009,6352,72,2,248.19
19010,6352,21,4,658.67
19011,6352,27,1,470.69
19012,6353,9,2,185.56
19013,6353,27,3,470.69
19014,6353,56,3,783.92
19015,6353,95,3,550.05
19016,6354,18,4,315.84
19017,6354,3,3,302.94
19018,6354,15,4,715.52
19019,6354,34,3,369.27
19020,6355,72,2,248.19
19021,6355,46,3,566.86
19022,6355,78,3,789.72
19023,6355,73,4,757.68
19024,6356,149,1,254.2
19025,6356,64,4,123.33
19026,6357,10,1,364.78
19027,6357,104,2,556.7
19028,6357,132,3,660.44
19029,6358,33,4,550.04
19030,6358,106,4,256.39
19031,6358,54,3,119.66
19032,6358,148,2,777.04
19033,6359,106,3,256.39
19034,6360,46,3,566.86
19035,6360,98,1,555.66
19036,6360,8,2,611.79
19037,6361,139,1,322.53
19038,6361,141,4,664.67
19039,6361,25,1,50.04
19040,6362,118,1,361.9
19041,6362,43,2,25.96
19042,6362,148,2,777.04
19043,6362,80,2,752.51
19044,6362,82,4,558.31
19045,6363,35,1,636.5
19046,6363,144,3,507.04
19047,6363,90,4,503.63
19048,6364,11,2,117.66
19049,6364,130,4,778.31
19050,6365,99,2,707.47
19051,6365,49,3,186.12
19052,6365,6,3,498.94
19053,6366,22,2,759.83
19054,6366,10,1,364.78
19055,6366,140,4,80.4
19056,6367,75,1,421.56
19057,6367,95,4,550.05
19058,6367,6,1,498.94
19059,6367,118,3,361.9
19060,6367,16,1,170.96
19061,6368,91,1,425.2
19062,6368,58,2,558.64
19063,6368,67,4,755.48
19064,6369,75,4,421.56
19065,6369,88,3,581.3
19066,6370,32,3,176.75
19067,6370,122,2,444.14
19068,6371,45,1,157.83
19069,6371,114,3,709.75
19070,6371,145,3,229.11
19071,6372,123,4,717.17
19072,6372,34,1,369.27
19073,6372,2,2,536.34
19074,6373,68,4,636.26
19075,6373,12,3,452.49
19076,6373,17,3,658.83
19077,6373,24,3,767.98
19078,6373,75,3,421.56
19079,6374,64,1,123.33
19080,6374,62,4,302.99
19081,6374,46,1,566.86
19082,6374,124,3,127.43
19083,6374,24,2,767.98
19084,6375,8,2,611.79
19085,6375,82,3,558.31
19086,6376,78,4,789.72
19087,6376,148,1,777.04
19088,6376,126,1,101.97
19089,6376,86,2,35.23
19090,6377,106,3,256.39
19091,6377,15,4,715.52
19092,6377,25,2,50.04
19093,6378,47,4,434.59
19094,6378,88,1,581.3
19095,6378,54,3,119.66
19096,6378,44,3,14.87
19097,6378,110,2,335.07
19098,6379,33,3,680.29
19099,6379,15,4,715.52
19100,6380,131,3,318.76
19101,6380,137,4,704.57
19102,6380,18,4,315.84
19103,6381,97,3,799.31
19104,6381,131,3,318.76
19105,6381,83,1,57.87
19106,6381,137,2,704.57
19107,6382,5,1,459.8
19108,6382,103,1,163.53
19109,6382,108,1,596.14
19110,6382,32,1,176.75
19111,6383,123,2,717.17
19112,6383,117,1,723.89
19113,6383,86,3,35.23
19114,6383,135,4,457.51
19115,6383,23,1,701.6
19116,6384,21,4,658.67
19117,6384,48,4,107.37
19118,6385,55,4,472.02
19119,6385,148,2,777.04
19120,6386,104,4,556.7
19121,6386,125,4,60.95
19122,6386,47,3,434.59
19123,6387,47,1,434.59
19124,6387,72,3,248.19
19125,6387,23,1,701.6
19126,6388,67,4,755.48
19127,6388,46,4,415.52
19128,6389,19,4,582.15
19129,6389,119,2,443.26
19130,6389,14,3,539.48
19131,6389,58,3,558.64
19132,6390,35,2,593.85
19133,6390,131,2,318.76
19134,6390,44,4,14.87
19135,6390,5,3,459.8
19136,6390,2,2,536.34
19137,6391,131,3,318.76
19138,6391,124,1,127.43
19139,6391,45,3,157.83
19140,6391,50,3,370.89
19141,6392,64,2,123.33
19142,6392,132,2,660.44
19143,6392,135,2,457.51
19144,6392,38,2,272.91
19145,6392,145,1,229.11
19146,6393,63,3,82.09
19147,6393,22,2,759.83
19148,6393,3,4,302.94
19149,6393,38,3,272.91
19150,6393,131,3,318.76
19151,6394,143,4,488.21
19152,6394,129,2,356.8
19153,6395,140,3,80.4
19154,6395,121,2,643.49
19155,6395,79,1,499.3
19156,6395,20,2,326.16
19157,6396,109,4,382.69
19158,6396,58,4,558.64
19159,6397,78,4,789.72
19160,6397,11,4,117.66
19161,6397,64,3,123.33
19162,6397,66,3,484.78
19163,6397,91,2,425.2
19164,6398,38,3,272.91
19165,6398,60,4,602.69
19166,6398,52,1,457.95
19167,6398,79,3,499.3
19168,6398,106,4,174.75
19169,6399,118,3,361.9
19170,6400,99,3,707.47
19171,6400,103,1,163.53
19172,6400,20,1,511.22
19173,6401,97,4,799.31
19174,6401,34,4,369.27
19175,6401,125,1,60.95
19176,6401,8,4,611.79
19177,6401,89,3,164.51
19178,6402,114,1,709.75
19179,6403,135,1,457.51
19180,6403,117,4,723.89
19181,6403,125,3,60.95
19182,6404,18,3,315.84
19183,6405,147,1,630.5
19184,6405,66,3,484.78
19185,6405,15,4,715.52
19186,6406,102,1,378.83
19187,6407,96,3,385.9
19188,6407,89,2,164.51
19189,6407,53,2,176.09
19190,6407,54,1,119.66
19191,6407,48,3,107.37
19192,6408,25,3,50.04
19193,6409,38,2,272.91
19194,6409,16,4,170.96
19195,6409,36,3,495.03
19196,6409,128,3,383.45
19197,6410,91,4,425.2
19198,6410,41,2,574.12
19199,6411,7,1,797.36
19200,6411,107,1,22.07
19201,6411,86,2,35.23
19202,6411,62,3,302.99
19203,6412,39,3,467.56
19204,6412,113,4,149.56
19205,6413,28,2,487.27
19206,6414,94,3,610.92
19207,6414,71,3,326.37
19208,6414,88,4,581.3
19209,6414,108,4,596.14
19210,6415,147,1,630.5
19211,6415,113,2,149.56
19212,6415,31,4,682.52
19213,6415,78,1,789.72
19214,6416,77,1,0.0
19215,6416,128,1,383.45
19216,6416,57,3,268.77
19217,6417,114,4,709.75
19218,6417,37,3,253.77
19219,6417,85,2,446.02
19220,6418,71,1,326.37
19221,6418,38,3,272.91
19222,6419,64,4,123.33
19223,6419,24,4,767.98
19224,6419,71,3,326.37
19225,6419,121,1,643.49
19226,6419,84,3,501.19
19227,6420,15,1,715.52
19228,6420,7,1,797.36
19229,6420,108,1,596.14
19230,6420,80,1,752.51
19231,6420,39,1,467.56
19232,6421,84,3,431.32
19233,6422,69,4,678.97
19234,6422,91,3,264.34
19235,6423,100,4,110.82
19236,6423,107,3,22.07
19237,6423,28,4,345.37
19238,6424,12,4,452.49
19239,6424,91,2,425.2
19240,6424,143,4,488.21
19241,6424,129,1,356.8
19242,6425,113,3,149.56
19243,6425,79,2,499.3
19244,6425,87,4,353.29
19245,6425,14,1,754.03
19246,6425,74,1,429.76
19247,6426,114,3,709.75
19248,6426,11,2,117.66
19249,6426,70,2,318.37
19250,6427,95,2,550.05
19251,6427,53,3,176.09
19252,6427,49,3,186.12
19253,6427,10,3,364.78
19254,6427,31,3,682.52
19255,6428,106,2,256.39
19256,6428,132,3,660.44
19257,6428,32,4,176.75
19258,6428,16,1,170.96
19259,6429,63,4,82.09
19260,6430,100,1,110.82
19261,6430,66,4,484.78
19262,6431,62,2,302.99
19263,6431,55,2,472.02
19264,6431,123,1,717.17
19265,6431,145,3,229.11
19266,6432,46,2,566.86
19267,6432,25,3,50.04
19268,6432,16,3,170.96
19269,6432,127,4,349.21
19270,6433,150,4,484.06
19271,6434,61,2,0.0
19272,6434,80,3,752.51
19273,6434,76,1,571.36
19274,6434,63,1,82.09
19275,6434,112,1,306.6
19276,6435,104,3,556.7
19277,6435,50,4,370.89
19278,6435,74,1,429.76
19279,6435,45,4,157.83
19280,6435,136,4,254.21
19281,6436,74,4,429.76
19282,6436,11,1,117.66
19283,6437,43,4,25.96
19284,6437,9,3,185.56
19285,6437,143,2,488.21
19286,6438,50,4,370.89
19287,6439,96,2,385.9
19288,6439,109,3,382.69
19289,6439,92,4,416.84
19290,6439,123,4,717.17
19291,6439,10,4,364.78
19292,6440,80,1,752.51
19293,6440,79,2,499.3
19294,6440,138,4,126.38
19295,6441,150,4,484.06
19296,6441,116,1,499.37
19297,6441,17,1,658.83
19298,6442,99,1,707.47
19299,6442,144,1,507.04
19300,6442,16,3,170.96
19301,6443,91,3,425.2
19302,6443,82,3,558.31
19303,6443,9,3,185.56
19304,6443,53,1,176.09
19305,6444,107,3,22.07
19306,6444,41,1,574.12
19307,6444,101,3,720.77
19308,6444,131,1,318.76
19309,6445,119,3,443.26
19310,6445,34,4,369.27
19311,6445,90,2,503.63
19312,6445,15,1,715.52
19313,6446,134,2,14.54
19314,6447,96,4,385.9
19315,6447,15,4,985.99
19316,6447,6,1,498.94
19317,6447,87,4,353.29
19318,6448,113,4,149.56
19319,6448,66,1,484.78
19320,6448,4,1,636.38
19321,6449,28,1,487.27
19322,6449,119,4,443.26
19323,6450,118,2,361.9
19324,6450,78,4,789.72
19325,6450,33,4,680.29
19326,6451,126,3,101.97
19327,6451,62,1,302.99
19328,6451,73,4,757.68
19329,6451,114,4,709.75
19330,6452,7,1,797.36
19331,6452,12,4,452.49
19332,6452,114,1,709.75
19333,6453,104,1,556.7
19334,6453,143,4,488.21
19335,6454,83,2,57.87
19336,6454,108,1,524.11
19337,6455,86,4,35.23
19338,6455,140,3,80.4
19339,6455,33,3,680.29
19340,6456,29,4,474.32
19341,6456,6,3,498.94
19342,6456,14,2,754.03
19343,6457,144,4,507.04
19344,6457,63,3,82.09
19345,6458,97,3,799.31
19346,6459,56,2,783.92
19347,6459,101,3,720.77
19348,6460,55,1,472.02
19349,6460,138,1,126.38
19350,6460,6,2,498.94
19351,6460,70,3,318.37
19352,6461,141,4,664.67
19353,6461,64,3,123.33
19354,6462,66,3,484.78
19355,6462,134,4,14.54
19356,6462,31,1,682.52
19357,6462,143,1,488.21
19358,6462,53,4,187.96
19359,6463,79,2,499.3
19360,6463,68,3,636.26
19361,6463,14,2,754.03
19362,6463,16,4,170.96
19363,6464,83,1,57.87
19364,6464,88,2,581.3
19365,6464,149,3,254.2
19366,6465,30,4,466.19
19367,6465,4,3,636.38
19368,6465,50,2,370.89
19369,6465,81,4,226.08
19370,6465,137,2,704.57
19371,6466,30,2,466.19
19372,6466,29,1,474.32
19373,6467,56,3,783.92
19374,6467,125,3,60.95
19375,6467,36,3,495.03
19376,6467,14,2,754.03
19377,6468,36,2,495.03
19378,6469,10,4,364.78
19379,6469,18,2,315.84
19380,6469,81,1,273.85
19381,6469,119,2,443.26
19382,6470,32,3,176.75
19383,6470,129,3,356.8
19384,6470,22,1,759.83
19385,6470,111,1,781.01
19386,6471,39,4,467.56
19387,6471,10,2,364.78
19388,6471,84,3,431.32
19389,6471,149,3,254.2
19390,6471,16,4,170.96
19391,6472,66,4,484.78
19392,6473,111,1,781.01
19393,6473,26,2,266.42
19394,6473,146,4,19.08
19395,6473,60,2,602.69
19396,6474,39,1,467.56
19397,6475,1,1,229.43
19398,6475,39,2,467.56
19399,6476,66,1,484.78
19400,6476,54,4,119.66
19401,6477,126,2,101.97
19402,6477,124,1,127.43
19403,6477,43,3,25.96
19404,6477,128,1,383.45
19405,6478,76,1,571.36
19406,6478,112,2,306.6
19407,6478,25,2,50.04
19408,6479,126,2,101.97
19409,6479,96,2,385.9
19410,6479,56,4,783.92
19411,6480,69,3,678.97
19412,6480,130,4,778.31
19413,6480,120,3,163.71
19414,6480,82,3,558.31
19415,6481,147,3,630.5
19416,6481,99,1,707.47
19417,6481,135,4,457.51
19418,6481,129,3,356.8
19419,6481,39,4,467.56
19420,6482,121,3,643.49
19421,6482,69,4,678.97
19422,6482,133,2,53.99
19423,6482,149,2,254.2
19424,6482,125,3,60.95
19425,6483,44,4,14.87
19426,6483,17,2,658.83
19427,6483,8,2,611.79
19428,6483,22,3,759.83
19429,6483,96,4,385.9
19430,6484,120,1,163.71
19431,6484,124,4,127.43
19432,6484,60,1,602.69
19433,6485,20,1,511.22
19434,6485,11,1,117.66
19435,6485,100,3,110.82
19436,6485,150,1,484.06
19437,6486,110,4,335.07
19438,6486,96,1,385.9
19439,6487,10,3,364.78
19440,6487,35,2,593.85
19441,6487,73,4,757.68
19442,6488,109,2,382.69
19443,6489,50,2,370.89
19444,6489,97,2,799.31
19445,6489,24,2,767.98
19446,6490,57,3,268.77
19447,6490,75,1,421.56
19448,6491,101,1,720.77
19449,6491,127,3,349.21
19450,6491,58,3,558.64
19451,6491,122,3,444.14
19452,6492,95,2,550.05
19453,6492,132,3,660.44
19454,6492,52,3,457.95
19455,6492,89,4,164.51
19456,6492,27,2,470.69
19457,6493,36,4,495.03
19458,6493,28,3,487.27
19459,6493,133,2,53.99
19460,6493,57,2,268.77
19461,6493,126,3,101.97
19462,6494,50,2,370.89
19463,6494,41,2,574.12
19464,6494,71,4,326.37
19465,6494,122,2,444.14
19466,6494,64,4,123.33
19467,6495,35,1,593.85
19468,6495,65,2,748.34
19469,6495,93,3,-549.02
19470,6495,82,1,558.31
19471,6495,107,3,22.07
19472,6496,73,1,757.68
19473,6496,118,4,361.9
19474,6496,133,2,53.99
19475,6497,19,1,582.15
19476,6497,52,2,457.95
19477,6497,24,1,767.98
19478,6497,149,3,254.2
19479,6497,23,3,701.6
19480,6498,69,3,678.97
19481,6498,84,3,431.32
19482,6498,117,4,723.89
19483,6498,10,4,364.78
19484,6499,104,3,556.7
19485,6499,106,1,256.39
19486,6499,97,3,799.31
19487,6499,23,1,701.6
19488,6500,80,3,752.51
19489,6500,75,3,421.56
19490,6500,74,4,429.76
19491,6500,43,4,25.96
19492,6500,51,1,521.96
19493,6501,2,3,536.34
19494,6501,10,4,364.78
19495,6502,57,2,268.77
19496,6502,140,3,80.4
19497,6503,76,2,571.36
19498,6503,63,2,82.09
19499,6503,14,4,754.03
19500,6504,140,3,80.4
19501,6504,29,4,474.32
19502,6505,39,1,467.56
19503,6505,57,1,268.77
19504,6505,86,1,35.23
19505,6505,14,4,754.03
19506,6506,72,4,248.19
19507,6506,77,1,0.0
19508,6507,30,1,466.19
19509,6508,65,2,748.34
19510,6508,100,3,110.82
19511,6508,12,1,321.21
19512,6508,82,3,558.31
19513,6508,124,2,127.43
19514,6509,45,3,157.83
19515,6509,110,3,335.07
19516,6510,35,2,593.85
19517,6510,124,1,127.43
19518,6510,65,2,748.34
19519,6510,99,3,707.47
19520,6511,53,1,176.09
19521,6511,27,2,470.69
19522,6511,5,2,459.8
19523,6512,40,4,496.68
19524,6512,65,4,748.34
19525,6513,121,4,643.49
19526,6514,4,4,636.38
19527,6514,125,2,60.95
19528,6514,132,2,651.55
19529,6515,94,1,610.92
19530,6515,65,4,748.34
19531,6515,34,1,369.27
19532,6515,10,3,364.78
19533,6515,18,3,315.84
19534,6516,22,1,759.83
19535,6516,148,4,777.04
19536,6517,106,3,256.39
19537,6518,1,2,229.43
19538,6518,111,2,781.01
19539,6518,50,1,370.89
19540,6518,110,2,335.07
19541,6518,22,1,759.83
19542,6519,141,3,664.67
19543,6520,149,3,254.2
19544,6520,143,4,488.21
19545,6520,103,3,163.53
19546,6521,132,2,660.44
19547,6521,83,3,57.87
19548,6522,27,3,470.69
19549,6522,121,2,643.49
19550,6522,110,2,335.07
19551,6523,137,4,704.57
19552,6523,10,3,364.78
19553,6523,2,2,536.34
19554,6523,1,4,229.43
19555,6523,25,1,50.04
19556,6524,18,1,425.25
19557,6524,149,2,254.2
19558,6524,54,3,119.66
19559,6524,77,3,0.0
19560,6525,77,1,0.0
19561,6525,94,2,610.92
19562,6525,124,2,144.21
19563,6525,8,4,611.79
19564,6526,51,1,521.96
19565,6527,140,1,80.4
19566,6527,41,1,574.12
19567,6528,2,4,536.34
19568,6528,138,4,126.38
19569,6528,116,1,499.37
19570,6529,77,1,0.0
19571,6529,92,4,416.84
19572,6530,22,1,759.83
19573,6530,96,1,385.9
19574,6531,31,3,682.52
19575,6531,48,1,107.37
19576,6531,124,2,127.43
19577,6531,98,1,569.99
19578,6531,79,1,499.3
19579,6532,42,2,458.23
19580,6532,15,2,715.52
19581,6533,21,1,658.67
19582,6533,15,1,715.52
19583,6533,95,1,550.05
19584,6534,140,3,80.4
19585,6534,63,3,82.09
19586,6535,137,4,704.57
19587,6535,20,1,511.22
19588,6535,127,2,349.21
19589,6535,33,2,680.29
19590,6535,14,3,754.03
19591,6536,25,4,50.04
19592,6537,137,4,704.57
19593,6537,24,4,767.98
19594,6537,100,2,135.3
19595,6537,147,1,532.48
19596,6538,79,1,499.3
19597,6539,7,3,797.36
19598,6539,143,4,488.21
19599,6539,144,4,507.04
19600,6539,112,4,306.6
19601,6540,137,2,704.57
19602,6540,104,2,556.7
19603,6541,81,1,226.08
19604,6541,71,3,326.37
19605,6541,92,4,416.84
19606,6541,106,2,256.39
19607,6542,135,1,457.51
19608,6542,46,3,566.86
19609,6542,132,2,660.44
19610,6542,93,4,-549.02
19611,6543,107,4,22.07
19612,6543,141,2,664.67
19613,6543,118,3,361.9
19614,6543,47,4,434.59
19615,6543,124,2,127.43
19616,6544,89,4,164.51
19617,6544,101,3,803.94
19618,6545,90,1,503.63
19619,6545,47,3,434.59
19620,6545,71,1,326.37
19621,6545,60,1,602.69
19622,6545,52,2,457.95
19623,6546,22,2,759.83
19624,6547,147,2,630.5
19625,6547,15,4,715.52
19626,6548,38,4,272.91
19627,6548,18,4,315.84
19628,6549,40,3,496.68
19629,6550,92,3,416.84
19630,6551,26,2,266.42
19631,6551,21,4,658.67
19632,6551,108,2,596.14
19633,6552,15,3,715.52
19634,6552,67,1,755.48
19635,6553,77,2,0.0
19636,6553,55,2,472.02
19637,6554,18,1,315.84
19638,6554,42,2,458.23
19639,6554,54,1,119.66
19640,6554,141,1,664.67
19641,6554,71,4,326.37
19642,6555,73,1,757.68
19643,6555,63,1,82.09
19644,6555,141,1,664.67
19645,6555,91,4,425.2
19646,6555,111,2,781.01
19647,6556,51,2,521.96
19648,6556,4,4,636.38
19649,6557,115,2,769.44
19650,6557,39,2,467.56
19651,6557,1,3,229.43
19652,6557,18,4,315.84
19653,6557,26,4,266.42
19654,6558,65,3,748.34
19655,6558,104,3,556.7
19656,6558,23,2,701.6
19657,6558,127,4,349.21
19658,6559,63,1,82.09
19659,6559,97,4,799.31
19660,6559,119,3,443.26
19661,6559,31,4,682.52
19662,6559,56,3,783.92
19663,6560,66,2,484.78
19664,6560,3,2,302.94
19665,6561,122,2,444.14
19666,6561,91,1,425.2
19667,6561,55,1,472.02
19668,6562,101,4,720.77
19669,6562,104,1,556.7
19670,6562,114,1,709.75
19671,6563,16,1,170.96
19672,6564,122,2,444.14
19673,6564,23,4,701.6
19674,6565,29,1,474.32
19675,6565,102,1,378.83
19676,6566,33,1,680.29
19677,6566,93,1,-549.02
19678,6566,141,4,664.67
19679,6566,111,1,781.01
19680,6566,46,4,566.86
19681,6567,148,1,777.04
19682,6567,119,3,443.26
19683,6568,33,4,680.29
19684,6568,100,4,110.82
19685,6569,119,4,443.26
19686,6569,54,3,119.66
19687,6569,59,1,402.24
19688,6569,42,4,458.23
19689,6570,93,2,-369.79
19690,6570,33,4,680.29
19691,6570,49,1,186.12
19692,6571,61,2,0.0
19693,6571,141,3,664.67
19694,6571,150,1,484.06
19695,6571,57,1,268.77
19696,6571,119,1,443.26
19697,6572,112,1,306.6
19698,6573,68,3,636.26
19699,6573,29,1,474.32
19700,6574,81,2,226.08
19701,6574,59,3,402.24
19702,6574,127,3,349.21
19703,6575,76,2,571.36
19704,6575,83,3,57.87
19705,6575,57,2,268.77
19706,6575,79,1,499.3
19707,6576,138,2,126.38
19708,6576,127,4,349.21
19709,6577,114,3,975.58
19710,6577,80,1,752.51
19711,6577,12,1,452.49
19712,6577,31,1,682.52
19713,6577,17,4,658.83
19714,6578,137,2,704.57
19715,6578,81,4,226.08
19716,6578,29,4,474.32
19717,6578,54,2,114.06
19718,6578,5,1,459.8
19719,6579,56,4,783.92
19720,6579,113,3,149.56
19721,6579,92,4,416.84
19722,6580,90,1,503.63
19723,6580,140,3,80.4
19724,6581,93,3,-549.02
19725,6581,96,4,385.9
19726,6581,129,3,356.8
19727,6581,72,3,248.19
19728,6581,37,3,253.77
19729,6582,149,1,254.2
19730,6582,15,2,715.52
19731,6582,17,4,658.83
19732,6583,48,3,107.37
19733,6584,43,2,25.96
19734,6585,100,4,110.82
19735,6585,80,3,752.51
19736,6585,122,2,444.14
19737,6586,54,2,119.66
19738,6586,137,2,704.57
19739,6586,65,2,748.34
19740,6586,36,3,495.03
19741,6586,32,2,176.75
19742,6587,112,3,306.6
19743,6587,88,4,581.3
19744,6588,15,3,715.52
19745,6588,86,2,35.96
19746,6589,19,4,582.15
19747,6589,44,3,14.87
19748,6589,74,4,429.76
19749,6590,9,1,185.56
19750,6591,143,2,488.21
19751,6592,71,1,326.37
19752,6592,95,2,550.05
19753,6592,73,2,757.68
19754,6593,117,4,723.89
19755,6594,8,1,611.79
19756,6594,20,1,511.22
19757,6594,110,3,335.07
19758,6594,86,1,35.23
19759,6594,108,3,596.14
19760,6595,97,1,799.31
19761,6595,136,4,254.21
19762,6595,114,2,709.75
19763,6596,11,2,117.66
19764,6596,139,1,322.53
19765,6597,26,4,266.42
19766,6598,81,1,195.58
19767,6598,122,3,444.14
19768,6598,66,2,484.78
19769,6598,10,3,221.31
19770,6598,133,3,53.99
19771,6599,60,2,602.69
19772,6599,67,2,755.48
19773,6599,24,2,767.98
19774,6599,11,4,117.66
19775,6599,56,2,783.92
19776,6600,132,2,660.44
19777,6600,46,2,566.86
19778,6601,27,1,470.69
19779,6601,45,4,157.83
19780,6602,88,1,581.3
19781,6602,103,3,163.53
19782,6603,125,1,60.95
19783,6603,42,2,458.23
19784,6603,145,2,229.11
19785,6603,19,1,582.15
19786,6603,123,1,717.17
19787,6604,79,3,397.85
19788,6604,129,4,356.8
19789,6605,132,4,660.44
19790,6605,101,2,720.77
19791,6606,35,4,593.85
19792,6606,45,3,157.83
19793,6607,83,3,57.87
19794,6608,120,3,163.71
19795,6608,114,1,709.75
19796,6609,72,1,248.19
19797,6609,95,1,550.05
19798,6609,32,2,176.75
19799,6610,143,4,488.21
19800,6610,71,1,326.37
19801,6611,35,4,593.85
19802,6611,121,4,643.49
19803,6611,110,2,335.07
19804,6612,143,4,488.21
19805,6612,87,4,353.29
19806,6612,47,4,434.59
19807,6612,58,4,558.64
19808,6612,66,3,484.78
19809,6613,56,4,783.92
19810,6613,63,4,82.09
19811,6614,132,1,619.63
19812,6614,14,2,754.03
19813,6614,91,1,425.2
19814,6615,34,2,369.27
19815,6615,90,1,503.63
19816,6615,99,2,707.47
19817,6615,137,2,704.57
19818,6615,24,3,767.98
19819,6616,81,2,226.08
19820,6616,104,4,556.7
19821,6616,68,4,636.26
19822,6616,51,4,521.96
19823,6617,120,2,163.71
19824,6617,117,4,723.89
19825,6617,45,2,157.83
19826,6617,92,4,416.84
19827,6617,93,1,-549.02
19828,6618,9,2,185.56
19829,6618,39,1,467.56
19830,6618,50,3,370.89
19831,6619,122,2,444.14
19832,6619,107,4,22.07
19833,6619,126,2,101.97
19834,6620,112,2,306.6
19835,6621,145,2,229.11
19836,6621,53,2,176.09
19837,6621,125,4,60.95
19838,6621,2,1,536.34
19839,6621,70,3,318.37
19840,6622,65,1,814.2
19841,6622,132,4,660.44
19842,6622,64,3,123.33
19843,6622,7,2,797.36
19844,6623,101,1,720.77
19845,6623,2,1,536.34
19846,6623,8,1,611.79
19847,6623,43,2,25.96
19848,6624,95,1,550.05
19849,6624,122,1,444.14
19850,6624,64,3,123.33
19851,6625,145,2,229.11
19852,6626,66,4,484.78
19853,6626,119,1,443.26
19854,6626,106,3,318.79
19855,6626,45,3,157.83
19856,6627,149,4,254.2
19857,6627,7,4,797.36
19858,6627,72,4,248.19
19859,6628,119,1,443.26
19860,6628,66,3,484.78
19861,6628,150,1,484.06
19862,6629,102,4,378.83
19863,6629,126,2,101.97
19864,6629,68,1,636.26
19865,6629,117,1,723.89
19866,6629,28,3,487.27
19867,6630,137,4,801.09
19868,6631,44,3,14.87
19869,6631,42,4,458.23
19870,6631,148,4,777.04
19871,6631,121,3,643.49
19872,6632,24,2,767.98
19873,6632,149,2,254.2
19874,6632,20,2,511.22
19875,6633,30,1,466.19
19876,6633,71,3,326.37
19877,6633,64,1,123.33
19878,6633,74,3,429.76
19879,6633,135,3,457.51
19880,6634,126,1,101.97
19881,6634,71,4,326.37
19882,6634,92,2,416.84
19883,6634,147,3,630.5
19884,6635,78,1,789.72
19885,6635,126,1,101.97
19886,6636,126,1,89.06
19887,6636,107,2,22.07
19888,6636,130,2,778.31
19889,6636,10,3,364.78
19890,6637,74,1,429.76
19891,6637,87,3,353.29
19892,6637,107,3,22.07
19893,6637,13,1,302.7
19894,6638,42,2,458.23
19895,6638,148,1,777.04
19896,6638,92,3,416.84
19897,6638,28,2,487.27
19898,6638,49,1,186.12
19899,6639,112,2,306.6
19900,6639,56,2,783.92
19901,6639,105,2,462.17
19902,6639,117,2,723.89
19903,6640,16,1,170.96
19904,6641,52,2,457.95
19905,6641,129,2,356.8
19906,6642,91,2,425.2
19907,6642,85,3,446.02
19908,6642,96,4,385.9
19909,6643,137,1,704.57
19910,6644,41,4,574.12
19911,6644,38,2,272.91
19912,6645,95,4,550.05
19913,6645,10,3,364.78
19914,6646,124,1,127.43
19915,6646,32,2,176.75
19916,6646,123,4,717.17
19917,6646,7,4,797.36
19918,6647,106,2,256.39
19919,6648,66,4,484.78
19920,6648,102,4,378.83
19921,6649,54,4,142.98
19922,6649,82,1,558.31
19923,6649,132,2,660.44
19924,6650,22,2,759.83
19925,6650,128,4,383.45
19926,6650,47,1,434.59
19927,6651,127,2,349.21
19928,6651,64,2,123.33
19929,6651,138,3,126.38
19930,6651,72,1,248.19
19931,6651,71,1,326.37
19932,6652,81,2,226.08
19933,6652,36,1,495.03
19934,6652,118,3,361.9
19935,6653,90,3,503.63
19936,6653,42,3,458.23
19937,6653,116,2,499.37
19938,6653,9,2,185.56
19939,6653,75,1,421.56
19940,6654,102,4,378.83
19941,6654,109,4,382.69
19942,6654,35,4,593.85
19943,6654,125,1,60.95
19944,6654,18,1,315.84
19945,6655,29,2,474.32
19946,6655,65,2,748.34
19947,6655,110,1,335.07
19948,6655,131,2,318.76
19949,6656,80,2,752.51
19950,6656,67,2,755.48
19951,6656,72,4,248.19
19952,6656,149,4,254.2
19953,6656,87,3,353.29
19954,6657,44,1,14.87
19955,6657,106,3,256.39
19956,6657,109,1,382.69
19957,6657,92,3,416.84
19958,6657,105,3,462.17
19959,6658,51,2,521.96
19960,6658,81,4,226.08
19961,6659,61,1,0.0
19962,6659,32,1,176.75
19963,6660,23,1,701.6
19964,6660,5,2,459.8
19965,6660,40,3,496.68
19966,6660,91,2,425.2
19967,6660,32,2,176.75
19968,6661,36,4,495.03
19969,6661,148,3,777.04
19970,6662,34,1,369.27
19971,6663,140,4,80.4
19972,6664,31,1,682.52
19973,6664,105,2,462.17
19974,6665,115,4,769.44
19975,6665,9,2,185.56
19976,6665,35,2,593.85
19977,6665,49,3,186.12
19978,6665,139,4,322.53
19979,6666,98,3,569.99
19980,6666,130,4,778.31
19981,6666,115,3,769.44
19982,6666,125,4,60.95
19983,6667,78,3,789.72
19984,6667,62,1,302.99
19985,6668,12,2,452.49
19986,6668,113,2,149.56
19987,6668,102,2,378.83
19988,6668,101,4,720.77
19989,6669,138,1,126.38
19990,6669,135,2,457.51
19991,6670,66,2,484.78
19992,6671,31,3,682.52
19993,6672,102,1,378.83
19994,6672,148,3,777.04
19995,6673,98,2,569.99
19996,6673,59,3,402.24
19997,6673,37,3,253.77
19998,6674,114,3,709.75
19999,6674,76,3,571.36
20000,6675,3,1,302.94
20001,6675,22,2,759.83
20002,6675,6,3,498.94
20003,6676,108,2,596.14
20004,6677,105,3,462.17
20005,6677,53,3,176.09
20006,6678,9,3,185.56
20007,6679,117,4,723.89
20008,6679,82,4,558.31
20009,6679,50,1,370.89
20010,6679,59,4,402.24
20011,6679,69,1,678.97
20012,6680,113,4,149.56
20013,6680,64,3,123.33
20014,6680,5,1,459.8
20015,6680,77,2,0.0
20016,6680,121,3,643.49
20017,6681,31,2,682.52
20018,6681,47,3,434.59
20019,6681,11,4,117.66
20020,6681,14,3,754.03
20021,6682,83,4,57.87
20022,6682,110,4,251.87
20023,6683,67,1,755.48
20024,6684,32,1,176.75
20025,6684,20,2,511.22
20026,6684,24,4,767.98
20027,6684,62,1,302.99
20028,6684,99,4,707.47
20029,6685,83,3,57.87
20030,6685,38,3,272.91
20031,6685,143,3,488.21
20032,6686,78,1,789.72
20033,6686,134,1,14.54
20034,6686,29,3,474.32
20035,6686,31,2,682.52
20036,6687,95,1,550.05
20037,6687,86,3,35.23
20038,6688,120,1,163.71
20039,6688,85,4,446.02
20040,6689,130,2,895.32
20041,6689,97,1,799.31
20042,6689,77,2,0.0
20043,6690,112,3,306.6
20044,6691,37,2,253.77
20045,6691,61,1,0.0
20046,6691,124,2,127.43
20047,6691,64,4,123.33
20048,6691,51,1,521.96
20049,6692,99,3,707.47
20050,6692,49,2,186.12
20051,6693,98,2,569.99
20052,6693,94,3,610.92
20053,6693,121,4,643.49
20054,6693,43,2,25.96
20055,6693,89,1,164.51
20056,6694,130,2,778.31
20057,6695,6,1,498.94
20058,6695,134,4,14.54
20059,6695,40,4,496.68
20060,6695,136,1,321.39
20061,6695,28,4,487.27
20062,6696,125,3,60.95
20063,6696,26,4,266.42
20064,6697,117,3,723.89
20065,6697,51,1,521.96
20066,6697,147,4,630.5
20067,6698,49,2,186.12
20068,6698,63,2,82.09
20069,6698,120,2,163.71
20070,6698,85,1,446.02
20071,6699,44,3,14.87
20072,6699,53,3,176.09
20073,6699,143,1,488.21
20074,6699,126,2,101.97
20075,6700,148,1,777.04
20076,6701,40,3,496.68
20077,6701,84,1,431.32
20078,6701,12,1,452.49
20079,6701,59,2,402.24
20080,6702,12,1,452.49
20081,6702,74,2,429.76
20082,6702,15,4,715.52
20083,6702,70,2,318.37
20084,6702,26,4,266.42
20085,6703,130,1,778.31
20086,6703,83,1,57.87
20087,6704,150,3,484.06
20088,6704,54,2,119.66
20089,6704,24,1,767.98
20090,6705,37,1,253.77
20091,6705,41,4,574.12
20092,6705,139,2,322.53
20093,6706,57,4,268.77
20094,6706,124,1,127.43
20095,6706,74,4,429.76
20096,6706,60,1,602.69
20097,6706,51,3,521.96
20098,6707,131,2,318.76
20099,6707,13,4,302.7
20100,6707,36,3,495.03
20101,6707,9,4,185.56
20102,6708,94,2,610.92
20103,6708,31,2,759.89
20104,6709,132,1,660.44
20105,6709,25,2,50.04
20106,6709,72,2,248.19
20107,6710,57,3,268.77
20108,6710,123,2,717.17
20109,6710,67,1,755.48
20110,6711,94,2,610.92
20111,6711,123,3,717.17
20112,6711,142,4,758.12
20113,6711,114,2,444.92
20114,6712,113,2,149.56
20115,6712,94,1,610.92
20116,6712,80,4,752.51
20117,6713,47,1,434.59
20118,6714,95,1,550.05
20119,6714,30,1,466.19
20120,6715,44,2,14.87
20121,6716,141,3,664.67
20122,6716,60,1,602.69
20123,6716,68,1,636.26
20124,6717,139,3,322.53
20125,6718,21,4,658.67
20126,6718,19,1,582.15
20127,6718,118,4,361.9
20128,6718,131,4,318.76
20129,6718,4,4,636.38
20130,6719,103,3,163.53
20131,6719,146,4,19.08
20132,6719,50,1,370.89
20133,6720,14,2,754.03
20134,6720,23,3,701.6
20135,6721,117,4,723.89
20136,6721,39,4,467.56
20137,6721,8,4,611.79
20138,6722,114,4,709.75
20139,6722,129,3,356.8
20140,6722,74,1,429.76
20141,6723,75,2,421.56
20142,6724,87,4,353.29
20143,6724,61,1,0.0
20144,6724,22,1,759.83
20145,6724,65,4,748.34
20146,6725,89,2,164.51
20147,6725,77,2,0.0
20148,6725,109,4,382.69
20149,6725,17,2,658.83
20150,6726,32,4,176.75
20151,6726,89,3,164.51
20152,6726,7,4,797.36
20153,6727,31,1,682.52
20154,6727,103,4,163.53
20155,6727,94,1,610.92
20156,6728,34,4,369.27
20157,6728,132,3,660.44
20158,6728,96,2,385.9
20159,6728,146,1,19.08
20160,6729,150,3,484.06
20161,6729,35,4,593.85
20162,6729,49,3,186.12
20163,6729,130,1,557.77
20164,6730,120,1,163.71
20165,6730,29,1,474.32
20166,6730,10,2,364.78
20167,6730,33,1,680.29
20168,6731,90,4,503.63
20169,6731,36,1,495.03
20170,6731,107,4,22.07
20171,6731,51,4,485.99
20172,6732,34,1,369.27
20173,6733,98,2,569.99
20174,6733,69,2,678.97
20175,6733,5,1,459.8
20176,6733,40,2,530.6
20177,6733,34,4,369.27
20178,6734,128,4,383.45
20179,6734,27,3,470.69
20180,6734,19,4,582.15
20181,6735,44,1,14.87
20182,6735,138,1,126.38
20183,6736,11,3,117.66
20184,6736,125,3,60.95
20185,6736,1,1,229.43
20186,6736,34,2,369.27
20187,6736,116,1,499.37
20188,6737,65,4,748.34
20189,6738,37,4,253.77
20190,6738,73,4,757.68
20191,6739,6,3,498.94
20192,6739,105,1,462.17
20193,6739,146,3,19.08
20194,6739,69,2,678.97
20195,6739,84,4,431.32
20196,6740,124,2,127.43
20197,6740,144,1,507.04
20198,6740,63,4,82.09
20199,6740,59,4,402.24
20200,6741,135,2,457.51
20201,6741,45,2,157.83
20202,6741,130,3,778.31
20203,6741,21,1,658.67
20204,6742,40,4,496.68
20205,6742,3,2,302.94
20206,6743,89,2,164.51
20207,6743,147,4,595.04
20208,6743,130,2,778.31
20209,6743,67,2,755.48
20210,6744,19,2,582.15
20211,6745,52,2,457.95
20212,6745,67,1,755.48
20213,6745,1,4,229.43
20214,6745,14,2,754.03
20215,6745,146,2,19.08
20216,6746,91,4,425.2
20217,6746,7,2,797.36
20218,6746,123,3,717.17
20219,6746,125,4,60.95
20220,6746,141,1,664.67
20221,6747,7,1,979.26
20222,6747,115,2,769.44
20223,6747,136,3,254.21
20224,6748,93,2,-549.02
20225,6748,96,4,385.9
20226,6748,105,1,462.17
20227,6748,50,2,370.89
20228,6749,133,2,53.99
20229,6750,124,3,127.43
20230,6751,60,4,602.69
20231,6751,120,3,163.71
20232,6751,128,4,383.45
20233,6752,49,1,186.12
20234,6752,76,2,571.36
20235,6753,46,1,566.86
20236,6753,104,2,556.7
20237,6754,29,1,474.32
20238,6754,34,3,369.27
20239,6754,49,1,186.12
20240,6755,71,4,326.37
20241,6755,109,4,382.69
20242,6755,88,4,581.3
20243,6755,77,1,0.0
20244,6756,46,1,566.86
20245,6756,97,3,799.31
20246,6756,146,3,19.08
20247,6756,91,1,425.2
20248,6757,32,1,176.75
20249,6757,95,3,550.05
20250,6758,73,3,757.68
20251,6758,65,3,748.34
20252,6758,59,4,402.24
20253,6758,23,1,701.6
20254,6758,96,1,360.3
20255,6759,90,4,503.63
20256,6759,120,2,163.71
20257,6760,47,4,434.59
20258,6760,134,4,14.54
20259,6760,79,4,499.3
20260,6760,148,1,777.04
20261,6760,54,3,119.66
20262,6761,77,4,0.0
20263,6761,135,1,457.51
20264,6761,119,1,443.26
20265,6762,28,2,487.27
20266,6762,141,2,860.96
20267,6762,113,2,149.56
20268,6763,119,1,443.26
20269,6763,50,1,370.89
20270,6763,24,2,767.98
20271,6763,142,4,758.12
20272,6763,39,1,467.56
20273,6764,99,3,707.47
20274,6764,114,2,709.75
20275,6764,130,3,778.31
20276,6764,5,1,459.8
20277,6764,45,2,157.83
20278,6765,45,1,157.83
20279,6765,94,1,610.92
20280,6766,8,4,611.79
20281,6766,34,2,369.27
20282,6766,136,2,254.21
20283,6766,71,4,326.37
20284,6766,15,2,715.52
20285,6767,7,4,797.36
20286,6767,25,1,60.49
20287,6768,74,2,429.76
20288,6768,145,4,229.11
20289,6768,113,2,149.56
20290,6769,32,2,176.75
20291,6769,8,4,611.79
20292,6770,2,4,536.34
20293,6770,102,1,378.83
20294,6771,150,3,484.06
20295,6771,25,4,50.04
20296,6772,68,1,636.26
20297,6772,118,2,361.9
20298,6772,37,4,253.77
20299,6772,88,1,581.3
20300,6773,48,2,107.37
20301,6773,84,3,431.32
20302,6774,13,2,302.7
20303,6774,8,4,611.79
20304,6774,3,3,302.94
20305,6774,95,4,550.05
20306,6775,6,3,498.94
20307,6775,79,1,499.3
20308,6775,32,3,176.75
20309,6775,81,4,226.08
20310,6776,54,4,119.66
20311,6776,150,1,484.06
20312,6776,67,1,755.48
20313,6776,68,1,636.26
20314,6776,41,1,574.12
20315,6777,32,1,176.75
20316,6777,2,2,536.34
20317,6777,132,3,660.44
20318,6778,3,1,302.94
20319,6779,65,2,748.34
20320,6779,38,3,272.91
20321,6779,149,4,254.2
20322,6779,91,4,425.2
20323,6779,113,2,149.56
20324,6780,5,2,522.34
20325,6780,130,2,778.31
20326,6780,90,2,503.63
20327,6781,29,4,474.32
20328,6781,73,1,757.68
20329,6781,113,1,149.56
20330,6782,40,3,496.68
20331,6782,136,3,254.21
20332,6783,29,4,474.32
20333,6783,1,1,229.43
20334,6784,110,3,335.07
20335,6784,36,1,495.03
20336,6784,101,2,720.77
20337,6784,147,4,630.5
20338,6784,21,4,658.67
20339,6785,47,3,434.59
20340,6785,89,3,164.51
20341,6786,46,1,566.86
20342,6786,9,4,185.56
20343,6786,138,3,126.38
20344,6787,99,1,707.47
20345,6787,66,2,484.78
20346,6787,150,4,484.06
20347,6787,57,4,268.77
20348,6788,42,3,458.23
20349,6788,127,3,349.21
20350,6788,115,4,769.44
20351,6788,122,3,444.14
20352,6789,50,2,370.89
20353,6790,106,2,256.39
20354,6790,81,3,226.08
20355,6790,13,2,302.7
20356,6790,58,2,558.64
20357,6791,59,4,402.24
20358,6791,102,4,378.83
20359,6792,77,4,0.0
20360,6792,54,4,119.66
20361,6792,90,4,503.63
20362,6793,47,1,434.59
20363,6794,16,1,170.96
20364,6795,101,3,720.77
20365,6795,38,4,272.91
20366,6795,139,2,322.53
20367,6796,79,2,499.3
20368,6796,121,1,396.94
20369,6796,92,1,416.84
20370,6796,33,1,680.29
20371,6796,6,4,498.94
20372,6797,62,3,302.99
20373,6798,82,4,558.31
20374,6799,63,3,82.09
20375,6799,19,4,582.15
20376,6799,28,1,487.27
20377,6799,94,3,610.92
20378,6800,133,2,53.99
20379,6801,24,2,767.98
20380,6801,92,2,416.84
20381,6802,66,1,484.78
20382,6803,41,1,574.12
20383,6804,59,1,402.24
20384,6804,148,2,777.04
20385,6804,96,4,385.9
20386,6804,13,2,302.7
20387,6804,82,1,558.31
20388,6805,96,3,385.9
20389,6805,52,2,457.95
20390,6805,129,1,356.8
20391,6806,61,2,0.0
20392,6806,102,2,378.83
20393,6806,43,2,25.96
20394,6806,24,3,767.98
20395,6807,34,2,369.27
20396,6807,58,2,558.64
20397,6807,46,2,566.86
20398,6807,1,3,229.43
20399,6807,56,2,783.92
20400,6808,80,2,752.51
20401,6808,109,4,382.69
20402,6808,72,4,248.19
20403,6809,7,2,797.36
20404,6809,121,2,643.49
20405,6809,10,3,364.78
20406,6809,113,2,149.56
20407,6809,19,1,432.41
20408,6810,20,3,511.22
20409,6810,123,4,717.17
20410,6810,46,4,566.86
20411,6810,19,3,582.15
20412,6810,30,4,466.19
20413,6811,62,3,302.99
20414,6811,140,2,80.4
20415,6812,9,4,185.56
20416,6813,22,1,759.83
20417,6813,81,3,226.08
20418,6813,95,2,550.05
20419,6813,121,3,643.49
20420,6814,42,3,458.23
20421,6814,130,3,778.31
20422,6815,75,2,421.56
20423,6815,100,3,110.82
20424,6815,87,1,353.29
20425,6815,137,4,704.57
20426,6815,111,3,781.01
20427,6816,11,2,117.66
20428,6816,30,3,466.19
20429,6816,103,2,172.69
20430,6816,99,4,707.47
20431,6816,74,3,429.76
20432,6817,63,1,82.09
20433,6818,40,4,496.68
20434,6818,79,1,499.3
20435,6818,27,1,470.69
20436,6819,113,4,149.56
20437,6819,68,3,636.26
20438,6819,144,3,507.04
20439,6819,71,4,326.37
20440,6820,54,3,119.66
20441,6821,105,3,462.17
20442,6821,9,4,185.56
20443,6821,75,2,421.56
20444,6821,88,3,581.3
20445,6821,143,3,488.21
20446,6822,68,2,636.26
20447,6822,145,4,229.11
20448,6823,91,3,425.2
20449,6823,14,1,754.03
20450,6823,136,1,254.21
20451,6824,25,1,50.04
20452,6824,7,4,797.36
20453,6824,104,1,556.7
20454,6825,63,1,82.09
20455,6825,142,3,758.12
20456,6826,21,1,658.67
20457,6827,118,3,361.9
20458,6828,138,4,126.38
20459,6828,125,3,60.95
20460,6829,21,1,658.67
20461,6829,31,3,682.52
20462,6829,84,2,431.32
20463,6829,14,1,754.03
20464,6829,62,1,302.99
20465,6830,6,2,498.94
20466,6830,9,2,185.56
20467,6830,26,3,266.42
20468,6830,84,1,431.32
20469,6831,93,3,-549.02
20470,6831,21,4,658.67
20471,6831,26,2,266.42
20472,6831,2,1,536.34
20473,6832,71,2,326.37
20474,6832,35,3,593.85
20475,6832,60,3,602.69
20476,6832,49,2,186.12
20477,6833,58,3,558.64
20478,6833,144,1,507.04
20479,6833,138,4,126.38
20480,6833,108,1,596.14
20481,6834,15,3,715.52
20482,6835,148,4,777.04
20483,6835,36,1,495.03
20484,6835,60,4,602.69
20485,6835,78,3,789.72
20486,6835,46,4,566.86
20487,6836,79,1,369.79
20488,6837,95,4,550.05
20489,6837,66,4,484.78
20490,6837,84,2,431.32
20491,6838,58,2,558.64
20492,6838,84,2,431.32
20493,6838,124,3,127.43
20494,6838,2,2,536.34
20495,6839,116,3,499.37
20496,6840,10,4,364.78
20497,6840,124,2,127.43
20498,6841,44,4,14.87
20499,6841,95,4,550.05
20500,6842,123,2,717.17
20501,6842,36,2,495.03
20502,6842,105,2,462.17
20503,6843,29,2,474.32
20504,6843,124,4,127.43
20505,6844,44,1,14.87
20506,6844,113,2,149.56
20507,6844,22,3,759.83
20508,6845,54,3,119.66
20509,6846,126,3,101.97
20510,6846,77,2,0.0
20511,6846,130,4,778.31
20512,6847,78,1,789.72
20513,6847,134,2,19.86
20514,6847,123,2,717.17
20515,6847,107,1,22.07
20516,6848,86,2,35.23
20517,6848,5,1,459.8
20518,6849,1,3,229.43
20519,6849,101,3,720.77
20520,6849,125,1,60.95
20521,6850,33,1,680.29
20522,6850,21,3,658.67
20523,6851,76,1,571.36
20524,6851,7,1,797.36
20525,6851,112,1,306.6
20526,6851,123,4,717.17
20527,6851,38,1,272.91
20528,6852,91,1,425.2
20529,6852,48,3,107.37
20530,6853,25,1,50.04
20531,6853,119,2,443.26
20532,6853,150,1,484.06
20533,6854,63,3,61.51
20534,6854,5,1,459.8
20535,6854,138,4,126.38
20536,6854,121,2,660.51
20537,6854,69,1,678.97
20538,6855,49,1,186.12
20539,6856,139,3,322.53
20540,6857,140,3,80.4
20541,6857,64,2,123.33
20542,6857,118,4,361.9
20543,6857,71,2,326.37
20544,6858,23,2,701.6
20545,6858,142,3,758.12
20546,6859,136,3,254.21
20547,6859,66,2,484.78
20548,6859,148,1,777.04
20549,6859,129,3,356.8
20550,6860,116,4,499.37
20551,6860,13,2,302.7
20552,6860,73,1,757.68
20553,6860,47,2,434.59
20554,6861,54,3,119.66
20555,6861,46,1,566.86
20556,6862,102,1,378.83
20557,6863,123,2,717.17
20558,6863,3,1,302.94
20559,6863,94,4,610.92
20560,6864,75,1,421.56
20561,6864,11,2,117.66
20562,6864,53,2,176.09
20563,6864,110,3,335.07
20564,6865,144,1,507.04
20565,6865,19,1,582.15
20566,6865,18,1,315.84
20567,6865,90,2,503.63
20568,6866,70,4,318.37
20569,6867,139,4,322.53
20570,6867,45,2,157.83
20571,6868,78,3,789.72
20572,6868,58,2,558.64
20573,6868,122,3,444.14
20574,6868,70,1,318.37
20575,6868,104,4,556.7
20576,6869,136,4,254.21
20577,6869,21,3,658.67
20578,6870,117,2,723.89
20579,6870,145,2,229.11
20580,6870,96,4,385.9
20581,6870,55,1,472.02
20582,6870,10,4,364.78
20583,6871,19,1,582.15
20584,6871,103,3,163.53
20585,6871,122,4,444.14
20586,6871,67,2,755.48
20587,6871,102,1,378.83
20588,6872,67,4,755.48
20589,6872,18,2,315.84
20590,6872,133,3,53.99
20591,6873,118,1,361.9
20592,6873,14,1,754.03
20593,6873,113,1,149.56
20594,6873,102,1,378.83
20595,6874,89,2,164.51
20596,6875,57,1,268.77
20597,6875,70,2,318.37
20598,6876,104,2,556.7
20599,6877,37,4,253.77
20600,6877,113,2,149.56
20601,6878,32,1,176.75
20602,6879,86,1,35.23
20603,6879,146,2,19.08
20604,6879,131,1,318.76
20605,6879,103,2,163.53
20606,6880,4,2,404.43
20607,6880,74,3,429.76
20608,6880,133,3,53.99
20609,6880,34,3,369.27
20610,6880,75,3,421.56
20611,6881,118,1,361.9
20612,6881,1,1,229.43
20613,6881,142,2,758.12
20614,6882,115,2,769.44
20615,6883,18,4,315.84
20616,6883,87,3,353.29
20617,6883,10,1,364.78
20618,6883,102,3,378.83
20619,6883,126,1,101.97
20620,6884,97,3,799.31
20621,6884,58,3,558.64
20622,6884,6,1,498.94
20623,6884,117,4,723.89
20624,6884,148,3,777.04
20625,6885,106,1,256.39
20626,6885,114,4,709.75
20627,6885,61,1,0.0
20628,6885,129,4,356.8
20629,6886,150,3,484.06
20630,6886,76,2,571.36
20631,6886,54,1,119.66
20632,6887,70,3,318.37
20633,6887,131,1,318.76
20634,6888,145,1,229.11
20635,6888,144,4,507.04
20636,6888,58,2,558.64
20637,6888,14,2,754.03
20638,6889,99,2,707.47
20639,6889,86,2,35.23
20640,6889,85,3,446.02
20641,6889,62,3,302.99
20642,6890,61,4,0.0
20643,6891,91,2,425.2
20644,6892,106,4,256.39
20645,6892,19,3,582.15
20646,6892,25,1,50.04
20647,6892,83,4,57.87
20648,6893,86,3,35.23
20649,6894,84,2,431.32
20650,6894,125,1,60.95
20651,6895,141,3,664.67
20652,6896,73,1,757.68
20653,6896,145,2,229.11
20654,6897,46,1,566.86
20655,6898,108,3,557.96
20656,6898,106,3,256.39
20657,6898,25,2,50.04
20658,6898,123,3,717.17
20659,6898,71,2,326.37
20660,6899,124,1,127.43
20661,6899,69,3,678.97
20662,6900,142,3,758.12
20663,6900,104,4,556.7
20664,6900,140,2,80.4
20665,6901,114,4,709.75
20666,6901,73,3,757.68
20667,6901,77,3,0.0
20668,6901,103,4,163.53
20669,6902,87,1,353.29
20670,6902,52,2,457.95
20671,6902,111,2,781.01
20672,6903,89,1,164.51
20673,6904,117,3,723.89
20674,6904,68,3,636.26
20675,6904,113,1,149.56
20676,6904,74,1,429.76
20677,6904,56,3,783.92
20678,6905,90,1,503.63
20679,6905,27,4,470.69
20680,6906,132,4,660.44
20681,6906,114,4,709.75
20682,6906,121,1,643.49
20683,6907,9,1,185.56
20684,6907,127,1,349.21
20685,6907,28,1,487.27
20686,6907,47,3,434.59
20687,6907,23,2,701.6
20688,6908,114,3,709.75
20689,6908,137,3,704.57
20690,6908,122,4,444.14
20691,6908,89,4,164.51
20692,6908,85,4,446.02
20693,6909,121,4,643.49
20694,6909,112,3,306.6
20695,6909,67,1,755.48
20696,6909,98,2,569.99
20697,6910,119,1,443.26
20698,6910,28,3,487.27
20699,6910,137,2,704.57
20700,6910,60,1,602.69
20701,6910,148,4,777.04
20702,6911,39,2,467.56
20703,6911,60,3,602.69
20704,6911,76,2,571.36
20705,6912,63,3,82.09
20706,6912,80,3,752.51
20707,6913,27,2,470.69
20708,6914,69,1,678.97
20709,6914,136,2,254.21
20710,6914,53,4,176.09
20711,6915,60,3,602.69
20712,6915,134,3,14.54
20713,6916,113,4,149.56
20714,6917,114,3,709.75
20715,6917,55,2,472.02
20716,6917,6,2,498.94
20717,6917,97,1,799.31
20718,6917,63,1,82.09
20719,6918,10,1,364.78
20720,6918,131,4,318.76
20721,6918,17,3,658.83
20722,6919,66,4,484.78
20723,6919,21,4,658.67
20724,6919,138,4,126.38
20725,6920,36,2,495.03
20726,6920,56,2,783.92
20727,6920,3,2,302.94
20728,6921,146,1,19.08
20729,6921,75,3,421.56
20730,6922,25,3,50.04
20731,6922,44,1,14.87
20732,6922,139,4,322.53
20733,6922,90,2,503.63
20734,6923,3,4,302.94
20735,6923,140,3,80.4
20736,6923,53,3,176.09
20737,6923,71,3,326.37
20738,6924,49,3,186.12
20739,6924,53,4,176.09
20740,6925,135,3,457.51
20741,6926,102,3,378.83
20742,6926,103,1,163.53
20743,6926,11,2,117.66
20744,6926,114,3,709.75
20745,6926,113,4,149.56
20746,6927,62,4,302.99
20747,6927,8,4,611.79
20748,6927,54,1,119.66
20749,6927,66,4,484.78
20750,6927,118,3,361.9
20751,6928,64,1,123.33
20752,6928,82,1,558.31
20753,6929,43,1,25.96
20754,6929,148,1,777.04
20755,6929,60,4,602.69
20756,6930,143,3,488.21
20757,6930,74,2,429.76
20758,6930,98,4,569.99
20759,6930,35,4,593.85
20760,6931,21,3,658.67
20761,6931,25,4,50.04
20762,6932,130,1,778.31
20763,6932,21,3,658.67
20764,6932,147,2,630.5
20765,6932,122,2,444.14
20766,6933,84,2,431.32
20767,6933,33,4,680.29
20768,6933,54,4,119.66
20769,6933,140,3,80.4
20770,6933,14,1,754.03
20771,6934,119,1,443.26
20772,6934,62,4,302.99
20773,6934,34,3,369.27
20774,6934,47,1,434.59
20775,6935,6,3,498.94
20776,6935,49,2,186.12
20777,6936,33,4,680.29
20778,6936,110,2,335.07
20779,6936,73,4,757.68
20780,6936,14,2,754.03
20781,6936,39,3,467.56
20782,6937,48,2,107.37
20783,6937,93,1,-549.02
20784,6937,121,2,643.49
20785,6938,69,1,678.97
20786,6938,37,1,253.77
20787,6939,81,3,226.08
20788,6939,144,2,507.04
20789,6940,33,2,680.29
20790,6941,111,1,781.01
20791,6942,14,3,754.03
20792,6942,81,4,226.08
20793,6942,99,4,707.47
20794,6942,83,2,57.87
20795,6942,63,4,82.09
20796,6943,117,2,723.89
20797,6943,124,2,127.43
20798,6943,138,3,126.38
20799,6943,65,3,748.34
20800,6943,41,4,574.12
20801,6944,123,3,717.17
20802,6944,47,2,434.59
20803,6945,93,3,-549.02
20804,6945,122,4,444.14
20805,6945,43,1,25.96
20806,6945,47,3,434.59
20807,6946,80,2,752.51
20808,6946,32,3,176.75
20809,6946,144,1,507.04
20810,6947,117,3,723.89
20811,6947,9,1,185.56
20812,6947,77,2,0.0
20813,6947,26,4,266.42
20814,6947,79,3,499.3
20815,6948,29,1,474.32
20816,6949,115,4,769.44
20817,6949,57,4,268.77
20818,6949,109,2,382.69
20819,6949,124,1,127.43
20820,6949,71,3,326.37
20821,6950,107,1,22.07
20822,6950,128,2,383.45
20823,6950,42,1,458.23
20824,6950,37,1,253.77
20825,6950,45,3,216.04
20826,6951,126,3,101.97
20827,6952,78,2,789.72
20828,6952,136,4,254.21
20829,6952,117,3,723.89
20830,6953,83,1,57.87
20831,6953,20,3,511.22
20832,6953,91,2,425.2
20833,6954,110,4,335.07
20834,6954,17,4,658.83
20835,6954,59,3,402.24
20836,6955,27,3,470.69
20837,6955,106,4,256.39
20838,6955,42,3,458.23
20839,6955,30,3,466.19
20840,6955,148,2,940.7
20841,6956,64,3,123.33
20842,6956,49,4,186.12
20843,6956,86,2,35.23
20844,6956,125,2,60.95
20845,6956,7,4,797.36
20846,6957,85,4,446.02
20847,6957,111,1,781.01
20848,6957,119,2,443.26
20849,6958,14,4,754.03
20850,6958,40,1,496.68
20851,6958,56,1,783.92
20852,6958,111,1,781.01
20853,6958,5,3,459.8
20854,6959,85,2,446.02
20855,6960,3,3,302.94
20856,6960,60,2,602.69
20857,6960,94,1,610.92
20858,6960,110,4,335.07
20859,6960,129,3,356.8
20860,6961,122,1,444.14
20861,6961,5,4,459.8
20862,6962,100,4,110.82
20863,6963,19,3,582.15
20864,6964,6,1,498.94
20865,6964,98,4,569.99
20866,6964,150,1,484.06
20867,6964,88,3,581.3
20868,6964,51,4,521.96
20869,6965,145,2,229.11
20870,6965,91,2,425.2
20871,6965,5,1,459.8
20872,6965,131,4,318.76
20873,6966,131,4,318.76
20874,6966,101,3,720.77
20875,6967,74,3,429.76
20876,6967,1,3,229.43
20877,6967,28,4,487.27
20878,6967,142,1,758.12
20879,6967,108,1,596.14
20880,6968,81,4,226.08
20881,6968,144,3,507.04
20882,6968,104,3,556.7
20883,6969,63,1,82.09
20884,6969,62,4,302.99
20885,6969,38,4,272.91
20886,6969,96,4,385.9
20887,6970,79,4,499.3
20888,6970,85,2,446.02
20889,6970,30,2,466.19
20890,6970,47,4,434.59
20891,6971,32,4,176.75
20892,6971,102,1,378.83
20893,6971,84,3,431.32
20894,6971,136,4,254.21
20895,6971,122,3,444.14
20896,6972,29,1,474.32
20897,6972,86,1,30.65
20898,6972,61,4,0.0
20899,6972,60,4,602.69
20900,6972,144,2,507.04
20901,6973,24,2,767.98
20902,6973,8,1,611.79
20903,6973,133,4,53.99
20904,6974,43,3,25.96
20905,6974,53,3,176.09
20906,6974,147,4,630.5
20907,6975,106,2,256.39
20908,6975,125,4,60.95
20909,6975,34,2,369.27
20910,6975,117,1,723.89
20911,6975,115,4,769.44
20912,6976,99,1,707.47
20913,6976,77,4,0.0
20914,6976,4,4,636.38
20915,6976,101,3,720.77
20916,6976,57,4,268.77
20917,6977,8,4,611.79
20918,6977,138,2,126.38
20919,6977,113,2,149.56
20920,6978,34,2,369.27
20921,6978,147,3,630.5
20922,6978,120,3,163.71
20923,6978,101,2,720.77
20924,6979,93,4,-549.02
20925,6979,80,2,752.51
20926,6979,51,3,521.96
20927,6979,47,3,434.59
20928,6979,21,3,658.67
20929,6980,120,1,163.71
20930,6980,131,2,318.76
20931,6980,53,2,176.09
20932,6981,114,1,709.75
20933,6982,89,2,164.51
20934,6982,4,2,636.38
20935,6982,92,4,416.84
20936,6982,35,2,593.85
20937,6983,113,2,149.56
20938,6984,90,2,503.63
20939,6984,43,1,25.96
20940,6985,54,2,119.66
20941,6985,112,4,382.37
20942,6986,148,3,777.04
20943,6986,138,2,126.38
20944,6987,80,4,752.51
20945,6987,124,2,127.43
20946,6987,16,1,170.96
20947,6988,139,1,322.53
20948,6988,70,4,318.37
20949,6988,118,2,361.9
20950,6989,61,2,0.0
20951,6989,31,1,682.52
20952,6989,108,2,596.14
20953,6990,68,1,636.26
20954,6990,61,2,0.0
20955,6990,81,4,226.08
20956,6991,110,1,335.07
20957,6991,43,2,25.96
20958,6991,90,4,503.63
20959,6991,65,1,748.34
20960,6991,139,2,322.53
20961,6992,12,1,452.49
20962,6993,4,1,636.38
20963,6994,145,4,229.11
20964,6994,1,1,229.43
20965,6994,46,1,566.86
20966,6994,56,2,783.92
20967,6994,21,4,658.67
20968,6995,6,1,498.94
20969,6995,77,1,0.0
20970,6995,79,1,499.3
20971,6995,129,4,356.8
20972,6996,128,4,383.45
20973,6996,26,1,266.42
20974,6996,133,2,53.99
20975,6997,107,1,22.07
20976,6997,89,3,164.51
20977,6998,7,3,797.36
20978,6999,76,3,571.36
20979,6999,41,2,574.12
20980,6999,145,3,229.11
20981,6999,118,1,361.9
20982,6999,120,3,163.71
20983,7000,14,3,754.03
20984,7000,47,3,434.59
20985,7000,31,2,682.52
20986,7000,86,2,35.23
20987,7000,53,2,176.09
20988,7001,54,4,119.66
20989,7001,146,3,19.08
20990,7001,148,2,777.04
20991,7001,97,2,799.31
20992,7002,141,1,664.67
20993,7002,75,4,421.56
20994,7002,47,2,434.59
20995,7002,16,2,170.96
20996,7002,107,1,22.07
20997,7003,93,1,-549.02
20998,7003,77,1,0.0
20999,7003,26,4,266.42
21000,7003,97,3,799.31
21001,7004,133,1,53.99
21002,7004,18,4,315.84
21003,7004,11,2,117.66
21004,7004,64,2,123.33
21005,7004,147,3,630.5
21006,7005,121,3,643.49
21007,7006,50,4,370.89
21008,7006,38,4,272.91
21009,7006,122,2,444.14
21010,7007,122,1,444.14
21011,7007,37,2,253.77
21012,7008,144,1,507.04
21013,7008,47,4,434.59
21014,7008,3,4,302.94
21015,7008,124,2,127.43
21016,7008,56,2,783.92
21017,7009,38,4,272.91
21018,7009,32,2,176.75
21019,7010,147,2,630.5
21020,7010,65,1,748.34
21021,7011,132,2,660.44
21022,7011,116,4,499.37
21023,7011,60,4,602.69
21024,7012,60,4,602.69
21025,7013,18,3,315.84
21026,7013,6,3,498.94
21027,7013,68,2,636.26
21028,7013,60,4,602.69
21029,7013,134,1,14.54
21030,7014,51,4,521.96
21031,7014,110,4,335.07
21032,7014,79,3,499.3
21033,7014,82,1,558.31
21034,7014,117,2,723.89
21035,7015,98,1,569.99
21036,7015,126,3,101.97
21037,7015,22,3,759.83
21038,7015,20,2,511.22
21039,7016,142,1,758.12
21040,7016,87,1,353.29
21041,7016,37,2,253.77
21042,7017,7,3,797.36
21043,7017,123,2,717.17
21044,7017,34,4,369.27
21045,7017,53,2,225.39
21046,7017,68,3,636.26
21047,7018,7,1,797.36
21048,7018,72,1,233.69
21049,7018,11,1,117.66
21050,7019,44,4,14.87
21051,7019,20,2,511.22
21052,7020,119,3,443.26
21053,7020,29,4,474.32
21054,7020,138,4,126.38
21055,7020,148,4,777.04
21056,7021,19,4,582.15
21057,7022,38,1,272.91
21058,7023,148,1,777.04
21059,7023,69,4,678.97
21060,7023,136,4,254.21
21061,7023,126,3,101.97
21062,7024,130,2,778.31
21063,7024,102,3,378.83
21064,7025,115,1,769.44
21065,7025,120,4,163.71
21066,7025,68,2,636.26
21067,7026,91,2,425.2
21068,7026,137,1,704.57
21069,7026,72,1,248.19
21070,7027,23,3,701.6
21071,7027,111,1,781.01
21072,7028,112,1,306.6
21073,7028,83,4,57.87
21074,7028,78,4,789.72
21075,7028,9,4,185.56
21076,7029,98,4,569.99
21077,7029,116,1,499.37
21078,7030,17,2,658.83
21079,7030,124,3,127.43
21080,7030,92,1,416.84
21081,7030,138,2,126.38
21082,7030,110,1,335.07
21083,7031,27,4,470.69
21084,7031,21,3,658.67
21085,7032,61,1,0.0
21086,7032,72,3,248.19
21087,7032,96,1,385.9
21088,7033,96,2,385.9
21089,7033,110,4,430.39
21090,7033,124,3,127.43
21091,7033,33,4,680.29
21092,7033,11,3,117.66
21093,7034,50,1,370.89
21094,7034,56,1,783.92
21095,7034,73,2,757.68
21096,7034,17,2,658.83
21097,7034,129,3,356.8
21098,7035,129,4,356.8
21099,7035,83,4,57.87
21100,7035,92,3,416.84
21101,7036,86,1,35.23
21102,7036,49,4,186.12
21103,7036,47,2,434.59
21104,7037,104,4,556.7
21105,7037,125,3,60.95
21106,7037,63,2,82.09
21107,7037,35,2,593.85
21108,7037,1,4,229.43
21109,7038,73,1,757.68
21110,7038,27,4,470.69
21111,7038,106,2,256.39
21112,7038,56,4,783.92
21113,7038,1,2,229.43
21114,7039,89,4,164.51
21115,7039,143,3,488.21
21116,7039,88,1,581.3
21117,7039,48,2,107.37
21118,7039,19,2,582.15
21119,7040,47,3,434.59
21120,7040,77,3,0.0
21121,7040,27,2,470.69
21122,7041,69,1,678.97
21123,7041,72,4,248.19
21124,7041,117,2,723.89
21125,7041,12,1,452.49
21126,7042,60,1,450.07
21127,7042,146,4,19.08
21128,7042,127,1,349.21
21129,7042,64,1,123.33
21130,7043,51,4,521.96
21131,7043,135,1,457.51
21132,7044,72,3,248.19
21133,7044,58,1,558.64
21134,7045,47,1,434.59
21135,7046,66,4,365.42
21136,7046,63,2,82.09
21137,7046,1,4,229.43
21138,7046,62,2,302.99
21139,7046,22,1,759.83
21140,7047,122,4,444.14
21141,7047,77,4,0.0
21142,7047,128,2,383.45
21143,7047,51,2,521.96
21144,7048,90,1,503.63
21145,7049,66,4,484.78
21146,7049,25,1,50.04
21147,7049,136,1,254.21
21148,7049,21,4,658.67
21149,7050,118,3,361.9
21150,7050,36,1,495.03
21151,7050,88,3,581.3
21152,7051,118,2,361.9
21153,7051,120,2,163.71
21154,7051,114,4,709.75
21155,7051,76,4,571.36
21156,7052,124,1,127.43
21157,7052,27,1,470.69
21158,7052,60,1,602.69
21159,7052,117,3,723.89
21160,7053,135,3,457.51
21161,7053,8,2,611.79
21162,7053,97,4,799.31
21163,7053,44,1,14.87
21164,7054,123,2,717.17
21165,7054,37,2,253.77
21166,7054,105,4,462.17
21167,7055,8,3,611.79
21168,7055,58,4,558.64
21169,7055,91,1,411.23
21170,7055,1,1,229.43
21171,7056,120,4,163.71
21172,7057,99,4,707.47
21173,7057,119,3,443.26
21174,7057,76,3,571.36
21175,7058,3,4,302.94
21176,7058,50,3,370.89
21177,7059,18,2,315.84
21178,7059,101,3,720.77
21179,7059,150,3,484.06
21180,7059,89,4,164.51
21181,7060,50,3,370.89
21182,7060,74,1,429.76
21183,7060,5,4,459.8
21184,7060,104,2,556.7
21185,7060,140,3,80.4
21186,7061,140,3,80.4
21187,7061,123,2,717.17
21188,7061,100,2,110.82
21189,7061,41,2,574.12
21190,7062,124,2,127.43
21191,7062,126,4,101.97
21192,7062,138,4,126.38
21193,7062,61,1,0.0
21194,7063,70,4,318.37
21195,7063,134,3,14.54
21196,7064,139,3,322.53
21197,7064,59,2,402.24
21198,7064,99,4,707.47
21199,7065,20,3,511.22
21200,7066,103,3,163.53
21201,7066,55,4,472.02
21202,7067,84,4,431.32
21203,7068,140,2,80.4
21204,7068,113,2,149.56
21205,7069,77,3,0.0
21206,7069,1,3,229.43
21207,7069,50,2,370.89
21208,7069,132,3,660.44
21209,7069,21,3,658.67
21210,7070,110,4,335.07
21211,7070,24,3,767.98
21212,7071,107,3,22.07
21213,7072,118,1,361.9
21214,7073,29,2,474.32
21215,7073,129,2,356.8
21216,7073,49,4,186.12
21217,7074,74,3,429.76
21218,7074,133,4,53.99
21219,7074,42,4,458.23
21220,7074,59,4,402.24
21221,7075,100,4,110.82
21222,7075,97,3,799.31
21223,7075,26,3,266.42
21224,7075,35,2,593.85
21225,7076,31,2,682.52
21226,7076,36,1,495.03
21227,7076,74,1,429.76
21228,7076,79,3,499.3
21229,7076,147,3,630.5
21230,7077,96,3,385.9
21231,7077,149,3,254.2
21232,7077,30,3,466.19
21233,7077,98,3,569.99
21234,7078,57,4,268.77
21235,7078,79,4,499.3
21236,7079,28,3,487.27
21237,7080,63,3,82.09
21238,7081,128,3,383.45
21239,7081,14,1,754.03
21240,7082,50,4,370.89
21241,7082,66,1,484.78
21242,7082,93,1,-549.02
21243,7082,106,2,256.39
21244,7082,44,2,14.87
21245,7083,47,1,434.59
21246,7083,108,3,596.14
21247,7083,14,1,754.03
21248,7084,79,1,499.3
21249,7084,119,3,443.26
21250,7085,15,3,715.52
21251,7085,67,4,755.48
21252,7085,21,2,658.67
21253,7085,70,4,318.37
21254,7086,4,1,636.38
21255,7086,23,2,701.6
21256,7087,70,1,318.37
21257,7087,133,2,53.99
21258,7087,9,2,185.56
21259,7087,143,1,488.21
21260,7087,115,1,769.44
21261,7088,50,1,370.89
21262,7088,54,4,119.66
21263,7088,93,3,-549.02
21264,7088,27,3,470.69
21265,7089,123,3,601.25
21266,7090,72,1,248.19
21267,7090,2,2,536.34
21268,7090,102,1,378.83
21269,7090,13,4,302.7
21270,7091,33,1,680.29
21271,7091,83,3,57.87
21272,7091,116,3,499.37
21273,7092,89,4,164.51
21274,7092,90,2,503.63
21275,7092,19,4,582.15
21276,7093,148,4,777.04
21277,7093,122,3,444.14
21278,7093,101,3,720.77
21279,7093,114,1,709.75
21280,7093,116,1,499.37
21281,7094,72,4,248.19
21282,7095,99,4,460.55
21283,7095,149,2,254.2
21284,7095,105,1,462.17
21285,7095,126,3,101.97
21286,7095,91,4,425.2
21287,7096,32,3,176.75
21288,7096,49,3,186.12
21289,7096,20,4,511.22
21290,7096,111,3,781.01
21291,7097,150,2,484.06
21292,7097,57,2,268.77
21293,7097,29,3,474.32
21294,7097,59,1,402.24
21295,7098,94,1,610.92
21296,7098,34,2,369.27
21297,7098,52,3,457.95
21298,7098,147,1,630.5
21299,7098,75,4,421.56
21300,7099,74,2,429.76
21301,7100,85,4,446.02
21302,7100,94,3,558.97
21303,7100,74,4,429.76
21304,7100,118,3,361.9
21305,7101,58,1,558.64
21306,7102,95,1,550.05
21307,7103,121,2,643.49
21308,7103,68,1,636.26
21309,7103,129,1,356.8
21310,7104,102,4,378.83
21311,7104,94,1,610.92
21312,7105,22,1,759.83
21313,7105,60,3,602.69
21314,7105,108,4,401.25
21315,7105,121,1,643.49
21316,7105,105,4,462.17
21317,7106,33,4,680.29
21318,7106,147,4,630.5
21319,7106,149,3,254.2
21320,7106,97,1,799.31
21321,7107,70,4,318.37
21322,7107,100,3,110.82
21323,7107,14,1,754.03
21324,7107,96,4,385.9
21325,7107,128,4,383.45
21326,7108,77,4,0.0
21327,7108,141,2,664.67
21328,7108,107,3,22.07
21329,7109,139,4,322.53
21330,7109,108,1,596.14
21331,7109,48,1,107.37
21332,7110,78,3,789.72
21333,7110,79,1,499.3
21334,7110,112,2,306.6
21335,7110,31,4,682.52
21336,7110,73,1,757.68
21337,7111,117,1,723.89
21338,7111,57,2,268.77
21339,7111,149,1,254.2
21340,7111,110,1,335.07
21341,7112,106,1,256.39
21342,7112,60,3,602.69
21343,7113,115,2,769.44
21344,7113,21,3,658.67
21345,7114,130,2,778.31
21346,7114,135,2,457.51
21347,7114,62,1,302.99
21348,7115,139,3,322.53
21349,7115,84,4,431.32
21350,7115,63,3,82.09
21351,7115,127,2,349.21
21352,7115,104,1,556.7
21353,7116,88,3,581.3
21354,7116,84,4,431.32
21355,7116,47,1,434.59
21356,7117,34,1,369.27
21357,7117,14,3,754.03
21358,7117,72,4,248.19
21359,7118,37,2,253.77
21360,7118,115,2,769.44
21361,7118,110,1,335.07
21362,7119,124,1,127.43
21363,7120,142,1,758.12
21364,7120,22,3,759.83
21365,7121,94,4,610.92
21366,7122,121,2,643.49
21367,7122,138,2,126.38
21368,7122,88,2,581.3
21369,7122,84,2,431.32
21370,7122,53,4,176.09
21371,7123,122,3,444.14
21372,7123,89,3,164.51
21373,7123,4,2,636.38
21374,7123,45,1,157.83
21375,7124,92,3,416.84
21376,7124,25,3,50.04
21377,7124,104,4,556.7
21378,7125,99,4,707.47
21379,7125,85,4,446.02
21380,7125,95,1,550.05
21381,7125,88,3,581.3
21382,7125,97,3,799.31
21383,7126,50,3,370.89
21384,7126,52,1,457.95
21385,7126,150,2,484.06
21386,7126,73,4,757.68
21387,7127,28,1,487.27
21388,7127,42,4,458.23
21389,7127,16,3,170.96
21390,7128,27,3,470.69
21391,7128,87,3,353.29
21392,7128,80,3,752.51
21393,7129,39,2,467.56
21394,7130,45,1,157.83
21395,7130,118,4,361.9
21396,7130,105,1,462.17
21397,7130,69,3,678.97
21398,7130,14,1,754.03
21399,7131,8,2,611.79
21400,7131,51,4,521.96
21401,7132,136,1,254.21
21402,7132,13,2,302.7
21403,7132,106,2,256.39
21404,7133,95,4,550.05
21405,7133,45,1,157.83
21406,7133,51,3,521.96
21407,7134,42,3,458.23
21408,7135,145,1,229.11
21409,7135,62,4,302.99
21410,7135,66,2,484.78
21411,7136,59,2,402.24
21412,7136,143,3,488.21
21413,7136,111,3,781.01
21414,7136,73,3,757.68
21415,7137,59,4,402.24
21416,7137,63,4,82.09
21417,7137,108,2,596.14
21418,7137,124,3,127.43
21419,7138,134,2,14.54
21420,7138,102,1,378.83
21421,7138,79,1,499.3
21422,7138,147,2,630.5
21423,7139,20,1,511.22
21424,7139,105,3,462.17
21425,7139,8,3,611.79
21426,7139,84,4,431.32
21427,7139,107,3,22.07
21428,7140,24,4,767.98
21429,7140,98,2,569.99
21430,7140,25,3,50.04
21431,7140,46,3,566.86
21432,7140,118,1,361.9
21433,7141,40,2,496.68
21434,7141,142,4,758.12
21435,7141,101,4,720.77
21436,7142,101,2,720.77
21437,7143,12,3,452.49
21438,7143,106,3,256.39
21439,7144,33,2,680.29
21440,7144,41,4,574.12
21441,7144,49,1,186.12
21442,7144,149,4,254.2
21443,7144,121,4,643.49
21444,7145,22,2,759.83
21445,7145,139,3,322.53
21446,7146,142,4,980.49
21447,7146,60,4,602.69
21448,7146,33,1,680.29
21449,7146,34,4,369.27
21450,7147,136,3,254.21
21451,7148,103,3,163.53
21452,7148,102,3,378.83
21453,7148,39,3,467.56
21454,7148,28,1,487.27
21455,7149,147,4,630.5
21456,7149,105,4,462.17
21457,7149,53,4,176.09
21458,7149,116,4,499.37
21459,7149,85,3,446.02
21460,7150,10,2,364.78
21461,7150,48,4,107.37
21462,7151,48,4,107.37
21463,7152,97,3,799.31
21464,7152,9,2,185.56
21465,7152,22,2,759.83
21466,7152,73,3,757.68
21467,7152,120,1,163.71
21468,7153,57,2,268.77
21469,7153,14,3,754.03
21470,7153,100,3,110.82
21471,7154,1,3,229.43
21472,7154,131,2,318.76
21473,7154,147,1,630.5
21474,7155,55,4,472.02
21475,7155,5,3,459.8
21476,7156,65,4,748.34
21477,7156,78,3,789.72
21478,7156,13,3,302.7
21479,7157,117,4,723.89
21480,7157,103,2,163.53
21481,7157,150,3,484.06
21482,7157,55,3,472.02
21483,7158,81,1,226.08
21484,7158,149,3,342.68
21485,7158,110,3,335.07
21486,7159,86,2,35.23
21487,7159,105,4,462.17
21488,7159,21,3,658.67
21489,7159,79,1,499.3
21490,7159,41,4,574.12
21491,7160,71,4,326.37
21492,7160,81,1,226.08
21493,7160,40,1,496.68
21494,7161,12,4,452.49
21495,7161,5,3,459.8
21496,7161,31,2,682.52
21497,7161,145,1,229.11
21498,7161,23,1,701.6
21499,7162,53,2,176.09
21500,7162,112,2,306.6
21501,7163,19,3,582.15
21502,7163,6,4,498.94
21503,7163,73,2,757.68
21504,7163,37,3,253.77
21505,7164,62,1,302.99
21506,7164,125,1,60.95
21507,7165,139,3,322.53
21508,7165,86,4,35.23
21509,7165,18,1,315.84
21510,7165,149,2,254.2
21511,7165,83,3,57.87
21512,7166,59,4,402.24
21513,7166,36,4,495.03
21514,7166,112,3,306.6
21515,7166,2,3,536.34
21516,7167,147,1,630.5
21517,7167,72,1,248.19
21518,7168,18,2,315.84
21519,7168,90,1,503.63
21520,7168,109,1,382.69
21521,7168,128,2,383.45
21522,7169,64,4,123.33
21523,7169,9,2,185.56
21524,7169,126,1,101.97
21525,7169,12,3,452.49
21526,7169,62,4,302.99
21527,7170,136,2,254.21
21528,7170,147,1,630.5
21529,7170,101,3,720.77
21530,7170,70,2,318.37
21531,7171,123,1,717.17
21532,7171,98,4,569.99
21533,7172,97,1,799.31
21534,7172,104,3,556.7
21535,7172,10,4,364.78
21536,7173,9,2,185.56
21537,7173,64,2,123.33
21538,7174,6,1,498.94
21539,7174,104,4,556.7
21540,7174,87,2,353.29
21541,7174,125,4,60.95
21542,7175,46,3,566.86
21543,7175,98,4,569.99
21544,7175,142,3,758.12
21545,7175,49,4,186.12
21546,7176,50,1,370.89
21547,7177,102,1,378.83
21548,7177,78,2,789.72
21549,7177,48,4,107.37
21550,7177,33,2,680.29
21551,7177,22,4,759.83
21552,7178,58,1,558.64
21553,7178,65,1,748.34
21554,7178,69,2,678.97
21555,7179,19,2,582.15
21556,7180,81,3,226.08
21557,7180,20,4,511.22
21558,7180,96,1,385.9
21559,7180,25,4,50.04
21560,7181,145,3,229.11
21561,7181,115,4,769.44
21562,7181,126,3,101.97
21563,7182,25,3,50.04
21564,7182,88,3,581.3
21565,7182,110,1,335.07
21566,7182,94,4,610.92
21567,7182,149,2,254.2
21568,7183,133,2,53.99
21569,7184,131,1,318.76
21570,7184,28,1,487.27
21571,7184,111,4,781.01
21572,7184,138,4,126.38
21573,7184,115,1,769.44
21574,7185,32,1,176.75
21575,7185,26,4,266.42
21576,7185,95,3,550.05
21577,7185,122,2,444.14
21578,7185,113,1,149.56
21579,7186,7,1,797.36
21580,7186,124,1,127.43
21581,7187,55,3,472.02
21582,7187,80,2,752.51
21583,7188,62,2,302.99
21584,7188,107,4,22.07
21585,7189,3,2,302.94
21586,7189,133,4,53.99
21587,7189,11,1,117.66
21588,7189,137,3,595.39
21589,7190,24,1,767.98
21590,7190,42,3,458.23
21591,7191,10,2,364.78
21592,7192,44,4,14.87
21593,7192,140,3,80.4
21594,7192,101,2,720.77
21595,7193,92,2,416.84
21596,7193,111,3,781.01
21597,7194,28,4,487.27
21598,7194,75,4,421.56
21599,7194,97,2,799.31
21600,7195,59,4,402.24
21601,7195,85,1,446.02
21602,7196,81,4,226.08
21603,7196,8,1,611.79
21604,7196,104,1,556.7
21605,7197,54,1,119.66
21606,7197,128,1,383.45
21607,7197,51,4,521.96
21608,7197,124,3,127.43
21609,7198,75,2,421.56
21610,7198,47,3,434.59
21611,7198,97,4,799.31
21612,7199,91,2,496.93
21613,7199,18,3,315.84
21614,7199,86,4,35.23
21615,7199,24,1,767.98
21616,7199,50,3,370.89
21617,7200,1,3,229.43
21618,7200,76,1,571.36
21619,7200,26,3,266.42
21620,7200,31,4,682.52
21621,7200,18,1,315.84
21622,7201,47,3,434.59
21623,7202,77,2,0.0
21624,7202,48,2,107.37
21625,7202,25,1,50.04
21626,7203,36,2,495.03
21627,7203,60,2,602.69
21628,7203,70,1,357.84
21629,7203,17,3,658.83
21630,7204,17,2,658.83
21631,7204,68,3,636.26
21632,7204,97,1,799.31
21633,7204,20,1,511.22
21634,7205,116,2,499.37
21635,7205,119,3,443.26
21636,7206,116,1,499.37
21637,7206,66,4,484.78
21638,7207,149,1,254.2
21639,7207,86,1,35.23
21640,7207,136,3,254.21
21641,7208,122,4,444.14
21642,7208,56,3,783.92
21643,7208,144,3,507.04
21644,7209,78,2,789.72
21645,7209,121,2,643.49
21646,7209,39,3,467.56
21647,7210,36,3,495.03
21648,7210,116,3,499.37
21649,7211,136,4,254.21
21650,7211,71,3,326.37
21651,7211,88,1,581.3
21652,7212,74,2,429.76
21653,7212,122,3,444.14
21654,7213,73,3,757.68
21655,7213,124,4,127.43
21656,7213,138,2,126.38
21657,7214,106,3,256.39
21658,7215,89,4,164.51
21659,7215,85,3,446.02
21660,7216,64,3,123.33
21661,7216,45,4,157.83
21662,7216,121,1,643.49
21663,7217,36,1,387.4
21664,7217,141,2,664.67
21665,7218,71,2,326.37
21666,7219,139,1,322.53
21667,7219,5,2,459.8
21668,7219,10,2,364.78
21669,7219,131,2,318.76
21670,7219,89,3,164.51
21671,7220,2,1,536.34
21672,7220,65,2,748.34
21673,7221,138,4,126.38
21674,7221,66,2,484.78
21675,7222,30,2,466.19
21676,7222,26,3,266.42
21677,7222,21,3,658.67
21678,7222,54,1,119.66
21679,7223,113,3,149.56
21680,7223,61,4,0.0
21681,7224,119,3,443.26
21682,7224,134,3,14.54
21683,7224,130,3,778.31
21684,7224,82,1,558.31
21685,7225,142,3,758.12
21686,7225,146,3,19.08
21687,7225,35,3,593.85
21688,7225,10,3,364.78
21689,7226,126,4,101.97
21690,7227,64,4,123.33
21691,7228,3,4,302.94
21692,7228,94,4,610.92
21693,7228,45,4,209.84
21694,7228,81,2,226.08
21695,7229,48,3,107.37
21696,7229,13,1,302.7
21697,7229,49,1,186.12
21698,7230,3,1,302.94
21699,7230,10,2,364.78
21700,7230,56,4,783.92
21701,7231,146,1,19.08
21702,7231,27,1,470.69
21703,7232,53,1,176.09
21704,7232,74,1,429.76
21705,7233,10,4,364.78
21706,7233,53,2,176.09
21707,7234,135,2,457.51
21708,7234,137,4,704.57
21709,7234,133,4,53.99
21710,7234,140,3,80.4
21711,7234,56,1,783.92
21712,7235,88,3,581.3
21713,7235,99,1,707.47
21714,7235,105,4,462.17
21715,7235,8,1,649.93
21716,7235,129,1,356.8
21717,7236,64,4,123.33
21718,7236,34,2,369.27
21719,7236,103,2,163.53
21720,7236,65,2,748.34
21721,7237,59,3,402.24
21722,7238,12,1,452.49
21723,7238,61,1,0.0
21724,7238,53,2,176.09
21725,7238,38,3,272.91
21726,7238,74,2,429.76
21727,7239,72,2,248.19
21728,7239,35,2,593.85
21729,7240,113,4,149.56
21730,7241,106,1,256.39
21731,7241,136,1,254.21
21732,7242,3,2,302.94
21733,7242,86,1,35.23
21734,7242,32,4,176.75
21735,7243,127,3,349.21
21736,7243,55,2,472.02
21737,7243,89,1,164.51
21738,7243,126,3,101.97
21739,7244,109,2,382.69
21740,7244,59,1,402.24
21741,7244,50,3,373.18
21742,7244,114,3,709.75
21743,7245,143,4,488.21
21744,7246,59,3,402.24
21745,7246,41,2,574.12
21746,7247,136,3,254.21
21747,7248,144,1,507.04
21748,7248,10,4,364.78
21749,7248,141,3,664.67
21750,7249,126,1,101.97
21751,7249,37,2,253.77
21752,7249,110,3,335.07
21753,7249,57,3,268.77
21754,7250,118,4,361.9
21755,7250,111,1,781.01
21756,7250,57,4,268.77
21757,7250,112,3,306.6
21758,7250,40,3,580.13
21759,7251,27,1,470.69
21760,7251,143,3,488.21
21761,7251,74,3,429.76
21762,7252,35,3,593.85
21763,7252,126,3,101.97
21764,7253,1,4,229.43
21765,7253,41,3,574.12
21766,7253,111,4,781.01
21767,7253,68,1,636.26
21768,7253,5,4,459.8
21769,7254,67,2,755.48
21770,7255,35,2,593.85
21771,7255,33,1,680.29
21772,7256,96,2,385.9
21773,7256,38,4,272.91
21774,7256,148,2,777.04
21775,7257,148,4,777.04
21776,7258,87,3,353.29
21777,7258,21,1,658.67
21778,7259,22,1,759.83
21779,7259,106,2,256.39
21780,7259,6,3,498.94
21781,7259,121,1,643.49
21782,7260,29,2,474.32
21783,7261,16,4,170.96
21784,7262,62,4,302.99
21785,7262,123,1,717.17
21786,7262,116,3,499.37
21787,7263,73,1,757.68
21788,7263,18,1,315.84
21789,7263,144,3,507.04
21790,7263,106,1,256.39
21791,7264,31,4,682.52
21792,7264,131,4,318.76
21793,7264,34,3,369.27
21794,7264,60,2,602.69
21795,7265,18,1,315.84
21796,7265,147,1,630.5
21797,7265,1,3,229.43
21798,7265,37,1,253.77
21799,7266,71,1,326.37
21800,7267,103,2,163.53
21801,7268,45,2,157.83
21802,7268,139,1,322.53
21803,7268,121,2,643.49
21804,7268,81,4,226.08
21805,7268,51,2,521.96
21806,7269,94,1,610.92
21807,7269,129,4,356.8
21808,7269,127,4,349.21
21809,7269,43,3,25.96
21810,7269,85,3,446.02
21811,7270,54,2,119.66
21812,7270,125,4,60.95
21813,7271,150,4,484.06
21814,7271,67,4,1038.84
21815,7271,14,2,754.03
21816,7271,122,3,444.14
21817,7272,114,4,709.75
21818,7272,77,2,0.0
21819,7272,104,2,556.7
21820,7272,141,1,664.67
21821,7272,26,3,266.42
21822,7273,129,1,356.8
21823,7273,85,4,446.02
21824,7273,86,1,35.23
21825,7273,38,1,272.91
21826,7273,33,2,680.29
21827,7274,45,1,157.83
21828,7274,16,3,170.96
21829,7274,80,1,752.51
21830,7274,128,3,383.45
21831,7274,3,4,302.94
21832,7275,37,2,253.77
21833,7276,22,1,759.83
21834,7276,43,4,25.96
21835,7277,132,2,660.44
21836,7277,29,4,474.32
21837,7278,109,3,382.69
21838,7278,101,4,720.77
21839,7278,52,3,587.83
21840,7278,12,4,452.49
21841,7279,3,2,302.94
21842,7279,58,2,558.64
21843,7279,97,3,799.31
21844,7279,1,4,229.43
21845,7280,54,4,119.66
21846,7280,97,4,799.31
21847,7280,25,1,50.04
21848,7280,148,3,777.04
21849,7281,116,3,499.37
21850,7281,38,1,272.91
21851,7281,118,4,361.9
21852,7282,32,1,176.75
21853,7282,60,3,602.69
21854,7282,61,4,0.0
21855,7283,111,3,781.01
21856,7284,46,1,566.86
21857,7284,4,2,636.38
21858,7284,131,3,318.76
21859,7284,90,1,503.63
21860,7284,94,2,610.92
21861,7285,84,3,431.32
21862,7285,98,1,569.99
21863,7286,150,2,484.06
21864,7286,72,1,248.19
21865,7286,130,3,778.31
21866,7287,68,2,838.77
21867,7287,60,4,602.69
21868,7288,90,1,503.63
21869,7288,115,3,769.44
21870,7288,11,4,117.66
21871,7288,88,2,581.3
21872,7288,32,2,176.75
21873,7289,69,3,678.97
21874,7289,42,4,458.23
21875,7289,148,2,777.04
21876,7289,67,1,755.48
21877,7289,37,1,253.77
21878,7290,34,4,369.27
21879,7290,39,4,467.56
21880,7290,95,4,550.05
21881,7290,18,4,315.84
21882,7291,110,4,335.07
21883,7291,11,2,117.66
21884,7291,34,4,369.27
21885,7292,105,2,462.17
21886,7293,40,3,496.68
21887,7294,16,3,170.96
21888,7294,144,3,507.04
21889,7294,39,4,621.11
21890,7295,128,2,383.45
21891,7295,111,1,781.01
21892,7295,104,3,556.7
21893,7295,5,2,459.8
21894,7296,63,1,82.09
21895,7296,46,2,566.86
21896,7297,102,1,378.83
21897,7297,95,3,550.05
21898,7297,37,2,253.77
21899,7297,127,2,349.21
21900,7298,72,4,248.19
21901,7298,19,4,582.15
21902,7299,6,3,498.94
21903,7300,18,4,315.84
21904,7300,113,4,149.56
21905,7300,125,3,60.95
21906,7300,74,3,429.76
21907,7300,51,2,521.96
21908,7301,73,2,757.68
21909,7301,109,1,382.69
21910,7301,47,1,434.59
21911,7301,88,2,581.3
21912,7301,143,3,488.21
21913,7302,104,4,556.7
21914,7302,123,4,717.17
21915,7303,120,4,163.71
21916,7303,131,3,318.76
21917,7304,4,2,636.38
21918,7304,104,3,556.7
21919,7304,61,1,0.0
21920,7305,109,3,382.69
21921,7305,104,2,556.7
21922,7305,83,1,57.87
21923,7305,75,3,421.56
21924,7306,59,3,402.24
21925,7306,125,2,60.95
21926,7307,57,3,268.77
21927,7307,85,4,446.02
21928,7307,89,2,164.51
21929,7307,81,3,226.08
21930,7307,69,1,678.97
21931,7308,5,2,459.8
21932,7309,21,4,658.67
21933,7309,95,1,550.05
21934,7309,94,3,610.92
21935,7309,142,1,758.12
21936,7309,111,2,781.01
21937,7310,1,2,229.43
21938,7311,150,4,484.06
21939,7311,83,2,57.87
21940,7312,35,4,593.85
21941,7312,90,4,503.63
21942,7312,17,2,658.83
21943,7312,125,4,60.95
21944,7313,133,4,53.99
21945,7313,130,4,778.31
21946,7313,122,3,444.14
21947,7313,80,2,752.51
21948,7313,121,1,643.49
21949,7314,137,1,704.57
21950,7314,113,1,149.56
21951,7314,1,2,229.43
21952,7314,16,1,170.96
21953,7315,132,4,660.44
21954,7315,88,3,581.3
21955,7315,92,1,416.84
21956,7315,58,2,558.64
21957,7316,9,4,185.56
21958,7317,29,1,474.32
21959,7317,117,3,723.89
21960,7317,61,1,0.0
21961,7317,69,3,678.97
21962,7318,100,3,110.82
21963,7318,124,2,127.43
21964,7319,91,3,425.2
21965,7319,2,3,536.34
21966,7320,3,2,302.94
21967,7320,39,2,467.56
21968,7320,23,3,701.6
21969,7320,5,2,459.8
21970,7320,55,1,472.02
21971,7321,122,1,444.14
21972,7322,138,4,126.38
21973,7323,64,2,123.33
21974,7323,37,1,253.77
21975,7323,5,3,459.8
21976,7323,147,4,630.5
21977,7323,98,1,587.75
21978,7324,8,1,611.79
21979,7324,56,3,783.92
21980,7324,43,4,25.96
21981,7324,117,4,723.89
21982,7324,70,2,318.37
21983,7325,100,4,110.82
21984,7325,88,2,581.3
21985,7325,137,2,704.57
21986,7325,68,2,636.26
21987,7325,91,1,425.2
21988,7326,37,2,253.77
21989,7326,44,4,14.87
21990,7327,84,1,431.32
21991,7328,1,3,229.43
21992,7328,48,2,107.37
21993,7329,67,4,755.48
21994,7329,106,2,256.39
21995,7329,35,2,593.85
21996,7330,79,4,499.3
21997,7330,21,2,658.67
21998,7330,87,2,353.29
21999,7330,31,4,682.52
22000,7330,111,4,781.01
22001,7331,77,1,0.0
22002,7331,1,4,229.43
22003,7331,38,1,272.91
22004,7331,47,4,434.59
22005,7332,117,4,723.89
22006,7332,15,4,715.52
22007,7332,58,1,558.64
22008,7333,149,2,254.2
22009,7333,30,4,466.19
22010,7333,57,2,268.77
22011,7333,60,4,602.69
22012,7334,130,3,778.31
22013,7334,7,1,797.36
22014,7334,128,2,383.45
22015,7334,122,1,444.14
22016,7334,69,1,678.97
22017,7335,136,1,254.21
22018,7335,22,1,759.83
22019,7335,68,2,636.26
22020,7335,23,3,701.6
22021,7335,2,4,536.34
22022,7336,67,1,755.48
22023,7336,80,4,752.51
22024,7336,92,4,416.84
22025,7336,5,4,459.8
22026,7337,99,3,707.47
22027,7337,101,2,720.77
22028,7337,90,4,503.63
22029,7337,106,3,256.39
22030,7338,127,3,349.21
22031,7339,124,2,127.43
22032,7340,93,2,-549.02
22033,7340,15,3,715.52
22034,7341,124,2,127.43
22035,7341,20,3,511.22
22036,7341,135,1,457.51
22037,7341,121,2,643.49
22038,7341,17,1,658.83
22039,7342,51,4,521.96
22040,7342,115,2,769.44
22041,7342,21,2,658.67
22042,7343,31,2,682.52
22043,7344,68,2,636.26
22044,7345,117,2,723.89
22045,7346,123,2,717.17
22046,7346,137,1,704.57
22047,7346,147,1,630.5
22048,7347,24,1,767.98
22049,7347,137,2,704.57
22050,7347,16,1,170.96
22051,7347,70,2,318.37
22052,7347,147,1,630.5
22053,7348,53,1,176.09
22054,7349,81,2,226.08
22055,7349,59,1,402.24
22056,7349,49,3,186.12
22057,7349,26,2,266.42
22058,7350,29,3,474.32
22059,7350,70,1,318.37
22060,7351,44,3,16.56
22061,7351,10,2,364.78
22062,7351,48,4,107.37
22063,7351,122,4,444.14
22064,7352,139,3,322.53
22065,7352,8,2,611.79
22066,7352,82,4,558.31
22067,7353,20,4,511.22
22068,7353,28,1,487.27
22069,7354,119,2,443.26
22070,7354,62,2,302.99
22071,7355,50,3,370.89
22072,7356,67,3,755.48
22073,7356,89,4,164.51
22074,7356,24,4,767.98
22075,7356,30,3,466.19
22076,7357,7,4,797.36
22077,7357,75,2,421.56
22078,7358,22,4,759.83
22079,7358,91,3,425.2
22080,7358,123,1,717.17
22081,7358,82,4,558.31
22082,7359,85,2,446.02
22083,7359,35,3,593.85
22084,7360,123,3,717.17
22085,7360,64,3,123.33
22086,7360,85,1,446.02
22087,7361,127,2,349.21
22088,7361,1,4,229.43
22089,7361,116,3,499.37
22090,7361,102,1,378.83
22091,7362,37,2,253.77
22092,7362,133,1,53.99
22093,7362,58,4,558.64
22094,7362,92,2,416.84
22095,7363,61,3,0.0
22096,7363,105,4,462.17
22097,7363,65,3,748.34
22098,7364,140,1,80.4
22099,7365,113,1,149.56
22100,7365,28,3,487.27
22101,7365,88,4,581.3
22102,7366,143,1,488.21
22103,7366,117,4,723.89
22104,7366,100,3,110.82
22105,7367,6,4,498.94
22106,7367,69,4,624.36
22107,7368,39,1,467.56
22108,7368,130,2,778.31
22109,7368,8,3,611.79
22110,7369,126,2,101.97
22111,7369,19,3,582.15
22112,7370,111,1,781.01
22113,7370,117,4,723.89
22114,7370,25,2,50.04
22115,7371,129,2,356.8
22116,7371,13,1,302.7
22117,7371,5,2,459.8
22118,7371,86,3,35.23
22119,7372,87,3,353.29
22120,7373,36,4,495.03
22121,7373,52,3,457.95
22122,7373,39,4,467.56
22123,7374,77,1,0.0
22124,7375,50,2,370.89
22125,7375,96,1,385.9
22126,7375,3,3,302.94
22127,7376,103,4,163.53
22128,7376,128,3,383.45
22129,7376,10,3,364.78
22130,7377,113,4,149.56
22131,7377,18,3,315.84
22132,7377,66,2,484.78
22133,7377,142,1,758.12
22134,7378,145,2,220.95
22135,7378,96,1,385.9
22136,7378,115,3,769.44
22137,7379,87,3,353.29
22138,7380,75,2,421.56
22139,7380,139,4,322.53
22140,7381,95,3,550.05
22141,7381,118,2,361.9
22142,7381,27,2,470.69
22143,7382,141,3,664.67
22144,7382,124,2,127.43
22145,7382,136,1,254.21
22146,7382,57,4,268.77
22147,7383,77,1,0.0
22148,7384,64,1,123.33
22149,7384,105,4,462.17
22150,7384,34,2,369.27
22151,7385,150,4,484.06
22152,7386,11,1,117.66
22153,7386,140,1,80.4
22154,7387,38,2,272.91
22155,7387,40,4,496.68
22156,7387,142,4,758.12
22157,7388,34,2,369.27
22158,7388,104,4,556.7
22159,7388,15,2,715.52
22160,7388,55,4,472.02
22161,7389,141,4,664.67
22162,7389,5,4,459.8
22163,7390,94,3,610.92
22164,7390,80,3,752.51
22165,7390,52,1,457.95
22166,7390,133,2,53.99
22167,7390,42,1,458.23
22168,7391,81,3,226.08
22169,7391,74,3,429.76
22170,7391,57,4,268.77
22171,7392,138,2,126.38
22172,7392,117,3,723.89
22173,7392,14,2,754.03
22174,7393,97,2,799.31
22175,7393,3,2,302.94
22176,7393,138,3,126.38
22177,7393,120,1,163.71
22178,7393,131,2,318.76
22179,7394,32,3,176.75
22180,7394,13,2,302.7
22181,7395,122,1,444.14
22182,7395,58,4,558.64
22183,7395,41,4,574.12
22184,7396,27,3,470.69
22185,7396,102,3,378.83
22186,7396,66,1,484.78
22187,7396,70,3,318.37
22188,7396,145,2,229.11
22189,7397,72,1,248.19
22190,7397,122,4,444.14
22191,7397,91,4,425.2
22192,7397,85,4,446.02
22193,7398,13,1,302.7
22194,7398,6,4,498.94
22195,7398,40,1,496.68
22196,7399,25,3,50.04
22197,7399,127,2,349.21
22198,7399,37,1,253.77
22199,7400,50,3,370.89
22200,7400,9,3,185.56
22201,7400,106,4,256.39
22202,7401,133,1,53.99
22203,7401,65,2,748.34
22204,7402,100,4,110.82
22205,7402,84,4,431.32
22206,7402,142,2,758.12
22207,7402,86,1,35.23
22208,7402,79,3,499.3
22209,7403,105,2,462.17
22210,7403,120,2,163.71
22211,7403,32,2,176.75
22212,7403,88,3,581.3
22213,7403,107,1,22.07
22214,7404,19,1,582.15
22215,7404,45,1,157.83
22216,7404,4,3,636.38
22217,7404,104,3,556.7
22218,7405,2,2,536.34
22219,7405,29,3,474.32
22220,7406,114,3,709.75
22221,7406,41,2,574.12
22222,7406,125,2,60.95
22223,7406,19,4,582.15
22224,7407,12,2,452.49
22225,7407,87,2,353.29
22226,7407,123,2,717.17
22227,7408,87,4,353.29
22228,7408,25,3,50.04
22229,7408,61,1,0.0
22230,7409,95,1,550.05
22231,7410,107,3,28.61
22232,7411,129,4,356.8
22233,7411,131,2,318.76
22234,7411,42,1,458.23
22235,7412,1,4,229.43
22236,7412,94,3,610.92
22237,7412,131,1,318.76
22238,7412,87,3,353.29
22239,7412,67,4,755.48
22240,7413,67,4,755.48
22241,7413,87,4,353.29
22242,7413,117,3,723.89
22243,7414,69,3,678.97
22244,7415,85,1,446.02
22245,7415,123,3,717.17
22246,7415,16,4,170.96
22247,7415,76,4,571.36
22248,7416,100,3,110.82
22249,7416,91,2,425.2
22250,7416,22,2,759.83
22251,7416,42,2,458.23
22252,7417,136,2,254.21
22253,7418,4,3,636.38
22254,7418,113,3,149.56
22255,7419,115,1,769.44
22256,7419,88,1,581.3
22257,7419,112,2,306.6
22258,7419,141,2,664.67
22259,7419,135,4,457.51
22260,7420,65,4,748.34
22261,7420,104,2,556.7
22262,7420,45,1,157.83
22263,7420,23,3,701.6
22264,7420,61,1,0.0
22265,7421,58,4,558.64
22266,7421,68,3,636.26
22267,7421,28,4,487.27
22268,7421,86,2,35.23
22269,7422,138,3,126.38
22270,7422,65,3,748.34
22271,7422,1,1,229.43
22272,7422,144,4,507.04
22273,7423,106,1,256.39
22274,7423,89,2,164.51
22275,7423,61,3,0.0
22276,7423,137,4,704.57
22277,7423,56,1,783.92
22278,7424,24,2,767.98
22279,7424,16,4,170.96
22280,7424,53,2,176.09
22281,7424,26,1,266.42
22282,7424,145,3,229.11
22283,7425,83,4,57.87
22284,7425,104,4,556.7
22285,7425,16,2,170.96
22286,7425,60,4,602.69
22287,7425,147,3,630.5
22288,7426,7,1,797.36
22289,7427,24,2,767.98
22290,7427,89,3,164.51
22291,7427,78,4,789.72
22292,7427,29,3,474.32
22293,7428,3,4,302.94
22294,7428,120,3,163.71
22295,7428,56,2,783.92
22296,7429,29,1,474.32
22297,7429,80,2,752.51
22298,7429,141,3,664.67
22299,7430,134,3,14.54
22300,7431,69,4,678.97
22301,7431,27,4,470.69
22302,7432,65,4,748.34
22303,7432,104,4,556.7
22304,7432,93,4,-549.02
22305,7432,111,3,781.01
22306,7433,117,2,723.89
22307,7433,104,2,556.7
22308,7434,146,2,19.08
22309,7434,75,1,421.56
22310,7435,60,4,602.69
22311,7435,79,2,499.3
22312,7435,13,3,302.7
22313,7436,6,2,498.94
22314,7436,145,2,229.11
22315,7436,17,4,658.83
22316,7436,132,4,660.44
22317,7437,3,3,302.94
22318,7437,48,4,107.37
22319,7437,135,3,457.51
22320,7438,11,2,117.66
22321,7438,59,2,402.24
22322,7439,6,3,498.94
22323,7439,99,2,707.47
22324,7440,23,3,701.6
22325,7440,127,2,349.21
22326,7441,116,2,499.37
22327,7442,118,3,361.9
22328,7442,91,4,425.2
22329,7442,67,3,755.48
22330,7442,120,1,163.71
22331,7443,54,1,119.66
22332,7443,11,4,117.66
22333,7444,98,1,569.99
22334,7445,4,1,636.38
22335,7445,96,1,385.9
22336,7445,121,4,643.49
22337,7445,92,2,416.84
22338,7446,82,2,558.31
22339,7446,90,2,503.63
22340,7446,43,3,25.96
22341,7447,37,4,253.77
22342,7448,105,3,462.17
22343,7448,96,2,385.9
22344,7448,71,3,326.37
22345,7448,37,1,253.77
22346,7449,73,2,757.68
22347,7449,134,1,14.54
22348,7449,84,3,431.32
22349,7450,126,3,77.23
22350,7451,150,4,484.06
22351,7451,136,4,254.21
22352,7451,58,3,558.64
22353,7451,128,3,383.45
22354,7451,46,4,566.86
22355,7452,44,2,14.87
22356,7453,13,3,302.7
22357,7453,128,1,383.45
22358,7454,50,3,370.89
22359,7454,62,3,302.99
22360,7454,58,2,558.64
22361,7454,1,4,229.43
22362,7454,18,2,315.84
22363,7455,122,2,444.14
22364,7455,133,3,53.99
22365,7455,100,2,110.82
22366,7455,85,3,446.02
22367,7455,119,2,515.83
22368,7456,147,4,630.5
22369,7456,78,3,789.72
22370,7457,82,1,558.31
22371,7457,47,1,434.59
22372,7458,95,3,550.05
22373,7458,8,1,611.79
22374,7458,122,3,410.25
22375,7458,112,1,306.6
22376,7458,111,1,781.01
22377,7459,50,4,370.89
22378,7459,8,4,611.79
22379,7459,21,4,658.67
22380,7460,17,2,658.83
22381,7461,63,4,82.09
22382,7461,97,2,799.31
22383,7461,23,1,701.6
22384,7462,122,1,444.14
22385,7462,47,1,434.59
22386,7462,73,2,757.68
22387,7462,123,2,717.17
22388,7462,5,1,459.8
22389,7463,139,3,322.53
22390,7464,76,1,571.36
22391,7464,80,3,752.51
22392,7464,133,1,53.99
22393,7464,48,1,107.37
22394,7465,126,2,101.97
22395,7465,41,3,574.12
22396,7466,29,2,474.32
22397,7466,143,1,488.21
22398,7466,46,1,566.86
22399,7467,10,1,364.78
22400,7468,149,1,254.2
22401,7468,97,2,799.31
22402,7468,115,3,769.44
22403,7469,121,4,643.49
22404,7469,139,3,322.53
22405,7469,79,1,499.3
22406,7469,60,2,602.69
22407,7470,68,4,636.26
22408,7470,133,3,53.99
22409,7470,108,3,596.14
22410,7470,92,3,416.84
22411,7471,13,2,302.7
22412,7471,76,1,571.36
22413,7471,142,4,758.12
22414,7471,149,1,254.2
22415,7471,118,1,361.9
22416,7472,24,1,767.98
22417,7472,105,1,462.17
22418,7472,58,1,558.64
22419,7472,43,1,25.96
22420,7472,57,1,268.77
22421,7473,58,2,558.64
22422,7473,39,2,467.56
22423,7474,139,3,322.53
22424,7474,115,2,769.44
22425,7475,12,1,452.49
22426,7475,142,3,758.12
22427,7475,23,2,701.6
22428,7475,66,1,484.78
22429,7476,29,4,474.32
22430,7476,6,4,498.94
22431,7476,124,4,127.43
22432,7476,40,2,496.68
22433,7476,16,3,170.96
22434,7477,150,2,484.06
22435,7477,134,1,14.54
22436,7477,38,3,272.91
22437,7477,61,4,0.0
22438,7478,9,3,185.56
22439,7478,51,3,521.96
22440,7479,8,1,611.79
22441,7479,20,1,511.22
22442,7480,145,2,229.11
22443,7480,57,1,268.77
22444,7480,112,3,306.6
22445,7480,56,1,783.92
22446,7481,83,3,57.87
22447,7482,87,1,353.29
22448,7483,19,3,582.15
22449,7484,23,2,701.6
22450,7484,130,1,778.31
22451,7484,21,2,658.67
22452,7485,68,1,636.26
22453,7486,100,3,110.82
22454,7487,22,4,759.83
22455,7487,21,2,658.67
22456,7487,120,4,163.71
22457,7487,19,2,582.15
22458,7488,52,4,457.95
22459,7488,80,1,752.51
22460,7488,27,3,470.69
22461,7489,50,2,370.89
22462,7490,6,2,498.94
22463,7490,83,3,57.87
22464,7491,103,2,163.53
22465,7492,124,1,127.43
22466,7493,52,4,552.98
22467,7493,137,2,704.57
22468,7493,95,2,550.05
22469,7493,54,1,119.66
22470,7494,97,3,799.31
22471,7494,30,2,466.19
22472,7494,70,1,318.37
22473,7494,8,4,611.79
22474,7494,134,2,14.54
22475,7495,128,2,383.45
22476,7495,150,2,484.06
22477,7495,145,4,229.11
22478,7495,121,1,643.49
22479,7495,34,1,369.27
22480,7496,138,4,126.38
22481,7496,28,4,487.27
22482,7496,65,1,748.34
22483,7496,6,2,498.94
22484,7497,32,2,176.75
22485,7497,60,3,602.69
22486,7497,130,1,778.31
22487,7497,94,3,610.92
22488,7498,67,2,755.48
22489,7498,76,4,571.36
22490,7498,142,1,758.12
22491,7498,131,1,318.76
22492,7498,113,3,149.56
22493,7499,13,3,302.7
22494,7499,1,1,229.43
22495,7499,20,1,511.22
22496,7500,140,1,80.4
22497,7500,132,4,660.44
22498,7501,87,3,353.29
22499,7501,84,3,431.32
22500,7501,39,3,467.56
22501,7501,37,1,253.77
22502,7502,150,2,484.06
22503,7503,31,2,682.52
22504,7503,139,2,322.53
22505,7503,14,3,754.03
22506,7503,82,1,558.31
22507,7504,123,1,717.17
22508,7504,83,4,57.87
22509,7504,46,1,566.86
22510,7505,60,3,602.69
22511,7506,114,4,709.75
22512,7506,37,1,253.77
22513,7506,43,4,25.96
22514,7506,105,1,281.61
22515,7506,141,3,664.67
22516,7507,18,4,315.84
22517,7507,63,3,82.09
22518,7507,144,1,507.04
22519,7508,29,1,474.32
22520,7509,63,1,82.09
22521,7509,73,1,757.68
22522,7510,114,4,709.75
22523,7510,85,4,446.02
22524,7511,21,2,658.67
22525,7511,46,4,566.86
22526,7511,139,4,322.53
22527,7511,8,1,611.79
22528,7511,92,3,416.84
22529,7512,82,4,558.31
22530,7512,109,1,382.69
22531,7512,69,3,678.97
22532,7513,92,2,416.84
22533,7513,122,3,444.14
22534,7513,144,2,507.04
22535,7514,92,1,416.84
22536,7514,37,4,253.77
22537,7515,144,1,507.04
22538,7515,62,4,302.99
22539,7516,55,3,472.02
22540,7516,43,2,25.96
22541,7516,139,1,322.53
22542,7517,125,3,60.95
22543,7517,106,1,256.39
22544,7518,21,1,658.67
22545,7518,90,1,503.63
22546,7518,128,4,383.45
22547,7518,116,1,499.37
22548,7519,77,4,0.0
22549,7519,20,4,511.22
22550,7519,130,4,778.31
22551,7520,108,4,596.14
22552,7520,96,1,385.9
22553,7520,91,3,425.2
22554,7520,65,2,748.34
22555,7520,132,1,660.44
22556,7521,108,1,596.14
22557,7521,51,3,521.96
22558,7521,138,1,126.38
22559,7521,19,3,582.15
22560,7521,68,4,636.26
22561,7522,18,3,315.84
22562,7522,145,2,229.11
22563,7523,64,3,123.33
22564,7523,32,4,176.75
22565,7523,51,3,629.57
22566,7524,48,3,107.37
22567,7524,103,3,163.53
22568,7524,107,3,22.07
22569,7524,93,2,-549.02
22570,7525,4,2,636.38
22571,7525,25,3,50.04
22572,7525,88,2,581.3
22573,7526,75,2,421.56
22574,7527,135,3,457.51
22575,7528,78,1,789.72
22576,7528,52,3,457.95
22577,7528,18,1,315.84
22578,7528,9,2,185.56
22579,7528,50,4,370.89
22580,7529,10,4,364.78
22581,7529,16,3,170.96
22582,7530,32,4,176.75
22583,7530,50,2,370.89
22584,7530,15,4,715.52
22585,7531,7,3,797.36
22586,7531,14,4,754.03
22587,7531,18,2,315.84
22588,7531,2,4,536.34
22589,7532,104,2,556.7
22590,7533,141,3,664.67
22591,7533,22,4,684.81
22592,7534,91,1,425.2
22593,7534,37,1,253.77
22594,7534,4,3,636.38
22595,7534,133,2,53.99
22596,7534,87,4,353.29
22597,7535,51,2,521.96
22598,7536,134,4,14.54
22599,7537,145,2,229.11
22600,7537,131,2,318.76
22601,7537,51,4,521.96
22602,7538,38,3,272.91
22603,7539,63,1,82.09
22604,7539,12,2,452.49
22605,7539,34,3,369.27
22606,7539,136,4,254.21
22607,7540,126,1,101.97
22608,7540,81,3,226.08
22609,7540,31,3,682.52
22610,7540,93,2,-549.02
22611,7541,47,2,434.59
22612,7541,138,2,126.38
22613,7541,57,3,268.77
22614,7541,60,4,602.69
22615,7541,127,2,349.21
22616,7542,48,3,107.37
22617,7542,143,1,488.21
22618,7542,118,2,361.9
22619,7542,83,1,57.87
22620,7543,135,1,457.51
22621,7543,69,1,678.97
22622,7543,46,3,566.86
22623,7543,92,3,416.84
22624,7544,7,4,797.36
22625,7544,90,2,503.63
22626,7544,142,1,758.12
22627,7544,64,4,123.33
22628,7544,66,1,484.78
22629,7545,125,3,60.95
22630,7545,37,2,253.77
22631,7545,133,1,53.99
22632,7545,1,2,229.43
22633,7545,33,3,680.29
22634,7546,80,2,752.51
22635,7546,2,2,536.34
22636,7546,101,2,720.77
22637,7546,66,3,484.78
22638,7546,14,1,754.03
22639,7547,65,4,748.34
22640,7548,21,3,658.67
22641,7548,104,4,556.7
22642,7548,97,2,799.31
22643,7549,136,3,254.21
22644,7549,33,3,680.29
22645,7549,5,2,459.8
22646,7549,32,2,176.75
22647,7550,125,4,60.95
22648,7551,68,1,636.26
22649,7552,63,1,75.47
22650,7552,88,3,581.3
22651,7552,45,2,157.83
22652,7552,41,1,574.12
22653,7552,82,2,558.31
22654,7553,133,4,53.99
22655,7553,46,1,566.86
22656,7553,111,2,781.01
22657,7553,27,4,470.69
22658,7553,109,2,382.69
22659,7554,123,4,717.17
22660,7554,145,1,229.11
22661,7554,142,1,758.12
22662,7554,29,4,474.32
22663,7555,49,3,186.12
22664,7555,111,1,781.01
22665,7555,98,3,569.99
22666,7556,52,3,457.95
22667,7556,139,1,322.53
22668,7556,16,4,170.96
22669,7557,31,3,682.52
22670,7557,75,3,421.56
22671,7557,5,1,459.8
22672,7558,70,4,318.37
22673,7558,83,1,57.87
22674,7558,113,1,149.56
22675,7558,146,2,19.08
22676,7558,31,3,682.52
22677,7559,40,3,496.68
22678,7559,141,2,664.67
22679,7559,56,2,783.92
22680,7560,26,1,266.42
22681,7560,127,2,349.21
22682,7561,20,3,511.22
22683,7561,120,1,163.71
22684,7561,45,3,157.83
22685,7561,30,1,466.19
22686,7562,142,4,758.12
22687,7562,90,1,503.63
22688,7563,19,1,582.15
22689,7563,106,3,256.39
22690,7563,2,1,536.34
22691,7563,39,1,467.56
22692,7563,52,4,457.95
22693,7564,90,3,503.63
22694,7564,139,2,322.53
22695,7565,87,1,353.29
22696,7565,65,3,748.34
22697,7565,6,2,498.94
22698,7565,68,4,636.26
22699,7565,30,2,466.19
22700,7566,54,4,119.66
22701,7566,7,3,719.5
22702,7567,12,4,452.49
22703,7567,102,4,378.83
22704,7567,107,4,22.07
22705,7567,50,3,370.89
22706,7568,106,4,256.39
22707,7568,118,4,361.9
22708,7569,66,4,484.78
22709,7569,120,1,163.71
22710,7569,61,4,0.0
22711,7569,75,4,421.56
22712,7570,48,1,107.37
22713,7570,40,2,496.68
22714,7571,5,2,459.8
22715,7571,49,4,186.12
22716,7572,143,3,488.21
22717,7572,52,1,457.95
22718,7573,82,3,558.31
22719,7574,147,4,630.5
22720,7574,29,1,474.32
22721,7574,47,1,434.59
22722,7574,42,2,458.23
22723,7574,100,4,110.82
22724,7575,7,4,797.36
22725,7575,89,3,164.51
22726,7575,117,4,723.89
22727,7576,59,4,402.24
22728,7576,79,1,499.3
22729,7576,93,1,-549.02
22730,7577,17,2,658.83
22731,7577,63,3,82.09
22732,7578,137,2,704.57
22733,7579,106,2,256.39
22734,7579,52,4,457.95
22735,7579,32,4,176.75
22736,7579,144,1,507.04
22737,7580,7,4,797.36
22738,7580,32,4,176.75
22739,7580,15,2,715.52
22740,7581,47,1,434.59
22741,7581,42,2,458.23
22742,7581,16,1,170.96
22743,7582,36,4,495.03
22744,7582,84,4,431.32
22745,7582,127,2,349.21
22746,7582,114,3,709.75
22747,7582,39,1,467.56
22748,7583,137,4,704.57
22749,7583,118,2,361.9
22750,7583,78,4,789.72
22751,7583,32,4,176.75
22752,7583,52,2,457.95
22753,7584,31,3,682.52
22754,7584,47,4,434.59
22755,7584,81,2,226.08
22756,7584,23,1,701.6
22757,7584,101,3,720.77
22758,7585,28,1,594.44
22759,7585,17,4,658.83
22760,7585,130,2,778.31
22761,7585,23,3,701.6
22762,7586,35,4,593.85
22763,7586,70,4,318.37
22764,7586,98,3,569.99
22765,7587,85,2,446.02
22766,7587,133,3,53.99
22767,7587,7,4,797.36
22768,7587,11,3,117.66
22769,7588,112,2,306.6
22770,7589,110,3,335.07
22771,7589,101,1,720.77
22772,7589,20,3,511.22
22773,7590,83,4,57.87
22774,7591,118,4,361.9
22775,7591,103,4,163.53
22776,7591,23,3,701.6
22777,7591,1,3,229.43
22778,7591,69,3,678.97
22779,7592,82,2,558.31
22780,7592,46,4,566.86
22781,7592,98,2,569.99
22782,7592,94,1,610.92
22783,7593,53,4,176.09
22784,7593,118,4,361.9
22785,7593,54,1,119.66
22786,7594,10,4,364.78
22787,7594,135,3,457.51
22788,7594,19,3,582.15
22789,7595,44,3,14.87
22790,7595,58,3,558.64
22791,7596,27,2,470.69
22792,7596,20,3,511.22
22793,7596,58,2,558.64
22794,7596,51,1,521.96
22795,7596,75,3,421.56
22796,7597,140,4,80.4
22797,7597,100,2,110.82
22798,7597,120,4,163.71
22799,7597,147,3,630.5
22800,7598,50,4,370.89
22801,7598,75,2,421.56
22802,7598,148,1,777.04
22803,7598,104,4,556.7
22804,7599,107,2,22.07
22805,7600,117,2,723.89
22806,7600,72,3,248.19
22807,7600,111,2,781.01
22808,7600,100,3,110.82
22809,7601,97,1,799.31
22810,7601,101,2,720.77
22811,7601,143,2,488.21
22812,7601,8,1,611.79
22813,7601,24,2,767.98
22814,7602,96,2,385.9
22815,7602,63,4,82.09
22816,7602,69,4,678.97
22817,7603,129,1,356.8
22818,7603,62,3,302.99
22819,7603,29,3,474.32
22820,7603,109,1,382.69
22821,7603,18,3,315.84
22822,7604,85,3,446.02
22823,7604,2,3,536.34
22824,7604,93,3,-549.02
22825,7605,64,3,123.33
22826,7605,139,1,322.53
22827,7605,102,4,378.83
22828,7605,112,1,306.6
22829,7605,106,4,256.39
22830,7606,150,1,484.06
22831,7607,85,2,446.02
22832,7607,71,2,326.37
22833,7608,82,2,558.31
22834,7608,29,2,474.32
22835,7608,92,2,416.84
22836,7609,88,1,581.3
22837,7609,33,3,680.29
22838,7609,57,4,184.88
22839,7610,103,3,163.53
22840,7611,15,1,715.52
22841,7611,112,2,306.6
22842,7611,91,1,425.2
22843,7611,126,2,101.97
22844,7611,138,4,126.38
22845,7612,34,4,369.27
22846,7612,129,4,356.8
22847,7612,130,2,778.31
22848,7612,40,1,496.68
22849,7612,77,3,0.0
22850,7613,100,4,110.82
22851,7613,133,1,53.99
22852,7613,82,1,558.31
22853,7614,13,1,302.7
22854,7614,115,4,769.44
22855,7614,28,1,487.27
22856,7615,40,3,496.68
22857,7616,113,4,149.56
22858,7616,86,4,35.23
22859,7616,6,4,498.94
22860,7616,116,2,499.37
22861,7617,86,1,35.23
22862,7618,30,1,466.19
22863,7619,104,3,556.7
22864,7619,110,2,335.07
22865,7619,30,2,466.19
22866,7619,81,1,226.08
22867,7620,128,4,383.45
22868,7620,49,1,186.12
22869,7620,69,3,676.19
22870,7620,112,4,306.6
22871,7621,126,1,101.97
22872,7621,4,2,636.38
22873,7621,109,1,382.69
22874,7621,114,4,709.75
22875,7622,114,1,709.75
22876,7622,25,2,50.04
22877,7622,15,2,715.52
22878,7623,139,2,322.53
22879,7623,114,2,709.75
22880,7623,104,3,556.7
22881,7624,1,4,229.43
22882,7624,137,2,704.57
22883,7624,118,1,361.9
22884,7624,67,1,755.48
22885,7625,53,1,176.09
22886,7625,149,1,254.2
22887,7625,137,1,704.57
22888,7626,130,3,778.31
22889,7626,48,4,107.37
22890,7626,138,2,126.38
22891,7627,84,4,431.32
22892,7627,30,2,466.19
22893,7628,32,4,176.75
22894,7628,123,4,717.17
22895,7629,36,3,495.03
22896,7630,115,2,769.44
22897,7631,70,2,318.37
22898,7631,27,1,470.69
22899,7631,47,3,434.59
22900,7632,110,4,335.07
22901,7632,50,4,370.89
22902,7632,8,1,611.79
22903,7633,80,4,752.51
22904,7633,25,3,50.04
22905,7633,59,1,402.24
22906,7633,123,3,717.17
22907,7633,105,3,462.17
22908,7634,139,1,322.53
22909,7635,135,1,457.51
22910,7635,136,4,152.62
22911,7635,128,4,383.45
22912,7636,123,1,717.17
22913,7636,59,3,402.24
22914,7636,10,1,364.78
22915,7636,101,2,720.77
22916,7636,133,1,53.99
22917,7637,55,3,472.02
22918,7638,148,1,777.04
22919,7638,106,3,256.39
22920,7638,141,3,664.67
22921,7638,9,4,185.56
22922,7638,13,3,302.7
22923,7639,62,2,302.99
22924,7640,143,4,488.21
22925,7641,103,2,163.53
22926,7641,101,3,720.77
22927,7642,139,2,322.53
22928,7642,70,2,318.37
22929,7643,66,4,484.78
22930,7643,59,3,486.83
22931,7643,2,4,536.34
22932,7643,139,3,322.53
22933,7644,59,4,298.23
22934,7644,61,2,0.0
22935,7645,108,3,596.14
22936,7645,59,1,402.24
22937,7645,79,3,499.3
22938,7645,44,1,14.87
22939,7645,1,2,229.43
22940,7646,139,4,322.53
22941,7647,87,1,353.29
22942,7647,80,3,752.51
22943,7647,37,1,253.77
22944,7648,119,4,443.26
22945,7648,69,2,678.97
22946,7649,39,4,467.56
22947,7650,150,1,484.06
22948,7650,130,2,778.31
22949,7650,46,3,566.86
22950,7651,142,4,758.12
22951,7651,3,4,302.94
22952,7651,2,4,536.34
22953,7651,118,2,361.9
22954,7652,149,3,254.2
22955,7653,87,1,353.29
22956,7654,82,2,558.31
22957,7654,133,4,53.99
22958,7654,5,1,459.8
22959,7655,98,2,569.99
22960,7655,36,1,495.03
22961,7656,48,1,107.37
22962,7657,71,4,326.37
22963,7657,104,4,556.7
22964,7658,1,2,229.43
22965,7658,15,1,715.52
22966,7658,139,3,322.53
22967,7658,47,1,434.59
22968,7659,3,4,302.94
22969,7659,124,3,127.43
22970,7659,148,1,777.04
22971,7660,107,2,22.07
22972,7660,11,2,117.66
22973,7660,138,3,126.38
22974,7660,25,4,50.04
22975,7660,85,3,446.02
22976,7661,23,1,701.6
22977,7661,88,4,581.3
22978,7661,124,2,127.43
22979,7662,50,1,370.89
22980,7662,90,2,503.63
22981,7663,44,2,14.87
22982,7664,15,2,715.52
22983,7665,124,4,127.43
22984,7666,50,4,370.89
22985,7667,104,3,556.7
22986,7667,1,4,229.43
22987,7667,30,3,466.19
22988,7668,111,2,781.01
22989,7668,121,4,643.49
22990,7668,40,2,514.67
22991,7668,61,3,0.0
22992,7669,11,3,117.66
22993,7669,148,4,777.04
22994,7669,126,1,101.97
22995,7670,140,3,80.4
22996,7671,98,3,569.99
22997,7671,106,1,256.39
22998,7671,133,3,53.99
22999,7671,93,4,-549.02
23000,7672,125,1,60.95
23001,7672,4,4,636.38
23002,7672,43,4,25.96
23003,7672,144,4,507.04
23004,7673,50,1,370.89
23005,7673,20,3,511.22
23006,7673,14,4,754.03
23007,7673,133,4,53.99
23008,7674,80,1,752.51
23009,7674,38,1,223.18
23010,7675,90,4,503.63
23011,7675,109,3,382.69
23012,7676,14,4,754.03
23013,7676,127,2,412.55
23014,7676,93,4,-549.02
23015,7677,53,4,176.09
23016,7678,42,2,458.23
23017,7678,143,3,488.21
23018,7679,16,2,170.96
23019,7679,48,4,107.37
23020,7679,142,1,758.12
23021,7680,147,3,630.5
23022,7680,127,1,349.21
23023,7680,29,3,474.32
23024,7680,6,2,498.94
23025,7680,51,3,521.96
23026,7681,26,1,266.42
23027,7681,73,2,757.68
23028,7681,29,3,474.32
23029,7681,48,3,107.37
23030,7681,102,1,378.83
23031,7682,78,4,789.72
23032,7683,144,2,507.04
23033,7683,88,4,581.3
23034,7684,142,3,758.12
23035,7685,147,2,630.5
23036,7685,94,2,610.92
23037,7685,125,4,60.95
23038,7686,137,2,704.57
23039,7686,121,1,643.49
23040,7687,129,3,356.8
23041,7688,92,4,416.84
23042,7688,56,4,783.92
23043,7689,126,4,101.97
23044,7689,84,1,431.32
23045,7689,100,4,110.82
23046,7690,6,3,498.94
23047,7690,119,2,443.26
23048,7690,142,1,758.12
23049,7690,61,1,0.0
23050,7691,132,4,660.44
23051,7691,84,2,431.32
23052,7691,10,1,364.78
23053,7691,30,1,466.19
23054,7691,112,2,306.6
23055,7692,13,4,302.7
23056,7693,31,3,682.52
23057,7693,55,3,472.02
23058,7693,36,2,495.03
23059,7693,20,3,511.22
23060,7693,81,2,226.08
23061,7694,92,3,416.84
23062,7694,22,1,759.83
23063,7695,24,2,767.98
23064,7695,93,1,-549.02
23065,7696,24,1,767.98
23066,7696,104,3,556.7
23067,7696,85,4,446.02
23068,7696,11,3,117.66
23069,7697,21,4,658.67
23070,7698,67,3,755.48
23071,7699,61,4,0.0
23072,7699,14,2,754.03
23073,7699,141,2,664.67
23074,7699,85,2,446.02
23075,7700,29,2,474.32
23076,7701,141,2,664.67
23077,7701,89,2,164.51
23078,7702,3,4,302.94
23079,7702,17,3,658.83
23080,7702,31,2,682.52
23081,7702,89,4,164.51
23082,7702,77,1,0.0
23083,7703,14,3,754.03
23084,7704,11,3,117.66
23085,7704,120,4,163.71
23086,7704,51,2,521.96
23087,7704,114,2,709.75
23088,7705,62,4,302.99
23089,7705,129,2,356.8
23090,7706,104,4,556.7
23091,7707,40,3,496.68
23092,7707,3,4,302.94
23093,7707,103,4,163.53
23094,7708,17,4,658.83
23095,7708,38,2,272.91
23096,7709,26,3,266.42
23097,7710,99,3,707.47
23098,7710,96,3,385.9
23099,7711,67,4,755.48
23100,7711,145,3,229.11
23101,7711,51,1,521.96
23102,7711,57,3,268.77
23103,7711,1,3,229.43
23104,7712,80,3,752.51
23105,7713,45,2,157.83
23106,7713,48,3,107.37
23107,7713,140,4,80.4
23108,7714,115,4,769.44
23109,7715,63,2,82.09
23110,7715,112,1,306.6
23111,7715,7,3,797.36
23112,7716,94,1,610.92
23113,7717,115,1,769.44
23114,7718,108,3,596.14
23115,7718,20,1,511.22
23116,7719,116,1,499.37
23117,7719,136,2,254.21
23118,7719,47,2,434.59
23119,7719,53,3,176.09
23120,7720,124,1,127.43
23121,7720,90,3,503.63
23122,7721,37,2,178.59
23123,7721,129,3,356.8
23124,7721,72,1,248.19
23125,7721,44,3,14.87
23126,7722,21,3,658.67
23127,7722,121,4,643.49
23128,7722,86,4,35.23
23129,7723,119,3,443.26
23130,7723,126,1,101.97
23131,7724,92,1,416.84
23132,7724,142,1,758.12
23133,7724,114,2,709.75
23134,7724,42,1,458.23
23135,7725,106,2,256.39
23136,7725,135,3,457.51
23137,7726,55,4,472.02
23138,7726,117,4,723.89
23139,7727,75,4,421.56
23140,7727,17,1,658.83
23141,7728,64,1,123.33
23142,7728,137,1,704.57
23143,7729,2,4,536.34
23144,7730,30,1,466.19
23145,7731,84,2,431.32
23146,7731,55,2,472.02
23147,7732,130,1,778.31
23148,7733,31,1,682.52
23149,7733,99,3,707.47
23150,7733,10,3,364.78
23151,7734,69,4,678.97
23152,7734,149,4,254.2
23153,7734,48,4,107.37
23154,7734,99,4,707.47
23155,7734,123,4,717.17
23156,7735,90,2,503.63
23157,7735,114,3,709.75
23158,7735,147,1,630.5
23159,7736,125,3,60.95
23160,7737,92,1,416.84
23161,7737,102,1,378.83
23162,7737,77,3,0.0
23163,7737,146,1,19.08
23164,7737,62,1,302.99
23165,7738,132,2,660.44
23166,7738,27,4,470.69
23167,7738,9,2,185.56
23168,7738,76,2,571.36
23169,7738,32,4,176.75
23170,7739,60,2,602.69
23171,7740,16,1,170.96
23172,7741,139,2,322.53
23173,7741,100,4,110.82
23174,7741,28,4,487.27
23175,7742,72,1,248.19
23176,7743,104,4,556.7
23177,7744,100,2,110.82
23178,7744,22,3,759.83
23179,7744,110,4,335.07
23180,7744,145,4,229.11
23181,7744,55,2,472.02
23182,7745,121,3,643.49
23183,7745,143,1,488.21
23184,7745,129,2,356.8
23185,7745,40,1,660.62
23186,7745,23,3,701.6
23187,7746,41,2,574.12
23188,7746,42,2,458.23
23189,7747,53,2,176.09
23190,7748,15,2,715.52
23191,7749,122,3,444.14
23192,7749,76,4,571.36
23193,7750,4,3,636.38
23194,7750,68,3,636.26
23195,7750,41,2,574.12
23196,7750,46,2,566.86
23197,7750,58,1,558.64
23198,7751,113,3,149.56
23199,7751,132,2,660.44
23200,7752,82,1,558.31
23201,7753,39,2,467.56
23202,7753,92,3,416.84
23203,7753,74,2,429.76
23204,7753,11,4,117.66
23205,7754,117,2,513.66
23206,7754,20,1,511.22
23207,7754,106,2,256.39
23208,7755,103,4,163.53
23209,7755,109,4,382.69
23210,7756,118,1,361.9
23211,7756,12,2,452.49
23212,7756,124,3,127.43
23213,7756,98,1,569.99
23214,7756,39,4,467.56
23215,7757,17,4,658.83
23216,7757,127,1,349.21
23217,7758,54,1,119.66
23218,7758,23,1,701.6
23219,7758,139,2,322.53
23220,7759,8,3,611.79
23221,7759,107,3,22.07
23222,7759,78,3,789.72
23223,7759,50,4,370.89
23224,7759,135,1,457.51
23225,7760,109,1,382.69
23226,7760,66,4,484.78
23227,7760,54,1,119.66
23228,7760,106,1,256.39
23229,7761,66,3,484.78
23230,7761,128,4,383.45
23231,7761,67,2,755.48
23232,7761,130,1,778.31
23233,7762,34,4,369.27
23234,7763,104,3,556.7
23235,7763,33,2,680.29
23236,7764,149,4,254.2
23237,7764,22,3,759.83
23238,7764,142,1,758.12
23239,7764,141,1,664.67
23240,7764,12,3,452.49
23241,7765,63,4,82.09
23242,7765,73,4,757.68
23243,7765,12,4,452.49
23244,7765,2,4,536.34
23245,7765,97,4,799.31
23246,7766,70,4,318.37
23247,7767,129,3,356.8
23248,7767,34,2,369.27
23249,7767,119,2,443.26
23250,7767,67,1,755.48
23251,7768,119,4,443.26
23252,7768,60,1,602.69
23253,7768,5,1,459.8
23254,7768,110,2,335.07
23255,7768,35,3,593.85
23256,7769,32,2,176.75
23257,7769,88,3,581.3
23258,7769,58,1,558.64
23259,7770,140,3,80.4
23260,7770,35,4,593.85
23261,7770,36,4,495.03
23262,7770,17,2,658.83
23263,7771,99,4,707.47
23264,7771,16,1,170.96
23265,7772,31,3,682.52
23266,7772,1,2,229.43
23267,7772,144,1,507.04
23268,7773,23,2,701.6
23269,7773,33,3,680.29
23270,7773,97,1,799.31
23271,7773,92,4,416.84
23272,7774,53,1,176.09
23273,7775,44,2,14.87
23274,7775,92,1,416.84
23275,7775,119,4,443.26
23276,7776,99,4,707.47
23277,7776,66,4,484.78
23278,7776,65,1,748.34
23279,7776,13,4,302.7
23280,7776,32,4,176.75
23281,7777,106,3,256.39
23282,7777,60,2,602.69
23283,7777,34,1,369.27
23284,7777,139,3,322.53
23285,7777,147,4,630.5
23286,7778,103,4,163.53
23287,7778,22,1,759.83
23288,7778,61,1,0.0
23289,7779,2,2,536.34
23290,7779,134,3,14.54
23291,7779,128,3,383.45
23292,7779,118,2,361.9
23293,7779,116,3,499.37
23294,7780,145,3,229.11
23295,7780,88,3,581.3
23296,7780,4,1,636.38
23297,7781,14,1,754.03
23298,7782,60,4,602.69
23299,7782,101,1,720.77
23300,7782,80,4,752.51
23301,7782,149,3,254.2
23302,7783,141,1,664.67
23303,7784,56,4,783.92
23304,7784,100,4,110.82
23305,7784,104,2,556.7
23306,7784,114,2,709.75
23307,7784,146,2,19.08
23308,7785,64,1,123.33
23309,7785,121,1,643.49
23310,7785,78,4,789.72
23311,7785,111,3,781.01
23312,7786,32,2,176.75
23313,7787,140,3,80.4
23314,7787,8,2,611.79
23315,7787,59,3,402.24
23316,7787,69,1,678.97
23317,7787,123,3,717.17
23318,7788,136,1,254.21
23319,7789,91,2,425.2
23320,7789,10,2,364.78
23321,7789,145,3,229.11
23322,7789,142,3,758.12
23323,7790,91,1,425.2
23324,7790,111,2,781.01
23325,7790,32,4,176.75
23326,7791,108,3,596.14
23327,7791,65,3,748.34
23328,7791,73,3,757.68
23329,7791,70,2,318.37
23330,7791,45,2,157.83
23331,7792,22,4,759.83
23332,7793,102,1,378.83
23333,7793,65,3,748.34
23334,7793,59,4,402.24
23335,7793,68,1,636.26
23336,7794,82,4,558.31
23337,7794,29,1,474.32
23338,7794,47,2,434.59
23339,7794,85,1,446.02
23340,7794,38,3,272.91
23341,7795,126,4,101.97
23342,7795,2,3,536.34
23343,7795,21,4,658.67
23344,7796,83,3,57.87
23345,7796,50,1,370.89
23346,7797,150,4,484.06
23347,7797,45,1,157.83
23348,7797,120,4,163.71
23349,7797,56,2,783.92
23350,7797,125,1,60.95
23351,7798,141,3,664.67
23352,7799,127,1,349.21
23353,7799,121,2,643.49
23354,7799,17,4,658.83
23355,7799,84,1,431.32
23356,7799,15,2,715.52
23357,7800,61,2,0.0
23358,7800,119,4,443.26
23359,7800,35,4,536.4
23360,7801,134,1,14.54
23361,7802,51,2,521.96
23362,7802,11,1,117.66
23363,7802,88,4,581.3
23364,7802,84,3,431.32
23365,7803,50,4,370.89
23366,7804,43,3,25.96
23367,7804,124,1,127.43
23368,7804,11,2,117.66
23369,7804,65,2,748.34
23370,7805,13,4,302.7
23371,7806,97,4,799.31
23372,7807,18,3,315.84
23373,7807,43,4,25.96
23374,7807,116,4,499.37
23375,7807,80,3,752.51
23376,7808,83,2,57.87
23377,7808,28,2,319.93
23378,7809,63,2,82.09
23379,7810,43,2,25.96
23380,7810,10,2,364.78
23381,7810,117,4,723.89
23382,7810,71,1,326.37
23383,7811,114,4,709.75
23384,7811,91,3,425.2
23385,7811,61,3,0.0
23386,7811,53,3,176.09
23387,7811,51,4,521.96
23388,7812,106,3,256.39
23389,7813,94,3,610.92
23390,7813,116,1,499.37
23391,7813,38,2,292.45
23392,7813,93,2,-549.02
23393,7814,142,2,758.12
23394,7814,24,2,767.98
23395,7814,2,2,536.34
23396,7814,31,1,682.52
23397,7814,32,1,176.75
23398,7815,130,3,778.31
23399,7816,117,1,723.89
23400,7816,20,3,357.01
23401,7817,31,3,682.52
23402,7817,19,3,582.15
23403,7817,59,1,402.24
23404,7817,46,1,566.86
23405,7818,46,4,341.53
23406,7818,3,2,302.94
23407,7818,26,3,266.42
23408,7818,150,3,484.06
23409,7819,113,1,149.56
23410,7819,34,1,369.27
23411,7819,74,2,429.76
23412,7819,35,3,593.85
23413,7819,23,4,701.6
23414,7820,96,1,385.9
23415,7820,135,2,457.51
23416,7820,46,3,566.86
23417,7820,23,3,701.6
23418,7820,85,3,446.02
23419,7821,12,2,452.49
23420,7822,19,1,582.15
23421,7822,48,3,128.73
23422,7822,143,2,488.21
23423,7822,145,1,229.11
23424,7822,134,4,14.54
23425,7823,29,1,474.32
23426,7823,84,2,431.32
23427,7823,36,3,495.03
23428,7823,86,1,35.23
23429,7824,20,4,511.22
23430,7824,99,1,707.47
23431,7824,27,3,470.69
23432,7824,40,1,496.68
23433,7824,129,3,356.8
23434,7825,127,2,349.21
23435,7825,95,1,550.05
23436,7825,147,3,630.5
23437,7826,114,4,709.75
23438,7826,132,4,660.44
23439,7827,87,2,353.29
23440,7827,52,1,457.95
23441,7827,26,4,266.42
23442,7827,114,3,709.75
23443,7827,132,1,660.44
23444,7828,88,2,581.3
23445,7828,64,2,123.33
23446,7829,30,2,466.19
23447,7830,17,1,658.83
23448,7830,82,3,558.31
23449,7830,118,1,361.9
23450,7830,107,3,22.07
23451,7831,48,3,107.37
23452,7831,83,2,57.87
23453,7831,95,3,550.05
23454,7831,15,1,715.52
23455,7831,50,2,370.89
23456,7832,130,3,778.31
23457,7832,73,2,757.68
23458,7832,100,3,110.82
23459,7832,51,1,521.96
23460,7832,113,2,149.56
23461,7833,104,4,556.7
23462,7833,142,3,758.12
23463,7833,6,3,498.94
23464,7833,4,3,636.38
23465,7834,81,3,226.08
23466,7834,37,1,253.77
23467,7834,134,4,14.54
23468,7835,77,2,0.0
23469,7835,28,3,487.27
23470,7835,55,1,472.02
23471,7835,114,1,709.75
23472,7836,140,3,80.4
23473,7837,90,4,503.63
23474,7838,108,3,596.14
23475,7839,56,3,783.92
23476,7839,12,3,452.49
23477,7839,147,3,630.5
23478,7839,37,4,253.77
23479,7840,58,2,558.64
23480,7840,39,2,467.56
23481,7840,124,1,137.8
23482,7841,110,1,335.07
23483,7841,47,2,434.59
23484,7842,139,2,322.53
23485,7842,5,1,459.8
23486,7843,23,4,701.6
23487,7843,80,1,752.51
23488,7843,24,3,767.98
23489,7843,106,4,256.39
23490,7843,145,4,229.11
23491,7844,10,4,364.78
23492,7844,97,1,799.31
23493,7844,122,2,444.14
23494,7844,101,2,720.77
23495,7844,36,2,495.03
23496,7845,8,1,611.79
23497,7846,87,2,353.29
23498,7846,43,1,25.96
23499,7846,115,1,769.44
23500,7846,9,1,185.56
23501,7847,42,3,458.23
23502,7847,14,2,754.03
23503,7847,147,3,630.5
23504,7848,69,3,678.97
23505,7848,120,4,163.71
23506,7848,7,1,797.36
23507,7849,63,1,82.09
23508,7850,104,3,556.7
23509,7850,134,2,14.54
23510,7850,124,1,127.43
23511,7850,123,3,717.17
23512,7850,1,3,229.43
23513,7851,86,2,35.23
23514,7851,36,1,495.03
23515,7851,99,1,707.47
23516,7851,62,1,302.99
23517,7851,33,1,680.29
23518,7852,82,3,558.31
23519,7853,38,1,272.91
23520,7853,127,3,349.21
23521,7853,28,2,487.27
23522,7853,143,1,488.21
23523,7854,52,2,457.95
23524,7854,1,1,229.43
23525,7854,49,2,186.12
23526,7854,118,2,361.9
23527,7854,100,1,110.82
23528,7855,32,2,176.75
23529,7855,52,2,457.95
23530,7856,126,2,101.97
23531,7856,114,4,709.75
23532,7856,91,2,425.2
23533,7856,22,3,759.83
23534,7856,112,3,306.6
23535,7857,114,1,709.75
23536,7857,31,4,682.52
23537,7858,75,1,421.56
23538,7858,32,1,176.75
23539,7858,109,4,382.69
23540,7859,69,1,678.97
23541,7859,53,2,176.09
23542,7859,50,1,370.89
23543,7859,113,1,149.56
23544,7860,79,4,499.3
23545,7860,58,1,558.64
23546,7861,22,4,759.83
23547,7861,63,1,82.09
23548,7861,10,2,364.78
23549,7861,116,4,499.37
23550,7861,91,1,425.2
23551,7862,100,3,110.82
23552,7862,73,3,757.68
23553,7863,48,3,107.37
23554,7864,109,2,382.69
23555,7864,132,1,660.44
23556,7864,66,1,484.78
23557,7864,91,4,425.2
23558,7864,61,3,0.0
23559,7865,111,3,781.01
23560,7865,133,3,53.99
23561,7866,52,1,457.95
23562,7866,20,4,511.22
23563,7866,77,4,0.0
23564,7867,7,3,797.36
23565,7868,36,3,495.03
23566,7868,136,4,254.21
23567,7868,68,2,636.26
23568,7868,42,1,458.23
23569,7868,91,2,425.2
23570,7869,47,3,434.59
23571,7869,35,3,593.85
23572,7870,5,4,459.8
23573,7870,80,3,752.51
23574,7871,77,1,0.0
23575,7871,81,4,226.08
23576,7871,87,1,353.29
23577,7871,66,2,484.78
23578,7871,2,4,536.34
23579,7872,56,4,783.92
23580,7872,11,4,117.66
23581,7872,94,3,643.11
23582,7872,17,3,658.83
23583,7873,60,1,602.69
23584,7873,21,1,658.67
23585,7874,112,3,306.6
23586,7874,99,2,707.47
23587,7875,38,3,272.91
23588,7875,12,1,452.49
23589,7875,30,2,466.19
23590,7876,135,1,457.51
23591,7877,66,2,484.78
23592,7877,27,1,470.69
23593,7877,23,1,701.6
23594,7878,75,4,421.56
23595,7878,68,3,636.26
23596,7878,60,2,602.69
23597,7878,48,1,107.37
23598,7878,62,3,302.99
23599,7879,39,3,467.56
23600,7879,23,4,701.6
23601,7879,18,4,315.84
23602,7879,16,2,170.96
23603,7879,28,1,487.27
23604,7880,137,4,704.57
23605,7881,123,1,717.17
23606,7882,4,3,636.38
23607,7882,16,1,170.96
23608,7882,127,2,349.21
23609,7882,59,1,402.24
23610,7882,133,4,53.99
23611,7883,27,4,470.69
23612,7883,136,1,254.21
23613,7883,126,2,101.97
23614,7884,70,2,318.37
23615,7884,118,1,361.9
23616,7884,23,2,701.6
23617,7884,53,3,176.09
23618,7884,63,3,82.09
23619,7885,126,2,101.97
23620,7885,75,3,421.56
23621,7885,96,2,385.9
23622,7885,51,4,521.96
23623,7885,38,1,272.91
23624,7886,117,1,723.89
23625,7886,36,3,495.03
23626,7887,43,4,25.96
23627,7887,8,2,611.79
23628,7888,22,1,759.83
23629,7888,34,4,369.27
23630,7888,74,2,429.76
23631,7888,120,4,163.71
23632,7889,122,2,444.14
23633,7889,129,3,356.8
23634,7889,13,4,302.7
23635,7889,65,4,748.34
23636,7889,62,3,302.99
23637,7890,142,2,758.12
23638,7891,67,4,755.48
23639,7891,144,3,507.04
23640,7891,11,2,117.66
23641,7892,47,2,434.59
23642,7892,38,3,272.91
23643,7893,96,3,385.9
23644,7893,79,4,499.3
23645,7893,17,4,658.83
23646,7893,75,2,421.56
23647,7894,113,1,149.56
23648,7894,64,2,123.33
23649,7895,94,2,610.92
23650,7895,97,1,799.31
23651,7895,135,4,457.51
23652,7895,111,2,781.01
23653,7896,137,1,704.57
23654,7896,119,1,443.26
23655,7897,104,2,556.7
23656,7897,126,2,74.18
23657,7897,75,3,421.56
23658,7897,69,2,678.97
23659,7897,38,3,272.91
23660,7898,64,3,123.33
23661,7899,39,3,467.56
23662,7899,56,2,783.92
23663,7899,69,4,678.97
23664,7899,145,1,229.11
23665,7899,87,2,353.29
23666,7900,88,2,581.3
23667,7900,127,3,349.21
23668,7901,82,4,558.31
23669,7901,127,2,349.21
23670,7901,121,3,643.49
23671,7901,97,1,799.31
23672,7901,116,3,499.37
23673,7902,11,3,117.66
23674,7902,118,1,361.9
23675,7902,5,3,459.8
23676,7902,12,3,452.49
23677,7902,26,2,266.42
23678,7903,12,1,452.49
23679,7904,20,3,511.22
23680,7905,96,2,385.9
23681,7905,137,2,704.57
23682,7905,124,3,127.43
23683,7905,67,2,755.48
23684,7905,113,1,149.56
23685,7906,128,2,383.45
23686,7906,60,2,602.69
23687,7906,143,4,488.21
23688,7906,124,4,127.43
23689,7907,55,4,472.02
23690,7908,145,2,229.11
23691,7908,33,3,680.29
23692,7908,67,3,755.48
23693,7908,23,3,701.6
23694,7909,105,2,462.17
23695,7909,115,1,769.44
23696,7909,42,1,458.23
23697,7909,120,2,163.71
23698,7910,84,2,431.32
23699,7910,80,2,906.66
23700,7910,113,1,149.56
23701,7911,66,4,484.78
23702,7912,102,4,378.83
23703,7912,132,4,660.44
23704,7912,131,1,318.76
23705,7912,9,2,185.56
23706,7912,67,1,755.48
23707,7913,55,2,472.02
23708,7913,134,3,14.54
23709,7913,97,2,799.31
23710,7913,77,1,0.0
23711,7913,41,3,574.12
23712,7914,58,4,558.64
23713,7914,119,3,443.26
23714,7914,85,4,446.02
23715,7914,134,4,14.54
23716,7915,67,1,755.48
23717,7915,58,3,558.64
23718,7915,5,1,459.8
23719,7916,57,4,268.77
23720,7916,86,4,35.23
23721,7917,30,2,466.19
23722,7917,122,4,444.14
23723,7918,75,3,421.56
23724,7919,48,3,107.37
23725,7919,119,1,443.26
23726,7919,90,1,503.63
23727,7920,137,3,704.57
23728,7920,120,3,163.71
23729,7921,76,4,584.13
23730,7921,62,4,302.99
23731,7921,105,4,462.17
23732,7921,138,4,126.38
23733,7921,39,4,467.56
23734,7922,44,3,14.87
23735,7922,129,4,356.8
23736,7923,82,3,558.31
23737,7924,9,1,185.56
23738,7924,91,4,425.2
23739,7925,34,1,369.27
23740,7925,44,3,14.87
23741,7925,15,1,715.52
23742,7926,55,1,472.02
23743,7927,56,3,783.92
23744,7927,116,1,499.37
23745,7927,123,3,717.17
23746,7928,72,3,285.28
23747,7929,111,1,781.01
23748,7929,142,1,758.12
23749,7930,8,2,611.79
23750,7930,101,4,720.77
23751,7930,35,4,593.85
23752,7931,30,2,466.19
23753,7932,131,3,318.76
23754,7932,71,2,326.37
23755,7933,129,2,356.8
23756,7933,131,2,318.76
23757,7934,148,4,495.91
23758,7934,122,3,444.14
23759,7935,58,2,558.64
23760,7935,12,4,452.49
23761,7935,2,2,536.34
23762,7935,150,2,484.06
23763,7935,22,3,759.83
23764,7936,22,4,759.83
23765,7936,87,4,353.29
23766,7936,27,2,470.69
23767,7936,3,2,302.94
23768,7937,89,2,164.51
23769,7938,18,2,315.84
23770,7938,137,3,704.57
23771,7938,78,1,789.72
23772,7939,94,2,610.92
23773,7940,11,3,117.66
23774,7940,86,2,35.23
23775,7940,116,2,499.37
23776,7941,41,1,574.12
23777,7941,60,2,602.69
23778,7942,47,1,434.59
23779,7942,55,4,472.02
23780,7943,140,4,80.4
23781,7943,36,3,495.03
23782,7943,119,2,443.26
23783,7944,37,1,253.77
23784,7944,56,2,783.92
23785,7944,108,3,596.14
23786,7945,101,4,720.77
23787,7946,100,3,110.82
23788,7946,98,1,569.99
23789,7947,34,2,369.27
23790,7947,44,2,14.87
23791,7948,24,4,767.98
23792,7948,29,1,474.32
23793,7948,65,1,748.34
23794,7948,75,4,421.56
23795,7948,142,2,832.58
23796,7949,21,1,658.67
23797,7950,74,3,429.76
23798,7951,111,4,781.01
23799,7951,126,1,101.97
23800,7951,69,3,678.97
23801,7951,15,4,715.52
23802,7952,131,3,318.76
23803,7952,75,4,421.56
23804,7952,111,3,781.01
23805,7953,31,2,682.52
23806,7953,133,4,53.99
23807,7953,15,3,715.52
23808,7953,21,3,658.67
23809,7954,130,3,778.31
23810,7955,84,3,431.32
23811,7956,24,4,767.98
23812,7957,107,4,22.07
23813,7957,144,2,507.04
23814,7957,87,3,353.29
23815,7957,129,1,356.8
23816,7957,49,3,186.12
23817,7958,39,2,467.56
23818,7958,56,2,783.92
23819,7959,28,2,365.37
23820,7959,46,2,566.86
23821,7959,33,4,680.29
23822,7959,60,4,602.69
23823,7960,118,4,361.9
23824,7960,145,2,229.11
23825,7960,121,2,643.49
23826,7960,74,2,429.76
23827,7961,143,4,488.21
23828,7961,88,2,581.3
23829,7961,137,3,704.57
23830,7961,38,3,272.91
23831,7961,57,3,268.77
23832,7962,45,1,157.83
23833,7962,140,1,80.4
23834,7962,21,3,658.67
23835,7963,68,4,636.26
23836,7963,139,2,322.53
23837,7963,128,2,383.45
23838,7963,77,4,0.0
23839,7964,58,1,558.64
23840,7964,21,2,658.67
23841,7965,73,1,757.68
23842,7965,104,4,556.7
23843,7965,56,1,783.92
23844,7965,28,4,487.27
23845,7966,113,3,149.56
23846,7966,11,2,117.66
23847,7966,90,3,503.63
23848,7966,132,2,660.44
23849,7967,30,3,466.19
23850,7967,131,1,318.76
23851,7967,98,1,569.99
23852,7967,69,2,678.97
23853,7968,74,3,429.76
23854,7968,100,1,110.82
23855,7969,66,4,484.78
23856,7969,131,2,318.76
23857,7969,121,1,643.49
23858,7970,59,1,402.24
23859,7970,83,4,57.87
23860,7971,135,2,457.51
23861,7971,91,4,479.15
23862,7972,18,2,315.84
23863,7972,21,3,658.67
23864,7972,9,1,185.56
23865,7973,8,4,611.79
23866,7973,131,3,318.76
23867,7973,60,1,602.69
23868,7973,91,3,425.2
23869,7973,15,3,715.52
23870,7974,3,4,302.94
23871,7974,136,4,254.21
23872,7974,61,1,0.0
23873,7974,32,4,176.75
23874,7975,3,3,302.94
23875,7975,61,4,0.0
23876,7976,57,1,268.77
23877,7976,77,3,0.0
23878,7976,41,3,574.12
23879,7977,124,3,127.43
23880,7977,114,3,709.75
23881,7977,103,3,163.53
23882,7978,97,3,799.31
23883,7978,19,1,582.15
23884,7978,149,4,254.2
23885,7978,127,3,349.21
23886,7979,39,4,467.56
23887,7979,99,3,873.58
23888,7979,24,3,767.98
23889,7979,139,2,322.53
23890,7980,15,3,715.52
23891,7980,106,2,256.39
23892,7980,44,1,14.87
23893,7980,101,1,720.77
23894,7981,119,1,443.26
23895,7982,138,4,126.38
23896,7982,69,2,678.97
23897,7982,134,3,14.54
23898,7982,108,4,596.14
23899,7983,84,1,431.32
23900,7983,38,2,272.91
23901,7983,59,4,402.24
23902,7983,149,2,254.2
23903,7984,66,1,484.78
23904,7984,30,2,466.19
23905,7984,107,2,22.07
23906,7984,85,4,446.02
23907,7985,102,4,378.83
23908,7986,100,3,110.82
23909,7986,145,1,229.11
23910,7986,65,4,748.34
23911,7987,73,2,757.68
23912,7988,36,1,495.03
23913,7989,39,2,467.56
23914,7989,124,2,127.43
23915,7989,41,3,574.12
23916,7989,79,2,499.3
23917,7989,119,1,443.26
23918,7990,105,4,462.17
23919,7990,36,1,495.03
23920,7990,40,3,496.68
23921,7991,35,3,593.85
23922,7991,98,1,569.99
23923,7991,144,2,507.04
23924,7991,80,4,752.51
23925,7991,10,3,364.78
23926,7992,79,1,499.3
23927,7992,43,1,25.96
23928,7992,68,1,636.26
23929,7992,6,1,498.94
23930,7992,128,3,383.45
23931,7993,138,1,126.38
23932,7993,60,3,602.69
23933,7993,32,1,176.75
23934,7993,63,2,82.09
23935,7994,96,3,385.9
23936,7994,133,1,53.99
23937,7994,2,1,536.34
23938,7995,123,3,717.17
23939,7995,126,4,101.97
23940,7995,108,1,596.14
23941,7996,137,4,704.57
23942,7997,38,3,336.2
23943,7997,129,2,356.8
23944,7998,75,1,421.56
23945,7998,93,1,-549.02
23946,7999,56,1,783.92
23947,7999,149,3,254.2
23948,7999,60,2,602.69
23949,8000,95,3,550.05
23950,8000,99,2,707.47
23951,8000,15,1,715.52
23952,8000,90,3,503.63
23953,8000,58,1,558.64
23954,8001,20,4,511.22
23955,8001,123,1,717.17
23956,8002,147,3,630.5
23957,8002,30,2,466.19
23958,8003,84,4,431.32
23959,8003,75,1,421.56
23960,8003,127,1,349.21
23961,8003,98,3,569.99
23962,8003,113,3,149.56
23963,8004,51,4,521.96
23964,8004,20,4,511.22
23965,8004,58,1,558.64
23966,8005,122,3,444.14
23967,8005,91,3,425.2
23968,8005,145,2,229.11
23969,8005,98,3,775.61
23970,8006,22,3,759.83
23971,8006,58,3,558.64
23972,8006,133,4,53.99
23973,8007,80,3,752.51
23974,8007,49,1,186.12
23975,8008,64,3,123.33
23976,8008,95,2,550.05
23977,8008,137,3,704.57
23978,8008,55,4,472.02
23979,8009,94,2,610.92
23980,8009,143,1,488.21
23981,8009,88,1,581.3
23982,8010,42,1,458.23
23983,8010,83,1,57.87
23984,8010,2,3,536.34
23985,8011,102,3,378.83
23986,8012,97,3,799.31
23987,8012,52,1,457.95
23988,8012,131,1,318.76
23989,8012,77,2,0.0
23990,8013,102,1,378.83
23991,8013,36,2,495.03
23992,8013,103,1,163.53
23993,8013,5,1,459.8
23994,8014,55,4,472.02
23995,8014,143,2,488.21
23996,8014,130,3,778.31
23997,8015,115,3,769.44
23998,8015,100,4,110.82
23999,8015,53,3,176.09
24000,8015,13,1,302.7
24001,8015,119,3,443.26
24002,8016,13,1,302.7
24003,8016,1,2,229.43
24004,8017,85,2,446.02
24005,8017,59,4,402.24
24006,8018,39,1,467.56
24007,8019,20,2,511.22
24008,8019,12,4,452.49
24009,8019,37,1,253.77
24010,8020,142,2,758.12
24011,8020,22,1,759.83
24012,8021,106,3,256.39
24013,8022,45,4,157.83
24014,8023,32,2,176.75
24015,8024,132,2,660.44
24016,8024,149,2,254.2
24017,8025,116,4,499.37
24018,8026,25,2,50.04
24019,8026,122,2,444.14
24020,8027,119,3,443.26
24021,8027,76,3,571.36
24022,8027,59,1,402.24
24023,8028,115,4,769.44
24024,8028,62,4,302.99
24025,8028,9,1,185.56
24026,8028,83,3,57.87
24027,8029,141,1,664.67
24028,8029,69,3,678.97
24029,8029,96,4,385.9
24030,8030,121,4,643.49
24031,8030,144,1,507.04
24032,8030,34,1,343.84
24033,8031,127,1,349.21
24034,8032,14,3,754.03
24035,8032,62,2,302.99
24036,8033,69,4,678.97
24037,8033,77,4,0.0
24038,8034,134,2,14.54
24039,8035,91,1,425.2
24040,8035,54,4,119.66
24041,8035,115,3,769.44
24042,8036,45,1,157.83
24043,8037,140,1,80.4
24044,8037,113,3,149.56
24045,8037,141,3,664.67
24046,8037,10,4,364.78
24047,8038,83,2,57.87
24048,8038,6,1,498.94
24049,8038,92,2,416.84
24050,8038,121,2,643.49
24051,8038,109,2,382.69
24052,8039,23,3,701.6
24053,8039,86,3,35.23
24054,8040,31,3,682.52
24055,8040,14,1,754.03
24056,8041,32,4,176.75
24057,8041,33,4,680.29
24058,8041,144,2,507.04
24059,8041,111,1,781.01
24060,8041,12,1,452.49
24061,8042,12,2,452.49
24062,8042,58,4,558.64
24063,8042,83,2,57.87
24064,8043,49,1,186.12
24065,8044,25,3,50.04
24066,8044,63,1,82.09
24067,8044,64,4,123.33
24068,8044,23,1,701.6
24069,8044,136,3,254.21
24070,8045,99,3,707.47
24071,8045,60,2,602.69
24072,8046,75,1,421.56
24073,8046,94,2,610.92
24074,8047,62,3,302.99
24075,8047,143,2,488.21
24076,8048,136,4,254.21
24077,8048,132,1,660.44
24078,8048,106,2,256.39
24079,8048,48,1,107.37
24080,8049,91,3,425.2
24081,8049,78,4,789.72
24082,8049,36,2,495.03
24083,8050,82,1,558.31
24084,8050,41,3,574.12
24085,8050,140,2,80.4
24086,8050,130,3,778.31
24087,8050,106,3,256.39
24088,8051,72,2,248.19
24089,8052,111,1,781.01
24090,8052,16,4,170.96
24091,8052,114,1,709.75
24092,8053,50,4,370.89
24093,8053,67,3,755.48
24094,8054,26,3,266.42
24095,8054,70,2,318.37
24096,8054,126,3,101.97
24097,8055,16,3,170.96
24098,8055,13,1,302.7
24099,8056,87,4,353.29
24100,8056,67,1,755.48
24101,8056,24,1,767.98
24102,8056,135,3,457.51
24103,8057,21,3,658.67
24104,8057,69,4,678.97
24105,8057,19,3,582.15
24106,8057,97,4,799.31
24107,8058,20,4,511.22
24108,8058,59,3,402.24
24109,8058,145,2,229.11
24110,8058,5,4,459.8
24111,8059,47,1,434.59
24112,8059,87,4,353.29
24113,8059,32,1,176.75
24114,8059,35,4,593.85
24115,8059,117,4,723.89
24116,8060,129,2,356.8
24117,8061,89,2,164.51
24118,8062,15,3,715.52
24119,8062,64,1,123.33
24120,8062,74,3,429.76
24121,8062,7,3,651.16
24122,8062,71,2,326.37
24123,8063,7,1,797.36
24124,8063,78,1,789.72
24125,8063,142,1,758.12
24126,8064,26,1,266.42
24127,8064,17,2,658.83
24128,8064,48,3,107.37
24129,8064,23,1,701.6
24130,8064,2,1,536.34
24131,8065,19,3,582.15
24132,8065,26,2,266.42
24133,8066,97,3,799.31
24134,8066,130,2,778.31
24135,8066,146,1,19.08
24136,8067,43,4,25.96
24137,8067,70,4,318.37
24138,8067,150,1,484.06
24139,8068,139,3,322.53
24140,8068,44,2,14.87
24141,8068,90,3,503.63
24142,8068,126,4,101.97
24143,8068,143,2,488.21
24144,8069,73,4,757.68
24145,8070,61,1,0.0
24146,8070,33,1,680.29
24147,8071,83,3,57.87
24148,8071,137,1,704.57
24149,8071,63,4,82.09
24150,8071,128,2,383.45
24151,8071,109,2,382.69
24152,8072,144,1,507.04
24153,8072,145,4,229.11
24154,8073,130,4,778.31
24155,8073,146,2,19.08
24156,8073,52,2,457.95
24157,8074,67,2,755.48
24158,8074,110,3,335.07
24159,8074,48,1,107.37
24160,8074,65,4,748.34
24161,8075,88,4,581.3
24162,8075,134,1,14.54
24163,8075,82,1,558.31
24164,8075,41,2,574.12
24165,8075,70,1,318.37
24166,8076,124,4,127.43
24167,8076,150,2,484.06
24168,8076,118,1,361.9
24169,8076,64,1,123.33
24170,8076,18,2,315.84
24171,8077,81,4,226.08
24172,8077,109,1,382.69
24173,8077,89,4,164.51
24174,8078,79,2,499.3
24175,8078,134,4,14.54
24176,8078,70,1,318.37
24177,8079,61,1,0.0
24178,8079,110,3,335.07
24179,8079,72,4,248.19
24180,8080,144,1,701.47
24181,8080,136,4,254.21
24182,8080,96,3,385.9
24183,8080,37,4,253.77
24184,8080,145,2,229.11
24185,8081,9,3,185.56
24186,8081,5,2,459.8
24187,8081,52,2,457.95
24188,8081,49,1,186.12
24189,8081,86,3,35.23
24190,8082,63,3,82.09
24191,8083,121,1,643.49
24192,8083,89,2,164.51
24193,8083,8,3,611.79
24194,8083,80,1,752.51
24195,8084,28,3,487.27
24196,8084,51,1,521.96
24197,8085,68,1,636.26
24198,8085,69,3,678.97
24199,8085,64,2,123.33
24200,8086,71,4,326.37
24201,8086,67,1,755.48
24202,8086,110,1,335.07
24203,8086,11,3,117.66
24204,8087,134,1,14.54
24205,8087,23,4,701.6
24206,8088,64,1,123.33
24207,8089,143,3,488.21
24208,8089,54,3,119.66
24209,8089,53,2,176.09
24210,8090,37,2,253.77
24211,8090,40,1,496.68
24212,8090,76,3,571.36
24213,8090,98,1,569.99
24214,8090,145,2,229.11
24215,8091,103,1,163.53
24216,8091,135,4,457.51
24217,8092,124,4,127.43
24218,8092,71,4,326.37
24219,8092,53,3,147.53
24220,8092,91,1,425.2
24221,8093,40,2,496.68
24222,8093,139,1,322.53
24223,8093,1,3,229.43
24224,8094,31,3,682.52
24225,8095,18,3,315.84
24226,8095,11,3,117.66
24227,8095,95,3,550.05
24228,8095,48,1,107.37
24229,8096,136,4,254.21
24230,8097,22,1,759.83
24231,8097,40,1,496.68
24232,8097,99,3,707.47
24233,8097,103,3,163.53
24234,8097,46,3,566.86
24235,8098,14,3,754.03
24236,8098,35,2,593.85
24237,8098,63,3,82.09
24238,8098,30,3,466.19
24239,8099,35,3,593.85
24240,8100,25,1,50.04
24241,8100,119,1,570.81
24242,8101,42,1,458.23
24243,8101,134,2,14.54
24244,8101,25,3,50.04
24245,8101,49,4,186.12
24246,8102,63,3,82.09
24247,8102,148,2,777.04
24248,8103,47,4,434.59
24249,8103,137,4,704.57
24250,8103,94,1,610.92
24251,8104,59,2,402.24
24252,8104,142,3,758.12
24253,8104,108,4,596.14
24254,8104,48,4,107.37
24255,8104,21,2,658.67
24256,8105,143,1,488.21
24257,8105,21,1,658.67
24258,8105,92,1,416.84
24259,8105,54,1,119.66
24260,8105,55,4,472.02
24261,8106,119,3,443.26
24262,8107,91,3,425.2
24263,8107,120,1,142.14
24264,8107,56,2,783.92
24265,8108,7,2,797.36
24266,8109,6,1,498.94
24267,8109,148,1,777.04
24268,8109,109,3,382.69
24269,8110,126,1,101.97
24270,8110,62,4,302.99
24271,8110,103,3,163.53
24272,8110,140,1,80.4
24273,8111,58,2,558.64
24274,8111,144,4,507.04
24275,8111,93,4,-549.02
24276,8112,129,4,356.8
24277,8112,48,4,107.37
24278,8112,67,2,755.48
24279,8113,81,1,226.08
24280,8113,86,4,35.23
24281,8113,85,1,446.02
24282,8113,12,1,452.49
24283,8114,114,3,709.75
24284,8114,94,4,610.92
24285,8114,89,4,164.51
24286,8114,16,2,170.96
24287,8115,32,1,176.75
24288,8115,5,4,459.8
24289,8115,8,1,611.79
24290,8115,131,4,318.76
24291,8115,18,2,315.84
24292,8116,53,2,176.09
24293,8116,128,2,383.45
24294,8116,78,2,789.72
24295,8116,98,3,569.99
24296,8116,138,2,126.38
24297,8117,99,2,707.47
24298,8117,112,3,306.6
24299,8117,29,4,474.32
24300,8117,113,1,149.56
24301,8117,36,4,495.03
24302,8118,14,2,754.03
24303,8118,77,2,0.0
24304,8118,55,1,522.9
24305,8119,86,2,35.23
24306,8119,121,3,643.49
24307,8119,83,1,57.87
24308,8119,4,4,636.38
24309,8120,55,1,472.02
24310,8120,76,1,571.36
24311,8121,35,2,593.85
24312,8121,118,4,361.9
24313,8121,79,3,499.3
24314,8122,83,2,57.87
24315,8122,21,1,658.67
24316,8122,142,4,758.12
24317,8123,141,3,664.67
24318,8123,25,4,50.04
24319,8124,114,1,709.75
24320,8124,102,2,378.83
24321,8124,60,3,602.69
24322,8124,87,3,353.29
24323,8124,92,4,416.84
24324,8125,78,4,789.72
24325,8125,65,2,748.34
24326,8125,11,2,117.66
24327,8125,12,1,452.49
24328,8126,79,1,499.3
24329,8126,32,2,176.75
24330,8126,25,4,59.94
24331,8127,146,1,19.08
24332,8127,35,2,593.85
24333,8127,64,3,123.33
24334,8128,133,1,53.99
24335,8128,29,3,474.32
24336,8128,61,1,0.0
24337,8128,137,3,704.57
24338,8128,57,1,268.77
24339,8129,102,1,378.83
24340,8129,60,4,602.69
24341,8130,14,4,754.03
24342,8130,54,3,119.66
24343,8131,14,4,754.03
24344,8131,95,3,550.05
24345,8131,101,1,720.77
24346,8132,43,2,25.96
24347,8132,30,2,466.19
24348,8132,130,1,778.31
24349,8133,2,4,536.34
24350,8133,43,3,25.96
24351,8133,3,1,302.94
24352,8133,25,2,50.04
24353,8134,7,4,797.36
24354,8134,134,1,14.54
24355,8134,9,2,185.56
24356,8134,10,2,364.78
24357,8135,44,2,14.87
24358,8135,84,4,431.32
24359,8136,105,1,462.17
24360,8136,90,2,503.63
24361,8136,126,2,101.97
24362,8136,58,4,558.64
24363,8137,101,4,720.77
24364,8137,48,1,107.37
24365,8137,82,1,558.31
24366,8138,64,3,123.33
24367,8138,54,3,119.66
24368,8139,75,2,421.56
24369,8139,109,3,382.69
24370,8140,53,1,176.09
24371,8141,79,2,499.3
24372,8141,85,1,446.02
24373,8142,66,3,484.78
24374,8142,43,1,25.96
24375,8143,80,4,752.51
24376,8144,79,1,499.3
24377,8144,100,1,110.82
24378,8144,2,4,536.34
24379,8144,140,3,80.4
24380,8144,143,2,488.21
24381,8145,90,3,503.63
24382,8145,10,2,364.78
24383,8145,73,1,757.68
24384,8145,33,1,680.29
24385,8145,3,4,302.94
24386,8146,107,4,22.07
24387,8146,54,2,119.66
24388,8146,85,3,446.02
24389,8147,60,1,801.35
24390,8148,76,3,571.36
24391,8148,90,1,503.63
24392,8148,99,4,707.47
24393,8148,23,3,701.6
24394,8149,86,3,35.23
24395,8150,148,2,777.04
24396,8150,39,3,467.56
24397,8150,102,1,378.83
24398,8150,48,1,107.37
24399,8150,49,1,186.12
24400,8151,123,2,717.17
24401,8151,143,3,488.21
24402,8151,16,2,170.96
24403,8151,32,4,176.75
24404,8151,10,2,364.78
24405,8152,150,1,484.06
24406,8152,74,4,429.76
24407,8152,149,2,254.2
24408,8152,9,3,185.56
24409,8152,110,2,335.07
24410,8153,76,1,571.36
24411,8153,42,4,458.23
24412,8153,45,3,157.83
24413,8153,126,4,101.97
24414,8153,6,1,498.94
24415,8154,14,2,754.03
24416,8154,55,4,472.02
24417,8154,31,1,682.52
24418,8154,102,3,378.83
24419,8154,113,2,149.56
24420,8155,67,4,755.48
24421,8155,58,3,558.64
24422,8155,107,3,22.07
24423,8156,80,1,752.51
24424,8156,72,4,248.19
24425,8156,52,2,457.95
24426,8156,5,2,459.8
24427,8157,138,3,126.38
24428,8157,145,3,229.11
24429,8157,113,4,149.56
24430,8157,46,1,566.86
24431,8157,29,2,474.32
24432,8158,12,3,452.49
24433,8158,20,3,511.22
24434,8158,110,3,335.07
24435,8158,15,1,715.52
24436,8159,101,1,720.77
24437,8159,71,3,326.37
24438,8159,24,3,767.98
24439,8159,45,4,157.83
24440,8159,49,3,186.12
24441,8160,5,1,459.8
24442,8161,147,3,630.5
24443,8161,76,3,571.36
24444,8161,30,2,466.19
24445,8161,77,1,0.0
24446,8161,23,3,701.6
24447,8162,66,3,484.78
24448,8162,34,3,369.27
24449,8162,112,1,306.6
24450,8163,19,3,582.15
24451,8163,36,4,495.03
24452,8163,149,1,254.2
24453,8163,140,3,107.52
24454,8164,117,2,723.89
24455,8164,149,4,254.2
24456,8164,74,4,429.76
24457,8164,145,1,229.11
24458,8165,101,2,720.77
24459,8165,69,4,678.97
24460,8166,83,4,57.87
24461,8166,51,2,521.96
24462,8166,23,1,701.6
24463,8167,59,1,402.24
24464,8167,69,4,678.97
24465,8167,37,2,253.77
24466,8167,90,3,503.63
24467,8167,144,1,378.7
24468,8168,121,2,643.49
24469,8169,51,2,521.96
24470,8169,117,1,723.89
24471,8169,20,1,511.22
24472,8170,145,1,229.11
24473,8171,55,3,472.02
24474,8171,45,2,157.83
24475,8171,54,2,111.97
24476,8171,12,2,452.49
24477,8171,15,2,715.52
24478,8172,126,4,101.97
24479,8173,2,2,536.34
24480,8174,120,3,163.71
24481,8174,130,1,838.61
24482,8175,73,2,757.68
24483,8175,18,2,315.84
24484,8175,38,3,272.91
24485,8175,60,2,602.69
24486,8175,74,2,429.76
24487,8176,34,3,369.27
24488,8176,109,3,382.69
24489,8176,27,2,470.69
24490,8177,91,1,425.2
24491,8177,9,2,185.56
24492,8177,146,1,19.08
24493,8177,138,3,126.38
24494,8178,79,1,499.3
24495,8179,47,3,434.59
24496,8180,116,3,499.37
24497,8180,150,3,484.06
24498,8180,86,2,35.23
24499,8180,133,2,53.99
24500,8180,18,2,315.84
24501,8181,1,4,229.43
24502,8181,81,3,226.08
24503,8182,133,1,53.99
24504,8182,19,3,582.15
24505,8182,98,1,569.99
24506,8183,103,1,163.53
24507,8183,148,2,819.9
24508,8183,123,2,717.17
24509,8183,91,3,425.2
24510,8183,60,2,602.69
24511,8184,2,4,536.34
24512,8184,51,1,521.96
24513,8184,92,4,416.84
24514,8184,86,1,35.23
24515,8185,94,4,610.92
24516,8185,3,1,302.94
24517,8185,124,2,127.43
24518,8186,8,4,611.79
24519,8186,117,4,723.89
24520,8186,16,4,170.96
24521,8186,141,4,664.67
24522,8186,37,2,253.77
24523,8187,44,4,14.87
24524,8187,75,4,421.56
24525,8187,132,2,660.44
24526,8187,10,2,364.78
24527,8188,27,4,470.69
24528,8188,120,3,163.71
24529,8189,72,2,248.19
24530,8189,13,4,302.7
24531,8189,141,3,664.67
24532,8189,16,2,190.64
24533,8189,111,1,781.01
24534,8190,31,2,682.52
24535,8190,23,3,701.6
24536,8190,55,2,472.02
24537,8191,52,4,457.95
24538,8191,19,4,795.94
24539,8192,67,3,755.48
24540,8192,69,1,678.97
24541,8192,37,4,253.77
24542,8193,19,1,582.15
24543,8193,144,1,507.04
24544,8193,143,3,488.21
24545,8194,29,4,474.32
24546,8194,118,3,361.9
24547,8194,128,1,383.45
24548,8194,9,1,185.56
24549,8194,108,1,596.14
24550,8195,128,2,383.45
24551,8196,98,3,569.99
24552,8196,149,3,254.2
24553,8196,10,3,364.78
24554,8197,108,4,596.14
24555,8197,66,2,484.78
24556,8197,150,2,484.06
24557,8197,106,2,256.39
24558,8198,117,4,723.89
24559,8198,103,1,163.53
24560,8198,75,1,421.56
24561,8198,53,3,176.09
24562,8198,122,2,444.14
24563,8199,62,4,302.99
24564,8199,22,2,759.83
24565,8200,120,4,163.71
24566,8200,27,2,470.69
24567,8200,81,2,226.08
24568,8201,20,2,511.22
24569,8201,12,3,452.49
24570,8202,108,1,596.14
24571,8202,60,2,602.69
24572,8202,4,4,859.59
24573,8202,66,2,484.78
24574,8203,143,3,488.21
24575,8203,46,2,566.86
24576,8203,131,4,318.76
24577,8204,93,4,-549.02
24578,8204,40,1,496.68
24579,8204,108,1,596.14
24580,8205,93,4,-549.02
24581,8205,138,4,126.38
24582,8206,6,2,498.94
24583,8207,53,4,176.09
24584,8207,10,1,364.78
24585,8207,95,1,550.05
24586,8208,99,4,707.47
24587,8208,90,1,503.63
24588,8208,75,3,421.56
24589,8208,145,1,229.11
24590,8208,85,1,446.02
24591,8209,123,3,717.17
24592,8209,75,3,421.56
24593,8209,132,1,472.37
24594,8209,147,4,630.5
24595,8209,46,4,566.86
24596,8210,94,2,610.92
24597,8210,43,3,25.96
24598,8210,138,3,126.38
24599,8210,77,1,0.0
24600,8210,38,3,272.91
24601,8211,142,3,732.31
24602,8212,14,1,754.03
24603,8212,71,1,326.37
24604,8212,42,3,458.23
24605,8212,36,1,648.48
24606,8212,124,1,127.43
24607,8213,139,3,322.53
24608,8214,17,1,658.83
24609,8215,43,4,25.96
24610,8215,125,3,60.95
24611,8215,99,1,707.47
24612,8215,44,1,14.87
24613,8215,28,4,487.27
24614,8216,114,4,709.75
24615,8217,108,3,596.14
24616,8218,105,1,462.17
24617,8218,10,4,364.78
24618,8218,3,1,302.94
24619,8218,87,1,353.29
24620,8218,66,2,484.78
24621,8219,5,1,459.8
24622,8219,138,3,126.38
24623,8219,135,2,457.51
24624,8220,81,3,226.08
24625,8220,98,2,569.99
24626,8220,59,2,402.24
24627,8221,63,2,82.09
24628,8221,48,4,107.37
24629,8221,41,2,574.12
24630,8221,47,1,434.59
24631,8222,126,3,101.97
24632,8222,138,2,126.38
24633,8222,52,4,457.95
24634,8222,89,2,164.51
24635,8223,116,4,499.37
24636,8223,66,4,484.78
24637,8223,75,1,421.56
24638,8224,136,2,254.21
24639,8224,138,4,126.38
24640,8224,32,3,176.75
24641,8225,48,2,107.37
24642,8225,35,1,593.85
24643,8225,59,2,402.24
24644,8225,147,3,630.5
24645,8226,63,1,82.09
24646,8226,142,1,758.12
24647,8226,137,1,704.57
24648,8226,88,4,581.3
24649,8227,142,2,758.12
24650,8227,91,2,425.2
24651,8227,16,3,170.96
24652,8227,115,2,769.44
24653,8227,88,3,581.3
24654,8228,35,3,593.85
24655,8228,24,2,767.98
24656,8228,100,1,110.82
24657,8228,122,3,444.14
24658,8229,3,1,302.94
24659,8229,107,2,22.07
24660,8229,111,2,781.01
24661,8229,125,4,60.95
24662,8230,93,3,-549.02
24663,8231,107,4,22.07
24664,8232,43,4,21.67
24665,8232,131,4,318.76
24666,8232,23,2,701.6
24667,8232,134,1,14.54
24668,8232,52,3,457.95
24669,8233,75,4,421.56
24670,8233,109,3,382.69
24671,8234,37,1,253.77
24672,8234,86,4,35.23
24673,8235,85,4,446.02
24674,8235,2,3,536.34
24675,8235,15,4,715.52
24676,8235,59,3,402.24
24677,8235,24,3,767.98
24678,8236,126,3,101.97
24679,8236,85,1,446.02
24680,8236,132,4,660.44
24681,8236,9,2,185.56
24682,8236,89,3,164.51
24683,8237,148,3,777.04
24684,8237,43,4,25.96
24685,8237,100,1,110.82
24686,8237,90,2,503.63
24687,8238,73,4,757.68
24688,8239,115,1,769.44
24689,8239,24,4,767.98
24690,8239,144,4,507.04
24691,8239,128,4,383.45
24692,8239,72,1,248.19
24693,8240,87,2,353.29
24694,8240,121,1,643.49
24695,8240,117,3,723.89
24696,8240,142,4,758.12
24697,8241,9,2,185.56
24698,8241,13,1,302.7
24699,8241,80,3,752.51
24700,8241,114,4,709.75
24701,8241,135,4,457.51
24702,8242,73,4,757.68
24703,8242,101,3,720.77
24704,8242,41,3,574.12
24705,8242,110,2,335.07
24706,8243,14,1,754.03
24707,8243,32,2,127.83
24708,8244,62,1,336.97
24709,8244,112,1,306.6
24710,8244,120,1,163.71
24711,8244,78,4,789.72
24712,8244,109,1,382.69
24713,8245,79,1,499.3
24714,8245,96,3,385.9
24715,8246,28,1,487.27
24716,8246,127,4,349.21
24717,8246,41,4,574.12
24718,8246,125,1,60.95
24719,8246,73,1,757.68
24720,8247,102,3,378.83
24721,8248,27,1,470.69
24722,8249,50,2,370.89
24723,8249,22,4,759.83
24724,8249,145,1,229.11
24725,8249,42,1,458.23
24726,8250,118,3,361.9
24727,8251,143,4,488.21
24728,8251,74,3,429.76
24729,8251,54,3,119.66
24730,8251,98,4,569.99
24731,8251,56,3,783.92
24732,8252,97,2,799.31
24733,8252,137,1,704.57
24734,8252,53,4,176.09
24735,8252,102,2,378.83
24736,8252,48,1,107.37
24737,8253,69,2,678.97
24738,8253,27,3,470.69
24739,8253,53,2,176.09
24740,8254,53,2,176.09
24741,8254,70,3,318.37
24742,8254,76,1,571.36
24743,8254,23,2,701.6
24744,8254,121,3,643.49
24745,8255,73,2,757.68
24746,8256,68,2,636.26
24747,8256,17,2,658.83
24748,8256,43,3,25.96
24749,8256,126,4,101.97
24750,8256,79,3,499.3
24751,8257,93,4,-549.02
24752,8257,122,1,444.14
24753,8257,42,1,408.67
24754,8258,99,4,707.47
24755,8258,61,2,0.0
24756,8258,109,3,382.69
24757,8259,79,3,499.3
24758,8259,129,2,356.8
24759,8260,126,2,101.97
24760,8260,28,4,487.27
24761,8260,98,2,569.99
24762,8260,148,1,777.04
24763,8260,143,4,488.21
24764,8261,70,4,318.37
24765,8261,87,1,353.29
24766,8261,46,2,566.86
24767,8261,43,3,25.96
24768,8262,139,1,322.53
24769,8262,82,1,558.31
24770,8262,100,4,110.82
24771,8262,130,2,778.31
24772,8262,70,4,318.37
24773,8263,37,1,253.77
24774,8263,97,3,799.31
24775,8263,120,1,163.71
24776,8264,2,2,536.34
24777,8264,122,3,444.14
24778,8265,72,2,248.19
24779,8266,137,1,704.57
24780,8266,123,3,717.17
24781,8266,15,1,715.52
24782,8267,94,4,610.92
24783,8267,29,4,474.32
24784,8268,93,3,-549.02
24785,8268,37,2,253.77
24786,8268,49,4,186.12
24787,8268,101,2,720.77
24788,8268,141,2,664.67
24789,8269,14,1,754.03
24790,8270,93,4,-549.02
24791,8270,138,2,126.38
24792,8270,132,4,660.44
24793,8270,41,3,574.12
24794,8270,84,1,431.32
24795,8271,10,2,364.78
24796,8271,129,1,356.8
24797,8271,110,4,335.07
24798,8271,59,3,402.24
24799,8271,49,2,186.12
24800,8272,48,1,107.37
24801,8272,11,4,117.66
24802,8272,71,1,326.37
24803,8272,132,3,660.44
24804,8272,88,4,581.3
24805,8273,127,4,349.21
24806,8273,77,4,0.0
24807,8274,85,2,378.32
24808,8275,5,2,459.8
24809,8275,107,3,22.07
24810,8275,101,2,720.77
24811,8276,108,1,596.14
24812,8276,136,2,254.21
24813,8276,34,1,369.27
24814,8276,52,1,457.95
24815,8276,20,2,511.22
24816,8277,38,3,272.91
24817,8277,42,2,458.23
24818,8277,95,1,550.05
24819,8278,19,3,582.15
24820,8278,39,3,467.56
24821,8278,1,3,229.43
24822,8278,102,4,378.83
24823,8279,54,4,119.66
24824,8280,90,2,503.63
24825,8280,40,3,496.68
24826,8280,2,1,536.34
24827,8280,3,4,302.94
24828,8280,61,3,0.0
24829,8281,65,1,748.34
24830,8282,7,1,797.36
24831,8283,31,4,682.52
24832,8283,120,4,163.71
24833,8283,44,2,14.87
24834,8283,81,4,226.08
24835,8283,149,1,254.2
24836,8284,70,4,318.37
24837,8285,89,3,164.51
24838,8285,121,4,643.49
24839,8285,147,3,630.5
24840,8285,65,3,748.34
24841,8285,52,4,457.95
24842,8286,38,1,272.91
24843,8286,73,4,757.68
24844,8286,16,3,170.96
24845,8287,16,1,170.96
24846,8287,136,1,254.21
24847,8287,19,2,582.15
24848,8287,31,4,682.52
24849,8288,45,4,157.83
24850,8288,59,3,553.25
24851,8288,64,4,123.33
24852,8288,90,2,503.63
24853,8288,1,2,229.43
24854,8289,62,2,302.99
24855,8290,48,4,107.37
24856,8290,88,4,581.3
24857,8290,17,2,658.83
24858,8290,44,3,14.87
24859,8291,19,2,582.15
24860,8291,61,2,0.0
24861,8291,125,1,60.95
24862,8291,121,1,643.49
24863,8291,115,3,769.44
24864,8292,73,2,757.68
24865,8292,33,3,680.29
24866,8292,4,3,636.38
24867,8292,18,2,315.84
24868,8292,5,1,459.8
24869,8293,31,4,682.52
24870,8293,20,4,511.22
24871,8293,87,2,353.29
24872,8293,145,2,229.11
24873,8294,13,4,302.7
24874,8295,49,1,186.12
24875,8295,36,2,495.03
24876,8295,50,2,370.89
24877,8295,74,4,429.76
24878,8296,62,4,302.99
24879,8296,50,1,370.89
24880,8296,135,4,457.51
24881,8297,59,4,402.24
24882,8298,129,2,356.8
24883,8298,79,1,499.3
24884,8298,2,2,536.34
24885,8298,110,3,335.07
24886,8299,18,1,315.84
24887,8299,102,3,378.83
24888,8299,55,2,472.02
24889,8300,150,1,484.06
24890,8300,66,1,484.78
24891,8300,1,4,229.43
24892,8300,111,4,781.01
24893,8300,143,2,488.21
24894,8301,14,1,754.03
24895,8301,105,1,462.17
24896,8301,147,3,630.5
24897,8301,48,3,107.37
24898,8301,150,3,484.06
24899,8302,70,1,318.37
24900,8303,110,1,335.07
24901,8304,64,2,123.33
24902,8304,20,3,511.22
24903,8304,135,4,457.51
24904,8304,97,2,925.52
24905,8305,22,2,759.83
24906,8306,31,3,682.52
24907,8306,138,3,126.38
24908,8306,147,1,630.5
24909,8306,11,1,117.66
24910,8307,2,1,536.34
24911,8307,78,2,789.72
24912,8307,116,2,499.37
24913,8307,82,1,558.31
24914,8308,139,2,322.53
24915,8308,68,4,636.26
24916,8309,98,3,569.99
24917,8309,104,4,556.7
24918,8310,92,3,416.84
24919,8310,1,4,229.43
24920,8311,100,4,110.82
24921,8311,11,2,117.66
24922,8312,140,3,80.4
24923,8312,131,3,318.76
24924,8313,36,1,495.03
24925,8313,129,2,356.8
24926,8313,14,4,754.03
24927,8313,1,2,229.43
24928,8313,127,2,349.21
24929,8314,81,2,226.08
24930,8314,26,3,239.28
24931,8315,36,2,495.03
24932,8316,148,3,777.04
24933,8317,133,1,53.99
24934,8318,130,2,778.31
24935,8318,56,4,783.92
24936,8318,109,1,382.69
24937,8318,87,4,353.29
24938,8318,17,4,658.83
24939,8319,138,1,126.38
24940,8319,59,4,402.24
24941,8320,3,2,302.94
24942,8320,56,4,783.92
24943,8320,74,3,429.76
24944,8321,37,2,253.77
24945,8321,42,4,458.23
24946,8321,90,2,503.63
24947,8321,120,4,163.71
24948,8322,126,1,101.97
24949,8322,65,2,748.34
24950,8322,138,3,126.38
24951,8322,115,3,769.44
24952,8323,21,2,658.67
24953,8324,75,3,421.56
24954,8324,39,2,467.56
24955,8324,122,3,444.14
24956,8325,13,2,302.7
24957,8325,40,2,496.68
24958,8326,84,3,431.32
24959,8327,25,3,64.85
24960,8328,23,1,701.6
24961,8328,43,1,25.96
24962,8328,60,2,602.69
24963,8328,127,4,349.21
24964,8329,37,2,253.77
24965,8329,109,2,382.69
24966,8329,45,4,157.83
24967,8330,116,4,499.37
24968,8330,24,1,767.98
24969,8330,5,2,459.8
24970,8331,28,2,487.27
24971,8331,120,3,163.71
24972,8331,72,1,248.19
24973,8331,92,3,416.84
24974,8332,55,4,472.02
24975,8332,89,2,164.51
24976,8332,147,1,630.5
24977,8333,61,2,0.0
24978,8333,27,3,470.69
24979,8334,67,3,755.48
24980,8335,101,4,720.77
24981,8335,141,3,664.67
24982,8336,148,3,777.04
24983,8336,38,3,272.91
24984,8336,135,3,457.51
24985,8336,132,3,660.44
24986,8337,87,1,353.29
24987,8337,45,1,157.83
24988,8337,96,2,385.9
24989,8337,65,2,748.34
24990,8338,61,2,0.0
24991,8339,102,4,378.83
24992,8339,106,4,256.39
24993,8340,104,2,556.7
24994,8340,32,4,176.75
24995,8340,52,3,457.95
24996,8340,70,2,318.37
24997,8341,140,2,80.4
24998,8341,133,1,53.99
24999,8341,137,4,704.57
25000,8341,132,3,660.44
25001,8342,25,4,50.04
25002,8342,8,4,611.79
25003,8342,14,4,754.03
25004,8342,140,1,80.4
25005,8342,67,1,755.48
25006,8343,16,1,170.96
25007,8343,73,2,757.68
25008,8344,100,3,110.82
25009,8345,72,4,335.09
25010,8345,129,4,356.8
25011,8345,74,2,429.76
25012,8346,70,2,318.37
25013,8346,130,2,735.58
25014,8346,148,4,749.03
25015,8347,2,1,536.34
25016,8347,61,2,0.0
25017,8348,103,2,163.53
25018,8348,105,2,462.17
25019,8348,62,2,302.99
25020,8348,71,1,326.37
25021,8349,135,4,457.51
25022,8349,138,2,126.38
25023,8350,129,2,356.8
25024,8350,73,3,757.68
25025,8350,67,3,755.48
25026,8351,8,3,611.79
25027,8351,111,1,781.01
25028,8351,100,3,110.82
25029,8352,90,2,503.63
25030,8352,10,3,364.78
25031,8352,66,2,484.78
25032,8352,48,1,107.37
25033,8352,52,1,457.95
25034,8353,87,1,353.29
25035,8353,14,3,754.03
25036,8353,47,4,434.59
25037,8353,84,3,431.32
25038,8354,54,3,119.66
25039,8354,18,3,315.84
25040,8354,145,2,229.11
25041,8355,53,1,176.09
25042,8355,130,4,778.31
25043,8355,125,4,60.95
25044,8356,9,2,185.56
25045,8356,66,2,323.74
25046,8357,109,1,382.69
25047,8357,143,4,488.21
25048,8357,79,1,499.3
25049,8357,121,3,643.49
25050,8357,124,3,127.43
25051,8358,2,2,536.34
25052,8358,50,4,370.89
25053,8358,65,3,748.34
25054,8358,67,1,755.48
25055,8359,128,2,383.45
25056,8360,43,1,25.96
25057,8360,14,3,754.03
25058,8360,111,3,781.01
25059,8361,44,1,14.87
25060,8361,92,2,416.84
25061,8361,12,1,452.49
25062,8361,17,1,658.83
25063,8361,136,2,254.21
25064,8362,16,2,179.27
25065,8362,71,1,326.37
25066,8363,71,4,326.37
25067,8363,45,4,157.83
25068,8364,9,3,185.56
25069,8364,36,1,495.03
25070,8364,58,1,558.64
25071,8365,14,4,754.03
25072,8365,109,4,382.69
25073,8365,103,3,201.58
25074,8365,46,2,566.86
25075,8366,12,1,452.49
25076,8366,7,1,797.36
25077,8366,119,4,443.26
25078,8367,98,4,569.99
25079,8368,34,4,369.27
25080,8369,77,3,0.0
25081,8369,51,2,521.96
25082,8369,66,3,484.78
25083,8369,14,1,754.03
25084,8369,129,3,356.8
25085,8370,54,1,119.66
25086,8370,81,4,226.08
25087,8371,44,2,14.87
25088,8371,43,2,25.96
25089,8372,13,2,302.7
25090,8373,41,4,574.12
25091,8373,74,4,429.76
25092,8373,9,4,185.56
25093,8374,115,3,769.44
25094,8375,104,1,556.7
25095,8376,114,2,709.75
25096,8376,99,2,707.47
25097,8376,1,3,229.43
25098,8376,38,2,272.91
25099,8376,20,3,511.22
25100,8377,73,2,757.68
25101,8377,132,2,660.44
25102,8378,12,3,452.49
25103,8379,102,4,378.83
25104,8379,150,3,484.06
25105,8379,87,1,353.29
25106,8380,5,2,459.8
25107,8381,143,2,488.21
25108,8381,118,3,361.9
25109,8381,29,1,474.32
25110,8381,80,3,752.51
25111,8382,125,2,60.95
25112,8382,95,2,550.05
25113,8383,132,3,660.44
25114,8383,136,3,254.21
25115,8384,137,1,704.57
25116,8384,95,2,550.05
25117,8384,36,4,495.03
25118,8384,122,1,444.14
25119,8385,50,4,370.89
25120,8385,140,4,80.4
25121,8386,56,2,783.92
25122,8386,3,1,302.94
25123,8386,139,1,322.53
25124,8387,87,4,353.29
25125,8387,83,2,57.87
25126,8387,97,3,799.31
25127,8388,97,1,799.31
25128,8388,142,4,758.12
25129,8388,143,2,488.21
25130,8388,25,4,50.04
25131,8388,96,3,385.9
25132,8389,123,4,717.17
25133,8389,122,3,444.14
25134,8389,55,2,472.02
25135,8389,25,4,50.04
25136,8389,132,3,660.44
25137,8390,45,1,157.83
25138,8390,102,2,378.83
25139,8390,24,1,767.98
25140,8390,48,2,107.37
25141,8391,123,1,717.17
25142,8391,107,3,22.07
25143,8392,24,1,767.98
25144,8392,140,2,80.4
25145,8393,58,1,558.64
25146,8393,61,3,0.0
25147,8394,33,1,680.29
25148,8395,37,1,253.77
25149,8395,115,2,769.44
25150,8395,23,3,701.6
25151,8395,124,3,127.43
25152,8395,142,2,758.12
25153,8396,141,4,664.67
25154,8396,125,4,60.95
25155,8396,81,2,226.08
25156,8396,104,3,556.7
25157,8396,131,3,318.76
25158,8397,46,4,576.27
25159,8397,68,4,636.26
25160,8397,10,4,364.78
25161,8397,84,1,431.32
25162,8398,72,3,248.19
25163,8398,125,3,60.95
25164,8398,87,4,353.29
25165,8399,115,1,769.44
25166,8399,118,3,361.9
25167,8399,13,4,302.7
25168,8399,43,3,25.96
25169,8399,68,3,636.26
25170,8400,130,3,778.31
25171,8400,34,3,369.27
25172,8400,137,1,704.57
25173,8400,101,2,720.77
25174,8400,139,1,322.53
25175,8401,41,1,574.12
25176,8401,82,1,558.31
25177,8401,8,3,611.79
25178,8401,51,3,521.96
25179,8402,120,3,163.71
25180,8402,68,3,636.26
25181,8402,32,4,176.75
25182,8402,81,1,226.08
25183,8402,76,1,571.36
25184,8403,141,2,664.67
25185,8403,122,3,444.14
25186,8403,67,1,755.48
25187,8404,99,2,707.47
25188,8404,5,1,459.8
25189,8404,90,1,503.63
25190,8404,81,4,226.08
25191,8404,122,2,444.14
25192,8405,110,2,335.07
25193,8405,47,2,434.59
25194,8405,93,2,-511.4
25195,8405,146,1,19.08
25196,8405,48,2,107.37
25197,8406,101,4,720.77
25198,8406,87,1,353.29
25199,8406,97,3,799.31
25200,8406,5,2,459.8
25201,8406,136,1,254.21
25202,8407,140,4,80.4
25203,8407,15,4,715.52
25204,8408,57,4,268.77
25205,8408,22,4,759.83
25206,8408,62,1,302.99
25207,8408,2,4,536.34
25208,8408,105,4,462.17
25209,8409,148,1,777.04
25210,8410,103,1,163.53
25211,8410,93,2,-710.91
25212,8411,14,1,754.03
25213,8412,53,2,176.09
25214,8413,101,4,720.77
25215,8413,72,1,248.19
25216,8413,106,2,256.39
25217,8414,31,3,682.52
25218,8414,131,1,318.76
25219,8414,137,2,704.57
25220,8414,24,4,767.98
25221,8415,92,3,416.84
25222,8415,13,1,302.7
25223,8415,29,4,474.32
25224,8415,82,4,558.31
25225,8415,20,3,511.22
25226,8416,138,1,126.38
25227,8416,48,3,107.37
25228,8417,4,4,636.38
25229,8417,139,4,322.53
25230,8418,138,3,126.38
25231,8418,137,4,704.57
25232,8418,145,2,229.11
25233,8418,133,1,53.99
25234,8418,134,4,14.54
25235,8419,136,3,254.21
25236,8419,95,4,769.87
25237,8419,94,3,610.92
25238,8420,93,3,-549.02
25239,8420,66,4,484.78
25240,8421,33,4,680.29
25241,8421,126,1,101.97
25242,8422,86,4,35.23
25243,8422,130,2,778.31
25244,8423,128,4,383.45
25245,8424,95,2,550.05
25246,8424,118,4,361.9
25247,8424,117,4,723.89
25248,8424,52,4,457.95
25249,8425,113,2,149.56
25250,8425,14,2,754.03
25251,8426,108,4,596.14
25252,8426,97,2,799.31
25253,8426,146,3,16.57
25254,8426,15,1,715.52
25255,8426,96,4,385.9
25256,8427,37,1,253.77
25257,8427,102,1,378.83
25258,8427,94,4,610.92
25259,8427,23,3,701.6
25260,8428,120,3,163.71
25261,8428,86,2,35.23
25262,8428,53,3,176.09
25263,8429,90,2,503.63
25264,8429,23,1,701.6
25265,8429,13,2,302.7
25266,8429,91,2,425.2
25267,8429,150,4,484.06
25268,8430,147,4,630.5
25269,8430,46,2,566.86
25270,8430,133,1,53.99
25271,8430,69,3,678.97
25272,8430,131,2,318.76
25273,8431,1,3,229.43
25274,8431,86,1,35.23
25275,8431,130,2,778.31
25276,8431,22,1,861.21
25277,8432,60,3,602.69
25278,8433,99,4,707.47
25279,8434,88,4,581.3
25280,8435,121,1,643.49
25281,8435,106,2,256.39
25282,8435,10,3,364.78
25283,8435,82,2,558.31
25284,8435,148,3,777.04
25285,8436,34,1,369.27
25286,8436,43,1,25.96
25287,8436,25,1,50.04
25288,8436,31,4,682.52
25289,8437,15,1,715.52
25290,8438,143,3,488.21
25291,8438,140,4,80.4
25292,8438,94,4,610.92
25293,8439,9,3,185.56
25294,8440,35,2,593.85
25295,8441,26,2,266.42
25296,8441,64,4,123.33
25297,8442,105,3,462.17
25298,8443,52,3,457.95
25299,8443,115,4,769.44
25300,8443,137,3,704.57
25301,8444,52,1,457.95
25302,8444,31,2,682.52
25303,8444,129,4,356.8
25304,8444,37,3,253.77
25305,8445,43,3,25.96
25306,8445,137,4,704.57
25307,8446,104,3,556.7
25308,8446,145,2,229.11
25309,8446,109,3,382.69
25310,8446,18,2,315.84
25311,8446,148,4,777.04
25312,8447,77,3,0.0
25313,8447,32,1,176.75
25314,8447,95,1,550.05
25315,8447,37,1,253.77
25316,8447,27,4,470.69
25317,8448,111,4,781.01
25318,8448,125,4,60.95
25319,8448,10,4,364.78
25320,8448,108,3,596.14
25321,8449,35,4,593.85
25322,8449,145,2,229.11
25323,8450,47,3,434.59
25324,8451,2,4,536.34
25325,8451,36,1,495.03
25326,8452,86,3,35.23
25327,8452,36,1,495.03
25328,8453,71,1,326.37
25329,8453,41,2,574.12
25330,8454,99,1,707.47
25331,8454,102,1,378.83
25332,8455,107,1,22.07
25333,8455,47,1,434.59
25334,8455,51,1,521.96
25335,8456,127,2,349.21
25336,8456,124,4,127.43
25337,8457,62,1,302.99
25338,8457,95,3,550.05
25339,8457,72,3,248.19
25340,8457,65,3,748.34
25341,8457,129,1,356.8
25342,8458,105,3,462.17
25343,8458,62,2,302.99
25344,8458,60,2,602.69
25345,8459,6,1,498.94
25346,8459,35,3,593.85
25347,8460,26,2,266.42
25348,8460,113,1,149.56
25349,8460,50,3,370.89
25350,8460,78,2,789.72
25351,8460,17,4,658.83
25352,8461,73,4,757.68
25353,8462,104,2,556.7
25354,8463,84,1,431.32
25355,8463,120,1,163.71
25356,8463,100,1,110.82
25357,8463,30,3,466.19
25358,8464,22,2,759.83
25359,8464,82,1,558.31
25360,8465,107,4,22.07
25361,8465,9,2,185.56
25362,8466,107,3,22.07
25363,8466,122,4,444.14
25364,8466,50,2,370.89
25365,8466,89,1,164.51
25366,8467,97,4,628.29
25367,8468,118,2,361.9
25368,8469,138,2,126.38
25369,8469,100,3,110.82
25370,8469,62,1,302.99
25371,8469,145,4,229.11
25372,8470,73,4,757.68
25373,8470,35,2,593.85
25374,8471,135,1,457.51
25375,8472,34,2,369.27
25376,8472,33,4,680.29
25377,8472,142,4,758.12
25378,8472,48,2,107.37
25379,8473,112,1,306.6
25380,8473,4,4,636.38
25381,8474,115,4,769.44
25382,8474,137,1,704.57
25383,8474,133,1,53.99
25384,8474,122,2,444.14
25385,8475,90,1,503.63
25386,8476,88,2,581.3
25387,8476,140,1,80.4
25388,8476,16,4,170.96
25389,8476,89,1,164.51
25390,8476,101,1,720.77
25391,8477,19,4,582.15
25392,8477,147,3,630.5
25393,8477,48,2,107.37
25394,8477,26,3,266.42
25395,8478,4,3,636.38
25396,8478,124,4,127.43
25397,8479,110,4,335.07
25398,8479,2,2,536.34
25399,8480,149,1,254.2
25400,8480,135,1,457.51
25401,8480,85,1,446.02
25402,8480,73,2,757.68
25403,8480,40,1,496.68
25404,8481,92,1,416.84
25405,8481,1,2,229.43
25406,8481,70,2,318.37
25407,8482,1,1,229.43
25408,8482,37,4,253.77
25409,8482,86,2,35.23
25410,8482,49,4,186.12
25411,8483,31,2,682.52
25412,8484,120,2,163.71
25413,8484,144,3,507.04
25414,8484,128,1,383.45
25415,8484,55,4,472.02
25416,8485,124,3,127.43
25417,8486,39,2,467.56
25418,8486,63,2,82.09
25419,8486,101,3,720.77
25420,8486,41,2,574.12
25421,8487,7,1,797.36
25422,8487,87,4,353.29
25423,8488,82,2,558.31
25424,8488,57,1,268.77
25425,8488,103,3,163.53
25426,8488,129,3,356.8
25427,8488,48,1,107.37
25428,8489,104,2,556.7
25429,8489,24,3,767.98
25430,8489,59,2,402.24
25431,8489,7,3,797.36
25432,8489,63,3,82.09
25433,8490,15,3,715.52
25434,8491,10,3,364.78
25435,8491,90,2,503.63
25436,8492,97,2,799.31
25437,8492,110,4,335.07
25438,8492,125,4,60.95
25439,8492,102,2,378.83
25440,8493,38,4,272.91
25441,8493,130,1,778.31
25442,8493,105,3,462.17
25443,8493,110,4,335.07
25444,8493,78,4,789.72
25445,8494,90,3,503.63
25446,8494,98,2,569.99
25447,8494,83,1,57.87
25448,8495,85,4,446.02
25449,8495,33,2,680.29
25450,8496,24,3,767.98
25451,8496,38,2,272.91
25452,8496,23,1,701.6
25453,8496,135,2,457.51
25454,8497,130,1,778.31
25455,8497,108,4,596.14
25456,8498,19,2,633.51
25457,8498,58,3,558.64
25458,8499,93,4,-549.02
25459,8499,11,1,117.66
25460,8499,134,3,14.54
25461,8499,60,3,602.69
25462,8500,98,2,569.99
25463,8501,149,3,254.2
25464,8501,123,3,717.17
25465,8501,43,1,25.96
25466,8501,15,4,715.52
25467,8501,114,1,709.75
25468,8502,44,2,14.87
25469,8502,85,4,446.02
25470,8502,139,2,322.53
25471,8502,18,2,315.84
25472,8503,113,4,149.56
25473,8503,99,4,707.47
25474,8503,75,4,421.56
25475,8504,141,3,664.67
25476,8504,148,3,777.04
25477,8505,110,2,335.07
25478,8505,47,2,434.59
25479,8505,91,4,425.2
25480,8505,57,4,268.77
25481,8506,111,1,781.01
25482,8506,33,4,680.29
25483,8507,96,2,385.9
25484,8507,94,4,610.92
25485,8508,2,2,536.34
25486,8508,103,3,163.53
25487,8508,49,2,186.12
25488,8509,59,2,402.24
25489,8509,141,2,664.67
25490,8509,94,1,610.92
25491,8509,43,2,25.96
25492,8509,10,3,364.78
25493,8510,78,1,789.72
25494,8510,115,2,769.44
25495,8511,9,2,185.56
25496,8512,122,1,444.14
25497,8512,120,1,163.71
25498,8512,37,1,253.77
25499,8512,15,3,715.52
25500,8512,79,4,499.3
25501,8513,130,3,778.31
25502,8513,112,4,306.6
25503,8514,45,2,157.83
25504,8514,107,3,22.07
25505,8514,144,1,507.04
25506,8514,33,2,680.29
25507,8515,58,4,558.64
25508,8516,25,4,50.04
25509,8516,55,3,472.02
25510,8517,100,3,110.82
25511,8517,140,4,80.4
25512,8517,40,2,496.68
25513,8517,109,1,382.69
25514,8518,15,1,715.52
25515,8518,149,3,254.2
25516,8518,92,1,416.84
25517,8519,11,2,117.66
25518,8520,139,2,322.53
25519,8521,51,3,521.96
25520,8521,65,4,608.23
25521,8521,46,3,566.86
25522,8521,42,3,458.23
25523,8522,17,2,658.83
25524,8522,33,1,680.29
25525,8522,36,1,495.03
25526,8522,45,1,157.83
25527,8523,29,4,474.32
25528,8523,39,1,467.56
25529,8523,73,4,757.68
25530,8523,42,3,458.23
25531,8524,20,3,511.22
25532,8524,127,4,349.21
25533,8524,123,1,717.17
25534,8525,47,3,434.59
25535,8525,32,4,176.75
25536,8525,82,3,558.31
25537,8526,30,3,466.19
25538,8526,21,2,658.67
25539,8527,148,3,777.04
25540,8528,25,3,50.04
25541,8528,82,3,558.31
25542,8528,15,1,715.52
25543,8528,22,2,759.83
25544,8529,19,3,582.15
25545,8529,41,2,574.12
25546,8530,54,2,119.66
25547,8530,101,3,720.77
25548,8531,77,2,0.0
25549,8531,82,2,558.31
25550,8531,32,2,176.75
25551,8531,104,4,556.7
25552,8531,6,1,498.94
25553,8532,36,4,495.03
25554,8532,6,3,498.94
25555,8532,13,2,302.7
25556,8532,126,3,101.97
25557,8532,16,4,170.96
25558,8533,143,3,488.21
25559,8533,66,3,484.78
25560,8533,99,4,707.47
25561,8533,57,4,268.77
25562,8533,111,2,781.01
25563,8534,46,4,566.86
25564,8534,97,2,799.31
25565,8534,25,1,50.04
25566,8534,6,2,498.94
25567,8535,66,3,484.78
25568,8536,65,1,748.34
25569,8536,117,2,723.89
25570,8536,7,4,797.36
25571,8537,73,3,757.68
25572,8537,147,4,630.5
25573,8538,112,4,306.6
25574,8538,51,4,521.96
25575,8539,13,2,302.7
25576,8540,84,4,431.32
25577,8540,50,3,370.89
25578,8540,55,1,472.02
25579,8540,100,4,110.82
25580,8541,125,3,60.95
25581,8541,35,3,593.85
25582,8541,81,2,226.08
25583,8542,46,3,566.86
25584,8542,80,2,752.51
25585,8543,20,2,511.22
25586,8543,68,1,636.26
25587,8544,145,3,229.11
25588,8544,54,3,119.66
25589,8544,136,2,254.21
25590,8544,127,1,349.21
25591,8544,67,4,809.81
25592,8545,110,3,335.07
25593,8546,75,1,421.56
25594,8546,50,3,370.89
25595,8547,39,1,467.56
25596,8547,60,4,602.69
25597,8547,41,2,574.12
25598,8547,16,1,170.96
25599,8547,94,4,610.92
25600,8548,135,3,457.51
25601,8548,76,2,571.36
25602,8548,30,2,466.19
25603,8549,121,4,643.49
25604,8549,103,1,163.53
25605,8550,39,4,467.56
25606,8550,28,1,487.27
25607,8550,11,1,117.66
25608,8551,29,1,474.32
25609,8551,142,4,758.12
25610,8551,128,1,383.45
25611,8552,111,3,781.01
25612,8552,113,4,149.56
25613,8552,147,4,630.5
25614,8552,120,3,163.71
25615,8552,1,4,229.43
25616,8553,51,1,521.96
25617,8553,27,4,470.69
25618,8553,25,1,50.04
25619,8553,134,4,14.54
25620,8554,40,1,496.68
25621,8554,68,4,636.26
25622,8554,58,2,558.64
25623,8554,145,4,229.11
25624,8554,137,3,704.57
25625,8555,5,2,459.8
25626,8555,147,3,630.5
25627,8555,114,4,709.75
25628,8555,81,2,226.08
25629,8555,13,3,302.7
25630,8556,41,1,574.12
25631,8557,28,1,487.27
25632,8558,4,1,636.38
25633,8558,40,3,496.68
25634,8558,15,3,715.52
25635,8559,6,3,498.94
25636,8559,103,1,163.53
25637,8559,20,1,511.22
25638,8559,117,3,723.89
25639,8559,13,2,302.7
25640,8560,107,3,22.07
25641,8560,87,1,353.29
25642,8560,80,4,752.51
25643,8561,39,2,467.56
25644,8561,13,1,302.7
25645,8562,142,1,758.12
25646,8563,57,1,268.77
25647,8563,93,1,-549.02
25648,8563,80,4,752.51
25649,8563,46,4,566.86
25650,8564,36,3,495.03
25651,8564,21,3,658.67
25652,8564,120,4,163.71
25653,8564,16,2,170.96
25654,8565,41,1,574.12
25655,8566,122,1,444.14
25656,8566,20,4,511.22
25657,8566,39,4,467.56
25658,8567,67,3,755.48
25659,8567,127,3,349.21
25660,8567,125,1,60.95
25661,8567,86,2,35.23
25662,8568,57,3,268.77
25663,8568,122,3,444.14
25664,8569,33,1,680.29
25665,8569,30,2,466.19
25666,8570,93,2,-549.02
25667,8570,28,2,487.27
25668,8570,113,3,149.56
25669,8570,9,1,185.56
25670,8570,81,1,226.08
25671,8571,72,4,248.19
25672,8571,20,1,511.22
25673,8572,67,2,755.48
25674,8572,144,1,507.04
25675,8572,53,2,176.09
25676,8573,107,1,22.07
25677,8574,28,2,487.27
25678,8574,33,2,680.29
25679,8574,77,1,0.0
25680,8574,67,3,755.48
25681,8575,54,4,119.66
25682,8575,75,4,473.9
25683,8576,132,2,660.44
25684,8576,39,1,467.56
25685,8576,122,2,444.14
25686,8576,34,3,369.27
25687,8577,111,3,781.01
25688,8577,59,3,402.24
25689,8578,122,4,444.14
25690,8578,4,1,636.38
25691,8578,50,3,370.89
25692,8578,121,1,643.49
25693,8578,98,1,569.99
25694,8579,57,2,268.77
25695,8579,10,1,364.78
25696,8579,105,4,462.17
25697,8580,5,1,459.8
25698,8581,71,4,326.37
25699,8581,12,2,452.49
25700,8582,4,1,636.38
25701,8582,141,1,664.67
25702,8582,70,1,318.37
25703,8583,27,4,470.69
25704,8583,16,4,170.96
25705,8583,87,3,353.29
25706,8583,17,1,658.83
25707,8583,64,2,123.33
25708,8584,140,3,80.4
25709,8584,3,2,302.94
25710,8585,133,3,53.99
25711,8585,96,3,385.9
25712,8586,106,2,256.39
25713,8586,4,4,636.38
25714,8586,53,3,176.09
25715,8586,89,1,164.51
25716,8586,144,1,507.04
25717,8587,26,4,266.42
25718,8587,141,3,664.67
25719,8588,50,3,370.89
25720,8589,80,3,752.51
25721,8590,35,2,593.85
25722,8590,12,2,452.49
25723,8590,135,2,457.51
25724,8591,68,3,636.26
25725,8592,43,4,35.35
25726,8593,82,2,558.31
25727,8593,147,2,630.5
25728,8593,85,2,446.02
25729,8594,14,3,754.03
25730,8594,36,3,495.03
25731,8595,28,4,487.27
25732,8595,43,1,25.96
25733,8595,17,1,658.83
25734,8595,8,1,506.63
25735,8596,136,3,254.21
25736,8596,49,4,186.12
25737,8596,125,1,60.95
25738,8596,114,2,709.75
25739,8596,58,1,558.64
25740,8597,88,1,581.3
25741,8598,124,2,127.43
25742,8598,141,1,664.67
25743,8598,4,2,636.38
25744,8599,5,4,459.8
25745,8599,76,2,571.36
25746,8600,37,1,253.77
25747,8600,34,4,369.27
25748,8601,146,1,19.08
25749,8601,29,3,474.32
25750,8601,95,1,550.05
25751,8601,140,2,80.4
25752,8602,79,4,499.3
25753,8602,148,1,777.04
25754,8602,147,2,630.5
25755,8602,113,2,149.56
25756,8602,40,3,496.68
25757,8603,131,2,318.76
25758,8603,65,3,748.34
25759,8603,18,1,315.84
25760,8603,142,1,758.12
25761,8603,115,2,769.44
25762,8604,79,3,499.3
25763,8604,63,4,82.09
25764,8604,112,3,306.6
25765,8604,26,3,266.42
25766,8604,81,3,226.08
25767,8605,99,1,707.47
25768,8605,5,3,459.8
25769,8605,88,3,581.3
25770,8605,143,1,488.21
25771,8605,15,3,715.52
25772,8606,49,1,186.12
25773,8607,17,4,658.83
25774,8607,29,3,474.32
25775,8607,27,4,361.81
25776,8608,64,1,123.33
25777,8608,118,3,361.9
25778,8609,132,3,660.44
25779,8610,88,1,581.3
25780,8611,47,1,434.59
25781,8612,47,1,434.59
25782,8613,135,2,457.51
25783,8614,11,4,117.66
25784,8615,121,4,643.49
25785,8615,69,4,678.97
25786,8615,73,4,757.68
25787,8616,63,4,62.33
25788,8616,85,4,446.02
25789,8616,55,4,472.02
25790,8617,59,3,402.24
25791,8617,46,3,566.86
25792,8618,112,3,306.6
25793,8618,74,4,429.76
25794,8618,31,2,682.52
25795,8618,144,1,507.04
25796,8618,129,4,356.8
25797,8619,9,3,185.56
25798,8619,144,4,507.04
25799,8620,128,3,383.45
25800,8620,87,1,353.29
25801,8620,132,4,660.44
25802,8620,21,2,658.67
25803,8620,25,1,50.04
25804,8621,92,2,416.84
25805,8621,141,3,664.67
25806,8621,27,1,470.69
25807,8621,7,2,797.36
25808,8622,147,3,630.5
25809,8622,92,3,416.84
25810,8622,2,1,536.34
25811,8622,37,2,253.77
25812,8622,18,1,315.84
25813,8623,100,1,110.82
25814,8623,5,1,459.8
25815,8623,119,4,443.26
25816,8623,51,2,521.96
25817,8624,78,1,789.72
25818,8624,133,2,53.99
25819,8624,85,2,446.02
25820,8625,57,1,268.77
25821,8625,140,1,80.4
25822,8625,47,2,434.59
25823,8625,110,1,335.07
25824,8625,130,1,778.31
25825,8626,96,4,385.9
25826,8626,103,3,163.53
25827,8626,20,2,511.22
25828,8627,33,4,680.29
25829,8627,67,3,755.48
25830,8627,96,4,385.9
25831,8627,83,3,57.87
25832,8628,94,3,610.92
25833,8629,117,2,723.89
25834,8629,114,4,709.75
25835,8629,32,1,176.75
25836,8629,124,2,127.43
25837,8630,3,4,302.94
25838,8631,3,3,302.94
25839,8631,62,2,302.99
25840,8632,33,1,680.29
25841,8633,8,3,611.79
25842,8633,43,1,25.96
25843,8634,123,3,717.17
25844,8634,51,4,521.96
25845,8634,42,3,458.23
25846,8634,84,4,431.32
25847,8635,36,3,495.03
25848,8635,125,4,60.95
25849,8635,47,4,352.68
25850,8635,8,4,611.79
25851,8636,115,3,769.44
25852,8636,45,4,157.83
25853,8636,74,3,429.76
25854,8636,100,4,110.82
25855,8636,62,3,302.99
25856,8637,135,2,457.51
25857,8637,97,3,799.31
25858,8637,131,1,318.76
25859,8637,15,2,715.52
25860,8637,40,2,496.68
25861,8638,102,2,378.83
25862,8638,130,1,778.31
25863,8639,16,3,170.96
25864,8639,7,1,797.36
25865,8639,100,2,110.82
25866,8640,61,1,0.0
25867,8640,60,3,602.69
25868,8641,132,3,660.44
25869,8641,141,3,664.67
25870,8641,146,1,19.08
25871,8642,39,3,467.56
25872,8642,92,1,416.84
25873,8642,108,1,596.14
25874,8642,112,4,306.6
25875,8642,33,4,680.29
25876,8643,143,3,488.21
25877,8643,115,4,769.44
25878,8643,101,2,720.77
25879,8643,42,1,458.23
25880,8644,20,2,511.22
25881,8644,70,1,318.37
25882,8645,39,4,467.56
25883,8646,78,4,789.72
25884,8646,137,1,704.57
25885,8647,6,1,498.94
25886,8647,45,4,157.83
25887,8647,97,3,799.31
25888,8647,53,2,176.09
25889,8648,72,3,248.19
25890,8648,129,2,356.8
25891,8648,44,1,14.87
25892,8649,3,4,302.94
25893,8649,115,2,769.44
25894,8649,58,1,558.64
25895,8649,31,2,682.52
25896,8649,76,2,571.36
25897,8650,19,1,582.15
25898,8650,63,4,82.09
25899,8650,6,1,498.94
25900,8651,141,4,664.67
25901,8651,55,4,472.02
25902,8651,94,2,610.92
25903,8651,37,4,253.77
25904,8652,123,2,717.17
25905,8652,84,3,431.32
25906,8652,4,1,636.38
25907,8652,127,2,349.21
25908,8652,1,1,229.43
25909,8653,129,1,356.8
25910,8653,2,1,536.34
25911,8653,69,3,678.97
25912,8653,53,1,176.09
25913,8653,112,4,306.6
25914,8654,132,1,660.44
25915,8655,125,2,60.95
25916,8655,6,2,498.94
25917,8655,105,2,462.17
25918,8656,140,1,80.4
25919,8656,20,2,511.22
25920,8657,32,2,176.75
25921,8657,122,3,444.14
25922,8657,6,2,498.94
25923,8658,33,3,680.29
25924,8659,92,4,416.84
25925,8659,31,2,682.52
25926,8660,50,2,370.89
25927,8660,105,4,462.17
25928,8660,40,2,496.68
25929,8660,65,2,748.34
25930,8660,36,4,495.03
25931,8661,142,2,758.12
25932,8661,143,3,488.21
25933,8661,30,3,466.19
25934,8662,127,3,349.21
25935,8662,35,3,593.85
25936,8663,44,1,14.87
25937,8663,144,4,507.04
25938,8664,106,3,256.39
25939,8664,129,3,356.8
25940,8664,23,4,701.6
25941,8664,61,2,0.0
25942,8664,65,2,748.34
25943,8665,143,2,488.21
25944,8665,105,3,462.17
25945,8665,63,4,82.09
25946,8665,48,1,107.37
25947,8666,25,2,50.04
25948,8666,40,3,496.68
25949,8666,116,1,499.37
25950,8667,60,3,602.69
25951,8668,9,3,185.56
25952,8668,144,2,507.04
25953,8668,56,1,783.92
25954,8668,49,4,186.12
25955,8669,82,2,558.31
25956,8669,60,1,602.69
25957,8670,20,3,511.22
25958,8670,10,4,364.78
25959,8670,23,4,701.6
25960,8671,32,4,176.75
25961,8671,72,3,248.19
25962,8671,97,2,799.31
25963,8672,117,2,723.89
25964,8672,137,2,704.57
25965,8673,77,2,0.0
25966,8673,15,4,715.52
25967,8673,59,2,402.24
25968,8673,115,1,769.44
25969,8674,63,3,82.09
25970,8674,23,1,701.6
25971,8674,100,4,110.82
25972,8674,48,1,107.37
25973,8675,45,3,157.83
25974,8676,34,2,369.27
25975,8676,103,3,163.53
25976,8676,15,4,715.52
25977,8677,47,1,434.59
25978,8678,42,3,458.23
25979,8678,91,1,425.2
25980,8678,88,2,581.3
25981,8678,92,2,416.84
25982,8679,98,1,569.99
25983,8679,36,4,495.03
25984,8679,111,2,781.01
25985,8679,100,3,110.82
25986,8680,80,3,752.51
25987,8680,31,1,931.81
25988,8681,134,4,14.54
25989,8681,113,1,149.56
25990,8681,19,3,582.15
25991,8682,132,2,660.44
25992,8683,75,1,421.56
25993,8683,44,2,14.87
25994,8684,148,4,571.16
25995,8685,24,1,767.98
25996,8686,144,1,507.04
25997,8687,70,2,318.37
25998,8687,127,1,349.21
25999,8687,69,4,678.97
26000,8687,125,1,60.95
26001,8687,40,1,496.68
26002,8688,50,4,370.89
26003,8688,35,2,593.85
26004,8688,48,4,107.37
26005,8688,59,1,402.24
26006,8688,96,4,385.9
26007,8689,36,1,495.03
26008,8689,37,2,253.77
26009,8690,102,1,378.83
26010,8691,9,1,185.56
26011,8692,11,1,117.66
26012,8692,121,1,643.49
26013,8692,149,3,254.2
26014,8692,122,3,444.14
26015,8693,106,4,256.39
26016,8693,67,3,755.48
26017,8693,10,3,364.78
26018,8693,46,3,566.86
26019,8693,45,3,157.83
26020,8694,71,3,326.37
26021,8694,44,1,14.87
26022,8695,147,4,630.5
26023,8696,135,4,457.51
26024,8696,55,1,472.02
26025,8696,49,2,186.12
26026,8696,129,1,356.8
26027,8696,141,2,664.67
26028,8697,132,2,660.44
26029,8697,69,1,888.18
26030,8697,2,2,536.34
26031,8698,136,4,254.21
26032,8698,150,2,484.06
26033,8698,47,2,434.59
26034,8699,135,3,457.51
26035,8699,96,4,385.9
26036,8700,35,2,593.85
26037,8700,95,4,550.05
26038,8701,149,2,254.2
26039,8701,48,2,107.37
26040,8701,98,4,569.99
26041,8701,47,1,434.59
26042,8701,130,2,778.31
26043,8702,9,2,185.56
26044,8702,142,3,758.12
26045,8702,64,3,123.33
26046,8702,117,1,723.89
26047,8702,19,1,582.15
26048,8703,57,4,268.77
26049,8703,79,3,499.3
26050,8704,75,3,421.56
26051,8704,74,3,429.76
26052,8704,9,2,185.56
26053,8704,77,4,0.0
26054,8705,16,1,170.96
26055,8705,147,2,630.5
26056,8705,51,1,521.96
26057,8705,52,2,457.95
26058,8706,79,2,499.3
26059,8706,65,3,748.34
26060,8706,53,2,176.09
26061,8707,132,4,660.44
26062,8707,37,3,253.77
26063,8707,18,4,315.84
26064,8707,16,4,170.96
26065,8708,33,1,680.29
26066,8708,66,4,484.78
26067,8709,91,4,425.2
26068,8709,55,3,472.02
26069,8709,56,2,783.92
26070,8709,77,2,0.0
26071,8710,142,1,758.12
26072,8710,39,3,467.56
26073,8710,111,4,781.01
26074,8710,38,2,272.91
26075,8711,16,1,170.96
26076,8711,21,2,658.67
26077,8711,95,3,550.05
26078,8711,128,3,383.45
26079,8711,41,2,574.12
26080,8712,47,3,434.59
26081,8712,59,4,402.24
26082,8712,141,1,664.67
26083,8713,95,2,550.05
26084,8713,59,4,402.24
26085,8713,121,3,643.49
26086,8713,4,2,636.38
26087,8714,77,4,0.0
26088,8714,28,2,487.27
26089,8715,131,4,318.76
26090,8715,146,1,19.08
26091,8715,135,2,457.51
26092,8716,123,4,717.17
26093,8716,40,3,496.68
26094,8717,7,3,797.36
26095,8717,100,2,110.82
26096,8717,108,1,596.14
26097,8718,102,3,378.83
26098,8718,97,1,799.31
26099,8718,33,3,699.72
26100,8719,7,4,797.36
26101,8720,62,2,302.99
26102,8720,84,2,431.32
26103,8721,121,4,643.49
26104,8722,95,3,550.05
26105,8723,82,4,558.31
26106,8724,147,1,630.5
26107,8724,8,4,776.26
26108,8724,127,2,349.21
26109,8724,118,4,361.9
26110,8724,70,3,318.37
26111,8725,35,1,593.85
26112,8725,25,2,50.04
26113,8725,147,3,630.5
26114,8726,87,1,353.29
26115,8726,6,4,498.94
26116,8726,78,4,789.72
26117,8726,37,3,253.77
26118,8726,110,4,335.07
26119,8727,67,2,755.48
26120,8727,120,2,163.71
26121,8727,148,3,777.04
26122,8727,114,3,709.75
26123,8727,32,3,176.75
26124,8728,32,2,176.75
26125,8729,138,3,126.38
26126,8729,44,2,14.87
26127,8729,10,3,364.78
26128,8729,43,2,25.96
26129,8730,86,3,35.23
26130,8731,141,1,664.67
26131,8731,49,1,186.12
26132,8731,72,3,248.19
26133,8731,51,2,577.52
26134,8732,21,4,658.67
26135,8733,147,4,630.5
26136,8733,131,4,318.76
26137,8734,115,1,769.44
26138,8734,9,2,238.79
26139,8734,43,4,25.96
26140,8734,13,2,302.7
26141,8735,50,2,370.89
26142,8735,59,4,402.24
26143,8735,118,4,361.9
26144,8736,100,1,110.82
26145,8737,53,3,176.09
26146,8738,6,3,498.94
26147,8738,50,1,370.89
26148,8739,34,2,369.27
26149,8739,71,1,326.37
26150,8739,78,4,789.72
26151,8740,150,1,484.06
26152,8740,111,1,781.01
26153,8740,76,3,571.36
26154,8740,56,4,783.92
26155,8740,68,2,636.26
26156,8741,132,4,660.44
26157,8741,50,3,370.89
26158,8741,3,3,302.94
26159,8741,121,3,643.49
26160,8742,75,3,421.56
26161,8742,129,4,356.8
26162,8742,63,4,82.09
26163,8742,106,4,256.39
26164,8742,139,1,322.53
26165,8743,28,3,487.27
26166,8743,116,4,499.37
26167,8743,64,4,123.33
26168,8744,93,1,-549.02
26169,8744,26,4,266.42
26170,8745,6,2,498.94
26171,8745,64,3,123.33
26172,8745,9,2,185.56
26173,8745,120,1,163.71
26174,8745,104,3,556.7
26175,8746,144,3,507.04
26176,8746,38,4,272.91
26177,8746,103,4,163.53
26178,8747,80,3,752.51
26179,8747,129,4,356.8
26180,8748,5,2,459.8
26181,8748,73,2,757.68
26182,8748,109,1,382.69
26183,8748,126,3,101.97
26184,8749,12,2,452.49
26185,8749,2,1,536.34
26186,8749,8,3,611.79
26187,8749,124,4,127.43
26188,8750,136,2,254.21
26189,8751,112,3,306.6
26190,8752,29,1,474.32
26191,8752,31,3,682.52
26192,8752,120,1,163.71
26193,8752,67,2,755.48
26194,8753,133,1,53.99
26195,8753,128,2,383.45
26196,8753,42,3,458.23
26197,8754,86,3,35.23
26198,8754,124,3,127.43
26199,8755,100,4,110.82
26200,8755,42,2,458.23
26201,8756,140,1,80.4
26202,8756,109,2,382.69
26203,8756,63,4,82.09
26204,8757,11,3,117.66
26205,8757,125,3,60.95
26206,8757,133,1,53.99
26207,8757,146,4,19.08
26208,8757,116,1,499.37
26209,8758,90,1,503.63
26210,8758,91,2,425.2
26211,8758,23,4,701.6
26212,8759,127,3,349.21
26213,8760,134,2,14.54
26214,8761,70,1,282.05
26215,8761,145,2,229.11
26216,8761,32,1,176.75
26217,8761,52,4,457.95
26218,8762,119,1,443.26
26219,8762,44,3,14.87
26220,8762,112,3,306.6
26221,8762,141,1,664.67
26222,8763,45,2,157.83
26223,8763,98,1,569.99
26224,8763,134,4,14.54
26225,8763,135,4,457.51
26226,8763,105,1,462.17
26227,8764,88,3,581.3
26228,8764,76,1,571.36
26229,8764,135,2,457.51
26230,8764,71,3,326.37
26231,8764,109,4,382.69
26232,8765,86,2,35.23
26233,8765,30,2,466.19
26234,8765,134,1,14.54
26235,8765,35,2,593.85
26236,8766,93,3,-549.02
26237,8766,106,1,256.39
26238,8767,148,1,777.04
26239,8768,112,2,306.6
26240,8768,87,1,353.29
26241,8768,142,1,758.12
26242,8768,49,3,186.12
26243,8768,94,2,610.92
26244,8769,71,1,326.37
26245,8769,128,3,383.45
26246,8770,8,3,389.87
26247,8771,121,4,643.49
26248,8771,96,2,385.9
26249,8771,114,3,709.75
26250,8771,135,3,457.51
26251,8771,116,4,499.37
26252,8772,150,4,484.06
26253,8772,88,2,581.3
26254,8772,77,2,0.0
26255,8772,21,4,557.44
26256,8772,90,3,503.63
26257,8773,85,2,446.02
26258,8773,55,2,472.02
26259,8773,150,2,484.06
26260,8774,75,1,421.56
26261,8774,100,3,110.82
26262,8775,141,2,664.67
26263,8775,122,3,444.14
26264,8775,6,3,498.94
26265,8775,94,2,610.92
26266,8775,115,1,769.44
26267,8776,100,4,110.82
26268,8777,18,3,315.84
26269,8777,13,1,302.7
26270,8777,39,2,467.56
26271,8777,25,1,50.04
26272,8778,29,3,474.32
26273,8778,120,4,163.71
26274,8779,45,2,157.83
26275,8779,5,1,459.8
26276,8779,23,3,701.6
26277,8780,1,4,229.43
26278,8780,73,1,757.68
26279,8780,49,2,186.12
26280,8780,7,4,714.55
26281,8781,16,1,170.96
26282,8781,114,1,709.75
26283,8782,10,4,364.78
26284,8783,31,2,682.52
26285,8784,138,2,126.38
26286,8784,48,2,107.37
26287,8785,37,4,253.77
26288,8785,23,3,701.6
26289,8785,116,1,499.37
26290,8785,126,4,101.97
26291,8785,38,2,272.91
26292,8786,4,4,636.38
26293,8786,93,4,-549.02
26294,8787,71,3,326.37
26295,8787,122,1,444.14
26296,8787,48,2,107.37
26297,8787,12,4,452.49
26298,8788,71,4,326.37
26299,8789,21,4,658.67
26300,8789,70,1,318.37
26301,8789,104,4,556.7
26302,8789,144,1,507.04
26303,8789,56,4,783.92
26304,8790,47,2,434.59
26305,8790,66,3,484.78
26306,8790,84,1,431.32
26307,8790,128,2,383.45
26308,8790,138,3,126.38
26309,8791,94,2,610.92
26310,8791,77,2,0.0
26311,8791,140,2,80.4
26312,8791,129,4,356.8
26313,8791,111,4,781.01
26314,8792,79,4,499.3
26315,8792,136,3,254.21
26316,8792,85,2,446.02
26317,8793,85,4,446.02
26318,8793,41,4,574.12
26319,8794,103,4,163.53
26320,8794,99,3,707.47
26321,8794,69,4,678.97
26322,8794,109,2,382.69
26323,8794,25,1,50.04
26324,8795,90,4,503.63
26325,8795,9,3,185.56
26326,8795,54,4,119.66
26327,8796,69,1,678.97
26328,8796,56,4,783.92
26329,8796,80,3,752.51
26330,8797,42,4,458.23
26331,8798,77,1,0.0
26332,8798,114,2,709.75
26333,8798,140,2,80.4
26334,8798,74,4,429.76
26335,8798,147,1,630.5
26336,8799,118,1,361.9
26337,8799,104,3,556.7
26338,8800,66,1,484.78
26339,8800,118,1,361.9
26340,8800,89,4,164.51
26341,8800,123,3,717.17
26342,8800,96,4,385.9
26343,8801,94,2,610.92
26344,8801,68,3,636.26
26345,8802,84,4,431.32
26346,8802,17,3,658.83
26347,8802,80,1,752.51
26348,8802,76,1,571.36
26349,8803,7,2,797.36
26350,8803,16,4,170.96
26351,8803,87,3,353.29
26352,8803,40,4,496.68
26353,8803,146,2,19.08
26354,8804,18,1,397.32
26355,8804,60,4,602.69
26356,8805,121,2,643.49
26357,8805,108,3,596.14
26358,8805,56,1,783.92
26359,8805,6,1,498.94
26360,8806,32,1,176.75
26361,8807,56,4,783.92
26362,8808,12,2,452.49
26363,8808,101,4,720.77
26364,8808,11,1,117.66
26365,8808,62,1,302.99
26366,8809,52,1,457.95
26367,8809,87,1,353.29
26368,8809,61,4,0.0
26369,8809,71,3,326.37
26370,8809,12,2,452.49
26371,8810,91,3,425.2
26372,8810,125,4,60.95
26373,8810,133,3,53.99
26374,8811,138,1,126.38
26375,8811,77,2,0.0
26376,8811,109,4,382.69
26377,8812,15,3,715.52
26378,8813,121,3,643.49
26379,8813,61,1,0.0
26380,8813,122,1,444.14
26381,8814,36,3,495.03
26382,8815,110,4,335.07
26383,8815,52,1,457.95
26384,8815,112,3,306.6
26385,8816,69,2,678.97
26386,8816,144,2,633.83
26387,8817,79,2,499.3
26388,8817,34,2,369.27
26389,8818,9,2,185.56
26390,8818,123,1,717.17
26391,8818,48,4,107.37
26392,8819,59,3,402.24
26393,8819,98,2,569.99
26394,8819,44,1,14.87
26395,8819,116,4,499.37
26396,8820,22,2,759.83
26397,8820,112,2,306.6
26398,8820,5,1,459.8
26399,8820,105,4,462.17
26400,8820,49,1,186.12
26401,8821,16,4,170.96
26402,8822,49,2,186.12
26403,8822,92,3,416.84
26404,8822,137,1,704.57
26405,8822,86,4,35.23
26406,8823,68,1,636.26
26407,8823,30,2,466.19
26408,8824,89,1,164.51
26409,8824,77,3,0.0
26410,8825,15,1,715.52
26411,8825,66,3,484.78
26412,8825,115,3,769.44
26413,8825,111,3,781.01
26414,8825,54,4,119.66
26415,8826,95,3,550.05
26416,8826,62,1,302.99
26417,8826,1,1,229.43
26418,8826,100,2,110.82
26419,8827,31,1,682.52
26420,8827,13,3,302.7
26421,8827,19,4,582.15
26422,8827,76,1,571.36
26423,8828,55,3,472.02
26424,8829,5,3,459.8
26425,8829,103,1,163.53
26426,8830,76,4,571.36
26427,8831,61,1,0.0
26428,8832,25,1,50.04
26429,8832,118,3,499.58
26430,8832,75,4,421.56
26431,8833,94,4,610.92
26432,8833,108,2,596.14
26433,8834,119,3,443.26
26434,8834,150,3,484.06
26435,8834,14,4,754.03
26436,8835,9,2,185.56
26437,8835,137,4,704.57
26438,8836,18,3,315.84
26439,8836,29,3,474.32
26440,8836,20,1,511.22
26441,8836,4,3,636.38
26442,8837,6,4,498.94
26443,8837,150,2,484.06
26444,8838,122,1,444.14
26445,8838,65,1,748.34
26446,8838,19,2,582.15
26447,8838,125,1,60.95
26448,8839,138,3,126.38
26449,8839,147,2,630.5
26450,8839,100,1,110.82
26451,8839,19,1,582.15
26452,8839,11,3,117.66
26453,8840,108,1,596.14
26454,8841,5,1,459.8
26455,8842,66,4,484.78
26456,8842,64,2,123.33
26457,8842,5,2,459.8
26458,8842,3,2,302.94
26459,8843,4,1,636.38
26460,8843,104,3,556.7
26461,8843,149,2,254.2
26462,8843,126,1,101.97
26463,8844,121,2,643.49
26464,8844,19,3,582.15
26465,8845,59,2,402.24
26466,8845,99,3,707.47
26467,8846,90,4,503.63
26468,8846,92,1,416.84
26469,8847,5,2,459.8
26470,8847,105,4,462.17
26471,8847,58,1,710.45
26472,8848,36,1,495.03
26473,8848,119,4,443.26
26474,8848,89,4,164.51
26475,8848,14,1,754.03
26476,8848,126,1,101.97
26477,8849,78,4,789.72
26478,8849,77,4,0.0
26479,8849,57,4,242.18
26480,8850,28,2,487.27
26481,8850,93,3,-549.02
26482,8850,8,4,611.79
26483,8851,74,2,429.76
26484,8851,139,1,322.53
26485,8851,4,1,636.38
26486,8852,36,1,495.03
26487,8852,112,4,306.6
26488,8853,72,4,248.19
26489,8853,117,1,723.89
26490,8854,141,1,664.67
26491,8854,89,3,164.51
26492,8855,128,1,383.45
26493,8856,8,3,611.79
26494,8856,139,2,322.53
26495,8856,43,1,25.96
26496,8856,138,2,126.38
26497,8856,10,2,364.78
26498,8857,41,2,574.12
26499,8857,38,2,272.91
26500,8857,141,1,664.67
26501,8857,90,3,503.63
26502,8858,70,2,318.37
26503,8858,90,4,613.91
26504,8858,64,1,123.33
26505,8858,136,1,254.21
26506,8858,85,1,446.02
26507,8859,74,3,429.76
26508,8859,145,1,229.11
26509,8859,131,3,318.76
26510,8860,94,2,610.92
26511,8861,24,1,767.98
26512,8861,144,2,507.04
26513,8861,145,2,229.11
26514,8861,4,1,451.12
26515,8861,146,3,19.08
26516,8862,113,3,149.56
26517,8862,107,4,22.07
26518,8862,149,4,254.2
26519,8863,121,2,643.49
26520,8863,40,4,496.68
26521,8863,142,3,758.12
26522,8864,110,3,335.07
26523,8865,126,4,101.97
26524,8865,14,2,754.03
26525,8865,137,4,704.57
26526,8865,131,3,318.76
26527,8865,33,3,680.29
26528,8866,17,4,658.83
26529,8866,65,1,748.34
26530,8866,60,2,602.69
26531,8867,131,1,318.76
26532,8867,143,4,488.21
26533,8867,16,1,170.96
26534,8867,114,3,709.75
26535,8867,43,4,25.96
26536,8868,78,1,880.05
26537,8869,98,3,569.99
26538,8870,71,3,326.37
26539,8870,88,4,581.3
26540,8870,116,1,499.37
26541,8870,7,2,797.36
26542,8870,136,1,254.21
26543,8871,70,1,318.37
26544,8871,10,3,364.78
26545,8871,87,4,353.29
26546,8872,87,2,353.29
26547,8873,47,4,434.59
26548,8873,89,3,164.51
26549,8873,116,2,499.37
26550,8873,123,2,717.17
26551,8873,46,1,566.86
26552,8874,91,2,425.2
26553,8874,89,1,164.51
26554,8874,34,2,369.27
26555,8875,54,3,119.66
26556,8875,44,1,14.87
26557,8876,41,2,574.12
26558,8876,140,1,80.4
26559,8877,138,4,138.12
26560,8878,2,4,536.34
26561,8878,82,3,558.31
26562,8878,150,2,484.06
26563,8878,146,3,19.08
26564,8879,3,2,302.94
26565,8879,106,3,256.39
26566,8879,45,3,157.83
26567,8879,8,1,611.79
26568,8880,28,1,487.27
26569,8881,66,4,484.78
26570,8881,91,4,425.2
26571,8882,118,2,361.9
26572,8882,33,1,680.29
26573,8882,91,3,425.2
26574,8883,101,2,720.77
26575,8883,109,4,382.69
26576,8883,39,4,467.56
26577,8883,46,1,566.86
26578,8883,67,2,755.48
26579,8884,61,1,0.0
26580,8884,22,1,759.83
26581,8885,45,4,157.83
26582,8885,132,2,660.44
26583,8885,120,1,163.71
26584,8885,20,3,511.22
26585,8886,2,3,536.34
26586,8886,116,2,499.37
26587,8886,74,1,429.76
26588,8887,72,4,248.19
26589,8887,136,4,175.9
26590,8887,148,1,777.04
26591,8887,74,4,429.76
26592,8887,105,3,462.17
26593,8888,44,1,14.87
26594,8888,68,4,636.26
26595,8888,39,2,467.56
26596,8888,11,4,117.66
26597,8888,99,1,707.47
26598,8889,36,2,495.03
26599,8889,70,2,318.37
26600,8890,48,4,68.36
26601,8890,91,1,425.2
26602,8890,6,2,498.94
26603,8890,113,2,149.56
26604,8890,14,4,754.03
26605,8891,68,4,636.26
26606,8891,27,1,470.69
26607,8891,52,3,457.95
26608,8891,125,2,60.95
26609,8892,87,3,353.29
26610,8892,18,3,315.84
26611,8893,19,3,582.15
26612,8893,31,1,682.52
26613,8893,110,2,335.07
26614,8893,82,2,558.31
26615,8893,52,2,457.95
26616,8894,79,1,499.3
26617,8895,16,3,170.96
26618,8895,37,3,253.77
26619,8896,62,3,302.99
26620,8896,128,2,383.45
26621,8896,134,3,14.54
26622,8896,102,2,378.83
26623,8896,135,1,457.51
26624,8897,2,3,536.34
26625,8897,25,3,50.04
26626,8898,53,4,176.09
26627,8898,65,2,748.34
26628,8898,115,1,769.44
26629,8898,148,4,777.04
26630,8898,45,1,157.83
26631,8899,47,1,434.59
26632,8900,113,2,149.56
26633,8901,126,2,77.08
26634,8901,139,3,322.53
26635,8901,69,3,678.97
26636,8901,9,4,185.56
26637,8902,107,3,22.07
26638,8902,59,1,402.24
26639,8902,24,1,468.86
26640,8902,111,2,781.01
26641,8903,60,2,602.69
26642,8903,52,4,457.95
26643,8904,147,4,630.5
26644,8905,131,3,318.76
26645,8905,18,1,251.85
26646,8905,132,4,660.44
26647,8905,52,3,457.95
26648,8906,63,2,82.09
26649,8906,40,4,496.68
26650,8907,80,4,752.51
26651,8907,94,1,610.92
26652,8907,125,4,60.95
26653,8908,114,4,709.75
26654,8908,123,4,717.17
26655,8909,9,3,185.56
26656,8909,135,4,457.51
26657,8909,60,4,602.69
26658,8910,2,3,536.34
26659,8911,39,1,400.37
26660,8911,111,3,781.01
26661,8911,136,1,254.21
26662,8911,122,1,444.14
26663,8911,54,3,119.66
26664,8912,144,2,507.04
26665,8912,30,4,466.19
26666,8912,90,2,503.63
26667,8912,88,2,581.3
26668,8913,134,4,14.54
26669,8913,74,4,429.76
26670,8913,33,1,680.29
26671,8913,81,3,226.08
26672,8914,144,4,507.04
26673,8915,126,4,101.97
26674,8915,72,1,248.19
26675,8916,81,2,226.08
26676,8916,44,3,14.87
26677,8916,75,2,421.56
26678,8916,78,1,789.72
26679,8917,18,3,315.84
26680,8917,56,2,649.01
26681,8918,135,1,457.51
26682,8918,25,1,50.04
26683,8919,48,2,107.37
26684,8919,58,2,558.64
26685,8919,99,2,707.47
26686,8919,9,1,185.56
26687,8919,57,1,268.77
26688,8920,146,3,19.08
26689,8920,145,4,229.11
26690,8920,126,2,101.97
26691,8920,96,4,385.9
26692,8921,108,2,596.14
26693,8921,13,1,302.7
26694,8921,121,2,643.49
26695,8922,1,4,229.43
26696,8922,76,1,571.36
26697,8922,96,2,385.9
26698,8922,123,2,717.17
26699,8922,130,4,778.31
26700,8923,77,2,0.0
26701,8923,131,4,318.76
26702,8923,43,3,25.96
26703,8924,1,1,229.43
26704,8924,91,2,425.2
26705,8924,116,1,499.37
26706,8925,17,1,658.83
26707,8925,47,2,434.59
26708,8925,146,1,19.08
26709,8926,43,4,25.96
26710,8926,146,1,19.08
26711,8926,34,1,369.27
26712,8926,96,3,385.9
26713,8927,98,4,569.99
26714,8927,83,3,57.87
26715,8928,101,4,720.77
26716,8928,56,1,783.92
26717,8928,48,3,107.37
26718,8928,33,2,680.29
26719,8928,125,3,60.95
26720,8929,78,2,789.72
26721,8930,53,1,176.09
26722,8930,15,2,715.52
26723,8930,72,4,248.19
26724,8930,94,1,610.92
26725,8931,66,2,484.78
26726,8931,16,4,170.96
26727,8931,33,4,680.29
26728,8931,75,4,421.56
26729,8932,7,2,797.36
26730,8932,43,2,25.96
26731,8932,89,3,164.51
26732,8933,23,1,701.6
26733,8933,16,1,170.96
26734,8933,106,4,256.39
26735,8933,150,2,484.06
26736,8933,33,4,801.99
26737,8934,86,2,35.23
26738,8934,79,1,499.3
26739,8934,64,3,123.33
26740,8934,140,2,80.4
26741,8934,66,2,484.78
26742,8935,45,2,157.83
26743,8936,29,2,474.32
26744,8936,9,2,185.56
26745,8936,80,1,752.51
26746,8937,93,4,-549.02
26747,8937,127,3,349.21
26748,8937,120,2,163.71
26749,8937,92,1,416.84
26750,8937,126,3,101.97
26751,8938,40,3,496.68
26752,8938,63,1,82.09
26753,8938,51,4,521.96
26754,8938,113,1,149.56
26755,8939,61,3,0.0
26756,8939,127,4,349.21
26757,8940,38,4,272.91
26758,8940,114,3,709.75
26759,8940,45,3,157.83
26760,8940,61,3,0.0
26761,8940,46,2,566.86
26762,8941,51,1,521.96
26763,8941,63,2,82.09
26764,8941,81,2,226.08
26765,8942,67,3,755.48
26766,8942,99,2,707.47
26767,8942,96,2,385.9
26768,8943,45,3,157.83
26769,8943,34,2,369.27
26770,8943,138,3,126.38
26771,8944,124,3,127.43
26772,8944,100,3,110.82
26773,8944,73,1,757.68
26774,8945,42,1,458.23
26775,8945,100,4,110.82
26776,8945,34,3,369.27
26777,8945,32,1,176.75
26778,8946,59,3,402.24
26779,8946,135,4,457.51
26780,8946,38,3,272.91
26781,8946,86,4,35.23
26782,8947,28,4,487.27
26783,8947,116,2,499.37
26784,8947,60,3,602.69
26785,8947,89,2,164.51
26786,8948,53,1,176.09
26787,8948,145,2,229.11
26788,8949,150,4,484.06
26789,8949,74,1,429.76
26790,8949,16,2,170.96
26791,8950,104,4,556.7
26792,8950,118,3,361.9
26793,8950,91,1,425.2
26794,8951,53,2,176.09
26795,8951,7,3,797.36
26796,8951,149,2,254.2
26797,8952,41,3,574.12
26798,8952,146,3,19.08
26799,8953,108,1,596.14
26800,8953,55,2,472.02
26801,8953,28,3,487.27
26802,8954,99,4,707.47
26803,8954,136,3,254.21
26804,8954,9,3,185.56
26805,8954,45,4,157.83
26806,8954,88,2,581.3
26807,8955,18,1,315.84
26808,8955,92,1,416.84
26809,8955,136,4,254.21
26810,8956,81,2,226.08
26811,8957,145,1,229.11
26812,8957,108,4,596.14
26813,8957,41,4,574.12
26814,8958,101,4,720.77
26815,8959,8,4,611.79
26816,8959,68,3,636.26
26817,8959,139,4,322.53
26818,8960,50,2,370.89
26819,8961,102,3,378.83
26820,8961,28,1,487.27
26821,8962,5,2,459.8
26822,8962,59,3,402.24
26823,8962,73,3,757.68
26824,8963,149,1,254.2
26825,8963,20,2,511.22
26826,8963,25,1,50.04
26827,8964,89,2,164.51
26828,8965,91,3,425.2
26829,8965,94,1,610.92
26830,8966,7,4,797.36
26831,8966,113,1,149.56
26832,8966,123,2,717.17
26833,8967,115,1,769.44
26834,8967,104,4,556.7
26835,8967,44,4,14.87
26836,8967,122,2,444.14
26837,8968,36,3,495.03
26838,8968,64,2,123.33
26839,8969,130,4,778.31
26840,8970,136,3,254.21
26841,8970,73,4,757.68
26842,8970,110,1,335.07
26843,8971,26,4,266.42
26844,8971,137,3,704.57
26845,8971,72,2,248.19
26846,8972,149,3,254.2
26847,8972,33,4,680.29
26848,8972,136,1,254.21
26849,8972,142,3,758.12
26850,8973,14,1,754.03
26851,8973,150,4,484.06
26852,8973,40,3,496.68
26853,8973,134,1,14.54
26854,8973,62,2,302.99
26855,8974,135,1,457.51
26856,8974,89,2,164.51
26857,8974,119,2,443.26
26858,8975,11,3,117.66
26859,8976,9,2,185.56
26860,8976,108,3,596.14
26861,8976,117,4,723.89
26862,8976,52,4,457.95
26863,8976,143,1,488.21
26864,8977,124,1,127.43
26865,8977,146,1,19.08
26866,8977,143,1,488.21
26867,8978,46,4,566.86
26868,8978,142,4,758.12
26869,8978,63,2,82.09
26870,8978,118,1,361.9
26871,8978,55,1,472.02
26872,8979,11,4,117.66
26873,8979,86,3,35.23
26874,8979,49,4,186.12
26875,8980,149,4,254.2
26876,8980,136,4,254.21
26877,8980,35,4,593.85
26878,8981,45,3,157.83
26879,8981,90,2,503.63
26880,8981,92,2,416.84
26881,8981,104,2,556.7
26882,8981,139,3,322.53
26883,8982,108,3,596.14
26884,8983,70,4,318.37
26885,8983,89,2,164.51
26886,8983,132,2,660.44
26887,8984,105,4,462.17
26888,8985,111,2,781.01
26889,8985,43,1,25.96
26890,8985,106,1,256.39
26891,8986,148,2,777.04
26892,8986,88,4,581.3
26893,8987,67,4,755.48
26894,8987,104,3,556.7
26895,8987,13,4,302.7
26896,8987,5,3,459.8
26897,8987,77,4,0.0
26898,8988,16,2,170.96
26899,8988,122,4,616.4
26900,8988,78,2,789.72
26901,8988,112,3,306.6
26902,8989,27,4,470.69
26903,8989,149,2,254.2
26904,8990,82,2,558.31
26905,8990,103,3,163.53
26906,8990,119,3,443.26
26907,8991,126,1,101.97
26908,8991,146,4,19.08
26909,8992,109,1,382.69
26910,8993,5,3,459.8
26911,8993,34,2,369.27
26912,8993,76,1,571.36
26913,8993,83,3,57.87
26914,8993,134,2,14.54
26915,8994,24,4,767.98
26916,8994,147,3,630.5
26917,8994,141,3,664.67
26918,8994,138,3,126.38
26919,8994,120,3,163.71
26920,8995,52,3,457.95
26921,8995,106,1,256.39
26922,8996,141,1,664.67
26923,8996,31,4,682.52
26924,8996,123,2,717.17
26925,8996,68,2,636.26
26926,8996,104,3,556.7
26927,8997,14,1,1008.79
26928,8997,102,4,378.83
26929,8997,5,4,459.8
26930,8998,74,2,429.76
26931,8998,53,4,176.09
26932,8999,96,3,385.9
26933,8999,77,1,0.0
26934,8999,59,1,402.24
26935,9000,120,3,163.71
26936,9000,66,2,484.78
26937,9001,99,1,707.47
26938,9001,18,4,315.84
26939,9001,4,1,636.38
26940,9001,108,3,596.14
26941,9001,10,4,364.78
26942,9002,84,2,431.32
26943,9003,117,3,723.89
26944,9003,134,3,13.44
26945,9003,11,1,117.66
26946,9004,66,1,484.78
26947,9004,117,3,723.89
26948,9004,31,3,682.52
26949,9004,101,2,720.77
26950,9004,68,1,636.26
26951,9005,51,3,521.96
26952,9005,118,4,361.9
26953,9005,17,4,658.83
26954,9006,143,2,488.21
26955,9006,26,3,266.42
26956,9006,129,3,353.1
26957,9006,111,4,781.01
26958,9006,114,4,709.75
26959,9007,64,3,123.33
26960,9007,128,1,383.45
26961,9008,128,2,383.45
26962,9008,19,1,582.15
26963,9008,77,4,0.0
26964,9008,33,2,680.29
26965,9008,54,3,119.66
26966,9009,66,3,484.78
26967,9009,119,2,269.13
26968,9009,131,3,318.76
26969,9009,103,2,163.53
26970,9009,38,1,272.91
26971,9010,89,2,164.51
26972,9010,37,3,253.77
26973,9011,107,4,22.07
26974,9012,103,1,163.53
26975,9013,103,4,163.53
26976,9013,44,1,14.87
26977,9014,93,3,-549.02
26978,9014,42,2,458.23
26979,9014,148,2,777.04
26980,9014,128,4,383.45
26981,9015,145,2,229.11
26982,9016,48,2,107.37
26983,9016,45,3,157.83
26984,9016,49,2,186.12
26985,9017,26,3,266.42
26986,9017,47,2,434.59
26987,9017,105,2,462.17
26988,9017,46,4,566.86
26989,9017,7,3,797.36
26990,9018,100,4,110.82
26991,9019,4,2,636.38
26992,9019,126,3,101.97
26993,9019,43,2,25.96
26994,9020,79,3,499.3
26995,9021,39,4,467.56
26996,9021,14,1,754.03
26997,9021,55,2,472.02
26998,9021,8,2,611.79
26999,9021,109,3,382.69
27000,9022,5,3,459.8
27001,9022,33,1,680.29
27002,9022,91,4,486.0
27003,9022,81,4,226.08
27004,9022,27,2,470.69
27005,9023,18,3,315.84
27006,9023,101,4,720.77
27007,9024,105,1,462.17
27008,9025,14,3,754.03
27009,9025,147,2,630.5
27010,9025,41,3,574.12
27011,9025,25,1,50.04
27012,9026,9,4,185.56
27013,9026,84,3,431.32
27014,9027,27,3,470.69
27015,9027,122,4,444.14
27016,9027,109,1,382.69
27017,9027,116,2,499.37
27018,9027,52,2,457.95
27019,9028,98,1,569.99
27020,9028,75,3,421.56
27021,9028,21,3,658.67
27022,9029,14,4,754.03
27023,9029,131,1,318.76
27024,9029,132,3,660.44
27025,9029,56,4,783.92
27026,9029,121,1,643.49
27027,9030,17,2,658.83
27028,9030,103,3,163.53
27029,9030,133,2,53.99
27030,9031,105,2,462.17
27031,9032,144,2,507.04
27032,9033,136,1,254.21
27033,9034,2,2,536.34
27034,9034,27,4,470.69
27035,9034,68,2,396.18
27036,9034,123,3,717.17
27037,9034,32,3,176.75
27038,9035,146,1,19.08
27039,9036,17,4,658.83
27040,9037,43,3,25.96
27041,9038,43,3,25.96
27042,9038,32,4,176.75
27043,9038,36,1,495.03
27044,9038,69,1,678.97
27045,9038,123,4,717.17
27046,9039,72,2,248.19
27047,9039,55,3,472.02
27048,9039,13,1,302.7
27049,9039,44,1,14.87
27050,9039,108,1,596.14
27051,9040,44,1,14.87
27052,9041,21,4,658.67
27053,9041,100,4,110.82
27054,9041,108,3,596.14
27055,9041,145,3,229.11
27056,9042,34,1,369.27
27057,9042,102,1,378.83
27058,9042,121,1,643.49
27059,9042,9,1,185.56
27060,9042,139,4,322.53
27061,9043,133,1,53.99
27062,9043,41,2,574.12
27063,9043,46,1,566.86
27064,9043,47,1,434.59
27065,9044,72,1,248.19
27066,9044,42,1,458.23
27067,9045,144,1,507.04
27068,9045,38,1,272.91
27069,9045,62,2,302.99
27070,9045,137,2,704.57
27071,9045,120,4,163.71
27072,9046,72,4,248.19
27073,9047,96,3,385.9
27074,9047,90,3,503.63
27075,9047,65,4,946.61
27076,9047,114,1,709.75
27077,9048,54,1,99.45
27078,9048,139,3,322.53
27079,9048,121,1,643.49
27080,9049,150,4,484.06
27081,9049,64,2,123.33
27082,9049,90,2,503.63
27083,9050,31,2,682.52
27084,9050,13,2,302.7
27085,9050,94,4,610.92
27086,9050,12,3,452.49
27087,9051,128,2,383.45
27088,9051,96,1,385.9
27089,9051,63,3,82.09
27090,9051,79,3,499.3
27091,9051,30,2,466.19
27092,9052,22,4,759.83
27093,9052,45,3,157.83
27094,9052,86,1,35.23
27095,9052,98,3,569.99
27096,9053,37,2,253.77
27097,9053,24,4,767.98
27098,9053,89,2,164.51
27099,9053,11,1,117.66
27100,9053,50,2,370.89
27101,9054,141,2,664.67
27102,9054,54,1,119.66
27103,9054,124,1,127.43
27104,9055,116,4,499.37
27105,9055,34,4,369.27
27106,9056,108,4,596.14
27107,9057,41,4,574.12
27108,9057,2,3,536.34
27109,9057,28,1,487.27
27110,9058,143,2,488.21
27111,9058,77,1,0.0
27112,9058,56,1,783.92
27113,9058,110,3,335.07
27114,9059,69,3,678.97
27115,9059,58,3,558.64
27116,9059,57,4,268.77
27117,9059,88,4,581.3
27118,9060,34,2,369.27
27119,9061,105,2,462.17
27120,9061,121,2,643.49
27121,9061,40,4,496.68
27122,9061,97,3,799.31
27123,9062,37,2,253.77
27124,9062,12,1,452.49
27125,9062,26,4,266.42
27126,9062,135,2,457.51
27127,9063,76,4,571.36
27128,9064,109,1,382.69
27129,9064,111,4,781.01
27130,9064,74,3,429.76
27131,9064,131,3,318.76
27132,9065,140,1,80.4
27133,9066,62,1,302.99
27134,9066,96,1,385.9
27135,9066,122,1,444.14
27136,9067,57,2,268.77
27137,9067,120,2,163.71
27138,9068,59,1,402.24
27139,9068,45,2,157.83
27140,9068,137,2,704.57
27141,9068,124,4,127.43
27142,9068,82,3,558.31
27143,9069,10,3,364.78
27144,9070,118,4,361.9
27145,9070,89,3,164.51
27146,9070,43,3,25.96
27147,9070,82,2,558.31
27148,9070,37,1,253.77
27149,9071,137,3,704.57
27150,9071,77,2,0.0
27151,9071,74,3,429.76
27152,9071,11,3,117.66
27153,9072,86,4,35.23
27154,9072,82,3,558.31
27155,9073,78,4,789.72
27156,9073,87,4,353.29
27157,9074,32,2,176.75
27158,9074,123,4,717.17
27159,9075,120,4,163.71
27160,9076,49,2,155.34
27161,9076,145,3,229.11
27162,9076,58,2,558.64
27163,9076,103,2,163.53
27164,9077,131,1,318.76
27165,9077,95,4,550.05
27166,9078,135,4,457.51
27167,9079,91,2,425.2
27168,9079,56,1,783.92
27169,9079,133,4,53.99
27170,9079,47,4,434.59
27171,9080,3,4,302.94
27172,9080,57,2,268.77
27173,9080,32,2,176.75
27174,9081,87,2,353.29
27175,9081,128,2,383.45
27176,9081,140,4,80.4
27177,9081,72,3,248.19
27178,9081,4,3,636.38
27179,9082,125,2,60.95
27180,9082,20,2,511.22
27181,9082,96,4,385.9
27182,9082,145,2,229.11
27183,9082,124,2,127.43
27184,9083,122,1,444.14
27185,9083,95,1,550.05
27186,9084,58,4,558.64
27187,9084,21,3,658.67
27188,9084,50,2,370.89
27189,9084,95,4,550.05
27190,9085,22,4,759.83
27191,9085,144,2,507.04
27192,9085,15,1,715.52
27193,9085,89,1,164.51
27194,9085,43,2,25.96
27195,9086,129,4,356.8
27196,9087,13,1,302.7
27197,9087,105,3,462.17
27198,9088,115,2,769.44
27199,9088,47,4,434.59
27200,9088,100,4,110.82
27201,9088,80,4,752.51
27202,9089,78,4,789.72
27203,9089,75,2,421.56
27204,9090,145,3,229.11
27205,9090,100,2,110.82
27206,9091,53,3,176.09
27207,9091,69,3,678.97
27208,9091,8,1,611.79
27209,9091,87,4,353.29
27210,9091,70,3,318.37
27211,9092,76,1,571.36
27212,9093,141,2,664.67
27213,9093,79,3,499.3
27214,9093,17,3,658.83
27215,9094,89,4,164.51
27216,9094,73,4,757.68
27217,9095,7,1,797.36
27218,9095,25,2,50.04
27219,9095,138,1,126.38
27220,9095,46,2,566.86
27221,9096,112,3,306.6
27222,9096,145,3,229.11
27223,9097,96,3,385.9
27224,9097,37,4,253.77
27225,9097,43,3,25.96
27226,9097,23,2,976.05
27227,9098,38,1,272.91
27228,9098,106,4,256.39
27229,9099,145,2,229.11
27230,9099,81,2,226.08
27231,9099,127,4,349.21
27232,9100,107,2,22.07
27233,9100,70,2,318.37
27234,9100,105,1,462.17
27235,9100,150,2,484.06
27236,9101,94,1,610.92
27237,9101,117,4,723.89
27238,9101,21,1,658.67
27239,9101,87,2,353.29
27240,9102,59,2,295.68
27241,9102,129,1,356.8
27242,9103,4,2,636.38
27243,9103,149,1,254.2
27244,9103,18,1,315.84
27245,9103,136,2,254.21
27246,9104,45,4,157.83
27247,9105,26,2,266.42
27248,9105,133,4,53.99
27249,9106,66,4,484.78
27250,9106,112,1,306.6
27251,9106,131,2,318.76
27252,9106,37,3,200.9
27253,9107,13,1,391.16
27254,9107,60,1,602.69
27255,9107,42,4,458.23
27256,9107,114,3,709.75
27257,9108,61,3,0.0
27258,9108,94,2,610.92
27259,9108,100,2,110.82
27260,9109,127,1,349.21
27261,9109,100,1,110.82
27262,9109,139,2,322.53
27263,9109,81,3,226.08
27264,9109,145,3,229.11
27265,9110,1,1,229.43
27266,9110,33,4,680.29
27267,9110,87,2,353.29
27268,9110,136,4,254.21
27269,9110,141,1,664.67
27270,9111,135,2,457.51
27271,9111,43,4,25.96
27272,9111,58,3,558.64
27273,9111,120,2,163.71
27274,9111,145,4,229.11
27275,9112,72,4,248.19
27276,9112,79,1,499.3
27277,9113,15,2,715.52
27278,9114,95,2,550.05
27279,9114,35,4,593.85
27280,9114,104,3,556.7
27281,9114,36,4,495.03
27282,9114,136,4,254.21
27283,9115,65,4,748.34
27284,9115,62,4,302.99
27285,9115,123,2,717.17
27286,9115,91,2,425.2
27287,9116,73,2,757.68
27288,9116,137,1,704.57
27289,9116,23,3,701.6
27290,9117,124,4,127.43
27291,9118,12,4,452.49
27292,9118,32,2,176.75
27293,9118,99,4,707.47
27294,9118,6,3,498.94
27295,9119,28,4,487.27
27296,9119,149,3,254.2
27297,9120,18,1,315.84
27298,9120,150,3,484.06
27299,9120,19,2,582.15
27300,9120,93,4,-549.02
27301,9121,132,3,660.44
27302,9122,10,3,364.78
27303,9122,150,4,484.06
27304,9123,74,1,429.76
27305,9123,87,4,353.29
27306,9123,56,4,783.92
27307,9123,107,2,22.07
27308,9124,57,2,268.77
27309,9124,55,4,472.02
27310,9125,27,1,470.69
27311,9125,40,1,496.68
27312,9126,130,4,778.31
27313,9126,46,2,566.86
27314,9126,60,3,602.69
27315,9127,105,1,462.17
27316,9127,57,4,268.77
27317,9127,13,1,302.7
27318,9128,109,3,382.69
27319,9129,78,4,789.72
27320,9129,3,1,302.94
27321,9130,62,4,302.99
27322,9130,2,3,536.34
27323,9130,138,4,126.38
27324,9130,72,3,248.19
27325,9131,110,4,335.07
27326,9132,130,2,778.31
27327,9132,19,1,582.15
27328,9132,50,3,370.89
27329,9133,50,3,370.89
27330,9133,42,1,458.23
27331,9133,65,2,748.34
27332,9133,142,2,758.12
27333,9134,66,2,484.78
27334,9134,30,4,466.19
27335,9134,44,3,14.87
27336,9134,86,4,35.23
27337,9135,26,2,266.42
27338,9135,128,3,383.45
27339,9136,131,1,318.76
27340,9136,97,1,799.31
27341,9137,25,3,50.04
27342,9137,24,2,767.98
27343,9138,114,4,709.75
27344,9138,95,4,550.05
27345,9139,107,4,22.07
27346,9139,13,4,302.7
27347,9139,136,4,254.21
27348,9139,4,2,636.38
27349,9140,86,1,35.23
27350,9140,26,1,266.42
27351,9140,56,4,783.92
27352,9141,5,2,459.8
27353,9141,93,3,-549.02
27354,9141,74,2,429.76
27355,9141,84,3,431.32
27356,9141,91,2,425.2
27357,9142,6,1,498.94
27358,9142,129,4,356.8
27359,9142,82,1,558.31
27360,9142,50,4,370.89
27361,9142,95,2,550.05
27362,9143,133,3,53.99
27363,9143,80,3,752.51
27364,9143,121,3,643.49
27365,9143,21,3,658.67
27366,9144,55,3,472.02
27367,9144,70,2,318.37
27368,9145,121,2,643.49
27369,9145,80,1,752.51
27370,9145,103,3,163.53
27371,9146,105,3,462.17
27372,9146,149,2,254.2
27373,9146,145,3,229.11
27374,9147,125,3,60.95
27375,9147,15,3,715.52
27376,9147,84,4,431.32
27377,9147,149,3,254.2
27378,9148,143,1,488.21
27379,9148,13,4,302.7
27380,9148,29,2,474.32
27381,9148,10,4,364.78
27382,9149,145,1,229.11
27383,9149,40,4,496.68
27384,9149,4,4,879.79
27385,9149,97,2,799.31
27386,9150,94,2,610.92
27387,9151,81,2,226.08
27388,9151,12,4,452.49
27389,9152,99,4,707.47
27390,9152,7,3,797.36
27391,9152,103,4,163.53
27392,9152,132,3,660.44
27393,9152,81,4,226.08
27394,9153,110,3,335.07
27395,9153,24,1,767.98
27396,9153,30,1,466.19
27397,9154,131,1,318.76
27398,9154,25,4,50.04
27399,9154,150,3,484.06
27400,9154,20,1,511.22
27401,9154,19,4,582.15
27402,9155,42,4,458.23
27403,9156,91,3,425.2
27404,9156,127,3,349.21
27405,9156,11,4,117.66
27406,9156,30,3,466.19
27407,9157,126,2,101.97
27408,9157,134,1,14.54
27409,9157,75,4,421.56
27410,9157,122,2,444.14
27411,9158,54,2,119.66
27412,9158,101,2,720.77
27413,9158,20,4,511.22
27414,9159,95,3,550.05
27415,9159,84,3,431.32
27416,9159,13,1,302.7
27417,9159,138,3,126.38
27418,9160,118,2,361.9
27419,9161,18,2,315.84
27420,9162,135,4,457.51
27421,9162,20,1,511.22
27422,9162,83,2,57.87
27423,9163,75,4,421.56
27424,9163,124,3,127.43
27425,9164,123,1,717.17
27426,9164,41,4,574.12
27427,9164,23,3,701.6
27428,9164,133,1,53.99
27429,9165,67,4,755.48
27430,9166,135,2,457.51
27431,9166,58,2,558.64
27432,9167,135,3,457.51
27433,9167,99,3,707.47
27434,9167,52,2,457.95
27435,9168,2,4,536.34
27436,9168,77,2,0.0
27437,9169,11,4,117.66
27438,9169,16,2,170.96
27439,9169,87,1,353.29
27440,9170,93,2,-549.02
27441,9170,39,3,467.56
27442,9170,83,3,57.87
27443,9170,76,2,571.36
27444,9171,1,3,229.43
27445,9171,18,4,315.84
27446,9171,59,4,402.24
27447,9172,90,1,503.63
27448,9172,4,3,636.38
27449,9172,70,3,318.37
27450,9173,129,2,356.8
27451,9173,112,4,306.6
27452,9173,88,1,581.3
27453,9173,39,1,467.56
27454,9174,21,3,658.67
27455,9174,24,1,767.98
27456,9175,104,1,556.7
27457,9175,90,4,503.63
27458,9175,133,2,53.99
27459,9175,70,2,318.37
27460,9176,63,3,82.09
27461,9177,58,4,558.64
27462,9178,150,3,484.06
27463,9178,98,3,569.99
27464,9178,104,3,556.7
27465,9178,1,4,229.43
27466,9179,6,1,498.94
27467,9179,33,1,680.29
27468,9179,69,3,678.97
27469,9179,125,3,60.95
27470,9180,64,4,123.33
27471,9180,106,3,256.39
27472,9180,38,3,272.91
27473,9180,150,1,484.06
27474,9181,14,2,754.03
27475,9181,131,1,318.76
27476,9181,47,3,434.59
27477,9181,12,3,452.49
27478,9181,94,4,610.92
27479,9182,5,1,459.8
27480,9183,14,4,754.03
27481,9183,120,3,163.71
27482,9183,150,1,484.06
27483,9183,127,3,349.21
27484,9184,91,3,425.2
27485,9184,49,3,186.12
27486,9184,10,1,364.78
27487,9185,133,4,53.99
27488,9185,73,2,757.68
27489,9185,91,4,425.2
27490,9185,47,3,434.59
27491,9186,134,4,14.54
27492,9187,109,2,382.69
27493,9188,40,3,496.68
27494,9188,97,1,799.31
27495,9189,3,2,302.94
27496,9189,35,4,593.85
27497,9190,63,3,82.09
27498,9190,47,2,434.59
27499,9191,95,1,550.05
27500,9191,37,2,253.77
27501,9192,55,2,472.02
27502,9192,113,2,149.56
27503,9192,130,4,778.31
27504,9192,42,2,458.23
27505,9193,144,2,507.04
27506,9193,55,3,472.02
27507,9193,124,1,127.43
27508,9194,110,4,335.07
27509,9194,52,3,457.95
27510,9194,122,3,444.14
27511,9194,141,2,664.67
27512,9195,118,4,361.9
27513,9196,146,1,19.08
27514,9196,107,3,22.07
27515,9196,43,2,25.96
27516,9196,10,4,364.78
27517,9197,143,4,488.21
27518,9198,128,3,383.45
27519,9198,137,3,704.57
27520,9198,119,2,443.26
27521,9199,20,2,511.22
27522,9199,46,4,566.86
27523,9199,116,4,499.37
27524,9199,95,4,550.05
27525,9199,67,3,755.48
27526,9200,81,1,226.08
27527,9200,104,4,556.7
27528,9200,31,4,682.52
27529,9201,143,3,488.21
27530,9202,16,1,170.96
27531,9202,145,2,229.11
27532,9202,45,4,193.81
27533,9202,105,3,462.17
27534,9202,118,2,361.9
27535,9203,19,3,582.15
27536,9203,122,2,444.14
27537,9203,79,2,499.3
27538,9203,71,3,326.37
27539,9203,42,1,458.23
27540,9204,39,4,467.56
27541,9204,132,1,660.44
27542,9204,133,2,53.99
27543,9204,104,3,439.89
27544,9204,96,4,385.9
27545,9205,128,3,383.45
27546,9205,59,3,402.24
27547,9205,70,2,318.37
27548,9205,9,1,185.56
27549,9205,81,3,226.08
27550,9206,28,1,487.27
27551,9206,117,2,723.89
27552,9206,85,2,446.02
27553,9206,86,1,35.23
27554,9207,1,4,229.43
27555,9208,51,4,521.96
27556,9208,80,3,752.51
27557,9208,66,3,484.78
27558,9208,6,3,498.94
27559,9208,36,4,495.03
27560,9209,78,4,789.72
27561,9209,101,2,720.77
27562,9209,64,3,95.36
27563,9209,96,1,385.9
27564,9209,17,1,658.83
27565,9210,117,1,723.89
27566,9210,131,4,318.76
27567,9210,19,1,582.15
27568,9210,110,1,335.07
27569,9211,6,4,498.94
27570,9211,31,1,682.52
27571,9212,127,4,349.21
27572,9212,55,1,472.02
27573,9212,118,4,361.9
27574,9213,96,2,385.9
27575,9214,123,3,717.17
27576,9215,105,1,462.17
27577,9215,9,2,185.56
27578,9216,112,1,306.6
27579,9217,35,4,593.85
27580,9217,95,2,550.05
27581,9217,2,4,536.34
27582,9217,44,4,10.48
27583,9218,95,1,550.05
27584,9218,150,4,484.06
27585,9218,24,1,767.98
27586,9218,84,3,431.32
27587,9218,123,4,717.17
27588,9219,70,3,318.37
27589,9219,84,4,431.32
27590,9219,76,2,571.36
27591,9219,138,1,126.38
27592,9219,20,3,396.18
27593,9220,74,3,429.76
27594,9220,109,2,382.69
27595,9221,59,4,402.24
27596,9221,58,2,558.64
27597,9221,130,3,778.31
27598,9221,15,3,715.52
27599,9222,54,1,119.66
27600,9222,93,3,-549.02
27601,9222,74,2,429.76
27602,9222,26,4,266.42
27603,9222,2,1,536.34
27604,9223,94,4,610.92
27605,9223,56,1,783.92
27606,9223,84,4,431.32
27607,9223,24,2,767.98
27608,9223,60,1,602.69
27609,9224,120,3,163.71
27610,9224,103,2,163.53
27611,9224,119,2,443.26
27612,9224,53,4,176.09
27613,9224,134,4,14.54
27614,9225,115,2,769.44
27615,9225,76,1,571.36
27616,9225,132,2,660.44
27617,9226,91,2,425.2
27618,9226,3,3,302.94
27619,9226,61,2,0.0
27620,9226,4,1,636.38
27621,9227,78,1,789.72
27622,9228,46,1,566.86
27623,9228,90,4,503.63
27624,9228,26,4,266.42
27625,9228,84,2,431.32
27626,9228,92,4,416.84
27627,9229,5,4,459.8
27628,9229,54,2,119.66
27629,9229,28,3,487.27
27630,9229,60,1,602.69
27631,9229,102,4,378.83
27632,9230,49,1,186.12
27633,9230,100,4,110.82
27634,9231,51,3,521.96
27635,9232,55,4,472.02
27636,9232,22,4,759.83
27637,9232,81,3,226.08
27638,9233,23,3,701.6
27639,9233,37,1,253.77
27640,9233,55,1,472.02
27641,9233,114,3,709.75
27642,9234,137,2,704.57
27643,9234,109,1,382.69
27644,9234,49,2,186.12
27645,9234,18,2,315.84
27646,9234,58,1,558.64
27647,9235,70,2,318.37
27648,9235,43,1,25.96
27649,9235,15,3,715.52
27650,9235,32,3,176.75
27651,9235,104,3,556.7
27652,9236,145,2,229.11
27653,9236,116,4,499.37
27654,9236,16,1,170.96
27655,9237,116,4,499.37
27656,9237,15,1,715.52
27657,9237,33,1,680.29
27658,9237,98,4,569.99
27659,9238,105,2,462.17
27660,9238,18,2,315.84
27661,9238,57,2,268.77
27662,9238,51,1,521.96
27663,9238,103,1,117.82
27664,9239,69,1,678.97
27665,9239,14,1,754.03
27666,9239,82,3,558.31
27667,9239,147,1,630.5
27668,9240,25,4,50.04
27669,9241,121,2,643.49
27670,9241,39,1,467.56
27671,9242,139,2,322.53
27672,9242,120,1,163.71
27673,9242,77,2,0.0
27674,9243,92,4,416.84
27675,9243,9,2,185.56
27676,9244,71,2,326.37
27677,9245,72,2,248.19
27678,9245,84,3,431.32
27679,9245,123,3,717.17
27680,9245,108,2,596.14
27681,9246,73,2,757.68
27682,9247,41,3,574.12
27683,9248,80,3,752.51
27684,9248,103,4,163.53
27685,9248,111,2,781.01
27686,9249,72,1,248.19
27687,9249,73,3,757.68
27688,9249,80,4,752.51
27689,9250,52,1,457.95
27690,9250,128,1,383.45
27691,9250,4,2,636.38
27692,9250,118,1,361.9
27693,9251,33,2,680.29
27694,9251,124,1,127.43
27695,9251,41,1,574.12
27696,9252,144,4,507.04
27697,9252,31,3,682.52
27698,9252,93,2,-549.02
27699,9252,134,2,14.54
27700,9252,130,1,778.31
27701,9253,119,1,443.26
27702,9253,3,1,302.94
27703,9253,149,1,254.2
27704,9253,16,3,170.96
27705,9253,62,4,302.99
27706,9254,34,4,369.27
27707,9255,67,4,755.48
27708,9256,90,4,503.63
27709,9256,46,3,566.86
27710,9256,147,1,630.5
27711,9257,24,4,767.98
27712,9257,128,2,383.45
27713,9257,68,2,636.26
27714,9258,145,2,229.11
27715,9258,69,2,678.97
27716,9259,96,4,385.9
27717,9259,137,2,704.57
27718,9259,73,3,757.68
27719,9259,49,1,186.12
27720,9260,117,1,723.89
27721,9260,4,2,636.38
27722,9260,149,2,254.2
27723,9261,75,2,421.56
27724,9261,11,1,117.66
27725,9261,50,3,370.89
27726,9262,16,1,170.96
27727,9262,20,1,511.22
27728,9262,13,1,302.7
27729,9263,68,4,636.26
27730,9263,9,2,185.56
27731,9263,131,4,318.76
27732,9264,18,2,315.84
27733,9264,79,4,366.68
27734,9265,15,4,715.52
27735,9265,88,2,581.3
27736,9265,47,2,434.59
27737,9265,11,4,117.66
27738,9266,77,4,0.0
27739,9266,101,1,720.77
27740,9266,88,3,581.3
27741,9266,104,2,556.7
27742,9267,111,3,781.01
27743,9267,6,4,498.94
27744,9268,53,2,176.09
27745,9268,139,1,322.53
27746,9268,104,3,556.7
27747,9269,19,1,582.15
27748,9269,89,2,164.51
27749,9269,57,4,268.77
27750,9269,105,1,462.17
27751,9269,5,3,459.8
27752,9270,10,3,364.78
27753,9270,78,3,789.72
27754,9271,132,1,660.44
27755,9271,66,1,484.78
27756,9271,148,2,777.04
27757,9272,44,1,14.87
27758,9273,85,3,446.02
27759,9273,128,4,383.45
27760,9273,112,2,306.6
27761,9274,106,4,256.39
27762,9274,12,4,452.49
27763,9274,112,1,306.6
27764,9274,11,4,117.66
27765,9274,68,4,636.26
27766,9275,33,1,680.29
27767,9275,146,2,19.08
27768,9276,49,4,186.12
27769,9276,97,3,799.31
27770,9276,85,3,446.02
27771,9277,122,4,444.14
27772,9277,63,3,82.09
27773,9277,96,2,385.9
27774,9277,9,2,185.56
27775,9278,95,3,550.05
27776,9278,42,3,458.23
27777,9279,43,2,35.15
27778,9279,56,2,783.92
27779,9279,145,2,229.11
27780,9279,21,1,658.67
27781,9279,104,4,556.7
27782,9280,36,4,495.03
27783,9280,91,3,425.2
27784,9281,77,1,0.0
27785,9281,134,3,14.54
27786,9281,76,2,571.36
27787,9282,62,1,302.99
27788,9282,15,2,715.52
27789,9282,38,1,272.91
27790,9283,116,1,499.37
27791,9283,23,2,701.6
27792,9284,62,1,302.99
27793,9284,149,4,254.2
27794,9284,14,4,754.03
27795,9284,10,4,364.78
27796,9285,122,4,444.14
27797,9285,80,4,752.51
27798,9285,124,3,127.43
27799,9285,94,1,610.92
27800,9285,13,3,302.7
27801,9286,27,4,470.69
27802,9286,59,1,402.24
27803,9287,96,3,385.9
27804,9287,99,3,707.47
27805,9288,102,1,378.83
27806,9288,97,2,799.31
27807,9289,141,3,664.67
27808,9289,35,1,593.85
27809,9289,95,1,550.05
27810,9290,121,2,643.49
27811,9291,119,2,443.26
27812,9291,82,1,558.31
27813,9291,66,3,484.78
27814,9291,17,2,658.83
27815,9292,88,4,581.3
27816,9292,99,1,707.47
27817,9292,71,1,326.37
27818,9292,70,3,318.37
27819,9293,22,3,759.83
27820,9293,57,3,268.77
27821,9293,30,4,466.19
27822,9294,22,3,759.83
27823,9294,126,3,101.97
27824,9294,117,1,723.89
27825,9294,79,4,499.3
27826,9295,55,4,472.02
27827,9295,77,4,0.0
27828,9295,127,4,349.21
27829,9295,17,4,658.83
27830,9295,19,3,582.15
27831,9296,52,4,457.95
27832,9296,70,2,318.37
27833,9297,92,3,416.84
27834,9298,72,4,248.19
27835,9298,58,2,558.64
27836,9298,65,4,748.34
27837,9299,42,3,458.23
27838,9299,91,1,425.2
27839,9299,114,4,709.75
27840,9300,8,4,611.79
27841,9300,116,4,499.37
27842,9300,80,1,752.51
27843,9300,65,1,748.34
27844,9300,39,2,467.56
27845,9301,27,1,470.69
27846,9301,135,4,457.51
27847,9301,106,4,256.39
27848,9301,145,3,229.11
27849,9302,84,2,431.32
27850,9303,141,3,664.67
27851,9303,69,1,678.97
27852,9304,108,1,596.14
27853,9304,6,4,498.94
27854,9305,79,3,499.3
27855,9305,149,3,254.2
27856,9305,74,1,429.76
27857,9305,124,1,143.79
27858,9306,69,4,678.97
27859,9306,34,3,369.27
27860,9307,36,2,495.03
27861,9308,99,1,707.47
27862,9308,24,2,767.98
27863,9308,31,1,682.52
27864,9308,119,1,443.26
27865,9308,94,4,610.92
27866,9309,33,4,680.29
27867,9309,77,3,0.0
27868,9310,87,4,353.29
27869,9310,99,1,707.47
27870,9310,123,1,717.17
27871,9311,141,1,664.67
27872,9311,130,4,778.31
27873,9311,43,1,25.96
27874,9312,28,4,487.27
27875,9313,43,4,25.96
27876,9313,127,1,349.21
27877,9314,91,4,425.2
27878,9314,107,4,22.07
27879,9314,46,1,566.86
27880,9314,93,4,-549.02
27881,9315,107,1,22.07
27882,9315,108,4,596.14
27883,9315,10,1,364.78
27884,9315,72,3,248.19
27885,9316,13,1,302.7
27886,9316,121,1,643.49
27887,9316,52,2,457.95
27888,9317,47,1,434.59
27889,9317,43,4,25.96
27890,9317,114,2,709.75
27891,9317,57,4,268.77
27892,9318,53,2,176.09
27893,9319,108,4,596.14
27894,9319,130,1,778.31
27895,9319,114,1,709.75
27896,9320,120,3,163.71
27897,9320,95,4,550.05
27898,9320,8,3,611.79
27899,9320,4,1,636.38
27900,9321,12,4,452.49
27901,9321,5,2,459.8
27902,9321,40,1,496.68
27903,9321,19,2,582.15
27904,9322,89,1,164.51
27905,9322,134,4,14.54
27906,9323,150,4,484.06
27907,9323,99,2,707.47
27908,9323,140,2,80.4
27909,9324,126,2,101.97
27910,9325,93,3,-549.02
27911,9326,88,4,581.3
27912,9327,109,1,382.69
27913,9327,63,4,82.09
27914,9328,53,3,176.09
27915,9329,116,3,499.37
27916,9329,149,1,254.2
27917,9329,125,2,80.39
27918,9329,34,4,369.27
27919,9329,118,3,361.9
27920,9330,137,3,704.57
27921,9330,65,4,748.34
27922,9331,101,2,720.77
27923,9331,126,1,101.97
27924,9331,61,2,0.0
27925,9331,97,2,799.31
27926,9332,119,2,443.26
27927,9332,24,3,767.98
27928,9332,14,2,754.03
27929,9332,78,1,789.72
27930,9332,1,3,229.43
27931,9333,115,2,769.44
27932,9334,142,2,758.12
27933,9334,107,1,22.07
27934,9334,94,2,610.92
27935,9334,87,3,353.29
27936,9334,101,4,720.77
27937,9335,83,1,57.87
27938,9335,38,2,272.91
27939,9335,50,3,370.89
27940,9336,33,1,680.29
27941,9336,143,2,488.21
27942,9336,141,2,664.67
27943,9337,105,2,462.17
27944,9338,116,4,499.37
27945,9338,30,1,466.19
27946,9338,33,2,680.29
27947,9339,131,3,318.76
27948,9339,117,2,723.89
27949,9339,32,2,176.75
27950,9339,84,3,431.32
27951,9340,96,2,385.9
27952,9340,79,1,499.3
27953,9340,90,2,503.63
27954,9341,105,4,462.17
27955,9341,47,1,434.59
27956,9342,19,4,582.15
27957,9342,134,1,14.54
27958,9342,59,2,402.24
27959,9342,95,1,550.05
27960,9342,84,1,431.32
27961,9343,140,3,80.4
27962,9344,40,3,496.68
27963,9344,74,4,429.76
27964,9345,39,3,467.56
27965,9345,113,2,149.56
27966,9345,57,2,268.77
27967,9345,130,3,778.31
27968,9345,126,1,101.97
27969,9346,27,4,470.69
27970,9346,22,3,759.83
27971,9347,18,4,315.84
27972,9347,122,2,444.14
27973,9347,125,3,60.95
27974,9347,114,2,709.75
27975,9348,109,4,382.69
27976,9349,92,4,416.84
27977,9349,10,2,364.78
27978,9349,19,3,582.15
27979,9349,133,1,53.99
27980,9349,60,1,602.69
27981,9350,142,2,758.12
27982,9351,31,4,682.52
27983,9351,149,3,254.2
27984,9352,135,1,457.51
27985,9352,46,4,566.86
27986,9352,87,1,353.29
27987,9353,52,4,457.95
27988,9353,13,1,302.7
27989,9353,130,3,778.31
27990,9354,85,1,446.02
27991,9354,137,1,704.57
27992,9354,88,2,581.3
27993,9354,118,1,361.9
27994,9354,74,4,429.76
27995,9355,11,1,117.66
27996,9355,14,2,754.03
27997,9355,24,1,767.98
27998,9355,67,4,755.48
27999,9355,81,3,226.08
28000,9356,1,2,229.43
28001,9357,76,2,571.36
28002,9357,52,3,457.95
28003,9358,33,2,680.29
28004,9359,112,1,306.6
28005,9359,90,2,503.63
28006,9359,8,2,611.79
28007,9359,142,4,758.12
28008,9359,65,2,748.34
28009,9360,14,4,754.03
28010,9360,98,2,569.99
28011,9360,23,4,701.6
28012,9361,3,3,302.94
28013,9361,5,2,459.8
28014,9361,81,2,226.08
28015,9362,16,1,170.96
28016,9362,131,3,318.76
28017,9362,28,2,487.27
28018,9362,2,1,536.34
28019,9363,46,4,566.86
28020,9363,120,3,163.71
28021,9363,27,2,470.69
28022,9363,105,2,462.17
28023,9363,34,2,369.27
28024,9364,96,4,385.9
28025,9364,111,2,781.01
28026,9365,88,1,581.3
28027,9365,130,2,778.31
28028,9366,118,1,361.9
28029,9366,137,3,704.57
28030,9366,24,3,767.98
28031,9366,105,1,462.17
28032,9367,38,2,272.91
28033,9368,122,2,444.14
28034,9368,103,3,163.53
28035,9369,65,2,748.34
28036,9369,118,3,361.9
28037,9370,15,3,715.52
28038,9370,94,4,610.92
28039,9370,127,1,349.21
28040,9370,86,1,38.95
28041,9371,50,2,370.89
28042,9372,51,4,521.96
28043,9373,98,1,569.99
28044,9373,67,1,755.48
28045,9374,149,3,254.2
28046,9374,113,1,149.56
28047,9374,33,4,680.29
28048,9374,3,3,302.94
28049,9375,102,1,378.83
28050,9375,42,2,458.23
28051,9375,66,3,484.78
28052,9375,9,3,185.56
28053,9376,133,4,33.35
28054,9377,138,3,126.38
28055,9377,68,2,636.26
28056,9377,58,2,558.64
28057,9377,95,3,550.05
28058,9378,114,1,709.75
28059,9378,103,2,163.53
28060,9379,38,1,272.91
28061,9379,104,1,556.7
28062,9379,115,3,769.44
28063,9379,98,4,569.99
28064,9379,108,4,596.14
28065,9380,85,3,461.39
28066,9380,82,3,558.31
28067,9380,120,3,163.71
28068,9380,131,4,318.76
28069,9380,136,4,254.21
28070,9381,65,1,976.08
28071,9381,30,3,466.19
28072,9381,129,3,356.8
28073,9382,18,1,315.84
28074,9383,53,2,176.09
28075,9383,113,4,149.56
28076,9383,72,4,248.19
28077,9383,87,3,353.29
28078,9383,65,4,748.34
28079,9384,74,1,429.76
28080,9384,52,3,457.95
28081,9384,33,3,680.29
28082,9385,69,1,678.97
28083,9386,128,3,383.45
28084,9386,116,4,499.37
28085,9387,42,3,458.23
28086,9387,17,4,658.83
28087,9387,47,4,434.59
28088,9388,6,4,498.94
28089,9388,37,3,253.77
28090,9388,47,4,434.59
28091,9388,79,1,499.3
28092,9389,74,4,429.76
28093,9389,135,1,457.51
28094,9389,69,4,678.97
28095,9390,34,4,369.27
28096,9390,41,3,574.12
28097,9391,78,1,789.72
28098,9391,18,4,315.84
28099,9391,53,4,176.09
28100,9392,66,3,484.78
28101,9392,131,1,318.76
28102,9393,131,1,318.76
28103,9394,70,1,318.37
28104,9394,41,4,574.12
28105,9395,127,4,349.21
28106,9395,69,3,678.97
28107,9395,123,2,717.17
28108,9396,40,2,496.68
28109,9397,29,2,474.32
28110,9397,64,3,123.33
28111,9397,110,4,257.61
28112,9397,49,4,186.12
28113,9398,20,1,511.22
28114,9398,89,1,164.51
28115,9398,76,3,571.36
28116,9399,20,1,595.9
28117,9399,128,1,383.45
28118,9399,121,3,643.49
28119,9400,117,4,723.89
28120,9400,107,1,22.07
28121,9400,67,3,755.48
28122,9400,79,3,499.3
28123,9401,71,1,326.37
28124,9401,86,3,35.23
28125,9401,57,3,268.77
28126,9402,99,2,707.47
28127,9402,41,2,574.12
28128,9402,102,3,378.83
28129,9402,49,1,186.12
28130,9403,97,2,799.31
28131,9403,24,2,767.98
28132,9404,61,4,0.0
28133,9404,19,4,582.15
28134,9404,50,3,370.89
28135,9404,14,1,754.03
28136,9405,147,3,630.5
28137,9406,27,4,470.69
28138,9406,60,3,602.69
28139,9406,140,4,80.4
28140,9406,105,1,462.17
28141,9406,39,1,467.56
28142,9407,58,4,558.64
28143,9407,132,2,660.44
28144,9408,19,3,752.22
28145,9408,29,2,474.32
28146,9408,127,1,349.21
28147,9408,72,2,248.19
28148,9408,110,1,335.07
28149,9409,123,1,717.17
28150,9410,68,1,636.26
28151,9410,34,2,369.27
28152,9411,63,3,82.09
28153,9411,148,4,777.04
28154,9411,6,2,498.94
28155,9412,116,3,499.37
28156,9412,27,4,470.69
28157,9412,67,1,755.48
28158,9412,34,2,369.27
28159,9412,126,2,101.97
28160,9413,2,2,536.34
28161,9413,27,2,470.69
28162,9413,122,3,444.14
28163,9413,113,4,149.56
28164,9414,73,4,757.68
28165,9415,38,2,272.91
28166,9415,149,2,254.2
28167,9415,127,3,349.21
28168,9415,48,3,107.37
28169,9415,50,2,370.89
28170,9416,125,3,60.95
28171,9416,37,1,253.77
28172,9416,123,1,717.17
28173,9417,68,3,636.26
28174,9417,98,4,569.99
28175,9417,2,3,536.34
28176,9417,94,3,610.92
28177,9418,114,1,709.75
28178,9418,113,1,149.56
28179,9419,75,4,421.56
28180,9419,135,1,457.51
28181,9419,20,4,511.22
28182,9419,147,1,630.5
28183,9419,64,3,123.33
28184,9420,13,1,302.7
28185,9420,70,1,318.37
28186,9420,20,4,511.22
28187,9420,1,3,229.43
28188,9420,23,1,701.6
28189,9421,67,1,755.48
28190,9421,84,2,431.32
28191,9422,56,1,783.92
28192,9423,77,3,0.0
28193,9424,136,2,254.21
28194,9424,82,1,558.31
28195,9424,20,1,511.22
28196,9424,4,2,636.38
28197,9425,114,2,709.75
28198,9425,17,2,658.83
28199,9426,122,3,444.14
28200,9427,8,3,611.79
28201,9427,124,2,127.43
28202,9427,67,3,755.48
28203,9428,69,2,678.97
28204,9429,146,4,19.08
28205,9429,137,1,704.57
28206,9429,73,2,757.68
28207,9429,15,1,715.52
28208,9429,70,1,318.37
28209,9430,114,4,709.75
28210,9430,66,2,484.78
28211,9430,85,3,446.02
28212,9430,134,2,14.54
28213,9430,79,4,499.3
28214,9431,102,4,378.83
28215,9431,26,2,266.42
28216,9432,29,4,474.32
28217,9432,14,2,754.03
28218,9432,70,4,318.37
28219,9432,112,1,306.6
28220,9432,68,4,636.26
28221,9433,116,2,499.37
28222,9433,128,3,383.45
28223,9433,113,4,149.56
28224,9434,12,2,452.49
28225,9434,100,1,110.82
28226,9434,67,3,755.48
28227,9435,134,4,14.54
28228,9435,58,1,558.64
28229,9435,117,4,723.89
28230,9435,68,2,636.26
28231,9435,145,3,229.11
28232,9436,93,4,-549.02
28233,9436,129,1,246.76
28234,9437,97,3,799.31
28235,9437,116,4,499.37
28236,9437,137,2,704.57
28237,9437,67,2,755.48
28238,9437,26,2,266.42
28239,9438,150,4,484.06
28240,9439,61,3,0.0
28241,9439,108,3,596.14
28242,9439,62,3,302.99
28243,9439,68,3,636.26
28244,9439,26,3,266.42
28245,9440,121,2,643.49
28246,9440,66,3,484.78
28247,9440,70,1,318.37
28248,9440,53,3,176.09
28249,9440,118,4,361.9
28250,9441,20,3,511.22
28251,9442,19,3,582.15
28252,9442,93,4,-549.02
28253,9442,145,2,197.57
28254,9442,17,2,658.83
28255,9443,116,1,499.37
28256,9443,14,4,754.03
28257,9443,112,3,306.6
28258,9444,56,3,783.92
28259,9444,53,2,176.09
28260,9444,13,4,302.7
28261,9444,130,1,778.31
28262,9444,46,1,566.86
28263,9445,138,2,126.38
28264,9445,90,3,503.63
28265,9446,35,4,593.85
28266,9446,48,2,107.37
28267,9446,67,3,755.48
28268,9446,53,4,176.09
28269,9447,86,2,35.23
28270,9447,119,1,443.26
28271,9447,44,4,14.87
28272,9447,17,3,658.83
28273,9448,120,3,163.71
28274,9448,53,3,176.09
28275,9449,18,4,315.84
28276,9450,133,3,53.99
28277,9450,81,4,159.59
28278,9450,33,1,680.29
28279,9450,150,3,484.06
28280,9451,122,2,444.14
28281,9451,12,4,452.49
28282,9451,58,3,558.64
28283,9452,127,4,349.21
28284,9453,39,1,467.56
28285,9453,83,4,57.87
28286,9454,103,3,163.53
28287,9454,101,4,720.77
28288,9454,96,1,385.9
28289,9454,134,2,14.54
28290,9454,52,2,457.95
28291,9455,142,4,758.12
28292,9456,104,2,705.18
28293,9456,13,1,302.7
28294,9456,27,2,470.69
28295,9457,17,2,658.83
28296,9457,122,4,444.14
28297,9457,50,2,370.89
28298,9457,87,1,353.29
28299,9457,47,4,434.59
28300,9458,85,2,446.02
28301,9458,3,4,302.94
28302,9458,68,4,636.26
28303,9458,26,1,266.42
28304,9459,145,1,229.11
28305,9460,59,2,402.24
28306,9460,123,3,717.17
28307,9460,145,3,229.11
28308,9460,1,1,229.43
28309,9461,51,1,521.96
28310,9461,21,4,658.67
28311,9461,30,1,466.19
28312,9461,140,3,80.4
28313,9462,131,1,318.76
28314,9463,143,3,488.21
28315,9463,65,1,748.34
28316,9463,69,3,678.97
28317,9463,136,2,254.21
28318,9463,12,2,452.49
28319,9464,24,1,767.98
28320,9464,63,3,82.09
28321,9464,42,3,458.23
28322,9464,149,4,254.2
28323,9465,71,2,326.37
28324,9465,97,2,799.31
28325,9466,82,4,558.31
28326,9466,140,4,80.4
28327,9466,96,1,385.9
28328,9466,72,1,248.19
28329,9467,94,3,610.92
28330,9467,61,3,0.0
28331,9467,73,3,757.68
28332,9467,123,1,717.17
28333,9467,43,4,30.05
28334,9468,48,2,107.37
28335,9468,114,3,709.75
28336,9468,106,3,256.39
28337,9469,67,3,755.48
28338,9469,63,3,82.09
28339,9469,56,1,783.92
28340,9469,113,1,149.56
28341,9470,93,2,-549.02
28342,9470,82,4,558.31
28343,9470,79,4,499.3
28344,9470,96,4,385.9
28345,9470,44,1,14.87
28346,9471,140,3,80.4
28347,9472,94,2,610.92
28348,9472,64,1,123.33
28349,9473,27,2,470.69
28350,9473,148,4,777.04
28351,9473,56,2,783.92
28352,9473,35,1,593.85
28353,9473,99,3,707.47
28354,9474,145,2,229.11
28355,9475,132,4,660.44
28356,9475,144,2,507.04
28357,9475,15,2,715.52
28358,9475,67,2,755.48
28359,9476,125,2,60.95
28360,9477,121,2,643.49
28361,9477,116,2,499.37
28362,9478,6,3,498.94
28363,9478,45,4,157.83
28364,9478,121,2,643.49
28365,9478,126,4,101.97
28366,9479,82,4,558.31
28367,9479,144,4,507.04
28368,9479,17,4,658.83
28369,9479,114,3,709.75
28370,9480,122,2,444.14
28371,9480,51,2,521.96
28372,9481,3,4,302.94
28373,9481,2,4,536.34
28374,9481,21,2,658.67
28375,9481,114,2,709.75
28376,9481,23,3,701.6
28377,9482,99,4,707.47
28378,9482,85,4,446.02
28379,9482,45,3,157.83
28380,9482,125,2,60.95
28381,9482,26,3,266.42
28382,9483,86,1,35.23
28383,9483,29,1,474.32
28384,9483,91,4,425.2
28385,9483,70,4,318.37
28386,9483,108,4,596.14
28387,9484,87,1,353.29
28388,9485,127,3,349.21
28389,9486,85,4,446.02
28390,9486,53,3,176.09
28391,9486,51,1,521.96
28392,9486,41,4,574.12
28393,9487,48,4,107.37
28394,9487,87,3,353.29
28395,9487,43,3,25.96
28396,9487,147,3,630.5
28397,9487,47,4,434.59
28398,9488,13,3,302.7
28399,9488,9,2,185.56
28400,9488,1,4,229.43
28401,9488,55,2,472.02
28402,9489,97,1,799.31
28403,9489,133,4,53.99
28404,9489,63,4,82.09
28405,9489,46,2,566.86
28406,9490,121,2,643.49
28407,9490,69,2,678.97
28408,9491,149,4,254.2
28409,9491,125,1,60.95
28410,9491,28,4,487.27
28411,9491,61,1,0.0
28412,9491,115,2,769.44
28413,9492,150,2,484.06
28414,9492,92,4,416.84
28415,9492,60,1,602.69
28416,9492,70,4,318.37
28417,9492,83,1,57.87
28418,9493,45,4,157.83
28419,9493,57,2,268.77
28420,9493,19,2,582.15
28421,9493,148,4,777.04
28422,9494,113,1,149.56
28423,9494,69,3,678.97
28424,9494,145,3,229.11
28425,9495,73,2,757.68
28426,9496,100,4,110.82
28427,9496,37,3,253.77
28428,9496,19,4,582.15
28429,9496,56,1,783.92
28430,9497,42,4,458.23
28431,9497,82,4,558.31
28432,9497,43,4,25.96
28433,9497,21,2,658.67
28434,9498,10,1,364.78
28435,9499,131,1,318.76
28436,9499,74,1,429.76
28437,9499,89,2,164.51
28438,9499,148,4,777.04
28439,9500,125,4,60.95
28440,9500,103,4,163.53
28441,9500,66,1,484.78
28442,9500,120,4,163.71
28443,9501,80,4,752.51
28444,9501,82,1,558.31
28445,9501,8,4,611.79
28446,9502,136,4,254.21
28447,9503,16,2,170.96
28448,9503,63,3,82.09
28449,9503,140,2,80.4
28450,9504,50,1,370.89
28451,9504,80,1,752.51
28452,9504,53,3,176.09
28453,9504,130,2,778.31
28454,9505,73,2,757.68
28455,9505,20,3,511.22
28456,9505,33,2,680.29
28457,9505,5,4,459.8
28458,9505,35,1,593.85
28459,9506,142,1,758.12
28460,9506,148,4,777.04
28461,9506,77,1,0.0
28462,9506,2,3,536.34
28463,9506,139,4,322.53
28464,9507,131,1,318.76
28465,9507,11,1,117.66
28466,9507,77,1,0.0
28467,9507,95,2,550.05
28468,9508,43,4,21.38
28469,9508,31,4,682.52
28470,9508,32,3,176.75
28471,9508,141,1,664.67
28472,9509,26,1,266.42
28473,9509,129,2,356.8
28474,9510,43,2,25.96
28475,9510,35,1,593.85
28476,9510,122,1,444.14
28477,9510,59,1,402.24
28478,9511,109,1,382.69
28479,9512,53,4,176.09
28480,9512,42,4,458.23
28481,9513,84,3,431.32
28482,9513,28,3,487.27
28483,9513,126,1,101.97
28484,9513,74,2,292.2
28485,9513,134,4,14.54
28486,9514,95,1,713.12
28487,9514,9,4,185.56
28488,9514,6,3,498.94
28489,9515,74,3,429.76
28490,9516,134,4,14.54
28491,9517,108,2,596.14
28492,9517,55,1,472.02
28493,9517,90,3,503.63
28494,9518,55,2,472.02
28495,9519,127,2,349.21
28496,9519,27,1,470.69
28497,9519,6,1,498.94
28498,9519,104,2,556.7
28499,9519,97,3,799.31
28500,9520,127,2,349.21
28501,9521,4,1,636.38
28502,9521,22,4,759.83
28503,9521,90,3,503.63
28504,9521,17,4,658.83
28505,9522,75,1,421.56
28506,9522,32,1,176.75
28507,9522,40,3,496.68
28508,9522,70,3,318.37
28509,9522,35,1,593.85
28510,9523,33,1,680.29
28511,9524,145,3,229.11
28512,9524,81,3,226.08
28513,9525,15,3,715.52
28514,9525,1,1,229.43
28515,9525,2,4,536.34
28516,9525,85,2,446.02
28517,9526,142,1,758.12
28518,9527,142,4,758.12
28519,9527,128,2,383.45
28520,9527,57,3,268.77
28521,9527,5,2,459.8
28522,9527,114,3,913.57
28523,9528,112,1,306.6
28524,9528,68,4,636.26
28525,9529,61,4,0.0
28526,9529,135,2,457.51
28527,9529,92,4,416.84
28528,9529,2,1,536.34
28529,9530,1,2,229.43
28530,9530,56,4,783.92
28531,9530,17,4,658.83
28532,9531,124,4,127.43
28533,9531,23,4,701.6
28534,9531,78,1,789.72
28535,9531,17,4,658.83
28536,9531,70,4,318.37
28537,9532,48,3,107.37
28538,9532,127,1,349.21
28539,9533,2,3,536.34
28540,9533,134,4,14.54
28541,9533,102,4,378.83
28542,9534,10,4,364.78
28543,9534,110,3,335.07
28544,9534,119,4,443.26
28545,9535,146,3,19.08
28546,9535,74,2,429.76
28547,9535,11,4,117.66
28548,9535,40,1,496.68
28549,9536,27,1,470.69
28550,9536,61,2,0.0
28551,9537,113,1,149.56
28552,9537,84,4,431.32
28553,9537,82,3,558.31
28554,9537,48,3,107.37
28555,9537,18,1,369.91
28556,9538,142,2,758.12
28557,9538,85,4,446.02
28558,9538,126,4,101.97
28559,9538,90,1,503.63
28560,9538,73,3,757.68
28561,9539,90,3,503.63
28562,9539,72,2,248.19
28563,9539,86,3,35.23
28564,9539,42,1,458.23
28565,9539,38,4,272.91
28566,9540,81,3,226.08
28567,9540,117,3,723.89
28568,9540,30,4,466.19
28569,9541,86,1,35.23
28570,9541,71,2,326.37
28571,9542,133,2,53.99
28572,9543,22,1,759.83
28573,9543,70,3,318.37
28574,9544,124,4,127.43
28575,9544,106,4,256.39
28576,9544,27,4,470.69
28577,9544,109,1,382.69
28578,9545,98,4,569.99
28579,9545,63,4,82.09
28580,9545,135,3,457.51
28581,9545,1,1,229.43
28582,9546,1,4,229.43
28583,9546,47,1,434.59
28584,9546,33,2,680.29
28585,9546,81,2,226.08
28586,9547,118,3,361.9
28587,9547,99,1,707.47
28588,9548,56,1,783.92
28589,9548,87,1,353.29
28590,9548,85,2,446.02
28591,9548,59,3,402.24
28592,9549,99,4,707.47
28593,9549,113,2,149.56
28594,9549,14,2,754.03
28595,9549,3,1,302.94
28596,9549,66,3,484.78
28597,9550,15,3,715.52
28598,9550,22,2,759.83
28599,9550,95,3,550.05
28600,9550,24,4,767.98
28601,9550,115,4,769.44
28602,9551,18,1,315.84
28603,9551,59,2,402.24
28604,9552,140,4,80.4
28605,9552,85,2,446.02
28606,9553,29,4,474.32
28607,9554,102,3,378.83
28608,9554,146,1,19.08
28609,9554,103,2,163.53
28610,9554,107,1,22.07
28611,9554,62,3,302.99
28612,9555,121,1,643.49
28613,9555,65,3,748.34
28614,9555,69,4,678.97
28615,9555,128,2,383.45
28616,9555,42,4,458.23
28617,9556,99,2,707.47
28618,9557,17,1,658.83
28619,9557,7,1,797.36
28620,9557,105,2,462.17
28621,9557,117,2,723.89
28622,9558,51,1,521.96
28623,9558,23,2,701.6
28624,9558,38,1,272.91
28625,9558,119,3,443.26
28626,9558,39,3,467.56
28627,9559,87,4,490.9
28628,9559,55,1,472.02
28629,9559,73,2,757.68
28630,9560,22,3,759.83
28631,9560,40,2,496.68
28632,9560,65,2,748.34
28633,9560,52,2,457.95
28634,9560,86,4,35.23
28635,9561,92,3,416.84
28636,9561,39,3,467.56
28637,9561,114,1,709.75
28638,9561,104,1,556.7
28639,9561,98,4,569.99
28640,9562,85,4,446.02
28641,9562,1,2,229.43
28642,9562,72,3,248.19
28643,9563,121,3,643.49
28644,9563,56,2,783.92
28645,9563,137,2,704.57
28646,9563,140,4,80.4
28647,9563,100,2,110.82
28648,9564,121,2,643.49
28649,9564,51,2,521.96
28650,9564,14,3,754.03
28651,9565,81,3,226.08
28652,9565,52,2,457.95
28653,9566,31,4,682.52
28654,9566,36,4,495.03
28655,9566,74,1,429.76
28656,9566,122,4,444.14
28657,9567,9,1,185.56
28658,9567,103,2,163.53
28659,9568,56,4,783.92
28660,9568,117,4,723.89
28661,9568,46,3,566.86
28662,9568,150,4,484.06
28663,9569,73,4,757.68
28664,9570,46,2,566.86
28665,9570,129,4,310.33
28666,9571,117,3,723.89
28667,9571,76,1,571.36
28668,9571,45,3,157.83
28669,9572,138,1,126.38
28670,9572,140,3,80.4
28671,9572,29,2,474.32
28672,9572,49,4,186.12
28673,9572,99,4,707.47
28674,9573,120,3,163.71
28675,9573,70,4,318.37
28676,9573,141,1,664.67
28677,9574,13,3,302.7
28678,9574,138,4,126.38
28679,9574,51,1,521.96
28680,9574,50,3,370.89
28681,9574,63,3,82.09
28682,9575,72,3,267.71
28683,9575,84,3,431.32
28684,9575,123,1,717.17
28685,9575,119,3,443.26
28686,9575,44,3,14.87
28687,9576,32,4,176.75
28688,9576,133,3,53.99
28689,9577,70,2,318.37
28690,9577,125,4,60.95
28691,9578,68,3,636.26
28692,9579,17,2,658.83
28693,9579,48,1,107.37
28694,9579,108,2,596.14
28695,9579,37,2,304.79
28696,9579,14,4,754.03
28697,9580,26,3,266.42
28698,9580,150,4,484.06
28699,9580,19,2,582.15
28700,9580,35,4,593.85
28701,9580,54,4,119.66
28702,9581,73,1,757.68
28703,9581,5,3,459.8
28704,9582,52,1,457.95
28705,9582,139,4,322.53
28706,9582,10,3,364.78
28707,9582,111,3,781.01
28708,9582,23,2,701.6
28709,9583,40,2,496.68
28710,9583,139,1,322.53
28711,9583,70,4,318.37
28712,9583,93,2,-549.02
28713,9584,2,2,536.34
28714,9584,58,4,558.64
28715,9585,41,4,574.12
28716,9585,11,4,117.66
28717,9585,136,4,254.21
28718,9585,144,3,507.04
28719,9585,149,1,254.2
28720,9586,74,4,429.76
28721,9586,8,3,611.79
28722,9587,130,2,778.31
28723,9587,139,3,322.53
28724,9588,9,2,185.56
28725,9589,94,1,610.92
28726,9590,49,3,186.12
28727,9590,68,1,636.26
28728,9591,74,3,429.76
28729,9591,116,2,499.37
28730,9591,112,3,306.6
28731,9591,26,3,266.42
28732,9592,128,3,383.45
28733,9592,12,1,452.49
28734,9592,93,1,-549.02
28735,9593,119,2,617.17
28736,9593,101,1,720.77
28737,9593,12,3,452.49
28738,9594,142,2,758.12
28739,9594,114,4,709.75
28740,9595,150,2,484.06
28741,9595,89,1,164.51
28742,9595,109,3,382.69
28743,9595,13,4,302.7
28744,9596,82,1,558.31
28745,9596,131,4,318.76
28746,9597,8,4,611.79
28747,9597,27,2,470.69
28748,9598,15,2,547.8
28749,9598,35,4,593.85
28750,9598,72,3,248.19
28751,9598,149,4,254.2
28752,9599,35,4,593.85
28753,9599,66,4,484.78
28754,9599,128,4,383.45
28755,9600,139,1,322.53
28756,9600,78,1,789.72
28757,9600,31,4,682.52
28758,9601,145,1,229.11
28759,9601,5,3,459.8
28760,9601,38,2,272.91
28761,9601,109,3,479.62
28762,9601,74,1,429.76
28763,9602,46,4,566.86
28764,9602,18,3,315.84
28765,9602,73,4,757.68
28766,9602,29,4,474.32
28767,9603,116,3,499.37
28768,9603,90,1,503.63
28769,9604,8,2,611.79
28770,9605,132,2,660.44
28771,9605,124,3,127.43
28772,9605,137,3,704.57
28773,9606,111,1,781.01
28774,9606,14,4,754.03
28775,9606,49,2,186.12
28776,9606,23,2,701.6
28777,9606,17,1,658.83
28778,9607,95,2,550.05
28779,9607,93,2,-549.02
28780,9607,10,3,364.78
28781,9608,21,1,658.67
28782,9609,108,1,596.14
28783,9609,75,3,421.56
28784,9610,103,1,163.53
28785,9610,90,3,543.85
28786,9611,94,2,610.92
28787,9612,141,2,664.67
28788,9612,5,4,459.8
28789,9612,74,4,429.76
28790,9612,80,3,752.51
28791,9612,149,2,254.2
28792,9613,130,2,778.31
28793,9613,103,3,163.53
28794,9613,20,1,511.22
28795,9613,64,4,123.33
28796,9614,65,3,748.34
28797,9614,85,3,446.02
28798,9614,94,2,610.92
28799,9615,40,1,496.68
28800,9615,45,2,157.83
28801,9616,97,4,799.31
28802,9617,103,3,163.53
28803,9617,40,1,496.68
28804,9617,9,3,185.56
28805,9617,7,3,797.36
28806,9618,122,1,444.14
28807,9618,50,2,370.89
28808,9619,26,3,266.42
28809,9620,25,1,50.04
28810,9620,124,3,127.43
28811,9621,120,4,163.71
28812,9621,138,3,126.38
28813,9622,105,4,462.17
28814,9622,106,2,256.39
28815,9622,145,1,229.11
28816,9622,101,2,720.77
28817,9623,81,2,226.08
28818,9623,78,1,789.72
28819,9624,36,4,495.03
28820,9625,132,3,660.44
28821,9625,25,2,50.04
28822,9625,71,3,326.37
28823,9625,48,4,107.37
28824,9625,139,3,322.53
28825,9626,8,4,611.79
28826,9626,40,2,496.68
28827,9627,69,1,678.97
28828,9627,67,3,755.48
28829,9627,66,2,484.78
28830,9628,33,3,680.29
28831,9628,32,3,176.75
28832,9628,149,1,254.2
28833,9628,4,4,636.38
28834,9628,109,2,382.69
28835,9629,80,3,752.51
28836,9630,117,3,723.89
28837,9630,45,4,157.83
28838,9630,42,1,458.23
28839,9631,96,3,385.9
28840,9631,89,4,164.51
28841,9631,107,3,22.07
28842,9631,73,1,757.68
28843,9632,75,1,421.56
28844,9632,65,4,748.34
28845,9632,135,2,457.51
28846,9632,27,3,470.69
28847,9633,79,2,499.3
28848,9633,36,2,495.03
28849,9633,69,4,678.97
28850,9633,6,4,498.94
28851,9634,19,3,582.15
28852,9634,41,3,574.12
28853,9634,118,3,361.9
28854,9634,11,4,117.66
28855,9635,139,2,322.53
28856,9635,127,4,349.21
28857,9636,94,4,610.92
28858,9636,128,1,383.45
28859,9636,119,2,474.4
28860,9636,139,1,322.53
28861,9637,144,2,507.04
28862,9637,19,4,582.15
28863,9637,74,2,429.76
28864,9637,147,3,630.5
28865,9637,138,3,126.38
28866,9638,128,2,383.45
28867,9639,49,4,186.12
28868,9639,36,1,495.03
28869,9639,76,2,571.36
28870,9639,149,2,254.2
28871,9639,90,3,503.63
28872,9640,127,2,349.21
28873,9640,21,2,658.67
28874,9640,57,1,268.77
28875,9640,27,1,470.69
28876,9640,90,4,614.49
28877,9641,23,4,701.6
28878,9641,53,2,176.09
28879,9641,71,4,326.37
28880,9641,106,2,256.39
28881,9642,88,1,581.3
28882,9642,124,3,127.43
28883,9642,11,2,117.66
28884,9643,27,3,470.69
28885,9643,91,2,425.2
28886,9643,44,4,14.87
28887,9644,44,1,14.87
28888,9644,115,1,769.44
28889,9644,67,4,755.48
28890,9644,26,2,266.42
28891,9644,97,4,799.31
28892,9645,36,4,495.03
28893,9646,116,4,499.37
28894,9647,39,4,467.56
28895,9648,78,3,789.72
28896,9648,63,4,82.09
28897,9648,102,2,378.83
28898,9648,25,4,50.04
28899,9649,23,1,701.6
28900,9649,98,4,569.99
28901,9649,26,4,266.42
28902,9649,131,3,318.76
28903,9650,115,4,769.44
28904,9651,71,1,326.37
28905,9651,80,3,752.51
28906,9651,46,4,566.86
28907,9651,67,3,755.48
28908,9651,62,4,302.99
28909,9652,128,1,383.45
28910,9653,15,3,715.52
28911,9654,103,3,163.53
28912,9655,65,2,748.34
28913,9655,92,4,416.84
28914,9655,97,3,799.31
28915,9656,15,3,715.52
28916,9656,26,3,266.42
28917,9656,6,4,498.94
28918,9656,41,2,574.12
28919,9656,142,2,758.12
28920,9657,46,3,566.86
28921,9657,4,1,636.38
28922,9657,139,4,322.53
28923,9657,31,4,682.52
28924,9658,9,2,185.56
28925,9658,26,2,266.42
28926,9658,73,1,757.68
28927,9658,80,4,752.51
28928,9658,65,2,748.34
28929,9659,36,4,495.03
28930,9659,64,4,123.33
28931,9659,13,2,302.7
28932,9659,58,3,558.64
28933,9659,118,2,361.9
28934,9660,138,1,126.38
28935,9660,85,1,446.02
28936,9660,87,2,353.29
28937,9660,141,3,664.67
28938,9661,7,2,797.36
28939,9661,82,2,558.31
28940,9661,139,2,322.53
28941,9661,55,1,472.02
28942,9662,46,4,566.86
28943,9663,40,2,496.68
28944,9663,110,1,335.07
28945,9664,44,2,14.87
28946,9664,127,1,349.21
28947,9664,128,1,488.73
28948,9664,87,2,353.29
28949,9665,101,3,720.77
28950,9665,121,3,643.49
28951,9665,105,4,462.17
28952,9665,73,3,757.68
28953,9666,67,4,755.48
28954,9666,52,3,457.95
28955,9667,40,4,496.68
28956,9667,103,4,163.53
28957,9667,24,3,767.98
28958,9668,3,3,302.94
28959,9669,74,3,429.76
28960,9669,149,3,254.2
28961,9670,32,4,176.75
28962,9670,105,3,462.17
28963,9671,78,2,789.72
28964,9671,126,4,101.97
28965,9671,143,3,488.21
28966,9671,23,2,701.6
28967,9672,22,4,759.83
28968,9672,101,3,991.59
28969,9672,90,1,503.63
28970,9672,63,3,82.09
28971,9673,61,1,0.0
28972,9673,37,2,253.77
28973,9673,100,1,110.82
28974,9673,14,3,754.03
28975,9674,71,2,326.37
28976,9674,144,4,507.04
28977,9675,67,1,755.48
28978,9675,126,4,101.97
28979,9675,55,4,472.02
28980,9675,38,1,272.91
28981,9675,89,1,164.51
28982,9676,12,2,452.49
28983,9676,79,3,499.3
28984,9676,34,4,369.27
28985,9676,64,4,123.33
28986,9676,116,2,499.37
28987,9677,28,4,487.27
28988,9678,53,3,176.09
28989,9678,33,3,680.29
28990,9678,136,1,254.21
28991,9678,8,4,430.63
28992,9679,71,3,326.37
28993,9679,138,2,126.38
28994,9679,33,4,680.29
28995,9679,126,2,101.97
28996,9679,74,4,429.76
28997,9680,38,1,272.91
28998,9681,36,2,495.03
28999,9681,139,2,322.53
29000,9682,7,2,797.36
29001,9682,39,2,467.56
29002,9682,62,1,302.99
29003,9682,69,1,678.97
29004,9683,51,1,521.96
29005,9683,90,3,503.63
29006,9684,87,3,353.29
29007,9684,108,2,596.14
29008,9684,128,4,383.45
29009,9684,145,2,229.11
29010,9685,29,2,474.32
29011,9685,105,1,462.17
29012,9685,87,2,353.29
29013,9686,58,3,558.64
29014,9686,31,2,682.52
29015,9686,65,4,748.34
29016,9687,88,2,581.3
29017,9687,61,2,0.0
29018,9687,116,1,499.37
29019,9688,122,4,444.14
29020,9688,96,2,385.9
29021,9688,105,2,462.17
29022,9688,87,1,353.29
29023,9689,50,1,370.89
29024,9689,117,4,723.89
29025,9690,111,4,781.01
29026,9690,104,2,556.7
29027,9690,3,2,302.94
29028,9690,129,1,356.8
29029,9691,66,4,444.79
29030,9692,8,4,611.79
29031,9692,142,1,758.12
29032,9692,139,2,322.53
29033,9693,18,2,315.84
29034,9694,4,4,636.38
29035,9694,66,2,484.78
29036,9694,139,2,322.53
29037,9694,83,2,57.87
29038,9695,123,2,717.17
29039,9695,22,2,759.83
29040,9696,3,2,302.94
29041,9696,70,4,318.37
29042,9696,88,1,581.3
29043,9696,61,2,0.0
29044,9696,117,1,723.89
29045,9697,111,4,781.01
29046,9697,114,1,709.75
29047,9697,65,2,748.34
29048,9697,16,3,170.96
29049,9697,148,3,777.04
29050,9698,83,2,57.87
29051,9698,28,3,487.27
29052,9698,80,4,752.51
29053,9698,62,2,302.99
29054,9699,92,3,416.84
29055,9699,61,2,0.0
29056,9700,29,4,474.32
29057,9701,6,1,498.94
29058,9702,14,3,754.03
29059,9703,91,2,425.2
29060,9704,32,2,176.75
29061,9704,143,4,488.21
29062,9704,145,1,229.11
29063,9704,128,3,383.45
29064,9704,89,3,164.51
29065,9705,114,2,709.75
29066,9705,40,3,496.68
29067,9705,146,4,19.08
29068,9705,27,3,470.69
29069,9705,45,3,157.83
29070,9706,57,3,268.77
29071,9707,16,3,170.96
29072,9708,90,2,503.63
29073,9708,46,1,566.86
29074,9708,41,1,574.12
29075,9708,21,1,658.67
29076,9709,75,3,421.56
29077,9709,36,1,495.03
29078,9709,70,1,318.37
29079,9709,130,2,778.31
29080,9709,115,3,769.44
29081,9710,104,1,556.7
29082,9710,141,3,664.67
29083,9710,70,3,318.37
29084,9710,107,1,22.07
29085,9711,44,1,14.87
29086,9712,148,1,777.04
29087,9712,1,1,229.43
29088,9712,50,3,370.89
29089,9712,55,4,472.02
29090,9713,70,2,318.37
29091,9713,10,3,364.78
29092,9713,144,4,507.04
29093,9713,149,3,254.2
29094,9714,39,1,467.56
29095,9714,71,2,326.37
29096,9714,25,3,50.04
29097,9715,119,1,443.26
29098,9716,136,3,254.21
29099,9717,138,3,126.38
29100,9717,134,1,14.54
29101,9717,31,2,682.52
29102,9717,81,3,226.08
29103,9718,83,1,69.93
29104,9719,51,2,521.96
29105,9719,93,2,-549.02
29106,9719,135,3,457.51
29107,9719,140,1,80.4
29108,9719,14,1,754.03
29109,9720,68,3,636.26
29110,9721,43,1,25.96
29111,9721,60,2,602.69
29112,9721,117,1,723.89
29113,9722,114,3,709.75
29114,9722,105,2,462.17
29115,9723,99,1,707.47
29116,9723,101,3,720.77
29117,9723,106,4,256.39
29118,9724,71,3,439.01
29119,9724,110,1,335.07
29120,9724,36,4,495.03
29121,9724,112,4,306.6
29122,9725,128,2,383.45
29123,9726,124,3,127.43
29124,9726,108,4,596.14
29125,9726,137,1,704.57
29126,9726,141,3,664.67
29127,9726,123,4,717.17
29128,9727,103,2,163.53
29129,9728,104,4,556.7
29130,9728,134,4,14.54
29131,9728,39,1,467.56
29132,9728,142,2,758.12
29133,9729,147,3,630.5
29134,9729,2,1,536.34
29135,9730,65,3,748.34
29136,9731,103,2,163.53
29137,9731,40,3,496.68
29138,9731,147,4,630.5
29139,9731,131,4,318.76
29140,9732,121,2,643.49
29141,9732,117,2,723.89
29142,9732,39,4,467.56
29143,9732,114,4,709.75
29144,9733,17,2,658.83
29145,9733,94,3,610.92
29146,9733,22,1,759.83
29147,9734,140,3,80.4
29148,9734,10,4,364.78
29149,9734,144,4,507.04
29150,9734,108,3,596.14
29151,9734,29,4,474.32
29152,9735,89,4,164.51
29153,9735,36,2,495.03
29154,9735,83,3,57.87
29155,9736,71,4,326.37
29156,9736,106,3,256.39
29157,9736,116,2,499.37
29158,9736,74,1,429.76
29159,9736,60,4,602.69
29160,9737,84,3,431.32
29161,9738,15,1,715.52
29162,9738,125,2,60.95
29163,9739,136,4,254.21
29164,9739,9,3,185.56
29165,9739,138,1,126.38
29166,9739,22,2,759.83
29167,9739,48,2,107.37
29168,9740,101,2,720.77
29169,9740,76,1,571.36
29170,9740,96,3,385.9
29171,9740,112,2,306.6
29172,9740,107,2,22.07
29173,9741,117,2,723.89
29174,9741,147,1,630.5
29175,9741,29,4,474.32
29176,9742,27,4,470.69
29177,9742,122,4,444.14
29178,9743,42,1,458.23
29179,9743,9,2,185.56
29180,9743,69,3,678.97
29181,9743,56,3,783.92
29182,9743,98,1,569.99
29183,9744,149,1,254.2
29184,9745,69,3,678.97
29185,9745,29,2,474.32
29186,9745,40,3,496.68
29187,9746,36,1,495.03
29188,9747,108,3,596.14
29189,9747,43,3,25.96
29190,9748,61,4,0.0
29191,9748,53,1,176.09
29192,9748,121,2,643.49
29193,9748,12,4,452.49
29194,9748,21,1,658.67
29195,9749,78,1,789.72
29196,9749,68,1,636.26
29197,9749,139,2,322.53
29198,9749,71,4,326.37
29199,9750,5,3,459.8
29200,9750,149,4,254.2
29201,9750,102,2,378.83
29202,9750,140,1,80.4
29203,9751,122,2,444.14
29204,9751,79,1,499.3
29205,9751,150,2,484.06
29206,9751,27,2,470.69
29207,9752,31,2,682.52
29208,9752,26,4,266.42
29209,9752,8,1,611.79
29210,9752,130,1,778.31
29211,9753,11,2,117.66
29212,9753,46,4,566.86
29213,9753,143,1,488.21
29214,9754,13,1,302.7
29215,9754,121,4,643.49
29216,9754,99,4,707.47
29217,9755,4,2,636.38
29218,9755,101,2,720.77
29219,9755,136,1,189.9
29220,9755,27,4,470.69
29221,9755,104,1,556.7
29222,9756,9,3,185.56
29223,9756,23,3,701.6
29224,9756,22,1,759.83
29225,9757,26,1,266.42
29226,9757,120,4,163.71
29227,9757,105,4,462.17
29228,9757,104,2,556.7
29229,9758,37,1,253.77
29230,9759,56,3,783.92
29231,9759,149,1,254.2
29232,9759,37,4,253.77
29233,9759,129,1,356.8
29234,9760,36,4,495.03
29235,9761,141,2,664.67
29236,9761,78,2,789.72
29237,9761,105,4,462.17
29238,9762,3,1,302.94
29239,9762,13,1,302.7
29240,9762,70,3,318.37
29241,9762,18,2,315.84
29242,9762,11,1,117.66
29243,9763,19,1,582.15
29244,9763,25,3,50.04
29245,9764,65,1,748.34
29246,9764,42,4,458.23
29247,9764,99,3,707.47
29248,9764,73,3,757.68
29249,9765,138,2,126.38
29250,9765,57,1,268.77
29251,9765,125,4,60.95
29252,9766,75,4,421.56
29253,9766,137,3,704.57
29254,9766,128,3,383.45
29255,9766,3,4,302.94
29256,9766,95,1,550.05
29257,9767,93,1,-549.02
29258,9767,50,1,370.89
29259,9767,26,1,266.42
29260,9767,92,4,416.84
29261,9767,112,1,306.6
29262,9768,72,3,248.19
29263,9768,110,2,335.07
29264,9768,40,3,496.68
29265,9768,59,2,402.24
29266,9769,135,2,457.51
29267,9769,73,3,757.68
29268,9769,55,3,305.71
29269,9770,148,2,777.04
29270,9771,52,3,457.95
29271,9771,48,1,107.37
29272,9771,28,2,594.77
29273,9772,5,4,459.8
29274,9772,116,1,499.37
29275,9772,22,2,759.83
29276,9772,15,3,715.52
29277,9773,51,1,521.96
29278,9773,138,2,126.38
29279,9773,73,4,757.68
29280,9773,80,2,752.51
29281,9773,122,2,444.14
29282,9774,132,2,660.44
29283,9775,102,1,378.83
29284,9775,42,2,458.23
29285,9775,29,3,304.49
29286,9775,77,4,0.0
29287,9776,117,1,723.89
29288,9776,126,1,101.97
29289,9776,54,4,119.56
29290,9777,131,3,318.76
29291,9777,16,2,170.96
29292,9777,86,1,35.23
29293,9778,88,3,581.3
29294,9778,83,3,57.87
29295,9778,6,2,498.94
29296,9778,49,1,186.12
29297,9778,86,2,35.23
29298,9779,88,4,581.3
29299,9779,68,3,636.26
29300,9779,67,1,755.48
29301,9779,56,1,783.92
29302,9779,12,2,452.49
29303,9780,116,2,499.37
29304,9781,67,3,755.48
29305,9781,106,1,256.39
29306,9781,143,2,488.21
29307,9782,39,3,467.56
29308,9783,57,3,268.77
29309,9783,46,1,566.86
29310,9784,120,4,163.71
29311,9784,72,3,248.19
29312,9784,133,4,53.99
29313,9784,96,3,385.9
29314,9785,126,3,101.97
29315,9785,41,3,574.12
29316,9785,17,1,658.83
29317,9786,87,2,353.29
29318,9786,129,1,356.8
29319,9786,24,3,767.98
29320,9787,98,3,569.99
29321,9787,91,3,425.2
29322,9788,74,1,429.76
29323,9788,15,1,715.52
29324,9789,107,3,22.07
29325,9789,78,4,789.72
29326,9789,130,1,778.31
29327,9790,132,4,660.44
29328,9791,26,3,266.42
29329,9792,131,4,318.76
29330,9792,41,1,574.12
29331,9792,129,2,356.8
29332,9792,101,4,720.77
29333,9792,81,1,226.08
29334,9793,92,3,416.84
29335,9793,148,1,777.04
29336,9793,102,3,378.83
29337,9793,88,4,581.3
29338,9793,91,3,425.2
29339,9794,94,3,610.92
29340,9795,134,3,14.54
29341,9795,135,1,457.51
29342,9795,93,4,-549.02
29343,9795,38,3,272.91
29344,9795,129,1,356.8
29345,9796,10,4,364.78
29346,9796,8,4,611.79
29347,9796,106,3,256.39
29348,9796,146,1,19.08
29349,9796,110,3,335.07
29350,9797,127,3,349.21
29351,9797,25,4,50.04
29352,9798,49,1,186.12
29353,9799,70,2,318.37
29354,9799,99,3,707.47
29355,9799,18,1,315.84
29356,9800,30,3,466.19
29357,9800,61,4,0.0
29358,9800,111,1,781.01
29359,9800,143,1,488.21
29360,9800,7,2,797.36
29361,9801,134,1,14.54
29362,9801,38,1,272.91
29363,9801,119,2,443.26
29364,9801,78,4,789.72
29365,9801,84,1,431.32
29366,9802,138,1,126.38
29367,9803,57,2,268.77
29368,9803,93,2,-549.02
29369,9804,72,4,164.93
29370,9804,101,3,720.77
29371,9804,10,3,364.78
29372,9804,129,1,356.8
29373,9805,111,4,781.01
29374,9805,83,4,57.87
29375,9806,79,1,499.3
29376,9806,9,3,185.56
29377,9806,61,1,0.0
29378,9806,7,1,797.36
29379,9807,88,2,581.3
29380,9807,68,3,636.26
29381,9808,124,3,127.43
29382,9808,131,1,318.76
29383,9808,1,1,229.43
29384,9808,38,1,272.91
29385,9808,22,2,759.83
29386,9809,108,3,596.14
29387,9809,69,4,678.97
29388,9809,99,4,707.47
29389,9809,52,2,457.95
29390,9810,61,3,0.0
29391,9810,106,4,256.39
29392,9810,62,1,302.99
29393,9811,102,4,378.83
29394,9811,125,4,60.95
29395,9811,65,3,748.34
29396,9811,108,3,596.14
29397,9812,63,4,82.09
29398,9812,57,3,268.77
29399,9813,34,1,369.27
29400,9813,148,1,777.04
29401,9813,43,2,25.96
29402,9813,103,4,163.53
29403,9814,7,3,797.36
29404,9815,6,2,498.94
29405,9815,85,2,446.02
29406,9815,106,1,256.39
29407,9815,94,1,610.92
29408,9815,145,4,229.11
29409,9816,11,4,117.66
29410,9817,1,4,229.43
29411,9818,122,4,559.02
29412,9818,46,1,566.86
29413,9818,135,2,457.51
29414,9818,9,2,185.56
29415,9819,65,1,748.34
29416,9819,37,4,253.77
29417,9819,101,1,720.77
29418,9819,106,1,256.39
29419,9819,134,4,14.54
29420,9820,81,4,226.08
29421,9820,24,3,767.98
29422,9820,110,2,335.07
29423,9821,75,2,421.56
29424,9821,48,3,107.37
29425,9822,9,4,185.56
29426,9822,64,1,123.33
29427,9822,104,1,556.7
29428,9822,122,3,444.14
29429,9822,115,1,769.44
29430,9823,24,4,767.98
29431,9823,66,2,484.78
29432,9823,58,2,558.64
29433,9823,54,4,119.66
29434,9824,67,2,755.48
29435,9824,59,3,402.24
29436,9824,77,4,0.0
29437,9824,93,1,-549.02
29438,9825,37,3,253.77
29439,9825,49,1,186.12
29440,9826,37,2,253.77
29441,9826,149,2,254.2
29442,9826,27,3,470.69
29443,9827,78,3,854.92
29444,9828,26,1,266.42
29445,9828,45,3,157.83
29446,9828,143,1,488.21
29447,9828,89,1,164.51
29448,9828,3,2,302.94
29449,9829,50,3,370.89
29450,9830,27,1,470.69
29451,9830,99,3,707.47
29452,9830,61,1,0.0
29453,9831,150,2,484.06
29454,9831,146,1,19.08
29455,9831,140,3,80.4
29456,9831,31,4,682.52
29457,9831,122,2,444.14
29458,9832,73,2,757.68
29459,9832,97,1,799.31
29460,9832,26,2,266.42
29461,9832,104,2,556.7
29462,9832,27,2,470.69
29463,9833,112,1,306.6
29464,9833,98,3,569.99
29465,9834,9,1,185.56
29466,9834,75,1,421.56
29467,9834,61,1,0.0
29468,9834,146,2,19.08
29469,9835,122,4,444.14
29470,9835,9,4,185.56
29471,9835,52,1,457.95
29472,9836,63,4,82.09
29473,9836,29,3,474.32
29474,9836,38,3,272.91
29475,9836,149,3,254.2
29476,9836,112,4,306.6
29477,9837,89,4,164.51
29478,9837,124,4,127.43
29479,9837,121,3,643.49
29480,9838,48,3,107.37
29481,9838,45,4,157.83
29482,9838,15,3,715.52
29483,9838,36,4,495.03
29484,9838,56,3,783.92
29485,9839,4,4,636.38
29486,9839,106,1,256.39
29487,9839,32,2,176.75
29488,9839,90,2,503.63
29489,9839,116,3,499.37
29490,9840,117,4,723.89
29491,9841,139,1,322.53
29492,9841,64,1,123.33
29493,9841,66,4,484.78
29494,9841,79,2,499.3
29495,9842,71,4,326.37
29496,9842,103,4,163.53
29497,9842,120,1,163.71
29498,9842,100,1,110.82
29499,9843,91,4,425.2
29500,9844,75,3,421.56
29501,9845,26,4,266.42
29502,9845,44,2,14.87
29503,9845,96,1,385.9
29504,9846,63,3,82.09
29505,9846,129,4,356.8
29506,9846,143,3,488.21
29507,9846,83,2,57.87
29508,9846,10,4,364.78
29509,9847,3,1,302.94
29510,9847,30,3,567.67
29511,9847,120,3,163.71
29512,9847,35,1,593.85
29513,9848,142,2,758.12
29514,9849,150,3,484.06
29515,9849,65,2,748.34
29516,9849,71,1,326.37
29517,9850,83,1,57.87
29518,9850,114,4,709.75
29519,9850,149,2,254.2
29520,9850,56,4,783.92
29521,9850,42,2,458.23
29522,9851,27,2,470.69
29523,9851,8,1,611.79
29524,9852,104,1,556.7
29525,9852,150,2,484.06
29526,9852,135,2,457.51
29527,9852,14,3,754.03
29528,9852,92,4,416.84
29529,9853,42,3,458.23
29530,9853,149,2,254.2
29531,9853,13,3,302.7
29532,9854,102,2,378.83
29533,9855,144,1,507.04
29534,9855,29,4,474.32
29535,9855,70,2,318.37
29536,9855,19,3,582.15
29537,9855,112,1,306.6
29538,9856,72,1,248.19
29539,9856,35,2,593.85
29540,9856,15,3,715.52
29541,9857,35,4,593.85
29542,9858,92,4,310.46
29543,9858,17,4,658.83
29544,9859,116,1,499.37
29545,9859,86,2,35.23
29546,9859,12,4,452.49
29547,9859,106,1,256.39
29548,9859,148,1,777.04
29549,9860,117,1,920.38
29550,9860,19,2,582.15
29551,9861,92,4,416.84
29552,9861,113,4,149.56
29553,9861,56,3,783.92
29554,9861,101,3,720.77
29555,9862,91,1,425.2
29556,9863,95,1,550.05
29557,9863,114,4,709.75
29558,9864,122,2,444.14
29559,9864,31,1,682.52
29560,9864,38,1,272.91
29561,9864,26,1,266.42
29562,9864,142,2,758.12
29563,9865,72,3,248.19
29564,9866,40,1,496.68
29565,9867,144,1,507.04
29566,9867,18,2,315.84
29567,9868,44,3,14.87
29568,9869,13,2,302.7
29569,9869,94,1,610.92
29570,9869,110,3,335.07
29571,9869,91,3,425.2
29572,9869,104,4,556.7
29573,9870,81,4,226.08
29574,9870,133,4,53.99
29575,9871,137,1,704.57
29576,9871,39,3,467.56
29577,9871,95,3,550.05
29578,9871,10,1,364.78
29579,9872,12,1,452.49
29580,9872,93,3,-549.02
29581,9872,35,3,593.85
29582,9873,26,4,266.42
29583,9873,108,4,596.14
29584,9874,139,3,322.53
29585,9874,30,2,466.19
29586,9874,103,2,163.53
29587,9874,68,3,636.26
29588,9875,133,3,53.99
29589,9876,3,4,302.94
29590,9876,63,3,82.09
29591,9876,26,1,266.42
29592,9876,74,4,429.76
29593,9877,17,3,658.83
29594,9878,23,4,701.6
29595,9878,142,2,758.12
29596,9878,119,4,443.26
29597,9879,147,1,630.5
29598,9879,56,2,783.92
29599,9879,59,3,402.24
29600,9879,67,2,755.48
29601,9880,37,1,253.77
29602,9880,68,4,636.26
29603,9881,150,4,484.06
29604,9882,3,4,302.94
29605,9882,150,3,484.06
29606,9882,59,4,402.24
29607,9882,65,2,748.34
29608,9883,100,3,110.82
29609,9883,58,1,558.64
29610,9883,128,4,383.45
29611,9883,65,2,748.34
29612,9883,85,3,345.83
29613,9884,68,3,636.26
29614,9884,87,1,353.29
29615,9884,127,1,349.21
29616,9884,143,1,488.21
29617,9884,134,1,14.54
29618,9885,85,4,446.02
29619,9885,120,1,163.71
29620,9885,66,3,484.78
29621,9886,92,4,416.84
29622,9886,24,3,767.98
29623,9886,26,1,266.42
29624,9886,142,1,758.12
29625,9887,30,4,466.19
29626,9887,48,1,107.37
29627,9887,105,4,462.17
29628,9888,97,4,799.31
29629,9888,90,2,503.63
29630,9888,61,4,0.0
29631,9888,137,4,704.57
29632,9888,57,3,268.77
29633,9889,13,3,302.7
29634,9889,125,2,60.95
29635,9889,93,3,-549.02
29636,9889,44,4,14.87
29637,9889,86,3,35.23
29638,9890,136,3,254.21
29639,9890,48,3,107.37
29640,9890,144,4,507.04
29641,9890,115,4,769.44
29642,9890,139,1,322.53
29643,9891,74,3,429.76
29644,9891,79,3,499.3
29645,9892,75,2,283.31
29646,9893,139,2,322.53
29647,9893,29,2,474.32
29648,9893,135,1,457.51
29649,9894,8,3,611.79
29650,9894,146,4,19.08
29651,9895,86,2,35.23
29652,9895,9,4,185.56
29653,9895,74,1,429.76
29654,9895,44,1,14.87
29655,9896,59,4,402.24
29656,9896,120,4,163.71
29657,9896,126,3,101.97
29658,9897,56,4,783.92
29659,9897,111,1,781.01
29660,9897,48,1,107.37
29661,9897,121,2,643.49
29662,9898,44,2,14.87
29663,9898,35,1,593.85
29664,9898,132,2,660.44
29665,9898,135,2,457.51
29666,9898,120,2,163.71
29667,9899,1,1,229.43
29668,9899,104,4,556.7
29669,9900,7,1,797.36
29670,9900,38,4,272.91
29671,9900,72,3,248.19
29672,9900,99,4,707.47
29673,9901,118,2,361.9
29674,9901,146,1,19.08
29675,9901,57,2,268.77
29676,9902,100,2,110.82
29677,9902,98,3,569.99
29678,9903,61,2,0.0
29679,9903,67,1,755.48
29680,9903,68,3,636.26
29681,9903,127,2,349.21
29682,9904,80,1,752.51
29683,9905,33,3,680.29
29684,9906,45,3,157.83
29685,9906,134,1,14.54
29686,9907,141,2,664.67
29687,9907,118,3,361.9
29688,9908,50,4,370.89
29689,9908,33,2,680.29
29690,9909,70,4,318.37
29691,9910,75,3,421.56
29692,9910,119,4,443.26
29693,9910,137,2,704.57
29694,9910,129,1,356.8
29695,9910,95,3,550.05
29696,9911,103,1,163.53
29697,9911,44,4,14.87
29698,9911,17,2,658.83
29699,9911,14,2,754.03
29700,9911,136,2,254.21
29701,9912,72,2,248.19
29702,9912,10,4,364.78
29703,9913,126,2,101.97
29704,9914,69,4,678.97
29705,9914,88,2,581.3
29706,9914,11,4,117.66
29707,9914,89,2,164.51
29708,9915,8,3,611.79
29709,9915,33,3,680.29
29710,9915,82,2,405.25
29711,9916,130,2,778.31
29712,9916,25,4,50.04
29713,9916,19,3,582.15
29714,9916,109,2,382.69
29715,9917,62,1,302.99
29716,9917,55,2,632.35
29717,9917,112,3,306.6
29718,9917,139,2,322.53
29719,9917,149,2,254.2
29720,9918,32,2,176.75
29721,9918,122,4,444.14
29722,9918,30,2,466.19
29723,9918,149,4,254.2
29724,9918,112,1,306.6
29725,9919,115,3,769.44
29726,9919,23,1,701.6
29727,9920,121,2,643.49
29728,9921,61,3,0.0
29729,9921,33,4,680.29
29730,9921,81,3,226.08
29731,9921,68,4,636.26
29732,9921,126,2,101.97
29733,9922,67,1,755.48
29734,9922,43,1,25.96
29735,9922,110,3,335.07
29736,9923,33,2,680.29
29737,9924,61,2,0.0
29738,9925,97,1,799.31
29739,9925,144,4,507.04
29740,9925,73,1,757.68
29741,9925,89,1,164.51
29742,9925,98,1,569.99
29743,9926,95,3,550.05
29744,9926,14,2,754.03
29745,9926,58,4,558.64
29746,9926,4,1,636.38
29747,9927,105,4,462.17
29748,9927,71,3,326.37
29749,9927,147,4,870.46
29750,9927,29,1,474.32
29751,9928,96,4,385.9
29752,9928,47,2,434.59
29753,9928,116,1,499.37
29754,9928,142,3,758.12
29755,9929,137,2,704.57
29756,9929,99,4,707.47
29757,9929,41,1,574.12
29758,9929,135,4,457.51
29759,9930,128,3,235.93
29760,9930,12,1,452.49
29761,9930,75,3,421.56
29762,9931,33,1,680.29
29763,9931,17,3,658.83
29764,9931,35,3,593.85
29765,9931,71,2,326.37
29766,9931,6,2,498.94
29767,9932,32,1,176.75
29768,9932,56,1,783.92
29769,9933,130,1,778.31
29770,9933,105,4,462.17
29771,9933,132,1,660.44
29772,9933,81,4,226.08
29773,9933,97,4,799.31
29774,9934,108,1,596.14
29775,9934,116,3,499.37
29776,9934,54,3,119.66
29777,9935,14,1,754.03
29778,9935,146,2,19.08
29779,9936,92,3,416.84
29780,9936,53,3,176.09
29781,9937,99,3,707.47
29782,9937,125,1,60.95
29783,9937,77,3,0.0
29784,9938,54,2,119.66
29785,9939,90,2,503.63
29786,9939,99,4,707.47
29787,9940,109,2,382.69
29788,9940,2,3,536.34
29789,9940,7,2,657.3
29790,9940,53,3,176.09
29791,9941,56,2,783.92
29792,9941,85,1,446.02
29793,9941,77,4,0.0
29794,9942,3,4,302.94
29795,9942,112,4,306.6
29796,9943,149,4,254.2
29797,9943,25,3,50.04
29798,9944,5,4,459.8
29799,9944,56,2,783.92
29800,9945,148,1,777.04
29801,9946,24,2,767.98
29802,9946,2,1,536.34
29803,9946,45,1,157.83
29804,9947,84,3,431.32
29805,9947,39,4,467.56
29806,9947,37,4,253.77
29807,9947,31,2,682.52
29808,9947,85,1,446.02
29809,9948,79,3,499.3
29810,9949,94,4,610.92
29811,9949,100,2,110.82
29812,9949,29,1,474.32
29813,9950,28,4,487.27
29814,9950,112,3,306.6
29815,9951,111,4,781.01
29816,9951,126,2,101.97
29817,9951,121,3,643.49
29818,9951,27,2,470.69
29819,9951,20,1,511.22
29820,9952,87,1,353.29
29821,9952,69,3,678.97
29822,9952,27,4,470.69
29823,9952,54,3,119.66
29824,9953,77,3,0.0
29825,9954,112,1,306.6
29826,9954,134,4,14.54
29827,9954,43,2,25.96
29828,9954,5,2,459.8
29829,9955,52,2,457.95
29830,9955,26,4,266.42
29831,9955,66,1,484.78
29832,9955,141,1,664.67
29833,9956,24,4,767.98
29834,9956,22,1,759.83
29835,9956,105,3,462.17
29836,9956,143,2,571.71
29837,9956,5,4,459.8
29838,9957,132,3,660.44
29839,9957,74,1,429.76
29840,9957,124,3,127.43
29841,9957,24,3,767.98
29842,9957,49,2,186.12
29843,9958,121,1,643.49
29844,9959,16,3,170.96
29845,9960,3,4,302.94
29846,9960,22,4,759.83
29847,9960,2,2,536.34
29848,9960,80,2,752.51
29849,9960,31,3,682.52
29850,9961,21,4,658.67
29851,9961,25,4,50.04
29852,9961,27,4,470.69
29853,9961,53,1,176.09
29854,9961,132,3,660.44
29855,9962,94,1,610.92
29856,9962,98,4,569.99
29857,9962,20,2,511.22
29858,9962,85,4,446.02
29859,9963,12,4,452.49
29860,9963,71,4,326.37
29861,9963,51,1,521.96
29862,9964,104,1,556.7
29863,9965,34,2,369.27
29864,9965,126,1,101.97
29865,9965,136,3,254.21
29866,9965,109,3,382.69
29867,9965,62,1,302.99
29868,9966,94,4,610.92
29869,9966,147,4,630.5
29870,9966,127,2,349.21
29871,9966,112,1,306.6
29872,9966,36,1,495.03
29873,9967,65,2,748.34
29874,9967,116,2,499.37
29875,9968,41,3,574.12
29876,9968,43,3,25.96
29877,9969,72,2,248.19
29878,9969,143,4,488.21
29879,9969,73,3,757.68
29880,9970,51,2,521.96
29881,9970,139,4,322.53
29882,9970,35,1,593.85
29883,9970,25,2,50.04
29884,9971,33,2,680.29
29885,9971,61,2,0.0
29886,9971,103,1,163.53
29887,9971,62,4,302.99
29888,9971,105,1,462.17
29889,9972,72,3,248.19
29890,9972,148,1,777.04
29891,9972,70,3,318.37
29892,9972,147,1,630.5
29893,9972,145,1,229.11
29894,9973,109,3,382.69
29895,9973,140,2,80.4
29896,9974,115,1,769.44
29897,9974,94,1,610.92
29898,9974,23,1,701.6
29899,9975,129,2,356.8
29900,9975,23,4,701.6
29901,9975,63,4,82.09
29902,9975,108,4,596.14
29903,9975,29,2,474.32
29904,9976,36,4,495.03
29905,9976,116,4,499.37
29906,9976,142,3,758.12
29907,9976,66,1,484.78
29908,9976,39,3,467.56
29909,9977,107,1,22.07
29910,9977,45,3,157.83
29911,9978,10,4,364.78
29912,9978,107,4,22.07
29913,9978,104,4,556.7
29914,9979,29,4,474.32
29915,9980,78,4,789.72
29916,9980,95,4,550.05
29917,9980,5,3,459.8
29918,9980,112,2,306.6
29919,9981,53,2,176.09
29920,9981,41,4,574.12
29921,9981,146,3,19.08
29922,9981,144,3,507.04
29923,9982,35,3,593.85
29924,9983,66,3,484.78
29925,9983,117,4,723.89
29926,9983,51,3,521.96
29927,9983,147,2,630.5
29928,9984,1,3,229.43
29929,9984,58,1,558.64
29930,9985,83,4,57.87
29931,9985,69,2,678.97
29932,9985,4,3,636.38
29933,9985,109,4,382.69
29934,9985,142,2,758.12
29935,9986,33,1,680.29
29936,9986,53,4,176.09
29937,9986,126,2,101.97
29938,9987,150,1,484.06
29939,9987,66,4,484.78
29940,9987,56,1,783.92
29941,9988,84,1,431.32
29942,9989,42,4,458.23
29943,9990,136,4,254.21
29944,9990,30,3,466.19
29945,9990,73,1,757.68
29946,9991,80,2,752.51
29947,9991,88,1,581.3
29948,9992,62,3,302.99
29949,9993,38,2,272.91
29950,9993,63,2,82.09
29951,9993,102,4,378.83
29952,9993,136,4,254.21
29953,9994,96,2,385.9
29954,9994,140,1,80.4
29955,9994,102,3,378.83
29956,9994,87,1,353.29
29957,9994,80,1,752.51
29958,9995,52,1,457.95
29959,9995,60,1,602.69
29960,9995,61,3,0.0
29961,9995,126,2,101.97
29962,9996,90,4,503.63
29963,9996,99,1,707.47
29964,9996,72,1,248.19
29965,9996,76,3,571.36
29966,9996,82,3,558.31
29967,9997,110,4,335.07
29968,9997,16,2,170.96
29969,9997,13,3,302.7
29970,9997,83,4,57.87
29971,9998,32,2,176.75
29972,9998,19,1,582.15
29973,9999,128,3,383.45
29974,9999,146,2,19.08
29975,9999,101,1,720.77
29976,9999,13,3,302.7
29977,9999,136,1,254.21
29978,10000,136,3,254.21
29979,10000,115,3,769.44
29980,10000,82,4,558.31
29981,10000,56,4,783.92
29982,10000,52,4,457.95
29983,10179,90,1,90.45
29984,10150,121,3,65.07
29985,10160,108,2,23.39
29986,10115,144,1,79.32
29987,10176,68,2,73.93
29988,10094,32,1,45.35
29989,10117,137,2,31.74
29990,10110,20,1,30.77
29991,10114,101,1,43.41
29992,10060,63,2,78.76
29993,10063,55,2,32.05
29994,10122,30,3,99.34
29995,10167,101,1,61.9
29996,10168,118,1,30.48
29997,10119,44,3,41.15
29998,10114,30,3,63.34
29999,10142,106,3,57.41
30000,10138,144,3,65.38
30001,10105,75,3,75.92
30002,10158,122,1,64.65
30003,10148,25,3,14.9
30004,10196,53,1,82.99
30005,10053,109,2,74.34
30006,10140,55,1,29.81
30007,10082,75,2,18.88
30008,10160,2,2,62.08
30009,10190,103,3,64.39
30010,10175,94,2,15.48
30011,10105,112,3,41.64
30012,10100,79,1,69.51
30013,10069,6,3,87.76
30014,10092,146,3,50.91
30015,10079,22,2,45.21
30016,10103,11,3,99.61
30017,10082,24,1,68.82
30018,10170,74,2,75.4
30019,10200,27,2,94.04
30020,10052,100,1,75.75
30021,10118,34,3,99.21
30022,10078,126,3,90.86
30023,10104,47,3,74.62
30024,10101,48,1,57.52
30025,10115,132,2,38.85
30026,10195,54,3,96.69
30027,10083,116,2,54.15
30028,10161,105,3,90.32
30029,10167,73,3,79.3
30030,10054,145,1,45.43
30031,10063,106,2,29.66
30032,10064,89,2,96.08
30033,10105,66,1,60.98
30034,10130,104,2,73.64
30035,10142,39,1,23.68
30036,10179,123,3,66.06
30037,10086,134,3,12.84
30038,10070,104,1,89.35
30039,10061,134,2,55.65
30040,10151,29,2,22.73
30041,10056,82,3,10.99
30042,10129,150,2,33.75
30043,10102,106,3,90.43
30044,10165,13,2,25.41
30045,10160,1,1,12.28
30046,10116,103,1,79.02
30047,10091,70,1,93.48
30048,10147,9,3,65.42
30049,10053,43,2,84.1
30050,10184,43,2,47.81
30051,10066,97,2,83.4
30052,10151,130,1,85.73
30053,10134,23,3,91.88
30054,10086,112,2,64.59
30055,10076,114,3,89.66
30056,10101,63,1,74.05
30057,10143,37,2,35.29
30058,10129,103,1,69.4
30059,10164,132,1,52.73
30060,10133,91,1,44.0
30061,10066,143,3,84.78
30062,10101,32,3,22.12
30063,10051,16,2,38.72
30064,10192,150,3,54.39
30065,10196,45,3,59.85
30066,10138,71,2,26.82
30067,10187,77,2,59.56
30068,10123,12,3,93.4
30069,10098,81,3,60.0
30070,10136,1,3,63.6
30071,10092,7,3,55.69
30072,10111,127,3,49.74
30073,10142,93,2,78.09
30074,10114,135,2,46.87
30075,10059,94,1,89.02
30076,10064,137,1,30.49
30077,10200,40,3,55.46
30078,10086,144,2,34.19
30079,10192,71,3,80.39
30080,10095,3,1,14.15
30081,10128,124,3,88.4
30082,10181,96,2,32.88
30083,10057,81,3,25.27
30084,10087,51,1,55.58
30085,10130,69,2,70.83
30086,10056,34,1,29.57
30087,10182,123,1,26.47
30088,10171,144,2,13.05
30089,10177,149,3,92.31
30090,10131,106,3,30.02
30091,10157,102,1,79.62
30092,10154,104,1,55.39
30093,10161,36,1,58.41
30094,10093,63,3,67.78
30095,10054,31,3,28.08
30096,10159,39,1,54.26
30097,10148,73,2,80.6
30098,10152,122,3,20.26
30099,10194,38,2,59.84
30100,10125,9,2,85.39
30101,10084,42,3,54.77
30102,10170,37,2,81.86
30103,10088,93,1,65.29
30104,10149,19,3,31.27
30105,10076,73,2,53.45
30106,10190,36,2,55.05
30107,10155,150,1,55.44
30108,10154,6,3,93.23
30109,10165,18,1,74.89
30110,10194,39,3,97.63
30111,10140,23,1,88.02
30112,10123,97,3,62.68
30113,10076,120,3,57.27
30114,10131,3,3,55.79
30115,10163,36,1,99.05
30116,10106,6,2,67.04
30117,10190,52,3,56.24
30118,10174,141,3,94.49
30119,10054,78,3,34.55
30120,10160,25,3,59.61
30121,10167,26,1,71.12
30122,10134,62,1,99.83
30123,10114,79,2,89.54
30124,10188,86,3,28.52
30125,10051,66,3,28.88
30126,10185,49,1,98.53
30127,10081,17,1,51.4
30128,10068,125,2,33.45
30129,10088,8,3,50.63
30130,10165,113,1,11.98
30131,10075,5,2,55.66
30132,10095,52,3,61.48
30133,10055,33,1,68.01
30134,10087,138,1,27.02
30135,10128,9,2,30.15
30136,10063,55,1,41.59
30137,10180,73,3,43.79
30138,10114,47,3,57.79
30139,10111,9,2,37.6
30140,10181,41,1,52.83
30141,10059,135,1,56.33
30142,10105,94,1,83.83
30143,10160,63,3,29.34
30144,10194,92,2,28.65
30145,10114,110,3,53.69
30146,10064,35,3,17.93
30147,10074,17,3,81.37
30148,10199,132,3,36.89
30149,10168,144,3,32.8
30150,10191,10,3,86.74
30151,10159,116,2,88.62
30152,10200,45,3,21.53
30153,10108,91,3,96.51
30154,10165,101,2,92.8
30155,10182,32,3,43.61
30156,10199,129,1,24.29
30157,10081,88,3,37.99
30158,10189,38,1,30.24
30159,10162,38,2,78.42
30160,10075,115,1,55.38
30161,10053,41,3,37.4
30162,10097,81,1,12.82
30163,10181,79,2,13.75
30164,10184,24,3,36.72
30165,10117,104,1,54.51
30166,10056,10,3,52.92
30167,10104,4,1,20.04
30168,10073,79,3,72.73
30169,10187,67,3,87.94
30170,10181,84,1,55.1
30171,10171,125,1,70.94
30172,10136,33,2,13.16
30173,10058,106,2,65.08
30174,10106,112,2,93.66
30175,10071,37,1,33.32
30176,10075,114,3,64.3
30177,10094,56,1,53.85
30178,10112,17,3,84.87
30179,10083,10,1,67.55
30180,10137,110,3,65.47
30181,10121,53,1,42.42
30182,10165,108,1,38.64
30183,10119,64,3,57.1
30184,10050,119,3,15.3
30185,10185,107,1,59.97
30186,10073,25,3,61.87
30187,10193,73,1,14.32
30188,10081,91,2,46.26
30189,10051,54,3,67.26
30190,10077,37,3,26.56
30191,10197,95,3,42.24
30192,10172,84,2,54.57
30193,10115,72,3,74.81
30194,10196,76,1,71.55
30195,10162,64,3,27.78
30196,10164,94,2,90.95
30197,10138,125,1,34.06
30198,10147,72,3,91.78
30199,10104,68,2,31.36
30200,10104,142,1,80.08
30201,10172,121,1,18.83
30202,10089,79,2,59.39
30203,10170,15,2,57.37
30204,10051,141,2,60.43
30205,10161,37,1,33.93
30206,10058,113,2,54.61
30207,10110,36,2,23.26
30208,10093,6,2,82.29
30209,10072,15,2,55.02
30210,10129,39,1,35.23
30211,10160,122,2,92.18
30212,10104,30,3,80.43
30213,10186,119,3,43.73
30214,10144,79,1,21.47
30215,10164,71,1,41.49
30216,10066,81,2,58.98
30217,10152,121,1,74.32
30218,10129,105,2,20.4
30219,10103,139,2,79.65
30220,10142,49,1,68.06
30221,10164,112,3,79.34
30222,10129,127,2,37.23
30223,10189,16,2,57.83
30224,10145,39,1,89.4
30225,10099,92,2,21.79
30226,10077,54,2,77.35
30227,10115,55,1,80.58
30228,10104,48,2,45.93
30229,10119,112,1,55.16
30230,10196,107,3,13.7
30231,10154,57,3,58.6
30232,10130,127,1,15.53
30233,10087,90,2,56.14
30234,10117,80,3,47.33
30235,10119,72,3,68.99
30236,10089,57,3,24.92
30237,10054,57,2,51.27
30238,10058,134,1,37.57
30239,10054,69,3,84.74
30240,10159,99,1,98.76
30241,10192,91,1,81.64
30242,10079,70,2,19.13
30243,10056,146,1,84.18
30244,10120,147,3,61.94
30245,10131,28,3,67.13
30246,10117,57,1,11.3
30247,10117,63,3,93.82
30248,10080,125,3,83.16
30249,10101,136,2,26.05
30250,10065,81,1,26.81
30251,10118,98,2,31.76
30252,10052,120,1,94.93
30253,10057,21,1,48.3
30254,10086,100,2,29.19
30255,10057,132,1,26.61
30256,10135,17,2,76.58
30257,10163,87,2,43.44
30258,10058,60,1,25.41
30259,10094,139,2,23.71
30260,10111,148,2,73.54
30261,10058,90,3,62.19
30262,10123,145,1,74.26
30263,10064,115,3,60.09
30264,10145,106,1,82.7
30265,10164,117,1,63.15
30266,10132,76,3,45.08
30267,10082,74,1,74.43
30268,10123,15,2,61.11
30269,10190,37,3,53.16
30270,10108,78,1,53.2
30271,10138,28,1,31.11
30272,10185,140,2,94.77
30273,10119,52,2,61.66
30274,10122,110,2,16.79
30275,10068,120,3,50.61
30276,10052,31,2,54.44
30277,10126,82,3,94.15
30278,10138,121,3,62.86
30279,10052,113,3,94.45
30280,10175,120,2,52.94
30281,10141,46,1,90.02
