order_id,customer_id,order_date,status,payment_method,shipping_cost,discount_pct
1,1577,2024-03-05 01:52:07,completed,upi,5.42,15
2,300,2024-02-28 17:08:20,completed,cod,4.4,20
3,509,2024-08-07 02:37:41,CANCEL,debit_card,3.17,0
4,303,2024-11-24 21:37:38,completed,paypal,2.37,0
5,646,2024-08-05 14:05:46,shipped,upi,3.92,10
6,1809,2025-03-05 21:52:15,shipped,credit_card,20.39,0
7,732,2024-06-09 07:26:45,completed,upi,11.99,10
8,108,2023-12-17 07:59:24,completed,debit_card,21.0,0
9,754,2025-03-01 22:26:12,completed,cod,0.16,15
10,60,2024-11-23 03:03:48,shipped,upi,4.5,0
11,410,2025-06-04 18:51:24,completed,debit_card,19.51,20
12,371,2024-06-02 17:53:16,cancelled,paypal,0.0,5
13,1940,2024-03-02 00:05:04,completed,cod,21.15,0
14,1520,2024-08-02 03:46:23,completed,credit_card,19.77,0
15,358,2023-01-23 06:47:04,shipped,cod,15.29,0
16,1019,2024-11-02 20:18:12,completed,cod,19.74,15
17,548,2023-02-07 22:10:40,returned,wallet,9.86,0
18,1622,2023-12-26 15:43:26,shipped,credit_card,13.16,5
19,1378,2025-02-07 04:41:39,completed,credit_card,13.25,0
20,1704,2023-09-05 15:54:19,completed,debit_card,18.14,5
21,1065,2023-06-11 06:30:55,completed,debit_card,16.27,15
22,836,2023-06-15 07:52:20,shipped,wallet,19.7,0
23,1424,2024-04-21 05:14:00,completed,cod,14.04,20
24,147,2023-04-15 02:45:20,returned,paypal,14.55,0
25,1764,2024-08-19 03:26:00,shipped,cod,13.65,0
26,71,2024-05-16 13:33:34,shipped,debit_card,13.5,0
27,1029,2023-10-09 12:51:58,shipped,cod,14.38,0
28,874,2023-06-20 08:57:51,returned,upi,10.7,0
29,1517,2025-05-24 05:36:52,completed,upi,0.45,10
30,1798,2024-07-09 13:52:55,completed,debit_card,2.66,0
31,1119,2024-08-02 22:15:41,completed,wallet,4.08,5
32,273,2024-08-29 22:42:56,completed,credit_card,11.54,0
33,1759,2023-04-21 04:02:05,completed,credit_card,10.51,0
34,1776,2023-12-16 02:12:29,completed,cod,19.55,15
35,136,2025-05-22 13:11:49,cancelled,wallet,0.0,0
36,1785,2025-05-20 05:18:37,shipped,cod,3.02,0
37,129,2024-01-26 20:03:52,cancelled,cod,0.0,10
38,687,2025-03-15 04:12:07,completed,wallet,14.5,20
39,691,2023-10-12 09:38:10,processing,upi,10.66,0
40,1682,2024-03-06 10:43:33,completed,upi,13.82,5
41,1522,2024-10-19 12:25:16,cancelled,credit_card,0.0,0
42,1134,2025-06-26 09:34:20,completed,upi,4.47,10
43,1995,2024-02-24 00:13:54,completed,upi,4.86,5
44,308,2024-08-20 06:17:10,shipped,paypal,4.51,15
45,774,2023-09-19 13:43:22,completed,upi,6.03,15
46,797,2025-06-07 00:53:58,completed,wallet,9.8,5
47,1867,2024-02-08 16:14:56,completed,wallet,11.38,10
48,190,2025-05-08 18:46:24,completed,upi,3.28,0
49,867,2023-09-18 20:44:35,processing,wallet,1.7,20
50,1134,2024-07-27 02:43:45,completed,debit_card,17.31,0
51,961,2023-08-31 04:43:26,completed,paypal,12.63,0
52,1388,2024-09-05 15:17:53,shipped,upi,21.17,10
53,753,2024-04-08 14:43:51,cancelled,paypal,0.0,0
54,892,2023-08-17 14:54:05,completed,debit_card,14.28,0
55,106,2024-01-17 03:54:27,cancelled,paypal,0.0,0
56,1787,2024-11-04 05:39:52,completed,cod,10.5,20
57,919,2024-09-18 16:17:29,shipped,paypal,6.27,0
58,295,2023-08-09 22:01:09,completed,paypal,8.68,0
59,1166,2023-10-28 20:19:36,processing,cod,12.5,0
60,989,2023-04-13 15:58:45,cancelled,wallet,0.0,5
61,1491,2024-08-01 01:30:15,returned,cod,12.05,20
62,1925,2025-03-01 10:44:41,returned,credit_card,20.95,0
63,202,2025-04-22 07:01:36,completed,cod,7.29,0
64,316,2024-10-05 11:20:56,completed,credit_card,6.78,5
65,1511,2023-01-14 04:31:30,completed,wallet,14.26,0
66,1728,2024-07-23 18:03:51,cancelled,wallet,0.0,10
67,80,2025-06-24 10:43:35,complet,debit_card,19.74,20
68,1055,2023-05-30 07:37:13,completed,upi,18.75,15
69,822,2024-10-11 07:02:09,completed,paypal,14.66,0
70,221,2024-11-28 08:57:28,shipped,paypal,15.13,10
71,970,2023-02-22 13:30:08,completed,credit_card,0.69,20
72,1527,2024-10-18 02:17:22,returned,wallet,4.05,20
73,492,2025-03-07 13:59:18,returned,wallet,3.97,0
74,6,2023-06-12 11:40:05,processing,debit_card,3.25,15
75,1903,2024-12-21 02:08:18,shipped,paypal,18.37,0
76,2124,2023-04-29 05:25:35,completed,cod,20.68,0
77,503,2025-01-15 10:38:45,completed,paypal,3.72,0
78,1124,2023-04-17 13:12:43,completed,credit_card,20.98,0
79,171,2024-07-07 10:18:01,completed,debit_card,12.0,0
80,1070,2025-04-10 19:07:59,returned,paypal,0.66,20
81,1600,2025-02-06 23:38:32,completed,paypal,4.38,0
82,1913,2024-08-01 17:12:02,completed,paypal,18.96,0
83,1487,2024-06-13 06:20:27,processing,wallet,6.98,0
84,746,2023-04-27 16:21:56,shipped,credit_card,21.59,0
85,652,2023-07-12 04:52:32,completed,debit_card,1.08,0
86,1518,2023-03-22 20:41:38,completed,credit_card,2.35,5
87,326,2025-05-21 18:41:49,completed,debit_card,14.27,10
88,347,2025-03-02 18:24:49,completed,paypal,12.69,15
89,1690,2025-03-30 21:06:26,completed,upi,20.04,0
90,1181,2023-10-14 09:21:42,completed,debit_card,2.91,0
91,231,2026-11-14 00:00:00,shipped,credit_card,9.09,0
92,842,2024-08-11 07:52:40,shipped,debit_card,18.87,0
93,896,2023-03-18 00:22:13,completed,credit_card,16.46,10
94,134,2024-12-06 22:20:35,shipped,wallet,19.0,20
95,1070,2024-01-31 20:02:57,completed,paypal,16.42,0
96,1659,2024-01-15 11:56:51,shipped,cod,12.64,10
97,1135,2024-10-14 00:31:31,completed,credit_card,16.12,15
98,1091,2024-06-01 23:08:27,completed,wallet,1.68,10
99,211,2025-05-02 04:05:58,completed,debit_card,8.16,0
100,244,2023-05-26 06:18:40,processing,wallet,20.64,0
101,1426,2023-01-10 20:59:28,completed,upi,19.52,0
102,875,2024-06-26 02:07:38,shipped,debit_card,0.59,0
103,242,2023-11-14 03:46:15,shipped,wallet,9.5,15
104,72,2025-04-08 00:47:10,processing,credit_card,16.82,0
105,1665,2023-09-16 03:58:54,completed,wallet,11.68,10
106,1583,2025-04-11 18:56:18,completed,wallet,2.79,0
107,1794,2023-12-27 02:08:46,completed,cod,11.96,0
108,279,2023-10-04 23:52:51,completed,debit_card,17.66,0
109,1477,2025-04-29 07:25:59,shipped,wallet,6.08,20
110,1521,2025-06-29 01:43:06,shipped,credit_card,9.66,10
111,175,2025-04-27 19:58:31,shipped,upi,6.32,10
112,1274,2023-03-07 23:01:02,completed,upi,0.58,10
113,1304,2024-06-14 11:38:17,shipped,debit_card,8.91,10
114,467,2024-05-14 15:37:26,completed,debit_card,17.27,5
115,426,2024-01-09 10:23:00,processing,cod,7.81,0
116,1971,2023-10-03 15:37:54,completed,debit_card,11.34,5
117,820,2024-04-03 12:01:51,completed,wallet,16.07,5
118,1594,2024-01-27 05:38:45,cancelled,paypal,0.0,15
119,1867,2023-02-06 03:20:54,completed,paypal,18.99,10
120,594,2023-03-31 08:37:43,completed,debit_card,4.6,20
121,185,2023-05-27 22:00:26,completed,credit_card,11.98,10
122,463,2023-03-02 21:53:50,processing,credit_card,20.2,10
123,262,2025-03-24 19:16:46,completed,upi,14.01,5
124,638,2023-04-21 03:48:59,cancelled,cod,0.0,0
125,978,2024-06-16 18:06:48,completed,upi,4.28,20
126,158,2023-05-24 06:23:15,completed,wallet,6.47,10
127,1923,2023-03-07 11:47:00,cancelled,debit_card,0.0,0
128,698,2024-07-06 17:00:42,completed,upi,12.58,5
129,1598,2023-10-29 11:25:25,completed,cod,16.21,10
130,210,2024-07-29 15:35:00,shipped,credit_card,11.16,10
131,1701,2025-05-08 14:05:46,shipped,wallet,14.92,20
132,1755,2023-10-30 01:39:29,cancelled,debit_card,0.0,0
133,816,2023-07-02 20:47:43,completed,wallet,9.72,15
134,1860,2024-07-16 00:56:44,cancelled,wallet,0.0,10
135,1818,2023-07-03 00:05:56,cancelled,upi,0.0,0
136,1116,2023-08-16 18:06:05,completed,upi,12.6,0
137,1537,2023-07-06 16:51:23,completed,cod,3.28,10
138,1230,2024-08-29 21:20:39,completed,credit_card,18.34,20
139,1328,2024-03-09 19:05:08,shipped,wallet,7.07,5
140,903,2024-11-18 16:51:49,completed,upi,19.48,15
141,330,2025-05-28 08:26:11,shipped,paypal,0.5,10
142,163,2024-12-22 04:40:56,processing,debit_card,14.92,0
143,1368,2025-04-26 22:06:41,completed,debit_card,19.02,0
144,1675,2023-05-27 19:49:15,completed,upi,4.51,0
145,1854,2024-12-20 13:32:13,completed,debit_card,1.65,20
146,860,2023-09-24 14:26:35,completed,wallet,15.11,5
147,837,2023-02-15 07:03:00,completed,wallet,0.5,20
148,1566,2023-01-04 11:56:26,completed,debit_card,3.97,15
149,830,2025-06-03 13:57:22,completed,debit_card,1.6,10
150,1397,2024-02-22 03:03:26,shipped,cod,19.1,0
151,1997,2024-01-25 13:25:54,completed,cod,7.43,15
152,917,2024-08-29 14:45:10,completed,debit_card,0.58,10
153,316,2023-07-21 03:38:40,completed,wallet,0.84,15
154,63,2023-07-13 21:49:52,cancelled,wallet,0.0,0
155,381,2024-01-19 02:50:19,completed,cod,18.63,20
156,365,2024-06-17 09:02:27,returned,cod,4.88,15
157,750,2023-02-09 20:38:48,completed,upi,20.89,10
158,1689,2025-06-15 06:47:55,processing,cod,10.65,0
159,808,2024-04-22 19:25:53,completed,paypal,4.45,0
160,1744,2024-05-07 22:33:21,returned,debit_card,15.34,15
161,936,2024-08-17 20:45:15,cancelled,cod,0.0,10
162,1870,2024-10-27 02:39:17,returned,cod,11.14,20
163,745,2024-05-07 22:49:06,processing,cod,2.84,10
164,1910,2023-01-10 17:17:54,completed,paypal,14.06,10
165,142,2026-11-22 00:00:00,completed,wallet,13.93,10
166,1468,2025-02-01 03:59:24,returned,debit_card,9.31,15
167,355,2025-04-24 02:06:17,completed,credit_card,2.78,10
168,851,2024-02-12 14:37:19,completed,paypal,0.53,0
169,278,2024-08-11 14:46:26,completed,debit_card,13.61,10
170,407,2024-11-19 00:26:44,shipped,wallet,12.82,0
171,1161,2023-11-29 14:10:13,cancelled,wallet,0.0,5
172,1975,2024-01-15 20:24:36,processing,paypal,12.23,0
173,1170,2024-05-31 17:07:40,completed,upi,13.45,15
174,1193,2026-12-07 00:00:00,completed,credit_card,7.28,15
175,1494,2023-03-26 08:06:03,completed,paypal,16.74,5
176,1890,2023-03-04 19:37:48,completed,upi,14.2,20
177,408,2025-01-12 11:57:58,processing,credit_card,13.47,0
178,1407,2025-02-15 12:19:37,returned,credit_card,13.93,15
179,286,2023-03-25 02:45:13,shipped,credit_card,2.48,5
180,66,2024-11-24 14:23:28,completed,cod,16.72,0
181,28,2023-10-05 19:33:08,cancelled,cod,0.0,0
182,1281,2025-03-26 06:34:22,pendingg,paypal,21.6,0
183,708,2023-07-19 03:45:59,completed,credit_card,5.03,5
184,1126,2024-05-22 09:58:56,completed,debit_card,4.66,0
185,1142,2025-02-07 17:36:34,completed,upi,15.81,0
186,1800,2023-01-12 18:30:31,shipped,debit_card,1.29,0
187,515,2025-01-14 23:43:16,completed,upi,9.55,0
188,1054,2023-07-10 12:13:55,completed,upi,12.18,0
189,63,2023-06-18 01:18:10,shipped,debit_card,11.18,5
190,821,2023-09-29 19:45:02,completed,upi,4.0,10
191,1822,2024-09-03 11:22:08,completed,credit_card,11.54,20
192,637,2024-05-28 03:39:36,completed,credit_card,1.11,10
193,1368,2023-04-13 04:24:44,completed,cod,11.04,20
194,1957,2023-06-04 16:29:27,completed,upi,10.56,0
195,1372,2024-03-25 02:38:54,cancelled,upi,0.0,20
196,1958,2023-08-05 19:25:10,completed,cod,18.57,0
197,1351,2023-02-12 14:38:32,shipped,cod,20.76,20
198,1171,2025-03-07 20:21:26,cancelled,upi,0.0,0
199,1101,2025-02-21 09:24:54,returned,cod,0.67,20
200,284,2023-09-07 15:56:19,completed,paypal,11.48,15
201,53,2024-02-08 02:53:11,completed,wallet,2.06,20
202,173,2023-09-03 04:21:55,completed,paypal,17.41,10
203,1853,2023-05-18 09:10:10,completed,credit_card,10.88,10
204,220,2024-12-15 22:58:19,processing,wallet,8.76,0
205,1120,2024-01-22 06:31:38,cancelled,paypal,0.0,5
206,1112,2025-04-29 06:53:49,completed,debit_card,5.85,5
207,1700,2023-06-25 10:56:22,shipped,paypal,14.55,10
208,700,2023-10-17 20:13:12,completed,cod,11.24,5
209,1332,2023-02-19 00:51:29,shipped,cod,9.16,20
210,134,2025-03-12 05:56:28,completed,cod,13.87,10
211,1119,2024-10-17 20:12:05,completed,debit_card,15.38,10
212,1480,2023-10-08 12:33:48,shipped,paypal,5.42,5
213,1399,2023-04-07 02:34:24,completed,cod,17.77,0
214,1334,2025-06-08 04:36:47,completed,cod,5.5,0
215,1619,2024-04-27 17:18:16,processing,upi,7.48,0
216,858,2024-06-06 17:54:09,completed,paypal,13.28,0
217,371,2024-12-03 01:02:07,cancelled,upi,0.0,0
218,796,2026-12-05 00:00:00,completed,cod,21.6,5
219,837,2024-02-13 17:54:26,shipped,debit_card,16.07,0
220,981,2024-06-15 12:17:19,completed,upi,19.06,10
221,755,2024-02-16 05:44:29,completed,wallet,12.26,20
222,880,2024-01-31 07:07:51,completed,paypal,16.27,20
223,585,2025-04-14 14:45:43,shipped,wallet,20.68,15
224,423,2024-01-13 07:49:36,shipped,debit_card,10.76,0
225,26,2025-04-23 08:51:11,processing,upi,21.17,20
226,792,2023-12-23 14:02:08,completed,paypal,13.73,0
227,1054,2023-04-15 00:28:55,completed,paypal,5.6,15
228,1269,2023-12-04 18:51:04,processing,wallet,15.1,20
229,872,2025-06-29 19:48:42,shipped,wallet,13.17,0
230,184,2025-04-19 13:19:31,completed,paypal,2.91,0
231,354,2025-03-14 06:10:50,cancelled,cod,0.0,0
232,5,2023-01-26 06:52:02,completed,upi,2.52,0
233,1314,2023-05-13 02:58:57,shipped,paypal,9.27,20
234,2242,2024-05-26 17:48:57,completed,credit_card,7.29,15
235,865,2024-02-22 08:50:19,completed,paypal,6.58,0
236,817,2024-02-22 15:59:50,completed,credit_card,8.08,10
237,1157,2024-09-21 13:03:15,shipped,cod,5.15,5
238,1837,2024-08-08 17:36:47,completed,credit_card,2.92,15
239,1171,2024-07-26 12:18:27,cancelled,paypal,0.0,0
240,1213,2024-09-17 17:57:16,completed,debit_card,13.27,5
241,1687,2025-05-09 21:55:06,completed,credit_card,7.02,20
242,941,2023-09-24 16:35:06,completed,upi,21.82,10
243,927,2024-01-09 09:39:39,returned,cod,20.33,20
244,1729,2024-12-21 12:31:55,completed,credit_card,6.93,5
245,1626,2024-11-15 10:20:43,completed,credit_card,10.17,20
246,1323,2023-08-07 19:14:25,completed,cod,12.61,20
247,637,2025-04-16 09:44:43,cancelled,credit_card,0.0,0
248,437,2024-07-13 03:38:58,completed,debit_card,7.42,0
249,1031,2023-10-31 06:46:26,returned,debit_card,8.42,20
250,806,2024-07-13 09:43:40,completed,upi,3.51,10
251,1434,2024-04-25 18:00:03,shipped,debit_card,2.19,0
252,40,2023-08-10 02:13:52,completed,wallet,8.56,15
253,1884,2024-02-21 09:36:01,completed,credit_card,19.65,15
254,324,2024-10-10 20:16:02,shipped,paypal,2.44,0
255,1958,2025-02-03 18:44:51,completed,debit_card,10.2,10
256,1365,2023-04-13 03:49:01,returned,wallet,13.68,0
257,1799,2023-11-30 05:37:22,completed,paypal,1.42,10
258,698,2023-08-16 14:12:41,completed,upi,21.2,10
259,1823,2023-12-05 08:19:12,completed,cod,15.38,0
260,685,2024-05-24 16:08:47,completed,credit_card,1.6,0
261,1596,2023-08-21 03:57:38,completed,credit_card,1.53,15
262,1719,2023-03-14 01:43:31,completed,cod,12.23,5
263,935,2024-06-02 23:31:00,returned,cod,9.93,20
264,383,2023-05-01 18:16:15,returned,wallet,13.11,0
265,1486,2023-09-23 12:14:23,cancelled,credit_card,0.0,10
266,1166,2024-12-21 09:51:11,completed,credit_card,8.4,10
267,1568,2023-12-02 11:05:46,returned,debit_card,11.19,10
268,1129,2023-11-29 01:13:52,completed,debit_card,2.98,0
269,571,2023-11-25 10:24:09,cancelled,wallet,0.0,0
270,1436,2023-01-16 20:34:38,shipped,debit_card,0.79,0
271,1469,2024-11-12 19:37:38,processing,credit_card,5.36,15
272,6,2023-03-31 05:33:37,processing,upi,10.05,0
273,1246,2023-03-05 11:59:28,completed,cod,4.8,20
274,1682,2024-03-04 14:30:36,completed,cod,1.79,20
275,1723,2024-10-10 20:23:23,cancelled,credit_card,0.0,5
276,1191,2024-03-21 17:53:17,processing,credit_card,9.7,5
277,276,2024-11-04 22:43:22,completed,debit_card,5.63,20
278,1408,2023-06-02 08:54:55,cancelled,debit_card,0.0,15
279,577,2024-12-17 00:49:47,completed,credit_card,8.02,0
280,162,2024-07-22 07:39:56,completed,paypal,21.56,0
281,1877,2024-06-05 04:28:44,completed,paypal,12.41,20
282,585,2024-07-28 16:19:44,CANCEL,cod,20.18,0
283,491,2024-07-25 13:53:56,completed,debit_card,8.47,20
284,633,2023-11-28 15:31:12,completed,debit_card,14.47,5
285,730,2023-09-17 10:39:58,completed,cod,9.83,10
286,1634,2024-12-16 14:27:02,processing,wallet,10.96,0
287,664,2024-09-23 20:16:41,completed,credit_card,14.21,0
288,991,2023-10-04 19:05:02,completed,upi,14.58,0
289,1175,2023-07-11 17:21:09,completed,wallet,15.27,5
290,1589,2024-08-30 00:47:27,shipped,debit_card,12.66,15
291,1831,2025-03-22 05:29:30,completed,upi,15.21,20
292,72,2024-12-30 09:48:38,cancelled,upi,0.0,0
293,1148,2023-10-12 02:26:49,returned,wallet,9.56,15
294,1975,2023-12-03 14:49:25,returned,debit_card,20.23,10
295,1148,2025-05-29 08:45:02,processing,wallet,18.93,0
296,1838,2025-01-13 18:31:38,completed,credit_card,11.69,0
297,147,2023-12-08 08:55:52,completed,cod,17.26,15
298,1919,2023-04-15 12:51:25,completed,credit_card,1.7,20
299,658,2024-12-01 09:15:08,completed,upi,17.68,20
300,1776,2025-02-09 17:04:56,shipped,paypal,1.61,0
301,1383,2023-02-13 23:47:07,completed,cod,11.76,5
302,94,2023-09-04 06:46:57,completed,paypal,10.7,5
303,1363,2024-11-07 03:36:38,completed,upi,20.31,0
304,78,2024-08-22 19:37:53,completed,upi,9.71,0
305,874,2024-04-10 13:59:10,completed,paypal,20.16,10
306,1622,2024-04-19 08:22:01,completed,cod,5.38,10
307,1077,2025-05-22 00:54:53,completed,cod,9.24,10
308,236,2025-01-13 16:36:58,completed,cod,7.65,0
309,782,2023-04-10 13:23:05,shipped,credit_card,3.11,15
310,1219,2024-08-31 08:08:31,completed,upi,21.2,10
311,1111,2025-05-05 12:42:18,cancelled,debit_card,0.0,0
312,1187,2024-10-07 17:52:05,shipped,upi,17.19,10
313,1166,2024-03-11 20:46:20,completed,wallet,1.97,15
314,751,2023-03-14 21:44:22,processing,paypal,9.29,0
315,1625,2023-12-30 03:41:37,completed,cod,21.81,0
316,1504,2023-07-10 20:23:37,completed,credit_card,9.63,5
317,432,2023-03-29 01:41:49,cancelled,wallet,0.0,10
318,272,2024-03-30 15:40:50,completed,wallet,9.1,20
319,1705,2023-10-12 02:08:19,completed,cod,5.0,20
320,1485,2023-08-18 00:41:44,completed,upi,12.61,0
321,1052,2023-03-07 04:31:03,completed,upi,17.76,15
322,1838,2023-06-19 22:25:41,completed,upi,20.8,15
323,361,2024-08-08 11:15:37,shipped,wallet,8.42,0
324,1854,2023-01-29 18:32:18,processing,cod,12.76,0
325,1258,2024-08-09 11:05:00,shipped,paypal,4.17,15
326,972,2024-05-10 09:42:23,completed,debit_card,0.39,0
327,1771,2024-09-29 17:01:24,completed,wallet,15.42,5
328,1275,2024-04-05 20:14:53,returned,upi,1.67,15
329,83,2023-03-09 17:52:33,completed,wallet,18.82,0
330,1602,2023-04-29 11:31:51,completed,credit_card,15.65,10
331,2490,2025-06-24 10:11:26,completed,credit_card,8.57,0
332,501,2024-05-02 06:46:39,shipped,wallet,8.84,20
333,396,2023-10-12 07:32:41,shipped,debit_card,13.46,10
334,915,2023-08-27 08:04:13,completed,cod,6.11,15
335,1105,2024-06-06 23:36:55,completed,credit_card,7.08,0
336,1262,2023-09-23 12:12:49,completed,credit_card,9.92,10
337,1844,2023-05-10 09:42:56,shipped,cod,20.09,20
338,412,2023-12-17 11:18:24,completed,cod,16.08,0
339,89,2024-10-18 07:38:27,shipped,debit_card,0.14,10
340,1354,2025-02-11 19:20:43,shipped,wallet,3.31,5
341,1215,2025-05-28 11:31:55,completed,cod,6.0,5
342,1245,2023-02-04 21:55:18,shipped,cod,9.06,10
343,523,2025-05-18 14:37:18,shipped,upi,6.07,10
344,1933,2024-06-17 09:29:19,shipped,cod,2.35,5
345,808,2023-01-16 09:34:28,completed,credit_card,3.61,0
346,2376,2025-06-09 07:59:56,cancelled,paypal,0.0,5
347,306,2024-11-25 12:16:58,cancelled,debit_card,0.0,0
348,535,2025-05-28 05:09:05,completed,paypal,9.5,10
349,1339,2023-07-03 19:06:31,completed,credit_card,0.69,15
350,1985,2024-01-27 13:39:52,completed,upi,6.03,0
351,979,2023-08-01 17:00:33,completed,debit_card,2.75,0
352,591,2024-05-20 22:14:30,completed,debit_card,2.12,20
353,447,2023-06-07 20:56:36,processing,credit_card,0.07,0
354,1118,2024-01-18 17:44:27,completed,paypal,12.19,0
355,208,2024-09-22 19:46:04,completed,cod,1.85,0
356,744,2024-04-24 06:13:44,completed,paypal,10.38,20
357,1439,2025-06-06 03:15:32,completed,cod,4.47,0
358,1790,2023-04-17 15:22:14,completed,cod,21.57,5
359,1664,2025-05-14 23:37:11,processing,upi,4.32,0
360,220,2024-07-07 09:36:23,completed,upi,10.92,15
361,881,2024-02-11 23:48:41,completed,cod,12.89,0
362,983,2023-12-20 23:47:49,completed,wallet,15.6,0
363,589,2023-09-22 09:33:36,completed,cod,17.08,0
364,294,2023-04-22 00:06:50,completed,cod,14.53,15
365,1247,2024-12-02 22:18:31,completed,cod,11.64,0
366,374,2023-12-05 02:07:31,completed,upi,18.68,0
367,1709,2025-04-16 22:49:24,cancelled,credit_card,0.0,20
368,1182,2023-03-15 00:03:58,completed,upi,12.87,0
369,400,2023-07-16 13:37:25,completed,credit_card,12.66,20
370,1753,2025-02-19 06:40:19,completed,debit_card,6.59,15
371,1164,2024-01-17 03:09:46,completed,wallet,0.16,0
372,237,2023-06-07 07:19:14,completed,cod,0.94,0
373,1654,2024-01-31 22:53:30,processing,credit_card,0.77,0
374,17,2024-02-15 04:49:27,completed,cod,19.19,0
375,1015,2024-09-16 16:33:55,shipped,cod,13.79,15
376,1758,2024-03-08 04:46:44,completed,paypal,16.6,0
377,279,2025-02-01 16:18:53,completed,wallet,21.29,20
378,1049,2023-12-12 13:20:21,completed,upi,9.89,20
379,1789,2024-10-13 02:20:29,completed,debit_card,7.67,20
380,175,2023-02-24 03:18:35,completed,credit_card,5.91,0
381,1212,2024-02-27 17:02:53,completed,debit_card,18.48,15
382,1956,2023-08-13 09:13:12,completed,credit_card,12.92,15
383,1323,2023-11-29 09:56:10,completed,cod,1.14,0
384,1423,2023-09-21 19:54:57,cancelled,credit_card,0.0,10
385,62,2023-04-04 02:26:43,completed,cod,21.25,0
386,968,2023-04-28 09:28:21,completed,credit_card,17.69,0
387,2231,2024-04-20 23:10:06,completed,debit_card,16.71,0
388,1204,2024-02-24 05:47:05,completed,wallet,16.07,10
389,647,2023-05-27 14:29:40,completed,wallet,10.24,20
390,217,2023-06-15 03:10:29,completed,cod,12.79,20
391,1552,2024-03-19 13:32:42,processing,paypal,10.54,5
392,67,2025-02-01 06:27:41,processing,upi,6.62,0
393,81,2025-02-22 04:48:29,completed,upi,7.01,5
394,1406,2023-08-19 12:10:16,completed,debit_card,16.75,0
395,1625,2024-03-29 03:01:17,returned,cod,2.45,0
396,1635,2023-01-05 02:48:12,returned,upi,12.49,15
397,1090,2025-06-15 14:26:41,shipped,upi,0.2,20
398,1672,2025-03-11 02:27:19,completed,credit_card,15.91,0
399,1303,2024-02-08 13:05:07,shipped,debit_card,7.13,0
400,304,2023-03-25 08:54:26,completed,wallet,15.86,20
401,1571,2024-03-24 22:10:39,completed,debit_card,0.74,0
402,18,2024-04-02 17:41:34,shipped,cod,20.91,10
403,1364,2024-09-09 14:57:32,completed,debit_card,4.82,0
404,1163,2024-10-25 15:45:20,completed,paypal,20.82,15
405,1988,2024-04-19 12:25:48,cancelled,upi,0.0,0
406,1732,2023-08-20 07:25:22,completed,credit_card,10.81,5
407,1604,2024-09-13 16:08:26,processing,credit_card,21.04,10
408,75,2024-10-03 05:35:20,completed,cod,12.44,0
409,859,2024-08-10 19:54:44,cancelled,paypal,0.0,20
410,1586,2023-10-31 19:11:00,completed,debit_card,0.06,15
411,830,2024-02-08 09:12:46,completed,credit_card,21.85,0
412,572,2023-05-08 18:56:22,completed,credit_card,15.58,0
413,335,2023-04-08 01:29:48,completed,cod,18.22,10
414,94,2023-06-13 01:16:39,shipped,debit_card,16.73,0
415,458,2024-06-08 14:15:42,shipped,debit_card,12.28,15
416,1414,2025-03-06 08:12:39,shipped,debit_card,2.86,0
417,31,2025-05-02 21:43:52,completed,cod,0.69,0
418,788,2024-08-17 01:54:00,processing,wallet,10.39,5
419,1833,2024-04-08 05:23:44,shippd,debit_card,4.35,0
420,1658,2023-04-26 21:04:31,completed,debit_card,2.22,0
421,1680,2023-07-04 01:41:05,completed,paypal,16.91,0
422,675,2023-06-02 23:37:16,completed,upi,11.15,0
423,1554,2024-07-28 11:34:48,completed,debit_card,0.81,0
424,471,2025-01-17 10:44:15,completed,paypal,6.75,0
425,1404,2025-03-31 08:08:56,completed,cod,11.36,0
426,913,2024-08-09 00:47:08,completed,wallet,4.54,0
427,1830,2025-04-01 19:03:53,completed,credit_card,8.94,15
428,118,2024-06-03 19:07:25,shipped,paypal,17.34,15
429,659,2024-10-01 05:36:14,shipped,upi,11.0,0
430,431,2024-09-17 04:05:43,completed,debit_card,1.31,0
431,1334,2025-01-31 08:05:38,completed,upi,3.62,20
432,213,2024-10-21 22:51:22,completed,debit_card,4.12,0
433,1810,2023-01-31 00:33:19,processing,debit_card,9.8,20
434,407,2023-11-21 04:06:04,processing,paypal,8.29,0
435,888,2024-01-11 09:57:38,completed,cod,0.72,5
436,947,2023-09-03 10:48:14,completed,credit_card,3.52,10
437,1997,2025-05-24 22:04:27,completed,wallet,9.24,5
438,766,2023-02-06 08:13:33,completed,upi,6.63,0
439,1581,2023-05-01 18:53:28,shipped,debit_card,13.63,0
440,1961,2023-09-18 15:01:12,completed,paypal,19.93,20
441,1033,2025-05-11 04:56:00,completed,cod,4.26,20
442,271,2023-01-12 06:01:06,completed,wallet,11.84,15
443,910,2024-06-01 19:48:25,completed,cod,13.23,0
444,406,2023-04-27 21:40:15,completed,debit_card,1.44,0
445,470,2023-06-05 03:35:36,completed,upi,18.81,0
446,325,2025-04-08 01:23:56,completed,credit_card,4.2,15
447,727,2023-01-16 10:19:57,completed,debit_card,2.21,15
448,1744,2024-11-17 00:39:36,completed,paypal,10.26,0
449,1435,2025-04-18 09:29:51,completed,credit_card,6.66,10
450,340,2024-06-12 15:03:14,completed,upi,6.05,10
451,979,2023-07-29 16:15:29,completed,paypal,8.75,0
452,1913,2024-09-22 06:53:50,cancelled,debit_card,0.0,10
453,1217,2023-01-18 18:41:17,shipped,upi,3.75,15
454,978,2024-03-18 19:04:25,completed,credit_card,1.1,20
455,1104,2023-10-03 22:46:16,completed,credit_card,20.89,0
456,1999,2024-11-08 04:30:56,completed,cod,15.69,0
457,556,2024-10-20 03:09:42,processing,debit_card,14.81,0
458,892,2024-04-10 12:31:04,completed,paypal,6.07,20
459,1541,2023-02-19 03:51:04,shipped,cod,6.43,10
460,1758,2024-06-12 10:51:44,completed,credit_card,18.39,5
461,878,2024-06-04 18:41:40,completed,paypal,9.87,20
462,758,2023-12-17 03:18:57,shipped,cod,0.91,15
463,1814,2024-05-01 03:42:26,cancelled,upi,0.0,15
464,625,2025-01-29 05:07:42,shipped,paypal,4.89,10
465,270,2024-08-25 06:28:58,completed,credit_card,8.09,0
466,1170,2023-02-22 03:08:07,completed,wallet,3.67,20
467,1331,2025-05-23 04:35:09,completed,upi,16.56,5
468,547,2024-10-21 21:54:26,completed,upi,14.18,15
469,1506,2023-10-12 22:01:16,cancelled,cod,0.0,15
470,96,2024-08-24 12:15:57,completed,paypal,14.95,0
471,1117,2024-09-15 15:59:16,completed,debit_card,4.11,0
472,1836,2023-01-24 00:54:13,cancelled,debit_card,0.0,20
473,1094,2024-10-18 22:25:52,completed,upi,12.92,0
474,1580,2024-01-04 19:06:42,completed,cod,15.23,0
475,900,2026-11-17 00:00:00,returned,paypal,5.1,10
476,1313,2024-02-26 02:34:08,shipped,wallet,11.61,20
477,1582,2025-06-21 10:13:15,shipped,wallet,11.24,0
478,112,2023-08-31 10:55:55,completed,credit_card,4.48,10
479,1743,2023-01-30 21:20:23,completed,paypal,20.93,0
480,272,2023-01-25 03:58:09,completed,debit_card,13.75,5
481,542,2024-03-11 21:56:15,completed,wallet,14.32,15
482,293,2024-04-08 07:48:42,cancelled,cod,0.0,0
483,271,2024-04-01 03:50:27,completed,wallet,6.78,0
484,1790,2024-09-13 13:06:01,completed,cod,12.03,0
485,1968,2023-07-17 13:21:27,completed,upi,13.3,10
486,340,2024-09-30 01:05:08,completed,upi,1.6,5
487,1015,2024-12-01 12:15:16,completed,credit_card,6.62,0
488,1999,2023-05-12 11:31:32,shippd,credit_card,6.37,0
489,659,2023-08-25 14:22:10,processing,credit_card,13.01,10
490,64,2025-06-04 19:37:46,returned,credit_card,13.69,0
491,206,2025-03-28 09:52:11,completed,wallet,20.14,15
492,398,2025-01-19 00:17:50,completed,credit_card,1.14,5
493,1525,2025-06-25 22:42:34,completed,upi,4.25,5
494,1745,2024-04-27 08:36:38,completed,credit_card,17.15,5
495,1551,2023-04-21 17:58:29,shipped,wallet,12.26,20
496,76,2023-04-24 23:36:06,CANCEL,cod,16.32,15
497,1269,2024-09-01 13:45:18,completed,upi,1.03,5
498,1559,2024-01-22 06:08:29,processing,debit_card,1.79,10
499,1925,2023-03-03 23:47:16,completed,cod,8.79,0
500,1246,2024-06-08 23:32:43,cancelled,upi,0.0,15
501,999,2023-03-08 03:10:49,returned,credit_card,13.12,0
502,409,2023-08-14 15:39:51,completed,cod,6.06,0
503,1231,2024-12-31 17:10:36,completed,paypal,15.65,0
504,863,2025-01-24 20:19:13,returned,upi,3.96,0
505,107,2024-09-03 01:55:25,completed,credit_card,8.16,0
506,538,2024-06-10 13:35:02,completed,paypal,12.51,15
507,1291,2023-08-01 22:02:57,completed,cod,6.19,0
508,433,2024-03-16 05:40:35,processing,upi,21.57,0
509,779,2023-01-19 18:03:44,processing,upi,18.49,0
510,408,2023-01-07 18:51:07,completed,credit_card,9.31,20
511,1172,2023-04-07 01:30:06,completed,debit_card,5.4,0
512,656,2024-12-27 07:05:21,completed,cod,20.54,0
513,943,2024-09-07 03:30:19,completed,credit_card,16.98,0
514,389,2023-08-12 03:54:03,shipped,wallet,2.93,10
515,1881,2024-01-03 18:56:38,shipped,cod,19.08,15
516,1,2023-04-12 09:01:09,completed,debit_card,11.36,0
517,2444,2025-01-20 17:39:50,completed,paypal,15.18,0
518,438,2023-08-29 08:35:00,shipped,wallet,17.14,0
519,8,2023-11-19 02:01:22,completed,credit_card,7.37,0
520,969,2024-04-07 04:01:13,completed,credit_card,14.86,20
521,82,2024-01-16 18:22:22,completed,paypal,13.95,20
522,1169,2025-01-22 11:56:12,processing,cod,17.37,0
523,1210,2024-02-04 15:20:40,completed,wallet,12.06,15
524,1441,2024-04-17 12:52:04,completed,wallet,3.56,5
525,788,2023-04-30 16:04:18,completed,cod,14.13,5
526,1632,2024-08-23 21:42:58,shipped,credit_card,18.84,20
527,2314,2024-05-16 05:19:14,completed,cod,8.94,0
528,522,2024-12-31 12:34:27,completed,cod,9.82,10
529,533,2023-04-17 17:44:06,completed,paypal,0.11,20
530,1681,2024-12-31 01:04:47,shipped,debit_card,8.98,0
531,1369,2025-06-17 11:48:29,shipped,cod,10.46,5
532,1578,2024-08-09 15:28:12,completed,credit_card,12.61,5
533,3,2023-09-19 21:20:00,completed,credit_card,17.63,0
534,1155,2024-11-14 13:04:43,completed,upi,7.98,0
535,548,2025-03-22 22:57:13,completed,wallet,2.84,10
536,64,2024-07-14 03:56:15,completed,paypal,3.65,5
537,1396,2023-05-15 07:09:19,returned,credit_card,10.31,10
538,1124,2023-02-06 08:32:54,cancelled,upi,0.0,15
539,467,2025-01-02 11:46:34,completed,upi,6.96,0
540,1116,2025-04-20 01:59:50,completed,debit_card,10.18,0
541,431,2025-02-24 07:26:53,completed,cod,0.5,0
542,818,2023-06-18 23:23:44,cancelled,cod,0.0,0
543,1656,2023-02-11 05:57:49,completed,upi,15.74,20
544,931,2023-03-13 19:12:46,completed,paypal,10.13,10
545,1348,2023-12-05 16:23:25,completed,wallet,18.57,0
546,429,2023-06-12 14:24:13,completed,upi,20.92,15
547,1743,2023-03-18 11:02:18,completed,paypal,13.81,5
548,1177,2024-03-31 20:24:08,shipped,upi,15.96,5
549,244,2024-07-05 13:51:57,completed,debit_card,13.23,15
550,1700,2023-05-18 20:01:42,completed,paypal,14.14,20
551,1514,2024-01-31 00:35:57,completed,credit_card,20.83,0
552,1888,2025-01-26 14:46:12,cancelled,credit_card,0.0,5
553,1839,2023-09-15 05:26:58,shipped,cod,1.58,20
554,1152,2023-11-12 23:08:23,processing,wallet,21.92,10
555,59,2023-08-24 10:39:54,processing,wallet,0.65,15
556,1875,2024-01-09 14:52:27,processing,debit_card,17.46,20
557,1486,2024-11-10 23:18:51,completed,upi,7.88,15
558,671,2023-08-21 13:57:49,completed,paypal,6.46,10
559,890,2024-04-22 04:07:25,processing,credit_card,12.09,0
560,899,2024-08-06 12:28:03,completed,cod,0.99,0
561,1865,2025-04-12 13:25:42,completed,debit_card,21.05,0
562,534,2024-12-12 11:02:47,completed,debit_card,1.4,20
563,903,2025-02-08 19:20:07,completed,credit_card,15.36,20
564,665,2023-05-24 01:42:26,completed,cod,9.08,15
565,935,2023-06-01 04:16:15,shipped,paypal,9.31,0
566,148,2024-08-01 07:53:32,completed,credit_card,8.89,0
567,1416,2024-06-04 14:49:14,completed,debit_card,3.7,15
568,838,2025-01-16 06:35:45,completed,wallet,12.95,0
569,1739,2025-03-17 17:09:37,completed,credit_card,0.69,0
570,1968,2023-03-14 00:19:01,completed,cod,6.75,0
571,444,2024-04-17 16:21:13,completed,paypal,13.41,5
572,396,2024-02-20 17:41:49,completed,paypal,5.45,20
573,786,2024-09-20 00:48:25,completed,paypal,10.73,5
574,969,2024-07-27 22:59:09,completed,paypal,3.5,5
575,415,2024-08-26 03:16:48,completed,paypal,10.45,0
576,846,2023-06-07 07:32:53,completed,upi,12.99,0
577,268,2024-08-12 14:15:41,shipped,credit_card,20.75,0
578,610,2024-11-17 15:45:30,completed,debit_card,16.47,20
579,223,2024-12-15 14:23:48,cancelled,cod,0.0,15
580,1866,2024-08-18 09:15:20,completed,upi,9.93,15
581,228,2023-02-21 01:09:53,completed,cod,0.61,5
582,1991,2024-02-27 09:02:57,cancelled,upi,0.0,15
583,146,2024-11-05 10:40:17,completed,paypal,19.99,0
584,1455,2023-05-09 23:52:48,completed,debit_card,19.66,0
585,68,2023-04-23 09:32:31,shipped,debit_card,2.68,20
586,430,2024-05-10 22:33:29,completed,cod,21.66,0
587,1445,2023-06-01 20:47:47,completed,credit_card,21.92,0
588,1913,2023-04-27 15:17:38,shipped,upi,18.68,0
589,1603,2025-06-16 06:18:54,completed,credit_card,7.66,0
590,106,2024-09-30 09:52:20,completed,upi,1.46,10
591,1476,2023-04-11 23:32:46,completed,wallet,13.5,10
592,1034,2024-04-05 04:45:55,processing,wallet,15.94,5
593,784,2023-01-13 10:04:25,shipped,wallet,20.26,0
594,912,2023-06-09 09:28:54,completed,upi,9.0,10
595,16,2025-01-02 18:42:44,completed,credit_card,7.73,20
596,27,2025-04-12 17:23:38,completed,debit_card,7.87,10
597,1747,2024-05-03 10:22:24,returned,debit_card,3.62,15
598,615,2023-06-08 23:00:52,cancelled,paypal,0.0,0
599,1810,2023-07-20 05:28:23,completed,wallet,12.22,10
600,1455,2023-02-08 17:44:12,completed,credit_card,14.69,0
601,1668,2024-05-30 15:23:05,returned,paypal,13.03,0
602,2,2024-10-13 01:14:59,completed,wallet,6.56,0
603,910,2024-10-05 17:00:03,completed,credit_card,6.57,10
604,575,2023-10-30 01:40:08,completed,wallet,13.48,5
605,493,2023-08-07 18:50:37,completed,credit_card,16.87,0
606,701,2024-01-19 01:56:00,completed,cod,7.44,5
607,1563,2023-11-27 17:17:52,completed,wallet,13.2,0
608,573,2023-02-01 11:11:27,completed,debit_card,19.91,15
609,494,2023-10-01 13:13:13,completed,credit_card,8.72,0
610,1376,2025-06-27 19:49:20,completed,debit_card,8.22,0
611,772,2024-03-12 03:58:29,completed,paypal,21.34,0
612,1597,2024-06-18 14:02:53,returned,debit_card,1.82,5
613,723,2023-11-01 04:23:22,shipped,credit_card,14.74,5
614,178,2024-05-13 21:25:15,completed,wallet,13.75,0
615,876,2023-11-14 16:13:46,completed,upi,2.71,0
616,1923,2024-01-16 08:20:31,completed,cod,16.55,10
617,1029,2024-08-13 11:06:39,completed,cod,15.7,0
618,63,2024-08-25 11:32:45,completed,paypal,4.05,5
619,1971,2024-01-22 15:55:50,processing,paypal,20.47,5
620,1185,2023-07-21 08:21:18,completed,paypal,18.89,0
621,1457,2025-02-03 14:10:25,cancelled,wallet,0.0,0
622,1127,2023-01-10 17:06:19,completed,cod,10.2,0
623,1394,2023-08-12 17:23:25,completed,debit_card,15.26,10
624,1606,2025-03-19 03:12:30,completed,debit_card,19.43,20
625,1584,2025-04-23 17:37:00,returned,upi,14.87,5
626,1240,2024-09-21 21:04:47,shipped,debit_card,8.39,20
627,536,2024-07-28 03:21:28,completed,debit_card,8.23,20
628,225,2025-01-08 04:29:44,cancelled,wallet,0.0,15
629,1044,2025-06-15 10:59:33,shipped,paypal,14.04,0
630,677,2023-10-24 14:28:03,shipped,wallet,4.78,0
631,998,2024-12-01 07:09:10,completed,cod,0.82,5
632,192,2023-06-15 18:10:46,cancelled,cod,0.0,5
633,730,2025-06-18 15:59:47,completed,debit_card,9.1,5
634,425,2024-08-05 10:10:42,completed,cod,7.65,0
635,959,2025-01-18 17:26:09,completed,cod,17.92,5
636,1326,2023-12-11 19:57:39,completed,wallet,15.62,0
637,2388,2025-01-03 01:45:29,unknown,debit_card,12.22,15
638,600,2023-08-06 19:21:13,shipped,cod,20.27,0
639,150,2023-03-16 15:25:55,shipped,debit_card,6.49,0
640,1250,2024-11-05 23:25:37,completed,upi,6.51,10
641,411,2023-10-11 04:35:53,completed,paypal,5.37,10
642,1376,2024-01-13 20:53:34,shipped,wallet,12.91,0
643,715,2025-05-20 17:53:18,completed,upi,20.01,10
644,1168,2023-05-22 19:31:33,completed,wallet,11.12,5
645,805,2025-04-16 21:09:46,processing,debit_card,21.75,5
646,623,2024-08-08 15:13:03,completed,cod,16.85,0
647,1426,2023-11-04 19:28:22,completed,wallet,20.01,5
648,92,2023-09-27 12:10:56,returned,wallet,20.94,0
649,1578,2024-10-10 12:56:16,completed,cod,17.36,0
650,526,2024-12-12 11:25:21,cancelled,debit_card,0.0,0
651,1382,2024-01-15 19:52:39,shipped,debit_card,13.3,10
652,213,2024-09-21 23:28:46,completed,credit_card,11.2,5
653,331,2024-12-15 09:57:02,completed,upi,9.51,5
654,218,2023-07-30 14:45:13,shipped,debit_card,9.54,10
655,596,2023-07-13 20:49:24,completed,upi,7.25,10
656,1788,2024-07-14 21:19:44,completed,paypal,5.93,15
657,1316,2023-01-26 21:08:29,completed,credit_card,16.08,0
658,823,2024-06-19 08:43:15,completed,debit_card,8.98,0
659,28,2025-02-13 08:29:18,completed,paypal,17.28,5
660,625,2024-08-30 10:35:24,returned,upi,14.92,5
661,677,2023-04-12 21:07:45,shipped,cod,14.58,5
662,1291,2023-09-06 14:01:11,processing,upi,18.26,10
663,1333,2024-09-26 14:28:32,shipped,wallet,5.54,0
664,822,2024-12-20 23:49:38,processing,debit_card,6.17,20
665,130,2024-10-17 02:29:35,completed,paypal,0.85,0
666,639,2023-11-22 18:50:36,cancelled,upi,0.0,10
667,563,2023-09-17 05:21:28,completed,paypal,3.28,5
668,1550,2024-11-01 03:20:35,processing,wallet,1.78,0
669,1892,2024-10-11 03:39:33,completed,upi,10.02,0
670,208,2023-09-27 23:43:38,completed,credit_card,11.25,20
671,1946,2023-04-25 13:44:06,completed,paypal,0.71,0
672,1917,2023-05-21 12:16:36,shipped,paypal,13.37,0
673,956,2023-10-15 02:02:35,completed,paypal,12.99,15
674,1816,2023-03-01 05:45:59,processing,cod,10.64,0
675,235,2024-12-27 13:06:00,completed,paypal,17.8,5
676,110,2025-02-21 00:50:52,processing,credit_card,13.06,0
677,925,2026-11-19 00:00:00,completed,cod,18.49,0
678,1653,2025-03-19 22:42:30,completed,debit_card,16.39,0
679,1473,2023-11-16 13:37:39,shipped,paypal,6.55,0
680,769,2023-04-04 08:55:49,completed,credit_card,5.17,15
681,1368,2023-05-14 12:35:10,shipped,wallet,8.37,0
682,1871,2023-01-14 17:23:31,completed,paypal,19.17,0
683,1264,2024-09-06 06:37:12,completed,debit_card,9.98,5
684,239,2025-02-17 07:35:47,shipped,debit_card,12.86,5
685,1590,2024-11-15 11:28:43,cancelled,upi,0.0,0
686,619,2024-04-06 13:24:46,cancelled,upi,0.0,0
687,611,2023-09-28 11:30:25,completed,cod,4.99,10
688,1899,2023-02-03 22:31:59,completed,debit_card,0.07,0
689,676,2023-12-13 12:03:48,completed,upi,16.34,15
690,983,2023-07-12 17:56:00,completed,upi,15.32,20
691,277,2023-06-15 08:57:03,completed,upi,17.39,5
692,1750,2024-05-01 19:46:04,completed,debit_card,18.24,0
693,1209,2025-06-21 04:22:34,completed,debit_card,15.35,0
694,1425,2023-09-24 18:57:05,completed,debit_card,9.28,0
695,1412,2023-03-29 10:21:26,shipped,wallet,6.51,10
696,1501,2023-12-05 09:11:19,completed,paypal,2.33,20
697,218,2023-10-11 00:48:08,completed,wallet,11.92,0
698,1510,2024-06-08 13:25:58,shipped,upi,15.31,0
699,1303,2023-10-20 07:57:05,cancelled,upi,0.0,5
700,272,2023-09-24 15:36:27,shipped,credit_card,15.14,10
701,30,2023-05-27 05:57:47,completed,paypal,5.91,0
702,854,2024-03-01 14:08:04,processing,paypal,10.89,0
703,1847,2023-04-20 16:07:34,completed,cod,5.88,15
704,1710,2023-04-12 15:13:14,completed,cod,14.89,20
705,472,2024-01-05 22:07:45,completed,wallet,11.59,5
706,1706,2023-02-03 17:21:55,completed,cod,13.94,10
707,938,2023-07-13 13:27:16,,cod,7.48,0
708,46,2024-11-03 23:59:42,completed,upi,19.98,0
709,1910,2024-11-26 23:48:07,completed,upi,9.51,0
710,1933,2023-02-01 01:45:30,completed,paypal,12.39,15
711,891,2025-06-12 23:35:11,completed,paypal,7.13,0
712,891,2023-04-23 00:07:11,shipped,paypal,17.63,0
713,771,2024-04-12 08:40:07,processing,debit_card,11.38,0
714,1652,2026-11-19 00:00:00,shipped,paypal,3.24,20
715,623,2024-03-12 22:05:32,completed,cod,8.31,15
716,1392,2024-10-17 01:19:48,shipped,credit_card,9.87,0
717,946,2024-10-26 21:16:53,completed,debit_card,20.75,5
718,284,2024-07-04 03:21:20,completed,paypal,19.32,20
719,974,2024-03-13 03:04:29,cancelled,upi,0.0,5
720,1616,2023-02-20 04:54:37,completed,wallet,0.74,5
721,1640,2024-06-02 02:58:52,completed,debit_card,20.1,20
722,956,2023-02-14 21:35:15,completed,credit_card,16.18,20
723,1817,2024-05-09 10:23:48,shipped,paypal,8.84,0
724,1196,2024-10-01 09:53:10,shipped,upi,12.05,0
725,1017,2024-10-18 19:36:49,processing,upi,14.97,10
726,1210,2023-05-21 06:12:21,shipped,debit_card,5.75,0
727,1034,2025-01-16 23:25:06,processing,cod,20.15,15
728,548,2024-10-11 23:23:05,completed,debit_card,20.92,10
729,1720,2023-06-21 19:32:40,completed,debit_card,11.84,20
730,188,2025-04-30 20:54:57,shipped,debit_card,21.13,0
731,758,2025-06-11 00:58:06,processing,credit_card,18.49,15
732,1853,2023-10-28 02:43:05,returned,upi,1.94,0
733,1951,2023-04-08 12:18:08,completed,paypal,6.53,5
734,487,2024-04-19 11:08:08,cancelled,cod,0.0,15
735,629,2023-05-08 10:27:08,cancelled,credit_card,0.0,5
736,121,2025-03-28 18:58:03,completed,wallet,2.72,10
737,1901,2024-09-16 15:41:21,processing,cod,17.14,0
738,1638,2023-05-15 03:22:20,completed,debit_card,14.57,15
739,949,2024-02-20 06:50:08,shipped,paypal,17.71,10
740,819,2023-01-25 18:07:19,completed,debit_card,17.41,20
741,1956,2024-09-12 00:59:41,shipped,wallet,12.75,0
742,532,2023-11-14 06:32:02,cancelled,paypal,0.0,5
743,872,2024-01-05 04:25:13,completed,upi,14.24,0
744,675,2023-07-08 08:38:48,shipped,cod,12.91,20
745,903,2023-07-19 01:37:19,completed,wallet,8.99,0
746,1496,2024-09-03 19:32:19,processing,cod,16.7,5
747,448,2023-08-28 15:19:10,completed,cod,11.31,5
748,301,2023-05-04 06:21:38,shipped,upi,7.09,0
749,1303,2024-03-28 06:12:35,completed,debit_card,9.43,0
750,550,2024-09-23 02:26:21,completed,wallet,9.59,0
751,78,2023-05-14 09:08:53,completed,wallet,3.42,0
752,343,2025-01-15 00:41:07,completed,cod,16.86,5
753,403,2024-04-11 01:15:42,completed,debit_card,9.65,0
754,1200,2023-08-28 14:31:24,completed,upi,18.83,15
755,1456,2025-04-04 10:30:43,completed,wallet,20.36,0
756,326,2024-08-23 01:27:48,completed,paypal,8.75,15
757,1388,2024-03-06 19:51:52,processing,debit_card,7.46,15
758,1556,2024-01-15 21:00:25,shipped,upi,5.99,5
759,1569,2024-11-01 22:44:55,shipped,upi,17.62,0
760,1422,2024-01-10 08:47:41,completed,cod,10.2,0
761,517,2024-12-19 05:25:15,completed,paypal,5.29,0
762,702,2024-02-24 23:52:53,shipped,credit_card,8.66,0
763,1588,2025-06-23 05:15:17,processing,cod,6.63,5
764,489,2023-11-28 12:18:47,shipped,paypal,9.77,0
765,1999,2024-11-21 15:27:15,completed,upi,14.73,5
766,444,2025-02-14 15:45:52,completed,credit_card,2.7,0
767,1734,2023-03-03 01:43:11,completed,upi,10.12,20
768,1852,2023-08-31 11:40:22,processing,debit_card,14.62,20
769,263,2023-07-26 08:36:44,completed,debit_card,5.07,0
770,1237,2024-12-28 03:51:58,completed,paypal,21.46,0
771,1994,2023-01-18 02:15:16,cancelled,debit_card,0.0,20
772,851,2024-01-04 14:36:37,completed,paypal,15.57,20
773,182,2023-07-16 03:09:24,returned,debit_card,1.66,15
774,1120,2025-05-31 17:59:18,completed,cod,19.03,5
775,225,2025-03-19 23:47:02,shipped,wallet,7.54,0
776,879,2025-03-07 21:41:32,completed,paypal,18.96,0
777,1997,2023-04-03 16:28:23,completed,cod,4.56,5
778,809,2024-03-28 04:14:39,completed,credit_card,21.81,15
779,193,2025-02-14 03:36:29,completed,cod,8.68,0
780,526,2024-10-29 01:10:55,completed,upi,0.81,15
781,1538,2025-01-25 19:37:39,completed,wallet,21.96,15
782,681,2024-01-19 02:01:15,completed,wallet,3.05,20
783,752,2024-03-05 06:51:58,completed,cod,5.1,20
784,173,2025-01-15 16:22:02,cancelled,debit_card,0.0,20
785,753,2025-03-08 06:29:51,completed,cod,0.26,0
786,926,2023-03-30 12:30:53,completed,wallet,8.4,0
787,1300,2025-05-12 14:21:43,completed,cod,5.7,20
788,463,2023-10-03 00:47:36,processing,wallet,15.96,0
789,706,2024-08-24 05:01:44,completed,upi,1.13,10
790,1049,2025-05-28 02:57:23,completed,cod,4.62,10
791,854,2023-01-18 17:18:46,completed,cod,4.0,20
792,84,2023-11-15 15:27:01,cancelled,upi,0.0,0
793,67,2024-09-24 01:05:14,cancelled,paypal,0.0,0
794,471,2024-01-27 19:51:34,completed,wallet,19.57,20
795,626,2023-05-21 08:16:01,completed,credit_card,0.73,5
796,1186,2025-03-19 05:31:27,completed,paypal,19.9,10
797,620,2023-07-25 01:46:16,processing,upi,12.11,15
798,1273,2024-05-21 11:13:26,returned,cod,17.07,15
799,157,2024-01-26 20:15:52,processing,upi,3.82,20
800,18,2023-12-31 05:06:28,completed,credit_card,10.36,0
801,1441,2023-01-06 15:12:14,cancelled,paypal,0.0,0
802,1349,2023-04-16 20:50:43,cancelled,debit_card,0.0,20
803,986,2025-04-10 09:36:34,completed,debit_card,4.44,10
804,1771,2024-02-08 07:10:33,returned,debit_card,8.83,0
805,1735,2025-01-20 21:59:06,completed,credit_card,12.57,0
806,259,2024-01-06 03:32:00,completed,credit_card,18.29,10
807,1294,2024-07-31 19:27:03,processing,debit_card,17.65,15
808,1661,2024-12-27 14:45:36,completed,debit_card,7.61,0
809,405,2024-06-16 05:20:47,shipped,upi,3.63,20
810,1901,2025-04-09 10:45:41,shipped,upi,12.79,5
811,2133,2024-10-12 19:35:44,completed,debit_card,6.34,0
812,1701,2023-04-02 02:32:01,shipped,debit_card,2.39,15
813,1867,2023-04-13 06:27:13,returned,cod,21.33,0
814,457,2023-12-04 18:17:24,shipped,paypal,9.86,0
815,1867,2025-01-17 16:08:43,processing,paypal,5.48,10
816,1520,2024-04-12 21:21:30,shipped,credit_card,0.94,0
817,833,2023-04-15 22:35:01,shipped,upi,11.07,0
818,1536,2023-04-06 00:24:08,completed,paypal,20.81,0
819,936,2023-11-04 18:44:52,processing,debit_card,5.42,5
820,867,2024-04-26 22:04:10,completed,upi,20.53,0
821,999,2023-05-20 11:01:58,completed,upi,1.19,10
822,1272,2023-08-31 18:08:48,completed,paypal,5.12,20
823,1685,2024-06-20 08:12:02,completed,wallet,15.15,10
824,1634,2023-12-25 05:55:01,completed,paypal,9.01,0
825,86,2024-03-25 04:43:56,completed,upi,11.02,0
826,583,2024-10-10 17:10:29,processing,cod,3.27,20
827,182,2025-03-30 08:28:16,completed,cod,1.01,0
828,1099,2023-09-07 00:52:12,completed,upi,20.88,15
829,1484,2023-02-14 16:55:59,completed,cod,9.76,10
830,1055,2024-10-11 02:48:45,completed,upi,19.65,0
831,100,2024-11-12 19:12:43,cancelled,credit_card,0.0,0
832,496,2023-01-29 15:03:54,completed,cod,10.58,10
833,212,2023-08-12 00:57:01,completed,paypal,7.41,0
834,1525,2023-02-26 15:59:56,completed,debit_card,12.5,5
835,1375,2023-04-03 08:02:44,completed,paypal,3.46,0
836,1069,2024-08-09 13:39:15,completed,paypal,13.9,0
837,1837,2024-03-21 19:00:57,completed,credit_card,4.06,0
838,884,2023-03-09 11:43:44,processing,debit_card,12.74,5
839,297,2023-09-06 15:52:02,completed,paypal,11.81,20
840,313,2024-08-13 17:05:03,shipped,paypal,17.34,10
841,1614,2023-05-24 17:12:17,completed,credit_card,17.92,20
842,228,2025-05-23 14:24:38,completed,paypal,20.28,15
843,1029,2024-07-15 00:57:50,completed,credit_card,17.75,5
844,1939,2023-08-25 20:21:05,shipped,paypal,17.39,5
845,806,2024-03-24 20:06:41,processing,paypal,1.56,20
846,75,2023-05-07 03:53:04,completed,paypal,6.5,20
847,1907,2024-03-24 08:32:57,completed,cod,8.8,10
848,110,2024-12-09 08:43:19,completed,upi,20.89,20
849,910,2025-03-30 22:00:07,cancelled,credit_card,0.0,10
850,917,2024-03-09 21:39:27,completed,paypal,14.6,15
851,638,2025-06-28 19:13:58,completed,paypal,4.72,5
852,444,2025-06-01 05:46:44,shipped,debit_card,6.01,5
853,499,2023-08-27 08:25:41,shipped,upi,14.6,0
854,1833,2025-01-18 03:32:15,completed,upi,0.13,0
855,821,2023-11-21 02:08:16,completed,credit_card,2.24,0
856,203,2025-04-20 10:10:53,completed,debit_card,7.97,0
857,395,2025-05-22 19:12:56,completed,cod,13.79,0
858,1749,2024-04-15 14:59:33,completed,credit_card,16.81,15
859,1846,2024-07-17 14:11:13,shipped,debit_card,2.78,0
860,847,2024-02-11 16:33:11,shipped,debit_card,9.32,0
861,1349,2023-10-07 03:08:14,completed,debit_card,19.48,15
862,1858,2024-10-05 20:43:19,completed,paypal,16.72,0
863,175,2024-06-02 18:19:22,completed,wallet,1.23,15
864,239,2024-10-02 17:29:08,shipped,wallet,0.49,0
865,1348,2025-06-01 00:08:43,completed,upi,21.34,20
866,1973,2024-12-09 10:45:42,shipped,paypal,8.64,15
867,66,2025-02-28 09:42:28,completed,paypal,21.87,10
868,967,2025-03-21 10:28:35,completed,debit_card,15.76,0
869,963,2024-01-29 14:51:04,completed,debit_card,10.78,15
870,1052,2023-06-28 08:55:42,shipped,wallet,2.84,5
871,493,2024-05-15 13:55:59,shipped,credit_card,15.52,0
872,1960,2025-05-20 07:47:46,shipped,wallet,8.72,0
873,893,2024-08-30 08:11:01,completed,cod,6.32,20
874,1701,2023-09-22 00:26:01,completed,credit_card,7.89,0
875,400,2023-07-09 18:47:31,completed,debit_card,15.36,15
876,1303,2024-04-17 11:55:53,cancelled,wallet,0.0,20
877,1874,2024-05-27 00:49:41,processing,wallet,9.58,0
878,1861,2024-07-11 06:57:36,completed,credit_card,15.55,10
879,1354,2024-07-20 04:15:15,completed,paypal,12.4,5
880,844,2023-08-10 19:49:18,completed,wallet,2.29,5
881,1867,2023-03-02 13:07:34,completed,debit_card,3.99,20
882,1533,2023-04-20 06:45:45,completed,cod,12.91,15
883,1497,2025-06-07 22:50:18,shipped,cod,2.79,0
884,749,2025-05-21 04:56:24,completed,credit_card,12.01,20
885,1017,2024-03-18 01:25:56,returned,wallet,14.38,0
886,1312,2024-06-17 09:22:54,completed,paypal,21.86,0
887,923,2025-02-27 04:36:52,cancelled,upi,0.0,15
888,954,2024-08-25 15:03:32,cancelled,debit_card,0.0,0
889,1196,2023-09-01 11:01:37,completed,paypal,6.22,0
890,384,2023-12-15 07:05:31,returned,wallet,17.63,0
891,923,2023-08-31 03:26:51,shipped,debit_card,5.4,5
892,84,2024-09-30 13:55:20,completed,paypal,5.84,20
893,1960,2023-08-18 02:15:50,shipped,upi,7.15,5
894,2231,2024-07-30 07:04:35,processing,paypal,1.12,5
895,1377,2024-04-29 01:47:27,completed,upi,9.02,0
896,377,2023-10-13 11:07:40,completed,paypal,14.88,5
897,947,2023-02-06 21:43:28,completed,credit_card,3.8,0
898,1832,2023-09-12 03:04:08,completed,cod,14.28,15
899,231,2023-01-04 19:08:09,completed,debit_card,3.81,5
900,1337,2024-12-20 17:06:51,completed,credit_card,6.94,10
901,109,2024-03-28 06:20:48,shipped,cod,7.13,15
902,527,2024-06-16 06:35:31,completed,upi,15.29,5
903,1854,2025-03-09 09:24:40,completed,cod,6.74,5
904,869,2023-02-21 16:35:47,shipped,cod,0.23,0
905,1782,2025-06-15 16:38:17,shipped,cod,11.52,0
906,1718,2024-09-11 16:25:35,completed,cod,12.24,0
907,1694,2024-03-19 02:13:00,completed,cod,12.74,15
908,1670,2023-06-14 21:00:32,shipped,debit_card,0.26,0
909,68,2023-05-08 05:45:58,shipped,upi,8.02,10
910,1564,2024-02-05 15:46:21,completed,upi,6.25,0
911,385,2024-01-06 06:32:08,processing,debit_card,19.1,20
912,1656,2024-12-12 04:12:38,shipped,cod,6.56,15
913,1505,2023-03-12 02:40:16,completed,credit_card,12.43,10
914,1640,2023-04-21 00:22:21,completed,cod,13.41,15
915,1482,2023-11-05 10:50:22,shipped,credit_card,19.31,0
916,686,2024-05-30 13:28:03,processing,cod,19.13,5
917,517,2025-01-07 00:23:38,cancelled,upi,0.0,0
918,1330,2024-12-07 19:28:52,completed,upi,7.27,0
919,279,2025-06-21 22:22:15,returned,credit_card,15.21,10
920,1614,2024-04-02 15:42:23,completed,wallet,7.69,0
921,1445,2023-07-25 12:58:57,completed,upi,0.62,5
922,1892,2024-04-10 06:30:26,completed,wallet,3.88,15
923,1114,2023-01-23 06:29:37,processing,upi,11.87,20
924,612,2024-06-22 14:32:27,completed,upi,5.1,5
925,1072,2025-04-19 07:38:18,completed,paypal,18.35,10
926,316,2023-03-11 01:26:25,shipped,debit_card,17.92,10
927,1935,2025-04-21 07:30:41,shipped,debit_card,11.64,15
928,467,2023-12-11 15:41:53,shipped,wallet,15.49,5
929,928,2025-02-15 06:22:53,shipped,paypal,4.69,10
930,1894,2024-11-27 04:41:54,completed,paypal,0.92,15
931,1435,2023-12-13 07:29:48,processing,upi,14.28,0
932,1749,2023-04-18 10:07:04,completed,paypal,8.79,15
933,1529,2023-12-21 14:18:08,shipped,credit_card,21.23,0
934,1260,2024-02-11 15:30:26,completed,paypal,21.1,5
935,462,2024-01-16 11:59:22,completed,wallet,20.8,5
936,869,2025-05-03 23:11:17,completed,credit_card,0.84,15
937,574,2023-11-04 03:48:10,completed,wallet,9.9,0
938,754,2023-02-09 11:39:12,completed,wallet,13.84,0
939,752,2023-08-11 18:47:36,completed,wallet,17.02,15
940,1653,2023-07-30 12:02:22,completed,paypal,10.19,0
941,1583,2024-11-09 02:11:52,shipped,credit_card,12.67,0
942,1194,2025-06-01 15:24:04,completed,upi,13.37,0
943,833,2023-01-13 16:16:01,cancelled,credit_card,0.0,0
944,876,2025-04-29 12:35:40,completed,debit_card,2.55,0
945,81,2023-05-24 07:57:38,processing,debit_card,13.6,10
946,619,2024-07-13 23:03:28,completed,wallet,12.67,10
947,658,2024-09-01 19:30:51,shipped,credit_card,9.73,0
948,1425,2023-04-18 12:08:18,completed,debit_card,15.2,10
949,1776,2023-02-16 20:54:42,shipped,credit_card,16.8,0
950,1693,2025-02-09 09:39:57,shipped,wallet,18.91,5
951,402,2025-02-11 18:46:09,completed,wallet,21.39,15
952,1955,2023-10-19 23:46:53,completed,debit_card,1.33,5
953,1414,2024-12-17 11:14:57,completed,paypal,11.5,0
954,1344,2023-03-17 10:18:18,completed,paypal,4.74,0
955,2395,2025-02-04 16:10:41,completed,cod,18.45,0
956,1601,2023-02-07 04:02:04,cancelled,debit_card,0.0,20
957,1723,2023-10-27 01:14:17,completed,paypal,15.29,5
958,805,2023-12-25 16:08:20,completed,debit_card,2.32,0
959,552,2024-01-29 02:48:33,completed,credit_card,15.55,15
960,1879,2023-02-18 05:32:31,cancelled,cod,0.0,10
961,529,2023-09-30 13:14:52,completed,cod,16.57,20
962,1386,2024-02-28 14:39:44,completed,cod,7.79,5
963,771,2025-01-02 13:38:59,shipped,wallet,18.86,20
964,61,2025-06-10 00:51:48,shipped,credit_card,11.96,0
965,1527,2025-01-06 02:49:33,completed,debit_card,17.83,10
966,284,2023-05-12 08:00:38,shipped,wallet,15.36,0
967,1188,2024-03-18 01:23:48,completed,paypal,14.83,20
968,257,2024-03-16 23:26:05,completed,credit_card,16.23,0
969,1887,2024-03-24 01:03:51,shipped,debit_card,6.89,0
970,1349,2025-02-03 04:57:11,completed,credit_card,20.2,5
971,133,2025-03-26 01:42:26,returned,wallet,19.58,20
972,1754,2025-02-23 05:41:56,shipped,paypal,3.79,20
973,1718,2025-02-08 20:26:57,completed,credit_card,13.92,0
974,340,2024-09-22 23:26:53,returned,upi,14.65,5
975,417,2025-05-03 07:54:10,processing,paypal,10.11,5
976,20,2023-02-02 21:27:37,processing,credit_card,11.61,10
977,1417,2024-11-07 01:12:34,completed,upi,20.55,0
978,329,2025-02-19 01:19:37,returned,upi,12.7,0
979,306,2023-04-05 18:37:20,returned,debit_card,1.28,0
980,1589,2023-03-02 22:19:00,completed,cod,7.54,15
981,1143,2023-11-07 20:28:48,shipped,credit_card,1.36,20
982,1092,2024-07-05 09:35:04,completed,cod,5.08,0
983,470,2025-01-02 12:06:08,shipped,credit_card,0.15,15
984,1300,2023-05-09 03:25:55,shipped,wallet,20.28,0
985,1337,2024-08-22 21:11:05,processing,paypal,16.01,15
986,892,2024-03-25 12:20:01,completed,upi,4.36,10
987,1865,2024-12-29 04:13:59,shipped,debit_card,14.91,0
988,1597,2023-05-06 08:36:32,shipped,credit_card,8.71,5
989,2370,2024-06-04 07:48:25,completed,debit_card,3.36,0
990,592,2023-01-12 05:16:51,completed,wallet,6.29,0
991,958,2023-11-13 22:33:44,completed,debit_card,7.72,5
992,1236,2023-01-17 02:51:53,completed,wallet,0.5,5
993,1170,2023-11-04 02:52:31,completed,wallet,20.67,0
994,506,2024-02-27 09:10:21,returned,paypal,20.11,20
995,1935,2024-05-20 18:34:24,cancelled,paypal,0.0,5
996,1670,2024-02-15 03:29:24,shipped,paypal,13.62,10
997,491,2023-03-12 00:39:35,completed,wallet,8.58,5
998,1034,2024-12-02 23:03:43,completed,paypal,19.09,5
999,238,2024-06-09 02:38:33,shipped,wallet,8.91,0
1000,454,2023-11-30 18:27:39,completed,wallet,15.73,5
1001,1,2023-02-10 06:04:22,completed,debit_card,17.38,0
1002,725,2024-12-24 10:28:13,completed,cod,1.21,15
1003,1607,2024-08-03 11:41:51,completed,credit_card,14.78,15
1004,334,2025-05-17 14:22:31,returned,paypal,0.38,15
1005,426,2023-08-07 06:06:52,completed,debit_card,21.16,0
1006,1415,2023-10-09 15:50:30,processing,wallet,0.72,0
1007,1005,2023-05-25 22:33:56,completed,wallet,1.4,0
1008,1247,2023-12-11 07:47:08,completed,wallet,11.18,5
1009,591,2024-07-12 04:03:19,completed,credit_card,18.54,20
1010,210,2024-02-03 16:46:06,shipped,paypal,9.35,0
1011,72,2024-10-05 01:57:14,shipped,paypal,8.76,10
1012,1333,2024-11-19 06:34:14,completed,wallet,16.74,10
1013,586,2025-02-08 12:41:50,returned,upi,21.76,15
1014,281,2025-04-19 02:00:04,completed,cod,11.49,0
1015,746,2025-02-11 10:27:49,completed,debit_card,7.09,0
1016,2264,2025-03-22 15:29:04,completed,credit_card,9.96,0
1017,558,2024-07-31 01:17:17,completed,cod,5.06,15
1018,1799,2025-06-17 21:43:07,completed,wallet,2.4,20
1019,1794,2025-01-18 07:34:43,completed,paypal,0.99,0
1020,190,2023-12-04 02:44:50,cancelled,wallet,0.0,10
1021,1647,2025-05-30 14:09:00,processing,upi,7.56,5
1022,295,2023-10-31 13:50:53,returned,debit_card,6.92,0
1023,1392,2025-05-15 10:08:41,completed,debit_card,5.54,0
1024,904,2024-09-08 06:25:29,completed,credit_card,11.71,10
1025,738,2023-10-22 12:08:12,shipped,upi,2.82,15
1026,527,2024-02-14 01:34:54,shipped,upi,1.8,0
1027,1255,2025-01-13 19:53:10,completed,debit_card,5.0,0
1028,1622,2024-04-14 23:40:45,completed,paypal,16.26,10
1029,1657,2023-07-23 05:50:15,completed,cod,5.61,5
1030,1234,2024-05-14 10:07:41,completed,credit_card,6.38,0
1031,635,2024-12-15 07:46:05,processing,upi,0.4,5
1032,1613,2025-04-16 22:39:18,completed,cod,9.14,10
1033,442,2023-11-16 23:52:53,completed,paypal,14.16,20
1034,1339,2024-02-16 01:53:38,completed,paypal,12.72,10
1035,720,2023-06-02 08:36:45,completed,upi,16.49,5
1036,1680,2025-05-08 06:07:43,shipped,paypal,3.67,10
1037,1863,2024-09-03 20:48:02,completed,upi,9.41,5
1038,709,2023-12-08 20:23:14,returned,cod,14.35,20
1039,1774,2023-02-12 19:49:29,completed,credit_card,7.35,10
1040,1991,2024-01-26 02:13:04,completed,cod,13.28,0
1041,1592,2024-01-24 12:00:15,shipped,wallet,21.58,15
1042,1560,2023-10-28 20:35:56,completed,debit_card,1.26,10
1043,1795,2025-01-29 11:14:23,completed,paypal,14.91,0
1044,1549,2025-03-24 14:38:49,shipped,paypal,11.02,5
1045,719,2024-09-03 14:30:05,processing,cod,9.78,15
1046,1327,2023-02-26 01:07:08,completed,paypal,5.31,5
1047,1278,2024-02-06 20:58:12,completed,paypal,6.15,20
1048,407,2025-04-09 00:57:22,completed,wallet,13.36,0
1049,2297,2023-12-06 07:24:53,returned,credit_card,6.91,0
1050,414,2024-03-28 14:21:57,completed,paypal,15.22,20
1051,1452,2025-06-13 02:39:29,processing,credit_card,0.47,15
1052,1159,2024-12-30 01:59:23,completed,credit_card,9.4,0
1053,1656,2024-06-18 06:57:02,shipped,upi,0.7,20
1054,490,2024-09-12 00:31:34,processing,debit_card,4.13,5
1055,914,2023-01-14 22:51:24,shipped,credit_card,10.76,0
1056,876,2024-02-20 06:42:54,completed,debit_card,16.75,15
1057,1774,2024-05-25 09:43:32,CANCEL,paypal,13.64,5
1058,502,2024-08-28 18:46:29,completed,credit_card,9.42,15
1059,1600,2023-03-26 00:26:15,completed,wallet,0.83,0
1060,241,2024-07-02 16:58:50,processing,debit_card,15.02,0
1061,1887,2026-11-19 00:00:00,completed,cod,3.08,0
1062,919,2023-12-04 21:31:44,completed,upi,13.2,0
1063,895,2024-03-02 09:38:50,completed,credit_card,11.1,0
1064,1178,2024-10-19 10:51:23,processing,paypal,5.76,10
1065,279,2024-02-01 14:33:34,shipped,paypal,0.59,20
1066,916,2024-12-03 04:45:01,cancelled,cod,0.0,20
1067,1202,2024-01-21 18:01:10,completed,upi,1.37,0
1068,217,2024-11-08 21:18:34,completed,upi,14.5,5
1069,1847,2023-02-16 09:42:59,shipped,paypal,13.73,20
1070,1589,2023-08-26 17:52:30,shipped,debit_card,17.72,0
1071,493,2024-03-26 04:09:22,shipped,paypal,20.32,20
1072,850,2024-10-06 07:25:10,completed,paypal,16.69,0
1073,1195,2023-12-26 15:27:08,completed,cod,15.0,0
1074,1810,2025-03-15 03:30:50,completed,credit_card,21.55,0
1075,100,2023-02-21 05:31:13,completed,debit_card,15.57,10
1076,1082,2024-04-06 14:42:41,cancelled,upi,0.0,20
1077,599,2025-01-16 19:05:12,shipped,paypal,18.66,0
1078,559,2025-05-29 23:50:34,completed,credit_card,6.73,0
1079,1929,2023-08-26 01:12:10,processing,credit_card,18.63,10
1080,1291,2023-07-31 21:26:59,completed,credit_card,4.98,0
1081,1055,2024-10-04 14:52:28,completed,cod,21.2,5
1082,5,2023-03-26 01:25:53,completed,debit_card,20.16,15
1083,396,2024-01-26 09:31:49,completed,debit_card,1.93,15
1084,1285,2023-06-07 08:03:22,completed,paypal,1.09,0
1085,1211,2023-03-15 23:25:11,completed,credit_card,0.03,0
1086,684,2023-07-26 03:37:12,shipped,cod,9.44,0
1087,751,2023-07-11 20:30:53,complet,debit_card,2.39,10
1088,179,2023-10-07 00:32:28,completed,credit_card,3.86,0
1089,1832,2023-03-26 02:26:45,completed,wallet,1.26,5
1090,1583,2023-04-21 06:59:49,completed,upi,9.98,15
1091,1836,2024-11-18 04:25:02,completed,wallet,11.62,0
1092,1287,2024-05-29 01:30:10,completed,credit_card,6.7,20
1093,648,2023-06-03 01:19:30,completed,paypal,15.91,0
1094,245,2024-09-22 02:37:32,completed,upi,0.73,15
1095,377,2024-06-13 17:44:17,cancelled,wallet,0.0,20
1096,776,2024-11-21 10:17:26,completed,wallet,5.21,15
1097,1319,2025-02-15 01:13:55,shipped,wallet,6.6,5
1098,1772,2026-11-17 00:00:00,completed,upi,11.84,15
1099,1347,2024-08-18 00:12:23,processing,cod,9.59,20
1100,1614,2023-12-09 04:37:50,completed,cod,6.12,10
1101,1787,2023-11-01 22:46:08,completed,debit_card,11.6,0
1102,1506,2024-09-15 07:01:16,completed,debit_card,13.99,10
1103,492,2025-06-02 19:23:06,shipped,wallet,11.67,15
1104,1004,2025-02-10 11:59:21,completed,upi,9.92,0
1105,297,2023-02-26 01:46:33,shipped,upi,19.63,5
1106,444,2023-03-03 12:36:07,completed,wallet,15.92,5
1107,520,2025-01-15 17:43:42,completed,upi,13.0,15
1108,1911,2023-01-13 13:03:12,completed,wallet,17.84,5
1109,1874,2023-07-15 00:26:16,completed,debit_card,7.69,10
1110,1204,2023-08-07 14:30:59,completed,paypal,11.34,15
1111,404,2023-11-06 20:40:43,completed,upi,21.48,20
1112,534,2023-10-27 17:44:57,processing,credit_card,2.35,10
1113,1314,2023-06-26 12:13:19,completed,wallet,12.9,0
1114,1317,2023-05-24 16:58:10,processing,wallet,3.55,0
1115,514,2024-08-27 21:22:09,shipped,debit_card,12.53,0
1116,1356,2023-03-20 15:51:37,processing,cod,11.56,0
1117,274,2023-04-26 19:44:49,shipped,debit_card,0.01,0
1118,1244,2024-06-08 04:29:13,shipped,wallet,20.99,0
1119,1926,2023-04-15 14:30:24,completed,paypal,12.14,5
1120,580,2023-09-06 14:26:23,cancelled,credit_card,0.0,0
1121,1052,2024-07-16 01:30:58,completed,debit_card,12.77,0
1122,923,2024-04-14 02:17:10,completed,cod,14.23,15
1123,1229,2023-07-13 14:19:44,completed,paypal,20.89,0
1124,1808,2023-08-02 10:25:09,completed,cod,16.89,0
1125,977,2023-05-07 20:59:40,returned,debit_card,6.89,20
1126,276,2023-11-04 10:21:35,shipped,cod,16.53,5
1127,107,2023-02-01 18:57:32,completed,paypal,18.8,0
1128,1483,2023-12-30 09:40:29,completed,cod,14.47,20
1129,82,2024-03-01 22:48:47,cancelled,upi,0.0,20
1130,1397,2025-06-17 19:41:04,shipped,paypal,5.49,15
1131,774,2025-02-22 19:41:14,returned,credit_card,5.23,0
1132,682,2024-06-06 23:06:26,processing,wallet,0.76,0
1133,1763,2024-10-28 06:06:23,shipped,credit_card,20.74,0
1134,1888,2023-08-10 03:39:35,completed,wallet,10.71,10
1135,1745,2024-05-12 08:19:47,returned,debit_card,9.71,0
1136,1571,2024-06-03 08:41:52,completed,credit_card,0.59,20
1137,49,2025-04-25 00:47:49,completed,upi,1.38,15
1138,1015,2024-02-02 09:23:35,completed,credit_card,0.95,0
1139,135,2023-01-19 14:54:17,completed,paypal,8.06,15
1140,1419,2024-12-22 04:36:07,completed,credit_card,15.64,20
1141,1100,2023-05-11 12:39:47,completed,wallet,13.99,0
1142,240,2024-01-28 21:16:04,shipped,cod,17.79,0
1143,654,2025-03-03 06:07:56,completed,cod,14.03,0
1144,467,2025-03-13 10:49:53,completed,debit_card,21.5,15
1145,1919,2023-02-25 22:35:40,cancelled,cod,0.0,15
1146,287,2023-01-15 05:05:37,completed,paypal,10.88,0
1147,752,2025-02-02 22:56:07,completed,credit_card,20.74,0
1148,1577,2024-03-30 03:23:36,cancelled,wallet,0.0,0
1149,460,2023-02-15 06:43:30,completed,wallet,9.31,10
1150,330,2024-03-16 14:29:07,completed,credit_card,20.44,15
1151,1668,2024-02-15 13:22:02,shipped,credit_card,11.22,0
1152,496,2024-12-16 01:00:36,shipped,upi,17.73,5
1153,690,2024-02-05 12:45:56,completed,credit_card,14.08,0
1154,634,2024-02-16 07:39:11,processing,upi,14.39,0
1155,1369,2025-06-05 19:46:41,completed,upi,17.43,0
1156,1674,2024-04-28 00:51:41,completed,debit_card,7.64,0
1157,1200,2024-12-01 16:55:02,completed,paypal,20.07,0
1158,1159,2024-08-29 15:34:45,completed,upi,6.21,0
1159,1047,2023-07-30 19:53:12,completed,wallet,14.78,0
1160,1194,2023-06-06 09:28:03,completed,credit_card,10.29,20
1161,518,2024-12-29 03:41:49,completed,debit_card,7.93,20
1162,1585,2023-03-30 04:36:08,completed,debit_card,16.49,15
1163,849,2024-02-12 21:04:27,processing,wallet,19.71,15
1164,298,2024-03-10 17:55:20,completed,debit_card,8.67,15
1165,567,2023-03-04 19:31:24,cancelled,paypal,0.0,0
1166,252,2023-01-25 17:06:05,cancelled,debit_card,0.0,10
1167,1866,2023-12-23 02:33:56,returned,wallet,17.33,15
1168,139,2024-02-04 22:47:33,shipped,wallet,11.48,10
1169,135,2025-05-13 21:25:28,completed,paypal,1.14,10
1170,976,2023-10-27 10:59:18,completed,paypal,11.38,0
1171,1245,2023-04-02 07:55:49,completed,wallet,10.51,20
1172,663,2025-06-04 19:53:35,completed,credit_card,17.88,20
1173,138,2024-12-23 03:07:25,completed,paypal,2.68,0
1174,1011,2024-06-27 00:06:56,processing,wallet,11.91,0
1175,1957,2024-06-10 19:11:14,cancelled,wallet,0.0,0
1176,1357,2024-05-18 05:49:55,shipped,upi,3.22,5
1177,1772,2024-07-13 02:07:25,completed,credit_card,1.2,15
1178,149,2023-09-06 17:14:44,completed,upi,16.29,0
1179,765,2024-09-03 22:06:46,completed,wallet,19.86,0
1180,702,2025-02-10 00:01:01,completed,debit_card,21.76,0
1181,480,2023-08-09 08:58:48,completed,upi,0.43,10
1182,1340,2023-10-21 16:13:32,completed,cod,5.87,15
1183,105,2024-03-07 12:20:09,completed,upi,21.82,0
1184,939,2024-11-09 07:58:30,completed,upi,15.57,20
1185,1023,2024-04-22 20:23:22,completed,debit_card,13.81,0
1186,529,2025-06-07 11:58:11,shipped,wallet,4.81,20
1187,1599,2024-06-29 10:11:46,cancelled,paypal,0.0,20
1188,636,2024-07-29 16:20:23,completed,wallet,20.81,20
1189,1741,2023-08-05 23:35:06,completed,debit_card,1.55,0
1190,1027,2025-01-27 12:55:51,completed,paypal,3.12,0
1191,1405,2024-03-04 04:12:14,completed,paypal,9.13,5
1192,183,2025-04-25 01:15:38,returned,debit_card,5.32,0
1193,1370,2023-02-03 07:47:50,completed,paypal,11.51,0
1194,1918,2024-01-28 22:43:07,shipped,paypal,1.6,5
1195,1650,2025-06-12 11:48:30,cancelled,wallet,0.0,0
1196,1852,2023-03-13 07:39:29,shipped,credit_card,17.05,15
1197,742,2023-07-01 15:11:28,completed,upi,12.42,20
1198,326,2023-06-06 16:18:18,completed,paypal,14.01,10
1199,1693,2024-04-18 09:45:13,shipped,debit_card,3.31,0
1200,1380,2025-04-16 11:14:37,completed,wallet,10.88,0
1201,1528,2023-11-26 21:17:18,completed,credit_card,18.81,15
1202,1413,2024-01-11 04:44:51,completed,upi,13.85,0
1203,1898,2023-06-15 19:31:47,cancelled,upi,0.0,5
1204,709,2023-04-02 10:48:00,completed,debit_card,14.0,10
1205,1106,2024-05-28 12:15:38,cancelled,upi,0.0,0
1206,1411,2023-06-20 07:45:33,completed,cod,15.33,0
1207,1897,2024-08-31 07:46:04,shipped,credit_card,1.01,15
1208,1594,2025-05-25 06:05:10,completed,debit_card,3.44,20
1209,1822,2024-11-16 17:57:11,completed,upi,11.19,20
1210,434,2023-08-07 06:36:58,shipped,upi,20.5,0
1211,495,2024-03-25 09:41:46,completed,debit_card,15.66,20
1212,1549,2023-04-16 14:39:56,completed,wallet,18.55,5
1213,645,2023-08-27 08:53:22,processing,cod,5.64,0
1214,668,2023-05-24 19:40:37,completed,cod,13.95,20
1215,295,2024-10-29 10:16:43,completed,upi,1.02,0
1216,411,2024-07-15 21:17:20,completed,wallet,4.18,0
1217,1141,2024-02-09 08:40:59,processing,wallet,13.02,0
1218,1540,2025-02-13 21:37:49,shipped,upi,11.13,0
1219,634,2023-11-23 18:50:57,completed,wallet,7.83,15
1220,1613,2024-10-25 14:11:16,completed,upi,12.44,20
1221,623,2024-10-03 08:53:26,processing,debit_card,10.42,0
1222,724,2023-06-05 13:07:14,completed,upi,1.91,0
1223,1822,2023-01-30 12:36:27,shipped,wallet,14.87,10
1224,1997,2025-04-19 05:19:17,shipped,cod,5.45,0
1225,140,2023-07-30 01:22:01,processing,upi,13.25,20
1226,158,2024-08-21 22:33:36,completed,credit_card,0.13,0
1227,1692,2024-09-05 13:50:46,shipped,paypal,16.9,10
1228,201,2024-12-10 03:32:03,completed,wallet,15.16,0
1229,702,2023-11-27 05:00:39,completed,paypal,11.65,0
1230,624,2024-11-07 07:30:56,completed,credit_card,19.75,15
1231,1314,2023-06-27 03:25:28,completed,wallet,14.99,0
1232,329,2024-07-14 17:02:26,processing,credit_card,4.85,0
1233,822,2024-11-23 17:37:44,completed,upi,17.48,15
1234,613,2023-05-10 23:25:11,processing,debit_card,14.1,0
1235,661,2026-11-17 00:00:00,completed,paypal,9.08,5
1236,805,2024-02-28 11:19:38,processing,cod,5.11,0
1237,931,2024-11-18 16:42:45,shipped,cod,0.57,20
1238,81,2024-07-19 06:18:29,completed,credit_card,1.46,5
1239,1161,2024-11-07 17:28:15,completed,wallet,14.46,0
1240,205,2024-03-02 05:25:52,completed,wallet,8.85,5
1241,154,2025-01-20 13:55:09,completed,debit_card,19.45,15
1242,1034,2023-09-09 21:52:00,shipped,debit_card,16.03,0
1243,1435,2025-01-04 03:43:19,shipped,paypal,0.66,20
1244,654,2024-09-02 08:19:20,completed,cod,1.7,15
1245,399,2024-01-17 21:41:58,completed,debit_card,2.02,5
1246,1780,2025-03-31 11:56:33,completed,paypal,10.11,0
1247,216,2024-12-26 18:03:12,cancelled,cod,0.0,0
1248,1864,2024-09-25 14:30:41,completed,paypal,14.53,0
1249,1274,2025-03-31 16:54:18,completed,credit_card,7.92,20
1250,755,2023-04-27 23:10:43,completed,cod,3.9,15
1251,157,2023-02-09 22:34:41,completed,paypal,19.89,0
1252,1657,2024-10-03 21:58:16,completed,credit_card,19.38,0
1253,76,2024-08-22 06:04:53,completed,paypal,9.63,0
1254,1272,2025-04-20 14:55:13,returned,debit_card,14.06,0
1255,605,2023-08-08 01:13:51,processing,upi,13.59,20
1256,348,2024-01-19 05:18:16,completed,wallet,21.55,10
1257,1004,2025-02-21 16:37:45,completed,upi,10.51,5
1258,115,2024-01-03 04:57:24,processing,debit_card,11.68,20
1259,266,2024-08-27 22:37:33,completed,wallet,6.29,0
1260,964,2024-12-04 22:54:35,cancelled,upi,0.0,15
1261,1932,2024-05-29 03:00:00,shipped,upi,10.08,10
1262,1746,2023-09-03 03:09:09,completed,debit_card,13.67,10
1263,121,2025-05-20 08:24:13,completed,credit_card,20.71,0
1264,698,2023-04-18 11:36:50,completed,upi,8.25,0
1265,289,2023-02-04 19:57:11,completed,upi,1.68,10
1266,1650,2024-08-20 10:37:39,completed,wallet,17.67,0
1267,1332,2024-04-13 03:35:01,shipped,credit_card,14.63,15
1268,1107,2023-03-16 23:59:00,shipped,cod,5.29,5
1269,1814,2023-04-01 08:49:50,cancelled,cod,0.0,0
1270,482,2023-03-18 14:38:38,shipped,wallet,5.49,15
1271,638,2025-03-18 19:48:26,shipped,credit_card,3.15,0
1272,790,2024-11-14 12:59:59,completed,credit_card,16.42,0
1273,279,2024-12-04 23:14:59,processing,debit_card,1.2,10
1274,1588,2024-07-15 03:25:24,completed,credit_card,3.54,10
1275,170,2024-08-19 16:01:38,completed,wallet,15.55,10
1276,759,2023-09-21 21:23:59,completed,wallet,11.58,5
1277,1534,2023-12-21 23:28:05,completed,paypal,19.88,15
1278,1844,2023-02-20 09:53:46,completed,upi,0.94,0
1279,1529,2025-01-27 00:52:40,completed,credit_card,8.48,0
1280,1546,2024-09-12 18:38:12,cancelled,credit_card,0.0,0
1281,712,2024-07-11 00:36:09,completed,upi,14.9,0
1282,1808,2024-07-29 13:05:08,shipped,credit_card,4.82,10
1283,138,2023-07-19 20:45:53,completed,cod,9.92,15
1284,871,2023-12-15 16:43:52,completed,paypal,15.59,5
1285,1993,2023-06-17 15:31:05,completed,upi,5.36,15
1286,796,2023-01-07 21:11:58,completed,upi,4.15,5
1287,1717,2023-02-24 21:22:27,shipped,credit_card,4.8,0
1288,1612,2024-06-14 13:33:29,completed,wallet,16.56,0
1289,1980,2023-08-04 12:36:59,completed,wallet,21.29,20
1290,1561,2023-05-03 02:29:51,processing,debit_card,14.03,5
1291,1401,2025-02-02 06:19:09,shipped,cod,6.12,0
1292,412,2023-08-30 06:01:07,shipped,wallet,9.86,15
1293,935,2023-04-15 04:08:20,processing,debit_card,6.25,20
1294,848,2024-02-21 16:57:49,completed,upi,18.86,5
1295,1153,2024-04-18 16:17:16,completed,debit_card,14.76,15
1296,895,2024-06-17 05:42:28,completed,credit_card,15.55,10
1297,1056,2023-10-19 06:48:30,completed,wallet,17.25,0
1298,1096,2023-03-06 14:31:06,complet,credit_card,19.85,0
1299,451,2024-11-18 23:35:28,completed,debit_card,6.5,0
1300,1207,2024-09-25 20:46:25,completed,upi,4.43,0
1301,2480,2024-06-14 20:13:11,completed,cod,10.89,0
1302,330,2024-05-28 10:31:27,completed,debit_card,9.29,5
1303,1057,2023-03-22 09:20:12,processing,upi,2.69,0
1304,580,2024-01-15 01:24:42,shipped,cod,14.0,0
1305,1110,2024-01-29 04:57:51,shipped,credit_card,2.28,10
1306,30,2025-06-16 14:49:16,shipped,debit_card,6.9,5
1307,1832,2023-11-10 19:34:20,processing,debit_card,12.41,20
1308,419,2024-11-26 12:03:43,completed,debit_card,11.22,0
1309,897,2024-11-28 14:46:50,completed,debit_card,21.73,20
1310,429,2024-10-10 18:57:37,completed,credit_card,13.08,15
1311,388,2024-09-20 22:50:43,processing,paypal,15.36,0
1312,1661,2025-03-16 00:11:40,returned,wallet,9.22,20
1313,655,2024-12-15 12:04:04,shipped,credit_card,14.28,0
1314,1952,2024-10-27 09:09:12,cancelled,wallet,0.0,0
1315,1790,2024-06-07 21:20:38,processing,wallet,2.94,0
1316,856,2023-10-07 09:47:15,returned,credit_card,4.6,10
1317,1881,2023-07-10 20:16:32,completed,paypal,1.99,20
1318,1188,2024-01-25 10:59:29,completed,paypal,7.52,0
1319,1819,2024-01-07 07:55:35,shipped,debit_card,7.64,0
1320,391,2024-05-22 00:27:29,unknown,cod,17.89,10
1321,1858,2025-04-13 00:43:48,completed,paypal,9.64,0
1322,1745,2025-05-10 18:41:13,completed,wallet,8.67,0
1323,1748,2023-12-12 17:59:53,shipped,credit_card,1.34,15
1324,367,2023-08-12 04:40:42,completed,credit_card,6.38,0
1325,1619,2023-04-04 09:57:54,unknown,cod,0.39,0
1326,797,2025-02-02 16:25:04,completed,debit_card,18.66,0
1327,1400,2024-03-01 08:12:43,completed,debit_card,7.62,15
1328,346,2024-01-14 20:36:46,completed,wallet,0.67,5
1329,649,2024-07-08 07:39:06,processing,cod,15.29,0
1330,855,2024-10-30 03:42:33,returned,credit_card,10.5,0
1331,1975,2023-09-20 04:02:28,shipped,paypal,13.21,20
1332,1908,2023-12-27 08:24:49,completed,cod,12.85,0
1333,1682,2023-05-30 04:12:50,completed,debit_card,13.0,0
1334,1259,2023-03-22 18:10:13,completed,wallet,5.09,0
1335,1463,2023-01-16 08:34:04,shipped,cod,14.95,10
1336,1937,2023-01-08 15:08:07,completed,credit_card,16.88,20
1337,1619,2025-04-08 17:30:59,completed,paypal,4.75,0
1338,882,2024-10-12 11:35:53,cancelled,debit_card,0.0,15
1339,942,2024-05-04 11:44:20,processing,debit_card,7.44,5
1340,709,2023-10-20 08:49:44,processing,debit_card,6.39,20
1341,1002,2024-04-18 03:34:45,completed,debit_card,14.78,15
1342,982,2024-12-01 04:03:03,completed,credit_card,14.59,20
1343,1528,2023-02-01 08:18:38,completed,paypal,9.44,15
1344,1891,2025-06-14 01:18:07,completed,debit_card,5.1,0
1345,1927,2023-08-14 20:24:50,processing,cod,18.3,10
1346,1183,2025-06-23 21:10:22,cancelled,cod,0.0,0
1347,1461,2023-12-19 11:48:28,processing,upi,4.47,10
1348,1736,2023-05-29 07:40:53,pendingg,wallet,5.98,20
1349,996,2023-09-04 20:28:44,completed,wallet,12.36,15
1350,306,2024-08-05 06:49:22,processing,upi,15.17,20
1351,1720,2024-05-16 03:56:26,completed,paypal,14.25,10
1352,400,2026-12-11 00:00:00,completed,debit_card,15.41,0
1353,96,2024-03-31 23:06:43,cancelled,upi,0.0,20
1354,19,2024-09-29 14:07:10,shipped,wallet,10.09,10
1355,639,2024-01-19 00:58:13,completed,debit_card,12.64,0
1356,44,2024-08-30 01:22:10,completed,wallet,7.72,15
1357,317,2023-03-28 02:18:48,shipped,upi,8.93,0
1358,686,2023-12-14 10:46:57,cancelled,upi,0.0,0
1359,909,2025-05-16 16:50:48,cancelled,paypal,0.0,0
1360,18,2024-07-19 17:14:44,completed,credit_card,12.37,10
1361,883,2023-02-08 18:24:50,shipped,paypal,1.38,0
1362,1568,2024-01-26 04:35:56,completed,wallet,1.46,5
1363,884,2024-06-05 00:06:26,processing,wallet,17.4,20
1364,1232,2024-01-26 00:34:44,shipped,cod,14.65,20
1365,1897,2024-01-23 22:56:48,completed,paypal,11.33,20
1366,695,2024-08-08 02:42:46,shipped,wallet,11.4,20
1367,596,2024-10-30 05:41:41,processing,debit_card,11.13,0
1368,1605,2024-02-14 06:29:37,shipped,credit_card,18.64,5
1369,532,2024-11-03 05:32:55,returned,wallet,19.83,0
1370,1384,2024-09-07 07:24:53,completed,credit_card,11.62,0
1371,1775,2025-06-02 03:36:17,processing,upi,5.53,10
1372,572,2023-08-07 15:50:39,completed,cod,12.01,10
1373,781,2023-11-01 16:47:53,shipped,debit_card,20.94,5
1374,473,2024-01-31 01:37:08,completed,wallet,16.56,0
1375,166,2023-02-11 12:46:54,completed,credit_card,2.94,5
1376,1083,2024-10-31 19:41:29,shipped,cod,14.02,5
1377,960,2025-05-16 12:37:50,completed,cod,9.83,15
1378,977,2024-12-01 14:56:53,completed,upi,14.84,0
1379,633,2024-11-02 01:13:51,completed,cod,5.07,20
1380,1217,2024-04-28 05:39:25,completed,cod,15.43,15
1381,650,2024-04-27 07:46:42,processing,wallet,14.2,10
1382,461,2025-06-10 23:24:07,shipped,paypal,21.52,10
1383,1969,2023-03-22 05:59:22,completed,upi,12.56,0
1384,42,2023-03-10 08:09:28,shipped,credit_card,2.14,0
1385,1001,2024-05-17 07:50:50,completed,credit_card,12.43,5
1386,1757,2024-03-31 03:45:50,shipped,upi,9.32,15
1387,952,2023-08-30 05:34:31,completed,paypal,4.52,0
1388,1681,2023-07-22 01:46:02,processing,upi,7.1,0
1389,1228,2023-05-24 03:36:42,completed,wallet,19.7,15
1390,808,2024-09-02 13:27:48,returned,upi,18.32,0
1391,447,2023-08-27 16:05:37,completed,cod,8.18,0
1392,1529,2023-03-28 00:58:58,completed,wallet,13.1,20
1393,361,2024-11-16 16:29:11,shipped,cod,19.08,0
1394,531,2023-03-29 17:57:57,completed,wallet,18.63,0
1395,976,2024-01-18 16:11:13,completed,wallet,19.51,20
1396,787,2023-05-30 06:50:01,shipped,upi,0.21,15
1397,1044,2025-06-07 11:02:16,processing,debit_card,1.42,5
1398,1632,2024-10-04 14:57:51,completed,paypal,7.39,10
1399,1005,2023-02-10 03:05:14,cancelled,wallet,0.0,0
1400,899,2025-03-29 21:46:25,completed,debit_card,7.72,10
1401,1837,2025-03-18 16:03:09,shipped,credit_card,21.97,0
1402,826,2024-04-27 08:14:39,cancelled,wallet,0.0,15
1403,1979,2024-02-08 21:18:29,completed,upi,11.69,20
1404,983,2025-06-15 13:58:34,completed,wallet,9.47,0
1405,655,2023-01-07 01:35:00,completed,cod,10.52,15
1406,797,2024-11-08 01:11:07,shipped,cod,7.7,5
1407,1624,2024-08-29 07:33:13,completed,paypal,3.98,5
1408,911,2024-07-27 12:25:26,processing,cod,1.79,10
1409,719,2023-06-26 00:30:05,completed,paypal,0.71,15
1410,114,2024-09-23 08:25:52,completed,debit_card,19.29,0
1411,964,2025-02-22 07:42:10,completed,upi,21.65,5
1412,1031,2024-05-21 06:33:09,returned,credit_card,15.09,0
1413,905,2023-12-26 08:20:23,shipped,paypal,3.25,10
1414,1512,2024-06-29 14:45:23,completed,paypal,4.47,10
1415,1652,2023-01-04 10:45:43,shipped,wallet,10.5,5
1416,1122,2024-01-12 10:47:31,processing,debit_card,10.64,10
1417,6,2024-10-23 22:17:57,completed,cod,8.18,0
1418,1763,2024-10-22 07:04:45,shipped,upi,9.75,0
1419,653,2024-11-17 11:55:02,shipped,credit_card,6.46,0
1420,1032,2024-03-29 13:05:51,processing,credit_card,11.58,0
1421,777,2023-01-22 09:39:16,completed,credit_card,1.89,15
1422,87,2023-03-06 08:40:08,completed,credit_card,20.88,10
1423,1331,2025-02-25 08:50:49,cancelled,wallet,0.0,5
1424,667,2025-03-03 05:41:56,completed,wallet,4.86,0
1425,1786,2024-09-24 05:00:00,completed,credit_card,16.05,0
1426,21,2025-06-12 18:43:56,shipped,cod,11.04,5
1427,1965,2025-04-08 11:01:09,completed,debit_card,18.87,10
1428,315,2024-07-28 07:07:58,completed,debit_card,9.28,0
1429,1138,2023-04-04 02:14:40,shipped,upi,2.63,0
1430,784,2023-05-09 03:18:05,cancelled,credit_card,0.0,5
1431,1297,2023-08-11 19:37:13,processing,paypal,16.02,0
1432,878,2023-07-29 18:32:36,completed,debit_card,9.77,10
1433,1563,2026-11-11 00:00:00,completed,paypal,4.21,0
1434,426,2025-04-08 13:11:36,completed,paypal,1.59,0
1435,965,2023-04-22 13:40:42,completed,wallet,14.61,15
1436,597,2024-11-05 20:15:05,completed,cod,18.92,10
1437,1613,2023-04-24 06:47:43,completed,upi,3.45,20
1438,1848,2023-11-17 14:53:48,completed,paypal,5.35,0
1439,1362,2023-05-29 21:01:13,completed,cod,17.99,0
1440,1511,2024-07-21 13:46:31,completed,wallet,19.67,10
1441,1466,2024-08-13 09:30:45,completed,debit_card,9.03,15
1442,690,2023-06-12 17:56:18,completed,upi,21.16,0
1443,662,2025-01-15 18:12:50,cancelled,wallet,0.0,0
1444,1093,2023-11-30 02:17:56,completed,wallet,20.52,0
1445,405,2025-06-17 18:25:36,shipped,debit_card,0.58,0
1446,669,2024-11-28 07:36:27,shipped,cod,3.78,0
1447,425,2023-09-26 14:57:08,completed,paypal,5.63,0
1448,638,2024-07-14 19:20:15,completed,upi,17.91,20
1449,500,2025-04-18 08:04:35,completed,upi,16.45,0
1450,768,2024-10-15 09:41:39,completed,credit_card,6.87,0
1451,2322,2023-09-16 11:08:12,processing,wallet,12.48,0
1452,2343,2023-05-14 03:41:26,completed,paypal,6.96,15
1453,846,2024-11-16 00:46:47,completed,upi,21.95,0
1454,813,2024-10-05 10:59:14,completed,cod,3.69,0
1455,393,2023-08-23 19:36:33,completed,cod,18.63,5
1456,650,2023-06-26 01:05:26,completed,credit_card,3.46,15
1457,658,2024-04-26 23:31:53,completed,paypal,10.46,20
1458,186,2025-02-04 17:24:33,cancelled,upi,0.0,0
1459,186,2025-03-22 10:31:16,shipped,credit_card,20.63,0
1460,1454,2024-11-10 22:09:53,returned,credit_card,2.71,20
1461,1798,2024-03-29 01:10:56,cancelled,cod,0.0,0
1462,163,2024-10-18 16:29:14,completed,cod,17.75,10
1463,588,2024-10-21 17:31:10,completed,credit_card,20.82,20
1464,437,2025-01-09 03:17:54,cancelled,debit_card,0.0,15
1465,658,2024-12-04 12:11:03,completed,cod,5.0,0
1466,1341,2024-12-29 06:02:23,shipped,credit_card,14.63,10
1467,1629,2025-05-25 09:08:13,completed,credit_card,11.4,10
1468,1888,2025-06-05 06:25:38,completed,wallet,3.37,5
1469,1324,2023-02-10 06:43:55,completed,wallet,1.19,10
1470,1235,2023-08-05 18:35:23,completed,debit_card,4.61,0
1471,1064,2024-06-18 10:31:04,cancelled,debit_card,0.0,15
1472,1433,2025-01-31 07:18:35,completed,wallet,19.71,15
1473,757,2025-02-28 10:30:29,shipped,debit_card,7.53,20
1474,1401,2025-04-30 08:27:59,shipped,cod,4.92,0
1475,1284,2023-06-04 15:18:21,shipped,debit_card,12.83,0
1476,219,2023-02-15 15:24:18,completed,wallet,0.98,20
1477,468,2023-09-22 06:48:19,completed,cod,16.56,15
1478,1266,2023-09-21 05:46:38,cancelled,wallet,0.0,10
1479,1280,2023-12-27 05:18:14,completed,paypal,15.72,10
1480,1178,2024-02-19 02:55:17,completed,paypal,0.69,20
1481,57,2025-05-12 19:02:17,completed,cod,21.83,0
1482,1508,2024-07-04 02:03:18,completed,paypal,2.21,20
1483,1011,2023-04-05 12:47:58,shipped,debit_card,1.99,10
1484,1209,2024-05-31 08:22:18,completed,upi,4.52,0
1485,2210,2025-01-24 10:10:24,shipped,credit_card,17.84,10
1486,295,2023-05-30 21:47:39,processing,wallet,6.57,0
1487,687,2023-12-06 23:04:13,cancelled,wallet,0.0,0
1488,1665,2023-02-05 06:05:41,completed,paypal,0.25,10
1489,1914,2024-02-13 15:21:18,completed,upi,21.98,15
1490,575,2023-01-15 22:39:02,completed,upi,14.21,20
1491,1511,2025-04-17 01:34:05,shipped,credit_card,18.54,20
1492,735,2024-01-27 08:13:58,completed,paypal,16.1,10
1493,1979,2023-10-26 21:47:34,shipped,wallet,1.74,10
1494,363,2024-08-02 05:26:18,shipped,paypal,13.24,0
1495,1295,2024-11-03 09:21:23,completed,wallet,14.55,0
1496,507,2023-07-08 23:03:26,completed,paypal,6.76,5
1497,1216,2024-10-13 13:07:27,shipped,cod,19.86,0
1498,557,2024-03-09 11:34:31,cancelled,wallet,0.0,0
1499,317,2024-03-25 06:00:55,processing,cod,0.4,5
1500,422,2024-12-04 08:16:44,completed,debit_card,7.71,10
1501,1103,2025-06-07 00:38:59,completed,upi,9.35,5
1502,336,2024-08-14 03:51:14,completed,wallet,13.45,0
1503,1611,2023-11-27 04:42:09,shipped,upi,10.67,15
1504,959,2023-03-28 01:39:09,completed,credit_card,15.34,0
1505,530,2024-02-19 22:49:35,completed,wallet,7.41,15
1506,1405,2024-11-28 23:46:57,cancelled,cod,0.0,15
1507,1191,2024-02-28 15:04:52,processing,wallet,21.62,20
1508,1853,2024-03-19 11:07:35,completed,upi,13.27,5
1509,1600,2024-12-26 12:18:21,completed,credit_card,9.24,0
1510,1256,2025-01-10 02:40:14,completed,debit_card,1.18,15
1511,1536,2024-04-23 06:22:15,completed,upi,6.59,0
1512,1173,2024-04-11 20:28:09,completed,credit_card,11.93,10
1513,122,2024-07-24 19:08:05,completed,upi,14.22,0
1514,1765,2024-03-21 19:50:29,completed,debit_card,10.43,5
1515,919,2025-01-07 17:29:07,shipped,upi,12.66,20
1516,676,2024-07-01 14:09:56,completed,debit_card,6.11,20
1517,1045,2025-03-28 21:18:48,completed,debit_card,18.81,5
1518,1755,2023-09-14 22:24:53,processing,upi,6.9,20
1519,943,2023-06-08 21:26:38,completed,paypal,5.49,15
1520,1271,2024-09-06 15:11:23,completed,cod,4.61,0
1521,1047,2024-04-14 08:42:08,completed,credit_card,17.88,5
1522,564,2025-05-31 03:45:54,cancelled,upi,0.0,0
1523,12,2023-06-01 18:46:03,cancelled,upi,0.0,0
1524,1487,2024-02-10 13:39:34,completed,cod,8.39,0
1525,621,2024-06-10 13:24:43,cancelled,credit_card,0.0,15
1526,1971,2024-09-23 09:20:59,returned,cod,17.17,20
1527,717,2023-01-13 18:50:01,completed,paypal,16.66,5
1528,1616,2023-05-31 21:32:29,completed,credit_card,12.49,15
1529,1504,2024-03-26 00:30:13,completed,wallet,3.02,0
1530,133,2024-05-25 03:52:07,completed,wallet,9.13,20
1531,129,2024-09-30 10:27:56,shipped,debit_card,19.23,0
1532,1221,2024-12-27 06:42:17,shipped,paypal,5.53,20
1533,13,2023-01-09 10:58:42,cancelled,debit_card,0.0,10
1534,1000,2023-07-23 20:29:44,shipped,debit_card,12.17,0
1535,745,2025-01-23 20:25:43,completed,upi,20.06,0
1536,708,2025-06-26 05:00:01,processing,wallet,19.32,5
1537,305,2024-07-09 15:08:03,shipped,upi,19.25,0
1538,762,2024-06-07 14:10:18,cancelled,paypal,0.0,0
1539,791,2023-03-26 10:20:44,completed,upi,11.3,0
1540,1936,2023-01-31 11:29:19,completed,cod,17.62,5
1541,241,2023-03-28 21:06:39,shipped,paypal,11.88,10
1542,1332,2026-12-05 00:00:00,shipped,wallet,10.92,0
1543,1532,2025-05-11 07:25:19,completed,debit_card,10.75,10
1544,1948,2024-05-24 04:14:08,completed,cod,11.17,0
1545,739,2023-04-24 08:22:25,completed,debit_card,7.25,0
1546,180,2025-03-07 17:37:31,shipped,credit_card,2.8,15
1547,563,2024-08-03 11:52:03,completed,debit_card,4.76,20
1548,1196,2024-02-17 00:25:51,completed,debit_card,0.92,0
1549,305,2024-04-13 15:03:12,processing,debit_card,13.41,0
1550,1348,2024-04-20 17:12:38,returned,cod,21.45,0
1551,1338,2023-06-17 10:39:58,shipped,upi,17.18,0
1552,493,2023-12-11 21:26:59,completed,credit_card,14.55,5
1553,1350,2023-08-27 13:07:28,completed,paypal,5.39,20
1554,1951,2024-10-24 17:33:59,completed,upi,4.26,0
1555,2359,2024-10-05 04:07:16,completed,wallet,3.83,15
1556,818,2025-02-22 05:53:16,completed,debit_card,10.7,0
1557,322,2024-03-19 11:38:51,shipped,cod,9.74,0
1558,1485,2023-01-07 19:28:08,cancelled,wallet,0.0,0
1559,1631,2024-05-09 11:48:17,cancelled,wallet,0.0,15
1560,61,2024-10-18 02:36:38,shipped,credit_card,7.04,15
1561,899,2023-06-16 02:05:38,shipped,cod,10.92,0
1562,202,2023-12-31 23:00:25,completed,paypal,18.01,0
1563,921,2023-12-18 03:04:32,completed,cod,10.51,5
1564,822,2024-01-29 03:00:25,shipped,upi,6.47,5
1565,704,2024-04-12 02:51:16,completed,upi,10.0,10
1566,888,2023-02-06 11:03:33,returned,debit_card,11.37,5
1567,1365,2025-03-26 03:37:03,completed,paypal,9.31,10
1568,1005,2023-05-04 00:52:11,processing,upi,3.2,0
1569,1304,2023-02-26 12:10:53,completed,credit_card,12.46,20
1570,729,2024-05-16 21:06:50,cancelled,debit_card,0.0,0
1571,1750,2024-09-13 14:13:39,shipped,paypal,18.97,15
1572,1169,2025-02-25 17:42:20,completed,debit_card,1.24,20
1573,1167,2023-06-14 15:30:12,completed,wallet,14.69,20
1574,518,2023-01-02 10:38:57,completed,upi,5.93,0
1575,395,2024-03-17 20:59:15,completed,credit_card,1.8,5
1576,394,2025-05-03 12:23:42,completed,wallet,19.81,5
1577,1511,2023-09-13 20:03:31,completed,upi,20.32,0
1578,1318,2024-03-22 06:03:48,shipped,cod,15.45,0
1579,985,2023-08-22 13:04:26,processing,debit_card,14.55,0
1580,1623,2023-04-26 16:41:44,completed,paypal,6.41,0
1581,1587,2023-03-20 03:47:32,processing,cod,13.03,0
1582,240,2023-08-17 22:59:04,completed,paypal,6.06,15
1583,1877,2024-02-23 15:01:35,shipped,debit_card,21.93,15
1584,147,2023-10-11 11:39:04,shipped,wallet,11.24,0
1585,52,2024-07-30 08:53:00,shipped,debit_card,8.47,0
1586,314,2023-01-06 03:39:14,completed,paypal,16.25,0
1587,1159,2023-06-19 01:43:06,completed,credit_card,19.06,20
1588,915,2025-04-24 03:15:08,returned,paypal,14.14,15
1589,146,2023-11-28 03:20:11,processing,upi,19.36,10
1590,1154,2024-07-08 05:34:28,processing,upi,1.24,0
1591,6,2024-05-29 01:03:35,cancelled,upi,0.0,10
1592,1020,2024-03-21 19:33:24,processing,debit_card,8.69,10
1593,395,2023-05-31 17:22:54,shipped,cod,5.89,20
1594,1390,2025-06-11 17:57:20,shipped,debit_card,13.93,15
1595,1362,2023-04-26 16:09:56,completed,wallet,14.0,10
1596,184,2025-04-05 06:33:18,completed,paypal,12.74,0
1597,1475,2024-06-01 03:11:32,completed,credit_card,16.91,0
1598,1316,2024-09-05 07:34:11,completed,debit_card,12.93,5
1599,1787,2024-10-24 02:49:31,completed,upi,14.0,20
1600,144,2024-10-11 02:59:07,completed,wallet,8.31,0
1601,816,2023-07-09 03:26:38,completed,upi,1.27,10
1602,1176,2024-12-30 00:04:31,completed,cod,12.66,0
1603,449,2023-01-29 13:57:36,shipped,paypal,15.67,5
1604,384,2023-12-31 00:32:04,shipped,wallet,9.69,0
1605,1489,2023-05-17 11:14:20,completed,wallet,11.48,0
1606,861,2024-05-21 12:06:51,completed,wallet,17.83,0
1607,1104,2023-05-14 06:34:48,completed,cod,1.38,0
1608,1650,2025-04-28 16:41:46,completed,cod,5.61,0
1609,1071,2023-04-23 19:16:33,processing,credit_card,9.44,15
1610,702,2025-03-17 01:11:40,completed,wallet,0.26,10
1611,848,2023-05-24 11:34:45,completed,debit_card,17.01,15
1612,371,2024-07-17 17:46:23,completed,debit_card,18.94,20
1613,339,2024-10-18 13:19:21,completed,paypal,16.31,0
1614,1757,2024-06-10 10:01:41,shipped,wallet,21.24,20
1615,509,2023-09-02 00:53:39,completed,cod,16.68,10
1616,1513,2023-11-14 16:55:18,processing,cod,19.49,0
1617,91,2024-04-18 12:30:13,completed,credit_card,10.47,15
1618,1483,2023-12-05 00:11:03,completed,cod,2.93,15
1619,765,2023-02-01 04:53:46,completed,wallet,20.7,15
1620,1791,2024-03-19 15:51:25,completed,upi,18.73,10
1621,1341,2023-12-13 10:11:15,processing,paypal,9.96,15
1622,347,2023-08-26 23:24:18,returned,paypal,16.98,20
1623,1168,2023-11-11 10:41:36,completed,upi,14.48,10
1624,1497,2024-08-09 18:08:29,shipped,paypal,15.42,20
1625,26,2024-07-13 16:44:18,completed,upi,20.08,0
1626,439,2024-05-10 17:03:11,completed,wallet,17.46,0
1627,1598,2024-10-05 02:53:19,completed,cod,14.57,0
1628,436,2025-05-18 11:35:15,completed,wallet,12.92,15
1629,1139,2023-02-21 04:21:32,completed,paypal,10.18,10
1630,731,2024-11-15 16:54:56,completed,wallet,4.68,0
1631,632,2023-10-04 02:23:42,processing,paypal,11.57,10
1632,849,2023-12-06 15:40:48,completed,debit_card,19.04,0
1633,371,2024-05-18 02:09:17,completed,debit_card,4.29,15
1634,362,2023-02-16 10:43:20,shipped,credit_card,18.32,0
1635,1773,2024-01-02 22:56:18,completed,debit_card,19.68,0
1636,1958,2026-11-14 00:00:00,shipped,paypal,5.03,0
1637,558,2024-08-09 23:52:05,completed,paypal,14.64,20
1638,1710,2023-08-21 18:03:21,completed,wallet,18.53,0
1639,40,2023-01-19 02:51:45,completed,debit_card,15.0,5
1640,1183,2024-02-02 04:13:51,cancelled,paypal,0.0,10
1641,195,2024-08-06 00:16:57,completed,cod,0.15,15
1642,1985,2024-06-17 16:18:41,returned,debit_card,8.58,5
1643,1523,2025-05-16 23:25:09,shipped,debit_card,0.22,0
1644,1541,2024-04-03 19:36:13,completed,wallet,18.93,5
1645,132,2024-04-05 17:47:32,completed,cod,21.14,0
1646,1879,2024-01-31 00:07:13,completed,paypal,4.47,15
1647,535,2024-05-17 09:17:08,completed,upi,14.63,5
1648,231,2025-02-03 06:30:16,completed,paypal,3.74,0
1649,1119,2023-02-13 18:03:48,completed,upi,8.14,15
1650,1258,2023-02-26 04:35:44,completed,cod,2.5,0
1651,584,2024-08-23 08:24:31,completed,upi,8.27,5
1652,1804,2025-06-20 04:33:10,completed,credit_card,3.17,0
1653,1780,2025-04-21 04:44:52,completed,cod,16.78,0
1654,1846,2025-03-30 02:56:59,completed,upi,10.21,5
1655,51,2024-11-09 01:39:18,returned,paypal,5.44,5
1656,946,2023-09-11 23:41:08,completed,debit_card,15.75,0
1657,162,2025-06-05 23:29:42,completed,paypal,15.03,0
1658,176,2024-11-01 05:46:51,completed,credit_card,12.83,5
1659,1535,2024-01-09 07:35:34,shipped,debit_card,11.75,0
1660,987,2023-07-05 08:33:45,shipped,credit_card,1.44,15
1661,1502,2024-06-18 02:08:57,completed,paypal,17.46,5
1662,1488,2023-01-30 06:10:33,processing,cod,5.91,10
1663,1823,2023-06-11 15:13:55,,credit_card,19.58,20
1664,886,2023-04-12 21:49:10,completed,cod,10.07,20
1665,626,2026-11-15 00:00:00,completed,cod,17.32,0
1666,1415,2024-09-24 10:36:50,completed,wallet,10.45,0
1667,1188,2023-10-16 00:19:48,completed,debit_card,1.94,5
1668,1010,2024-04-26 05:06:13,completed,wallet,15.09,10
1669,1929,2023-03-31 21:17:57,cancelled,debit_card,0.0,20
1670,358,2023-03-08 09:22:14,shipped,upi,2.18,15
1671,1615,2023-09-05 10:47:54,completed,upi,12.16,0
1672,1551,2024-10-14 04:20:25,completed,paypal,8.86,0
1673,386,2024-05-30 11:19:35,shipped,cod,18.92,0
1674,1709,2024-07-31 03:37:37,completed,paypal,7.78,0
1675,1795,2025-05-28 14:00:51,completed,upi,0.83,0
1676,1664,2025-03-14 04:30:09,completed,cod,12.02,0
1677,185,2023-09-01 12:35:12,cancelled,credit_card,0.0,10
1678,1529,2025-02-19 12:15:31,processing,debit_card,2.81,0
1679,372,2024-07-11 15:12:42,completed,paypal,9.86,0
1680,1372,2023-01-05 22:42:47,completed,paypal,21.8,5
1681,778,2023-06-30 21:03:34,returned,credit_card,14.52,0
1682,337,2024-03-31 14:22:46,completed,wallet,12.98,10
1683,1800,2024-08-24 06:52:34,returned,paypal,18.63,0
1684,1120,2023-09-02 12:20:44,completed,upi,12.94,5
1685,1060,2025-05-13 16:13:22,completed,debit_card,9.22,0
1686,1774,2023-09-13 21:02:42,shipped,credit_card,13.21,15
1687,1251,2023-02-17 11:10:13,completed,upi,17.2,20
1688,584,2023-06-03 20:36:47,completed,upi,21.93,10
1689,643,2024-05-25 04:58:36,completed,debit_card,0.66,10
1690,284,2024-08-08 18:06:11,completed,credit_card,5.18,5
1691,1870,2023-05-03 06:53:26,completed,debit_card,7.12,0
1692,125,2024-06-02 22:07:55,processing,upi,6.1,0
1693,1945,2023-06-28 21:05:15,completed,paypal,11.77,5
1694,1254,2025-01-12 18:29:16,completed,upi,17.92,0
1695,804,2023-11-19 12:59:52,complet,debit_card,16.37,5
1696,1690,2024-03-06 00:02:47,completed,debit_card,8.67,0
1697,349,2023-03-17 04:21:30,shipped,wallet,3.89,10
1698,874,2024-10-12 12:43:59,completed,debit_card,19.28,0
1699,558,2023-07-10 19:28:18,shipped,wallet,5.87,20
1700,920,2025-06-05 10:11:51,completed,debit_card,18.24,5
1701,134,2023-01-22 13:50:58,completed,wallet,20.63,5
1702,757,2024-07-16 08:29:02,shipped,wallet,17.6,0
1703,696,2024-02-12 05:37:27,completed,upi,2.76,10
1704,1587,2023-03-09 08:51:19,completed,wallet,6.98,0
1705,1603,2024-06-25 19:23:36,completed,debit_card,7.22,20
1706,634,2023-12-21 00:44:26,completed,debit_card,12.04,15
1707,968,2025-05-20 05:48:11,completed,wallet,4.16,0
1708,429,2023-10-17 05:30:57,completed,credit_card,19.66,15
1709,1893,2024-11-18 12:16:55,completed,debit_card,13.07,10
1710,988,2023-10-07 18:59:17,processing,upi,11.41,0
1711,1206,2025-03-22 21:03:22,shipped,wallet,0.39,5
1712,917,2023-06-04 10:07:34,processing,paypal,11.45,20
1713,1832,2025-06-28 10:02:52,cancelled,debit_card,0.0,10
1714,1014,2023-10-23 09:03:27,completed,paypal,18.14,20
1715,1551,2023-11-01 06:07:43,completed,wallet,21.35,0
1716,375,2024-11-19 03:01:46,completed,wallet,0.55,0
1717,792,2023-05-05 08:37:31,completed,paypal,3.48,10
1718,785,2024-08-09 12:05:12,completed,cod,8.31,20
1719,576,2025-01-06 15:17:50,completed,credit_card,9.46,15
1720,941,2023-09-08 00:19:06,completed,upi,13.65,20
1721,462,2023-12-16 09:34:49,completed,wallet,12.96,15
1722,89,2026-11-21 00:00:00,processing,debit_card,0.55,10
1723,184,2024-10-21 06:17:51,completed,upi,18.78,0
1724,796,2023-12-16 17:16:09,processing,credit_card,17.22,15
1725,1438,2023-12-26 21:06:49,returned,upi,20.3,0
1726,1058,2026-12-04 00:00:00,cancelled,wallet,0.0,20
1727,1567,2023-01-11 04:57:15,completed,upi,6.03,15
1728,381,2024-06-16 12:13:04,completed,cod,12.82,10
1729,62,2023-06-05 02:37:56,shipped,paypal,15.67,0
1730,155,2023-05-23 02:03:25,returned,wallet,7.58,15
1731,1672,2025-06-19 11:27:34,cancelled,upi,0.0,0
1732,1671,2025-05-31 11:11:18,completed,credit_card,15.23,10
1733,1527,2024-03-26 20:34:27,shipped,paypal,2.87,15
1734,1196,2024-06-05 08:02:54,shipped,cod,0.89,0
1735,692,2025-03-20 16:06:54,shipped,cod,20.05,5
1736,822,2024-09-15 02:37:42,completed,upi,13.04,0
1737,670,2023-01-12 00:53:55,completed,paypal,15.02,15
1738,718,2024-03-20 12:28:07,shipped,debit_card,20.24,0
1739,1653,2024-01-21 17:58:58,completed,paypal,6.85,0
1740,1353,2023-05-04 11:55:57,processing,wallet,5.18,20
1741,1004,2023-06-13 06:47:35,completed,paypal,4.28,20
1742,199,2024-08-27 09:15:30,shipped,wallet,12.43,5
1743,848,2023-03-09 23:02:46,completed,cod,0.57,20
1744,2199,2024-12-09 11:19:17,completed,cod,16.2,15
1745,1512,2023-09-22 04:07:16,completed,upi,8.33,15
1746,1359,2023-09-16 21:39:21,shipped,debit_card,14.57,5
1747,1146,2025-06-24 01:52:05,shipped,wallet,14.41,10
1748,714,2024-12-08 15:44:04,completed,debit_card,5.78,15
1749,1137,2025-01-28 11:16:11,completed,cod,9.01,0
1750,146,2025-05-23 16:41:58,returned,debit_card,11.29,0
1751,1697,2023-03-28 16:33:07,shipped,credit_card,1.77,5
1752,51,2025-04-30 02:36:08,processing,credit_card,2.29,15
1753,806,2024-11-27 16:16:03,completed,upi,1.11,0
1754,1099,2023-02-16 00:08:19,completed,credit_card,0.81,15
1755,1600,2025-05-25 15:11:19,completed,upi,21.84,20
1756,285,2024-05-30 12:45:10,completed,cod,7.92,15
1757,722,2024-02-10 18:00:19,completed,debit_card,6.29,10
1758,1568,2023-11-01 04:54:32,completed,wallet,2.33,0
1759,1907,2023-08-24 18:01:30,shipped,upi,15.81,0
1760,529,2023-12-13 23:09:04,completed,paypal,21.97,0
1761,985,2024-12-14 15:53:52,returned,wallet,1.23,0
1762,1156,2023-02-26 08:38:19,completed,wallet,1.43,5
1763,128,2023-08-06 09:24:12,returned,paypal,20.38,10
1764,1016,2025-03-16 08:26:17,processing,cod,15.29,0
1765,1420,2025-03-13 02:15:05,shipped,paypal,18.41,0
1766,1580,2023-11-19 14:10:26,cancelled,debit_card,0.0,10
1767,1600,2025-01-22 19:01:51,processing,debit_card,6.16,5
1768,1484,2024-07-23 13:20:25,completed,debit_card,13.03,10
1769,1370,2024-08-15 08:53:27,completed,wallet,17.47,0
1770,94,2024-09-22 02:05:56,returned,cod,0.37,0
1771,767,2024-10-12 15:06:43,cancelled,debit_card,0.0,0
1772,1255,2025-05-25 21:05:55,completed,cod,12.33,0
1773,1184,2024-03-24 20:28:47,completed,paypal,0.58,5
1774,1912,2024-09-08 13:40:47,completed,wallet,15.68,0
1775,1176,2023-06-13 04:06:55,processing,upi,18.44,0
1776,302,2023-03-18 18:12:30,completed,debit_card,17.95,0
1777,611,2023-07-31 20:02:37,shipped,paypal,5.28,0
1778,1237,2023-09-24 02:30:38,shipped,debit_card,7.32,15
1779,1427,2025-03-17 22:20:07,shipped,paypal,1.23,20
1780,1943,2023-10-19 13:31:57,shipped,upi,18.47,0
1781,374,2024-04-12 03:50:08,completed,upi,3.66,0
1782,667,2023-10-02 08:11:26,completed,credit_card,8.47,5
1783,87,2023-05-29 23:13:59,completed,paypal,20.34,0
1784,1257,2023-10-21 20:49:51,returned,paypal,20.31,20
1785,1249,2023-02-03 14:29:18,shipped,wallet,5.9,10
1786,1790,2023-04-19 19:13:56,shipped,paypal,8.66,5
1787,1307,2024-08-14 20:19:10,shipped,wallet,0.01,0
1788,1339,2024-04-16 03:09:10,completed,upi,9.26,15
1789,320,2023-02-06 10:43:54,completed,debit_card,3.09,5
1790,1364,2023-11-19 17:36:06,completed,wallet,5.86,20
1791,843,2025-04-08 18:11:26,cancelled,wallet,0.0,0
1792,565,2024-11-21 01:34:00,completed,upi,14.31,15
1793,1502,2023-02-26 22:51:36,completed,paypal,11.52,0
1794,143,2023-03-26 21:18:30,shipped,debit_card,15.37,15
1795,1231,2023-11-20 02:50:35,returned,paypal,1.88,0
1796,1982,2023-11-18 11:26:32,processing,credit_card,4.77,0
1797,826,2023-02-02 15:39:58,completed,upi,10.43,15
1798,241,2023-05-04 03:29:59,completed,upi,18.61,0
1799,1974,2024-05-20 19:51:57,completed,upi,4.11,0
1800,66,2025-04-27 18:40:20,completed,wallet,3.89,0
1801,1210,2023-06-02 20:08:35,shipped,credit_card,0.57,10
1802,527,2023-08-22 01:15:48,completed,wallet,7.28,0
1803,888,2024-09-03 14:44:04,cancelled,credit_card,0.0,0
1804,1010,2025-01-01 06:41:28,completed,upi,10.09,0
1805,515,2023-03-25 14:06:55,processing,credit_card,15.75,20
1806,510,2024-11-02 12:17:16,processing,debit_card,0.36,5
1807,1877,2024-10-12 01:52:25,completed,credit_card,18.72,0
1808,1672,2025-06-24 23:49:45,returned,upi,15.45,15
1809,447,2023-03-08 21:03:42,shipped,wallet,15.61,20
1810,1222,2025-06-26 18:47:47,completed,cod,2.59,15
1811,892,2024-11-12 18:51:52,completed,wallet,17.38,0
1812,1321,2023-07-25 11:28:36,shipped,cod,5.45,10
1813,417,2024-05-19 20:32:00,cancelled,wallet,0.0,15
1814,1754,2023-01-04 07:28:57,completed,credit_card,11.06,20
1815,1443,2025-03-19 04:31:35,processing,upi,8.77,10
1816,1228,2023-03-16 12:40:48,processing,wallet,15.53,5
1817,955,2024-11-20 14:10:59,completed,wallet,17.42,0
1818,1477,2024-05-29 07:59:42,cancelled,cod,0.0,0
1819,1109,2024-04-01 18:27:29,completed,paypal,6.68,0
1820,1049,2024-05-26 12:45:20,completed,cod,6.73,5
1821,325,2024-03-19 12:36:58,completed,paypal,3.46,0
1822,1681,2025-03-23 12:22:55,completed,upi,20.8,5
1823,1181,2023-12-06 11:29:30,completed,credit_card,13.81,0
1824,1235,2023-02-05 04:57:35,returned,cod,8.61,0
1825,1917,2023-11-09 20:51:25,completed,credit_card,13.6,20
1826,568,2024-05-10 03:04:13,shipped,wallet,16.37,0
1827,297,2024-06-27 19:06:48,processing,cod,18.57,0
1828,685,2023-01-01 21:51:59,completed,paypal,10.65,20
1829,1566,2023-05-25 16:59:54,shipped,paypal,9.61,15
1830,496,2024-10-09 03:03:34,completed,debit_card,15.3,15
1831,523,2023-05-14 13:15:38,completed,credit_card,1.35,15
1832,2214,2024-04-07 09:37:14,completed,paypal,2.52,0
1833,771,2025-01-13 14:24:37,completed,paypal,7.5,20
1834,1287,2023-09-21 07:48:25,completed,upi,0.74,0
1835,1243,2023-09-13 08:25:57,completed,cod,11.88,15
1836,556,2024-02-19 00:20:38,completed,wallet,14.57,15
1837,1261,2024-02-08 04:05:49,pendingg,upi,11.34,5
1838,1127,2024-12-09 12:47:03,processing,paypal,19.56,0
1839,155,2025-06-03 04:01:05,completed,wallet,2.65,0
1840,952,2025-06-03 16:25:07,shipped,upi,8.91,10
1841,1417,2023-09-26 00:31:30,completed,cod,1.21,0
1842,381,2023-10-08 18:11:19,completed,paypal,1.85,0
1843,396,2024-09-13 18:18:52,completed,credit_card,18.82,0
1844,827,2024-12-01 20:13:26,processing,cod,12.95,10
1845,85,2023-04-15 00:57:45,processing,paypal,8.16,20
1846,1705,2024-04-11 11:59:35,completed,cod,11.17,0
1847,1761,2024-11-27 16:12:07,completed,upi,18.06,20
1848,301,2023-08-06 16:41:01,completed,paypal,9.83,0
1849,1907,2023-01-29 18:30:11,completed,cod,4.22,20
1850,1751,2026-11-21 00:00:00,shipped,upi,11.46,0
1851,381,2023-06-09 00:07:06,completed,paypal,5.85,0
1852,264,2023-01-29 01:39:09,processing,paypal,11.92,0
1853,614,2024-07-19 07:52:25,returned,cod,10.84,0
1854,403,2024-06-04 01:05:23,shipped,credit_card,7.89,0
1855,1130,2024-05-28 08:30:13,returned,upi,12.54,0
1856,1601,2024-03-25 06:23:27,cancelled,paypal,0.0,0
1857,776,2025-04-04 07:49:15,completed,debit_card,13.33,0
1858,1540,2023-05-09 05:37:01,completed,cod,9.01,15
1859,46,2024-06-26 06:27:29,completed,paypal,1.26,0
1860,1792,2025-06-24 03:19:25,completed,debit_card,15.39,5
1861,1969,2025-05-26 02:47:34,completed,credit_card,13.47,15
1862,227,2023-05-30 12:00:16,completed,debit_card,5.51,15
1863,1387,2024-09-30 23:21:12,completed,upi,21.92,10
1864,860,2024-12-07 10:33:15,completed,wallet,21.71,15
1865,1035,2023-02-05 03:33:14,completed,credit_card,6.9,0
1866,1028,2025-01-31 21:43:08,completed,credit_card,18.32,0
1867,288,2023-08-02 22:52:05,completed,debit_card,5.82,10
1868,1327,2024-01-14 23:53:47,completed,paypal,18.5,10
1869,1769,2024-08-12 22:00:46,completed,credit_card,19.44,0
1870,869,2024-04-14 17:04:33,completed,upi,14.13,10
1871,1514,2023-07-26 19:44:11,returned,wallet,2.79,0
1872,1328,2024-04-19 22:04:25,completed,upi,15.2,20
1873,908,2023-06-25 19:45:01,shipped,paypal,1.05,20
1874,1959,2024-07-27 17:56:05,shipped,wallet,20.02,0
1875,997,2023-03-03 14:56:35,completed,wallet,12.76,0
1876,263,2024-01-08 15:15:00,cancelled,paypal,0.0,15
1877,1633,2025-03-02 10:52:35,returned,wallet,12.78,0
1878,1997,2025-02-12 04:19:16,shipped,credit_card,3.44,5
1879,107,2024-03-21 04:56:14,shipped,wallet,10.09,0
1880,1835,2024-01-01 03:33:17,completed,credit_card,14.09,20
1881,62,2024-12-16 00:33:47,shipped,upi,14.12,20
1882,310,2025-01-01 07:03:50,completed,wallet,4.04,15
1883,657,2023-08-31 08:35:00,completed,wallet,5.93,5
1884,86,2024-12-11 20:54:55,completed,wallet,2.35,0
1885,1275,2023-10-31 02:53:07,completed,upi,16.02,0
1886,56,2023-02-21 15:31:49,shipped,cod,8.26,5
1887,502,2023-10-17 17:15:57,completed,upi,6.93,10
1888,68,2025-02-08 08:44:12,cancelled,wallet,0.0,0
1889,1491,2024-09-09 12:05:38,completed,wallet,14.11,15
1890,303,2023-11-23 19:18:39,completed,cod,17.64,5
1891,571,2023-06-20 07:50:31,shipped,upi,15.93,0
1892,781,2023-05-01 05:39:19,shipped,credit_card,6.86,15
1893,68,2023-09-17 08:36:31,completed,credit_card,7.26,0
1894,1656,2024-09-09 01:33:26,completed,paypal,19.19,0
1895,1457,2023-09-24 04:57:36,completed,credit_card,8.92,0
1896,908,2024-05-28 04:18:15,completed,credit_card,10.78,0
1897,1667,2023-10-30 03:44:56,completed,credit_card,7.74,15
1898,1663,2023-08-11 07:54:48,completed,wallet,9.0,20
1899,1148,2023-02-25 09:15:55,completed,paypal,3.12,0
1900,360,2023-08-12 12:15:13,returned,cod,6.12,10
1901,1787,2025-03-04 10:30:33,shipped,upi,3.82,10
1902,1885,2023-04-27 23:36:16,completed,credit_card,13.2,10
1903,1482,2023-10-02 22:51:14,returned,paypal,18.24,0
1904,714,2024-01-05 21:28:55,completed,cod,19.03,0
1905,1669,2023-04-17 09:43:29,completed,paypal,18.33,20
1906,306,2025-06-12 04:08:17,shipped,upi,1.45,15
1907,1349,2023-01-06 22:22:29,completed,cod,15.62,10
1908,1987,2024-08-10 12:58:37,shipped,paypal,7.81,10
1909,481,2024-11-30 12:51:40,shipped,wallet,5.54,0
1910,371,2023-08-14 10:40:32,completed,wallet,2.37,15
1911,485,2025-05-19 04:21:46,completed,debit_card,10.43,0
1912,462,2023-04-12 15:43:15,returned,wallet,21.26,5
1913,1773,2023-11-25 01:14:55,shipped,debit_card,7.12,0
1914,622,2024-06-22 09:07:43,shipped,wallet,21.56,20
1915,889,2023-06-22 09:35:55,completed,upi,1.8,0
1916,991,2023-01-07 07:24:44,shipped,debit_card,17.7,0
1917,795,2024-12-01 16:24:39,completed,debit_card,18.79,0
1918,1262,2023-06-14 05:18:02,cancelled,wallet,0.0,5
1919,745,2024-06-19 04:38:35,completed,paypal,17.58,0
1920,902,2024-10-11 14:19:52,shipped,credit_card,5.68,0
1921,116,2023-12-05 18:10:22,shipped,cod,4.09,0
1922,1433,2024-07-20 15:23:56,completed,upi,9.0,10
1923,1030,2025-02-11 13:35:02,completed,upi,8.16,0
1924,1243,2024-02-14 14:18:08,completed,cod,12.62,5
1925,1436,2024-04-09 19:05:45,completed,wallet,2.61,0
1926,1791,2023-02-21 12:51:05,completed,paypal,20.02,10
1927,1902,2023-01-31 15:43:00,completed,upi,20.55,20
1928,1,2025-06-24 07:34:20,shipped,credit_card,13.67,0
1929,575,2024-09-26 00:31:43,shipped,wallet,16.29,5
1930,1204,2023-08-11 23:28:02,completed,cod,0.62,0
1931,1266,2023-02-13 08:43:32,returned,upi,15.45,0
1932,1841,2025-05-16 23:34:58,completed,upi,7.54,10
1933,1146,2023-08-03 04:27:03,completed,credit_card,8.92,20
1934,994,2025-01-21 21:58:49,shipped,paypal,15.8,15
1935,1743,2025-04-05 08:57:13,processing,upi,14.63,10
1936,1688,2023-02-12 08:49:02,cancelled,debit_card,0.0,10
1937,1241,2023-10-21 23:55:57,cancelled,debit_card,0.0,10
1938,1298,2024-06-19 22:40:54,shippd,cod,14.14,15
1939,483,2025-06-14 06:40:53,processing,credit_card,0.54,20
1940,1181,2024-08-27 14:33:38,shipped,debit_card,21.18,0
1941,915,2024-02-26 00:33:11,completed,wallet,12.09,5
1942,926,2024-12-09 18:44:03,shipped,paypal,16.46,15
1943,1541,2024-12-06 01:57:39,completed,paypal,21.86,0
1944,1578,2023-11-25 15:20:03,completed,paypal,2.28,5
1945,1151,2023-10-03 02:09:58,cancelled,paypal,0.0,5
1946,1836,2025-05-30 12:35:48,completed,upi,8.02,0
1947,1196,2024-07-10 07:00:36,completed,wallet,0.1,0
1948,846,2025-02-20 12:09:47,completed,paypal,8.31,10
1949,606,2023-06-08 18:41:29,shipped,wallet,14.06,0
1950,276,2025-02-04 05:48:30,completed,paypal,11.25,0
1951,1235,2023-04-14 08:49:04,completed,wallet,14.25,15
1952,1123,2023-05-20 12:32:07,completed,debit_card,16.86,0
1953,53,2025-05-26 23:14:39,shipped,credit_card,6.92,0
1954,1065,2023-11-20 00:26:51,shipped,cod,16.18,0
1955,1854,2024-04-02 08:19:46,cancelled,wallet,0.0,5
1956,686,2023-07-07 15:38:51,completed,upi,16.7,0
1957,1110,2024-02-12 20:43:57,completed,cod,6.89,20
1958,1718,2023-06-21 12:43:37,completed,paypal,13.16,5
1959,23,2023-09-21 15:13:30,completed,debit_card,0.6,10
1960,1152,2024-06-21 15:07:40,shipped,upi,7.89,20
1961,668,2023-09-06 07:07:06,completed,paypal,1.79,5
1962,1581,2024-10-08 15:17:16,shipped,cod,14.21,20
1963,1796,2025-05-22 16:45:50,cancelled,upi,0.0,0
1964,1275,2023-01-27 11:56:36,processing,cod,6.48,0
1965,565,2023-11-22 14:55:33,completed,credit_card,18.47,15
1966,1287,2024-06-03 21:29:48,shipped,upi,13.56,10
1967,217,2023-07-26 04:07:07,completed,upi,9.52,15
1968,215,2024-01-08 13:11:39,cancelled,wallet,0.0,20
1969,1842,2023-03-27 12:56:08,completed,debit_card,14.94,5
1970,530,2024-04-19 01:14:45,processing,cod,1.5,0
1971,169,2025-01-08 21:51:50,completed,cod,2.15,20
1972,515,2023-08-24 12:27:30,completed,credit_card,15.76,20
1973,1686,2025-01-11 18:45:51,shipped,debit_card,3.55,10
1974,326,2023-05-17 02:18:41,completed,paypal,19.34,15
1975,1412,2025-06-17 13:11:40,shipped,credit_card,20.06,20
1976,1387,2024-12-05 20:46:40,shipped,wallet,0.28,0
1977,1327,2026-12-04 00:00:00,shipped,debit_card,6.73,5
1978,1031,2023-10-06 07:34:22,completed,wallet,13.72,0
1979,158,2024-07-06 12:03:31,cancelled,credit_card,0.0,20
1980,295,2024-12-26 02:27:57,completed,debit_card,4.89,5
1981,1101,2024-06-25 20:41:31,completed,upi,21.86,0
1982,397,2025-01-07 05:35:29,completed,debit_card,13.11,10
1983,477,2024-11-15 13:02:36,completed,wallet,6.49,15
1984,806,2024-06-06 23:49:39,shipped,upi,8.27,20
1985,1219,2023-03-25 04:46:29,completed,wallet,20.36,0
1986,787,2023-07-15 05:47:38,cancelled,credit_card,0.0,5
1987,1418,2023-03-09 03:55:36,processing,debit_card,8.06,10
1988,223,2024-10-27 04:24:19,completed,debit_card,19.54,10
1989,1123,2023-02-11 13:19:12,completed,wallet,16.46,0
1990,119,2024-04-16 01:35:01,completed,paypal,8.88,0
1991,900,2025-03-22 13:55:03,cancelled,paypal,0.0,0
1992,146,2025-05-24 02:24:11,completed,debit_card,9.66,0
1993,1622,2024-07-25 21:43:18,shipped,credit_card,17.64,10
1994,591,2024-04-29 07:23:52,completed,cod,21.07,0
1995,1812,2023-02-22 14:29:36,cancelled,cod,0.0,5
1996,117,2025-05-07 07:54:56,processing,debit_card,21.36,0
1997,1669,2024-11-18 10:22:47,completed,upi,1.21,10
1998,7,2025-03-29 02:50:19,processing,credit_card,0.14,0
1999,272,2023-07-01 07:35:50,completed,cod,0.92,0
2000,1861,2023-04-16 21:17:56,completed,wallet,12.94,0
2001,307,2023-08-24 19:50:28,completed,debit_card,20.07,10
2002,519,2024-04-13 05:50:49,completed,credit_card,21.39,15
2003,708,2026-11-11 00:00:00,completed,wallet,16.88,5
2004,907,2025-02-12 04:59:35,processing,debit_card,0.05,0
2005,1136,2023-01-17 21:32:33,completed,paypal,13.47,0
2006,1552,2024-11-09 20:18:11,completed,wallet,13.39,5
2007,1987,2024-05-13 05:31:44,processing,upi,7.57,5
2008,343,2024-12-24 06:27:10,completed,debit_card,11.46,20
2009,594,2024-10-27 09:52:57,completed,credit_card,4.16,15
2010,479,2024-08-20 16:23:24,shipped,cod,6.47,0
2011,1073,2024-10-07 06:58:32,shipped,paypal,13.31,15
2012,813,2023-04-24 18:01:41,completed,upi,10.6,0
2013,1534,2025-03-31 17:28:50,completed,credit_card,7.78,10
2014,132,2024-08-07 16:11:50,shipped,paypal,0.5,5
2015,688,2024-09-08 16:29:01,completed,wallet,4.15,0
2016,1223,2025-02-20 06:55:14,cancelled,credit_card,0.0,0
2017,275,2023-12-09 21:49:36,completed,paypal,16.07,0
2018,1707,2024-05-01 04:37:12,cancelled,paypal,0.0,15
2019,1244,2024-12-12 20:44:37,completed,debit_card,4.12,20
2020,819,2023-07-04 00:14:59,processing,cod,7.08,0
2021,362,2023-11-30 22:02:21,completed,wallet,18.37,0
2022,1420,2023-11-17 05:38:44,processing,debit_card,2.32,20
2023,912,2024-06-29 08:17:56,completed,cod,4.31,0
2024,1122,2025-01-08 19:32:31,cancelled,wallet,0.0,10
2025,1837,2023-09-28 11:05:43,completed,debit_card,13.44,20
2026,1093,2025-01-08 21:19:45,completed,upi,7.27,0
2027,725,2023-02-26 03:00:40,completed,wallet,20.53,0
2028,651,2024-04-29 22:45:46,completed,debit_card,2.19,0
2029,1678,2024-07-04 01:58:38,completed,upi,16.16,0
2030,1981,2024-12-01 04:23:24,completed,wallet,19.55,5
2031,1821,2024-01-12 06:48:56,completed,wallet,7.77,15
2032,862,2025-03-07 18:10:25,completed,wallet,4.6,5
2033,581,2025-03-10 17:02:00,completed,upi,1.1,0
2034,1295,2023-12-03 16:18:58,completed,wallet,14.89,15
2035,1953,2025-04-09 23:37:12,shipped,paypal,0.06,20
2036,1603,2023-05-15 09:14:38,shipped,debit_card,11.23,20
2037,1461,2025-01-29 11:53:21,completed,paypal,7.54,0
2038,961,2023-05-29 13:41:04,completed,upi,3.79,0
2039,26,2025-01-05 09:15:36,completed,cod,9.7,5
2040,1351,2023-10-02 19:03:49,completed,paypal,11.22,5
2041,1358,2024-10-07 21:42:45,completed,upi,15.17,0
2042,940,2023-07-30 05:52:30,shipped,upi,9.27,5
2043,1751,2025-01-26 12:24:52,completed,wallet,19.71,15
2044,376,2025-01-11 13:03:45,completed,debit_card,15.12,0
2045,809,2024-03-13 04:45:34,shipped,cod,20.51,5
2046,1879,2024-04-01 06:15:03,shipped,upi,12.96,0
2047,1374,2025-03-13 17:39:57,completed,cod,21.37,10
2048,198,2024-02-28 10:33:54,completed,upi,8.23,0
2049,109,2024-01-22 08:31:02,shipped,wallet,1.55,0
2050,233,2023-11-01 17:23:32,shipped,credit_card,21.85,15
2051,1686,2025-06-14 09:03:29,shipped,credit_card,3.92,0
2052,98,2023-02-15 21:13:21,completed,upi,0.7,5
2053,1283,2024-11-14 05:58:05,completed,upi,3.57,0
2054,178,2025-01-15 21:03:19,returned,upi,15.04,5
2055,563,2024-08-28 01:01:59,shipped,wallet,21.42,0
2056,719,2025-01-22 05:37:08,completed,cod,19.84,5
2057,1240,2023-05-15 04:48:59,shipped,wallet,18.98,5
2058,1765,2024-10-20 11:53:36,shipped,debit_card,9.73,20
2059,588,2024-10-20 02:12:34,completed,wallet,13.13,15
2060,1403,2023-11-18 14:07:55,completed,upi,11.69,20
2061,1035,2023-06-23 09:40:03,completed,upi,8.15,0
2062,489,2024-08-03 03:18:11,completed,paypal,8.14,15
2063,413,2025-05-12 20:07:21,shipped,upi,21.16,0
2064,1467,2025-03-31 11:53:05,completed,upi,14.42,0
2065,307,2024-06-20 17:05:41,returned,wallet,9.54,10
2066,682,2023-02-27 16:52:05,processing,wallet,13.9,0
2067,428,2024-03-25 10:27:32,cancelled,wallet,0.0,0
2068,316,2024-09-26 07:29:03,completed,credit_card,9.89,5
2069,1945,2025-06-10 22:12:03,completed,debit_card,15.23,0
2070,241,2023-03-27 22:56:10,completed,cod,15.24,5
2071,1099,2024-09-27 03:17:19,completed,paypal,0.47,0
2072,813,2025-03-24 01:38:51,completed,wallet,15.55,20
2073,1434,2025-06-02 01:06:31,shipped,paypal,15.18,0
2074,1532,2023-12-14 04:15:55,shipped,debit_card,18.4,20
2075,290,2024-10-28 20:43:11,cancelled,credit_card,0.0,20
2076,976,2024-10-13 15:08:11,returned,wallet,9.61,10
2077,1330,2023-01-16 04:14:11,completed,credit_card,3.41,0
2078,1199,2023-09-01 13:02:14,processing,paypal,20.76,0
2079,1274,2025-06-07 06:37:52,shipped,upi,12.41,0
2080,28,2024-06-26 12:06:53,shipped,paypal,15.58,0
2081,1184,2023-12-23 01:15:53,completed,debit_card,11.99,20
2082,389,2023-06-15 23:06:07,completed,paypal,15.44,10
2083,1790,2024-01-11 15:24:51,cancelled,paypal,0.0,5
2084,1408,2024-08-02 01:26:38,completed,credit_card,7.4,5
2085,633,2024-02-27 20:55:09,cancelled,credit_card,0.0,0
2086,114,2024-07-13 08:45:59,completed,cod,18.76,15
2087,1196,2023-05-30 11:19:38,completed,upi,3.34,10
2088,1576,2024-04-24 05:01:29,shipped,credit_card,2.22,20
2089,333,2024-01-24 04:35:42,cancelled,debit_card,0.0,0
2090,1532,2024-06-02 07:50:23,completed,paypal,19.96,10
2091,553,2023-12-10 02:41:08,returned,paypal,9.99,0
2092,699,2024-01-28 07:15:26,unknown,paypal,9.13,0
2093,1017,2024-10-23 02:00:15,shipped,cod,13.19,0
2094,781,2024-10-28 11:48:04,completed,wallet,2.37,15
2095,169,2023-11-07 03:54:30,returned,credit_card,17.94,5
2096,609,2024-04-21 11:14:34,processing,upi,3.76,0
2097,710,2025-03-22 06:34:32,shipped,paypal,14.55,0
2098,400,2025-01-10 11:39:22,shipped,upi,7.64,0
2099,648,2024-02-09 23:38:12,completed,wallet,2.77,0
2100,1704,2024-08-14 07:04:30,cancelled,paypal,0.0,0
2101,1927,2023-06-19 14:22:49,cancelled,paypal,0.0,5
2102,147,2025-02-02 08:37:35,shippd,cod,8.24,15
2103,203,2024-03-10 14:43:34,shipped,cod,17.05,10
2104,1066,2025-03-16 14:03:30,completed,cod,3.08,5
2105,789,2024-03-03 22:23:58,completed,credit_card,8.31,0
2106,1688,2024-08-09 14:30:49,returned,upi,4.03,0
2107,479,2024-07-08 00:26:02,processing,wallet,20.04,0
2108,1298,2024-08-13 01:38:14,shipped,cod,15.54,0
2109,1437,2023-11-07 20:48:20,completed,wallet,21.52,0
2110,418,2024-07-13 05:46:34,shipped,cod,14.22,0
2111,210,2023-09-10 06:28:10,shipped,cod,14.77,5
2112,431,2023-05-05 17:13:03,completed,credit_card,5.4,15
2113,1459,2023-12-25 22:47:38,cancelled,cod,0.0,15
2114,1922,2024-06-14 15:41:46,cancelled,credit_card,0.0,0
2115,778,2024-10-14 09:52:12,completed,cod,15.92,15
2116,1824,2023-06-09 09:11:25,completed,paypal,2.35,0
2117,845,2023-07-18 05:48:10,completed,upi,2.34,15
2118,1001,2025-04-24 09:24:52,completed,credit_card,16.85,0
2119,612,2023-10-17 06:08:59,completed,debit_card,7.43,20
2120,507,2023-10-01 09:19:22,completed,paypal,7.45,5
2121,1229,2024-08-02 13:19:39,shipped,cod,21.81,10
2122,74,2023-08-09 14:53:10,completed,paypal,11.43,5
2123,1034,2024-09-16 05:24:19,completed,cod,8.12,10
2124,173,2024-04-18 07:54:49,completed,cod,20.57,15
2125,1355,2023-08-12 12:56:15,completed,wallet,12.01,10
2126,567,2024-06-01 22:53:50,completed,cod,9.53,5
2127,1780,2025-06-27 09:00:30,completed,wallet,2.28,0
2128,1988,2024-09-15 18:28:16,processing,debit_card,3.78,5
2129,27,2024-03-25 07:30:32,completed,upi,6.23,15
2130,886,2025-02-20 13:27:09,completed,wallet,12.08,0
2131,1100,2023-03-02 18:41:14,completed,cod,16.76,5
2132,1226,2026-11-25 00:00:00,completed,debit_card,10.29,5
2133,492,2023-12-19 21:15:49,completed,paypal,20.92,10
2134,1105,2024-04-12 19:09:19,completed,credit_card,8.1,0
2135,638,2025-06-01 23:08:44,completed,wallet,7.54,20
2136,436,2023-08-05 05:57:56,shipped,cod,14.52,15
2137,646,2025-05-04 01:19:26,shipped,credit_card,14.72,5
2138,402,2023-04-29 12:33:11,completed,upi,11.07,0
2139,710,2023-07-14 18:06:31,shipped,upi,20.56,0
2140,1350,2024-04-20 00:13:10,shipped,upi,13.11,5
2141,1509,2025-05-04 15:00:50,processing,credit_card,3.76,5
2142,1997,2024-10-07 22:27:32,processing,cod,20.87,15
2143,939,2025-05-29 17:32:15,completed,credit_card,16.57,10
2144,1632,2023-03-09 05:47:52,completed,wallet,19.33,0
2145,1281,2024-07-17 08:07:58,processing,credit_card,15.27,0
2146,1270,2025-06-23 23:32:19,shipped,debit_card,11.9,15
2147,785,2024-09-25 23:08:21,completed,cod,8.29,5
2148,1141,2024-04-09 02:38:45,shipped,cod,15.47,0
2149,2102,2025-03-15 05:59:30,cancelled,credit_card,0.0,0
2150,1967,2024-11-11 10:20:46,completed,wallet,7.43,0
2151,2000,2024-02-14 15:31:13,completed,credit_card,14.83,10
2152,1825,2024-10-26 15:09:39,completed,upi,0.31,15
2153,1231,2024-02-20 22:30:27,completed,cod,4.63,0
2154,1637,2023-07-04 06:29:21,processing,upi,9.03,10
2155,1705,2023-06-06 21:34:54,completed,wallet,18.97,15
2156,1693,2023-03-24 14:41:24,completed,wallet,8.16,0
2157,101,2023-08-10 22:11:38,completed,upi,11.63,15
2158,1676,2024-02-01 22:16:39,returned,cod,0.67,10
2159,1289,2023-05-24 11:19:22,completed,paypal,16.73,0
2160,1475,2023-12-18 04:48:24,completed,credit_card,13.61,0
2161,797,2024-08-29 03:23:59,completed,credit_card,8.53,15
2162,1814,2023-04-21 01:45:24,completed,cod,3.07,20
2163,1599,2025-06-05 13:28:49,completed,debit_card,0.56,10
2164,1197,2024-04-02 13:27:28,completed,debit_card,1.5,10
2165,868,2025-03-29 17:03:45,completed,credit_card,15.35,20
2166,81,2024-07-22 20:24:00,completed,debit_card,18.3,0
2167,288,2023-03-02 13:19:05,completed,wallet,0.39,0
2168,1735,2024-01-05 04:03:42,cancelled,wallet,0.0,10
2169,419,2024-03-11 08:49:31,completed,wallet,18.5,10
2170,2226,2025-01-31 04:04:43,cancelled,paypal,0.0,20
2171,293,2024-12-17 01:31:26,completed,debit_card,8.69,20
2172,1069,2024-10-14 09:48:54,completed,upi,2.93,10
2173,1467,2025-06-05 07:24:10,cancelled,wallet,0.0,5
2174,1093,2025-01-03 23:07:52,completed,debit_card,5.84,20
2175,1887,2024-03-08 10:45:42,completed,credit_card,2.23,0
2176,1899,2023-10-15 07:56:14,shipped,debit_card,5.12,10
2177,607,2024-08-24 05:37:20,completed,wallet,14.64,0
2178,442,2024-06-29 09:50:44,returned,wallet,8.75,0
2179,1553,2024-06-17 12:01:38,completed,paypal,6.55,0
2180,1643,2023-10-19 02:13:52,completed,cod,3.94,10
2181,980,2024-09-01 14:25:08,completed,upi,4.06,15
2182,1892,2025-01-18 04:22:37,completed,paypal,20.58,5
2183,694,2024-11-12 22:40:59,completed,credit_card,17.07,10
2184,1736,2025-05-19 03:24:26,completed,debit_card,14.67,5
2185,1285,2023-04-16 13:43:11,completed,upi,9.71,5
2186,1367,2025-04-17 20:55:14,completed,wallet,15.72,0
2187,827,2023-09-30 12:59:26,completed,upi,7.27,10
2188,1724,2025-01-22 07:23:53,completed,upi,14.54,5
2189,949,2023-02-27 11:14:08,cancelled,paypal,0.0,15
2190,1845,2024-08-04 01:51:36,shipped,cod,7.95,5
2191,169,2024-03-07 21:24:24,completed,cod,5.59,15
2192,386,2023-07-17 21:35:51,shipped,wallet,5.3,5
2193,972,2023-06-16 06:19:21,completed,debit_card,5.71,0
2194,1672,2024-10-09 06:41:01,processing,wallet,21.66,10
2195,627,2025-06-29 04:17:32,completed,cod,2.03,0
2196,284,2025-02-27 20:30:39,completed,credit_card,7.14,20
2197,17,2023-01-02 21:34:57,processing,upi,8.18,10
2198,883,2023-02-11 07:07:17,completed,cod,16.43,0
2199,449,2023-05-01 14:09:25,processing,debit_card,4.8,0
2200,1255,2024-10-13 18:32:16,completed,debit_card,14.97,0
2201,1113,2023-07-05 14:48:59,completed,paypal,10.28,15
2202,898,2023-04-18 19:26:27,processing,wallet,21.89,20
2203,204,2023-01-20 12:17:31,completed,cod,14.94,10
2204,14,2023-09-26 17:39:55,processing,cod,21.0,10
2205,1511,2024-04-22 18:49:58,completed,cod,18.14,10
2206,248,2025-03-01 08:31:18,shipped,credit_card,11.83,0
2207,1180,2024-07-12 05:54:45,shipped,cod,0.67,5
2208,393,2025-05-31 22:26:45,completed,wallet,8.86,10
2209,807,2023-11-06 12:20:08,completed,credit_card,20.53,15
2210,1100,2024-10-07 17:47:42,completed,wallet,16.1,0
2211,556,2025-01-29 19:07:13,completed,cod,17.86,0
2212,1316,2023-08-08 11:31:03,completed,paypal,0.98,0
2213,104,2023-02-25 12:28:12,completed,credit_card,11.65,5
2214,1184,2023-05-13 10:02:59,completed,wallet,14.85,0
2215,98,2023-01-30 07:18:43,completed,upi,7.23,15
2216,1363,2025-04-14 23:35:25,completed,wallet,7.03,0
2217,633,2023-10-02 21:46:31,completed,paypal,21.8,5
2218,1969,2024-11-28 04:25:59,processing,credit_card,1.47,5
2219,78,2025-04-09 13:04:02,completed,upi,10.29,5
2220,179,2023-01-28 00:47:55,completed,debit_card,7.94,20
2221,1962,2024-02-11 18:32:20,returned,wallet,13.02,10
2222,1325,2024-09-05 03:13:56,completed,wallet,6.05,10
2223,1707,2024-06-27 05:31:26,shipped,upi,8.1,15
2224,477,2024-03-26 21:42:11,cancelled,credit_card,0.0,10
2225,97,2025-02-10 14:20:36,shipped,debit_card,20.67,10
2226,1841,2025-02-01 20:40:09,CANCEL,credit_card,3.84,5
2227,971,2023-04-14 01:48:25,shippd,credit_card,16.54,20
2228,1308,2023-09-19 18:34:58,completed,credit_card,5.62,0
2229,1169,2023-09-09 03:18:21,shipped,wallet,19.36,10
2230,1947,2024-03-24 22:32:13,completed,wallet,19.4,0
2231,1210,2023-06-11 23:22:08,completed,credit_card,13.27,15
2232,243,2024-08-21 03:08:53,completed,debit_card,16.03,5
2233,1230,2024-12-21 18:22:36,completed,wallet,11.15,0
2234,1582,2024-03-14 21:22:45,cancelled,upi,0.0,5
2235,278,2023-04-14 15:07:06,completed,upi,14.97,10
2236,684,2025-02-15 14:33:10,shipped,cod,11.82,5
2237,1606,2023-01-16 18:34:03,completed,credit_card,7.61,0
2238,7,2025-04-28 02:36:22,completed,upi,2.73,15
2239,1293,2024-08-31 15:14:12,,upi,3.61,15
2240,228,2023-01-12 06:35:02,completed,cod,3.49,0
2241,224,2023-05-20 15:02:21,completed,upi,19.78,0
2242,615,2024-05-24 00:07:43,returned,debit_card,20.54,0
2243,477,2025-03-07 04:32:33,completed,credit_card,1.2,0
2244,532,2024-12-17 04:28:16,completed,upi,18.57,15
2245,1404,2024-05-06 10:17:08,cancelled,wallet,0.0,0
2246,1231,2024-02-05 00:09:00,completed,debit_card,3.19,5
2247,213,2023-09-26 16:53:34,returned,paypal,21.54,0
2248,1640,2024-08-30 10:47:24,completed,cod,9.43,5
2249,1523,2023-06-17 23:48:36,shipped,debit_card,0.06,0
2250,1397,2025-06-09 06:15:30,completed,credit_card,10.39,10
2251,169,2024-08-02 23:10:16,completed,cod,18.88,15
2252,1625,2024-11-24 07:33:37,completed,cod,3.65,15
2253,584,2024-11-13 06:53:49,completed,debit_card,19.94,0
2254,602,2024-06-15 19:56:34,cancelled,cod,0.0,0
2255,1201,2024-04-10 07:55:51,completed,debit_card,16.62,0
2256,569,2024-08-04 07:32:07,returned,credit_card,16.58,15
2257,2461,2024-10-28 02:49:44,completed,wallet,18.32,5
2258,578,2025-03-15 16:12:07,returned,paypal,3.78,10
2259,97,2025-03-01 06:16:05,shipped,credit_card,13.07,10
2260,1572,2023-08-13 00:00:16,completed,cod,1.8,0
2261,32,2023-09-18 16:58:07,completed,debit_card,18.57,20
2262,614,2023-03-18 09:01:24,processing,wallet,0.71,0
2263,1152,2025-06-28 14:14:49,completed,credit_card,11.91,0
2264,575,2023-06-20 05:53:15,completed,cod,19.76,0
2265,1037,2024-03-09 20:28:19,completed,wallet,2.98,10
2266,1191,2024-04-14 04:06:39,processing,credit_card,10.29,0
2267,764,2024-05-12 22:22:08,shipped,upi,9.25,20
2268,226,2023-04-10 21:16:31,completed,credit_card,2.47,15
2269,1616,2024-11-30 21:45:36,completed,credit_card,15.4,10
2270,1504,2024-05-03 03:38:31,completed,cod,2.65,10
2271,553,2024-07-24 09:39:55,completed,debit_card,0.63,0
2272,1834,2023-10-24 04:34:03,completed,debit_card,8.57,5
2273,43,2025-03-12 09:51:35,completed,cod,2.3,10
2274,1415,2024-07-09 03:44:23,completed,cod,8.02,20
2275,255,2023-01-12 05:23:07,cancelled,cod,0.0,20
2276,354,2024-05-23 01:42:36,completed,wallet,16.29,20
2277,1434,2023-01-31 04:32:05,processing,paypal,13.38,5
2278,723,2023-05-17 06:32:37,completed,cod,0.39,20
2279,44,2024-06-03 23:37:14,shipped,cod,9.3,15
2280,1626,2023-03-16 19:18:14,completed,upi,7.85,0
2281,1142,2023-04-13 01:30:25,completed,credit_card,17.51,5
2282,1860,2023-12-22 15:15:20,unknown,wallet,21.08,0
2283,1886,2023-01-09 10:53:16,returned,cod,2.82,0
2284,1781,2024-09-11 21:54:24,completed,credit_card,11.98,20
2285,1948,2025-05-13 00:19:23,completed,cod,5.69,20
2286,1783,2024-10-06 14:44:44,returned,credit_card,8.32,0
2287,1664,2023-05-17 02:21:43,cancelled,credit_card,0.0,0
2288,595,2023-01-24 15:19:29,completed,credit_card,13.04,0
2289,210,2025-01-24 05:03:31,completed,paypal,15.18,5
2290,600,2023-10-04 22:08:58,returned,upi,21.81,0
2291,135,2023-04-13 14:57:01,completed,debit_card,9.72,20
2292,965,2024-10-28 08:55:48,completed,wallet,15.36,0
2293,1255,2023-06-28 05:21:02,shipped,credit_card,1.06,0
2294,710,2023-05-19 04:09:13,completed,debit_card,10.39,15
2295,2274,2023-11-30 03:54:33,completed,credit_card,10.82,5
2296,1344,2024-04-03 23:01:51,completed,cod,15.47,20
2297,1391,2024-12-24 02:46:02,cancelled,debit_card,0.0,0
2298,1609,2024-09-05 17:39:54,processing,paypal,21.35,0
2299,450,2023-11-12 07:41:15,completed,cod,2.85,5
2300,1886,2023-08-17 19:29:37,shipped,debit_card,9.71,20
2301,446,2023-04-04 15:10:11,returned,credit_card,5.31,10
2302,1915,2025-05-26 19:33:35,completed,wallet,7.05,5
2303,709,2023-05-26 21:43:12,completed,cod,7.34,20
2304,1779,2024-06-29 02:45:57,processing,cod,9.95,0
2305,500,2025-04-25 05:16:51,completed,credit_card,1.96,15
2306,1966,2024-07-09 23:09:43,completed,cod,13.59,0
2307,1459,2023-03-03 11:44:06,returned,credit_card,17.81,5
2308,38,2023-01-12 02:27:04,returned,debit_card,7.21,20
2309,681,2023-10-21 10:48:20,completed,wallet,21.91,5
2310,47,2023-11-24 01:07:44,completed,credit_card,1.63,15
2311,1985,2025-05-06 20:49:30,cancelled,credit_card,0.0,0
2312,1968,2025-06-19 22:50:53,shipped,cod,16.08,15
2313,639,2023-10-31 23:02:13,completed,upi,2.27,0
2314,1307,2023-09-09 10:48:46,completed,credit_card,0.99,15
2315,1504,2025-05-21 09:39:37,completed,cod,8.13,0
2316,632,2023-06-12 17:20:56,completed,credit_card,14.96,20
2317,70,2023-04-08 23:16:38,completed,paypal,15.37,20
2318,619,2023-08-04 06:52:37,cancelled,upi,0.0,0
2319,1880,2024-09-25 23:55:45,shipped,paypal,18.2,0
2320,1800,2023-08-03 18:40:11,cancelled,cod,0.0,5
2321,252,2023-05-08 04:54:59,shipped,cod,11.52,15
2322,184,2023-07-20 18:23:58,completed,paypal,10.28,15
2323,1421,2025-04-17 08:17:33,processing,credit_card,11.2,0
2324,946,2023-04-05 09:08:01,completed,wallet,7.0,20
2325,1606,2024-01-01 19:48:17,shipped,upi,21.48,10
2326,1474,2024-05-15 11:39:00,processing,debit_card,12.26,0
2327,271,2024-08-11 00:50:09,cancelled,cod,0.0,0
2328,934,2024-05-21 20:15:05,completed,cod,3.67,15
2329,1770,2023-07-20 15:42:33,pendingg,credit_card,0.3,15
2330,1282,2024-02-21 11:21:40,shipped,cod,3.24,0
2331,1679,2025-04-13 11:15:49,shipped,wallet,19.72,0
2332,1805,2024-08-31 20:36:33,completed,wallet,14.68,0
2333,301,2023-06-22 07:38:59,completed,wallet,7.0,15
2334,980,2023-02-13 07:42:17,cancelled,cod,0.0,15
2335,551,2023-12-12 08:36:06,completed,credit_card,8.8,0
2336,1490,2024-05-07 17:19:20,completed,debit_card,11.03,5
2337,1075,2023-07-06 02:25:46,shipped,cod,13.9,0
2338,922,2024-01-17 06:58:27,completed,upi,18.72,15
2339,682,2024-08-31 02:30:15,cancelled,paypal,0.0,0
2340,534,2025-02-28 07:02:40,completed,credit_card,15.42,5
2341,2209,2023-12-15 12:35:35,cancelled,credit_card,0.0,20
2342,422,2023-06-13 18:44:55,completed,credit_card,3.32,15
2343,80,2023-08-11 12:45:18,completed,wallet,12.65,10
2344,1112,2023-04-09 18:34:19,completed,paypal,12.0,5
2345,1536,2024-09-24 04:27:21,processing,paypal,12.91,0
2346,1077,2025-02-06 21:54:53,completed,debit_card,0.36,0
2347,139,2024-08-22 18:48:44,processing,upi,10.16,20
2348,1439,2024-04-12 21:44:56,cancelled,upi,0.0,0
2349,1955,2024-11-09 07:34:12,completed,upi,15.29,20
2350,1864,2023-04-10 23:52:59,completed,wallet,10.36,0
2351,1310,2024-01-24 13:59:37,completed,credit_card,4.57,0
2352,973,2024-02-06 02:12:33,cancelled,wallet,0.0,0
2353,1673,2024-12-15 03:19:56,completed,upi,20.36,10
2354,1684,2025-05-21 04:07:15,returned,debit_card,20.06,10
2355,1975,2025-05-12 18:01:43,completed,debit_card,21.12,5
2356,1982,2025-02-27 08:24:29,completed,debit_card,17.55,0
2357,1266,2024-09-09 05:50:51,completed,upi,11.29,0
2358,1794,2025-01-08 18:41:33,completed,wallet,11.77,20
2359,140,2026-11-18 00:00:00,returned,paypal,5.49,10
2360,1736,2023-11-29 14:25:48,completed,credit_card,18.38,0
2361,1448,2024-05-13 11:20:50,cancelled,debit_card,0.0,15
2362,552,2024-03-19 10:08:20,completed,paypal,13.75,0
2363,1601,2024-10-26 18:58:50,completed,upi,9.72,5
2364,1965,2023-03-01 17:36:00,completed,cod,21.18,0
2365,164,2024-07-16 10:49:33,completed,wallet,11.5,10
2366,1716,2023-12-30 15:53:42,cancelled,upi,0.0,20
2367,13,2024-02-13 08:06:08,shipped,paypal,13.34,0
2368,814,2023-06-11 12:58:14,completed,cod,15.65,10
2369,829,2024-05-27 16:25:22,completed,cod,12.18,0
2370,1834,2025-01-11 00:18:09,completed,cod,16.94,20
2371,1903,2023-09-16 20:29:54,shipped,credit_card,15.97,0
2372,1102,2023-05-07 06:03:29,processing,cod,3.29,0
2373,686,2024-05-25 23:56:53,completed,debit_card,15.97,0
2374,1907,2025-06-16 20:02:44,completed,wallet,3.82,0
2375,1,2023-03-02 23:21:25,cancelled,upi,0.0,5
2376,832,2024-02-03 23:14:25,shipped,credit_card,8.61,0
2377,1176,2023-06-30 20:51:20,completed,paypal,21.71,0
2378,1565,2025-01-06 23:13:05,completed,paypal,6.79,0
2379,1398,2023-12-18 11:36:20,completed,upi,6.31,15
2380,778,2024-03-11 06:30:02,shipped,cod,15.08,10
2381,327,2025-03-27 17:31:41,shipped,upi,4.74,0
2382,1845,2024-06-07 07:50:25,,upi,8.03,10
2383,1033,2025-04-27 01:27:39,completed,debit_card,18.42,15
2384,725,2023-08-13 02:44:15,cancelled,cod,0.0,5
2385,1529,2024-05-15 13:49:31,completed,credit_card,0.39,20
2386,291,2024-01-09 08:26:05,completed,wallet,4.13,10
2387,742,2024-06-16 14:46:51,completed,paypal,4.75,0
2388,1085,2023-11-24 15:17:29,cancelled,debit_card,0.0,0
2389,869,2025-01-19 22:04:38,shipped,cod,1.24,10
2390,1847,2023-07-07 20:17:31,completed,debit_card,4.79,0
2391,1644,2024-01-11 00:23:36,completed,upi,15.33,0
2392,891,2024-03-31 13:20:48,completed,upi,7.51,0
2393,728,2023-09-29 08:54:45,processing,cod,12.05,0
2394,594,2024-01-17 04:35:05,shipped,debit_card,16.6,0
2395,1955,2024-11-05 20:38:38,completed,upi,19.41,5
2396,1543,2025-03-03 15:17:41,returned,paypal,14.73,15
2397,811,2023-05-03 01:25:02,shipped,paypal,8.0,0
2398,252,2025-05-23 15:54:09,processing,upi,19.48,0
2399,1494,2023-10-17 02:37:22,completed,paypal,16.68,0
2400,855,2023-01-17 07:36:40,completed,upi,19.28,20
2401,355,2025-02-10 10:18:08,completed,upi,17.2,0
2402,1155,2023-04-06 10:24:55,shipped,debit_card,21.87,0
2403,1160,2025-04-14 18:12:50,cancelled,credit_card,0.0,15
2404,908,2023-01-06 12:46:34,completed,paypal,18.11,0
2405,1397,2024-08-20 10:26:28,shipped,upi,12.06,0
2406,1332,2023-01-13 22:38:59,processing,upi,16.82,20
2407,776,2023-01-09 23:54:28,completed,upi,19.23,0
2408,831,2024-11-14 14:22:23,shipped,credit_card,18.72,10
2409,211,2023-01-31 02:57:05,completed,upi,19.26,0
2410,1069,2024-10-13 12:18:03,returned,wallet,14.3,0
2411,1914,2024-11-23 18:02:53,completed,debit_card,5.06,0
2412,1740,2023-09-06 19:04:29,cancelled,paypal,0.0,0
2413,1117,2025-01-13 10:36:50,completed,debit_card,7.9,0
2414,492,2025-04-23 13:57:49,completed,wallet,16.62,5
2415,451,2024-04-25 22:03:43,completed,wallet,3.56,5
2416,820,2023-12-23 15:20:26,completed,credit_card,13.27,0
2417,1176,2023-06-26 19:23:14,shipped,credit_card,20.76,5
2418,1329,2024-02-29 21:09:20,cancelled,debit_card,0.0,0
2419,337,2025-05-28 02:46:54,completed,upi,18.61,0
2420,837,2024-07-19 12:04:34,completed,cod,20.14,15
2421,788,2025-06-22 06:00:16,shipped,debit_card,8.18,0
2422,1692,2024-02-14 11:41:52,completed,cod,20.17,0
2423,1715,2023-06-28 02:07:38,returned,cod,10.96,15
2424,703,2023-12-21 15:02:04,completed,credit_card,7.72,0
2425,1200,2025-06-24 18:15:33,cancelled,wallet,0.0,0
2426,638,2023-07-23 13:21:49,completed,paypal,1.8,0
2427,484,2024-06-20 23:13:25,completed,cod,12.46,0
2428,368,2024-02-01 11:12:34,processing,debit_card,11.93,0
2429,1134,2024-11-06 11:08:07,processing,wallet,17.03,15
2430,994,2024-09-10 21:34:57,shipped,upi,6.22,20
2431,286,2024-08-30 22:50:26,returned,credit_card,2.44,20
2432,108,2025-06-02 11:18:41,completed,cod,13.42,10
2433,694,2025-05-10 10:51:36,completed,upi,11.59,0
2434,1314,2024-08-29 23:50:14,cancelled,debit_card,0.0,0
2435,921,2025-03-25 18:08:25,completed,credit_card,12.1,0
2436,1535,2023-11-22 20:28:46,returned,credit_card,4.59,10
2437,117,2023-12-25 16:52:47,shipped,cod,17.93,0
2438,1582,2024-11-25 22:40:50,completed,debit_card,16.28,15
2439,658,2025-01-06 19:09:29,shipped,paypal,1.09,15
2440,180,2024-01-06 15:07:26,shipped,debit_card,20.67,10
2441,613,2023-04-08 00:50:35,shipped,paypal,19.47,5
2442,24,2024-09-10 06:19:13,shipped,debit_card,17.57,20
2443,471,2023-08-18 18:49:01,completed,wallet,20.16,5
2444,629,2024-02-23 12:37:16,completed,debit_card,5.87,20
2445,1039,2023-10-22 20:37:58,shipped,credit_card,13.14,0
2446,1184,2023-09-29 18:56:32,completed,credit_card,0.62,15
2447,772,2023-09-02 22:18:01,completed,credit_card,20.81,5
2448,1009,2024-07-24 01:22:57,completed,credit_card,15.15,0
2449,705,2023-10-06 01:20:55,completed,upi,9.1,0
2450,562,2024-10-12 18:05:36,completed,paypal,14.15,10
2451,1073,2024-11-14 13:01:51,processing,debit_card,8.5,0
2452,1336,2023-03-26 15:49:36,shipped,debit_card,10.57,5
2453,1112,2023-08-05 13:03:28,processing,upi,3.83,0
2454,1923,2025-04-04 13:51:14,completed,credit_card,5.81,5
2455,1657,2024-04-17 21:26:54,completed,wallet,11.07,0
2456,1673,2023-01-25 23:11:43,cancelled,wallet,0.0,0
2457,1223,2024-03-04 17:44:44,returned,paypal,17.02,5
2458,1762,2024-07-02 03:09:01,shipped,wallet,1.3,0
2459,1381,2025-06-14 15:26:48,completed,credit_card,4.67,0
2460,1496,2024-02-17 05:22:22,completed,debit_card,6.04,0
2461,882,2023-11-12 05:07:21,completed,debit_card,18.7,20
2462,1839,2023-03-15 02:18:15,completed,wallet,7.35,10
2463,379,2023-08-14 20:12:07,returned,wallet,11.67,5
2464,889,2024-04-27 19:09:51,shipped,cod,15.6,0
2465,1793,2024-03-19 10:37:24,shipped,upi,14.14,5
2466,593,2023-12-07 09:18:35,completed,cod,12.37,10
2467,1950,2023-11-17 10:17:06,completed,debit_card,13.41,0
2468,455,2023-05-22 01:35:50,CANCEL,paypal,21.44,5
2469,44,2025-03-10 16:19:20,completed,wallet,11.73,0
2470,703,2024-04-02 01:14:40,completed,upi,4.72,15
2471,59,2023-09-06 12:26:15,completed,debit_card,5.77,10
2472,60,2025-02-27 17:28:18,completed,cod,16.05,20
2473,1174,2024-02-07 16:01:49,completed,wallet,17.09,20
2474,307,2023-04-22 08:53:15,returned,debit_card,7.72,5
2475,1537,2024-08-29 23:46:38,shipped,paypal,2.52,15
2476,1809,2023-10-20 19:46:31,completed,cod,13.95,15
2477,1728,2023-10-08 09:51:32,completed,upi,6.05,5
2478,851,2024-03-24 02:59:50,completed,debit_card,10.9,0
2479,1329,2023-04-01 02:07:21,completed,credit_card,5.66,20
2480,668,2023-08-12 06:36:09,completed,credit_card,3.67,20
2481,597,2023-08-21 07:47:12,completed,upi,18.59,10
2482,715,2024-03-06 05:48:42,completed,wallet,3.92,20
2483,1623,2024-02-29 10:39:05,completed,upi,4.86,0
2484,1032,2024-12-06 00:02:31,shipped,debit_card,8.43,20
2485,5,2023-02-27 05:25:42,completed,upi,16.67,20
2486,875,2025-01-31 01:50:33,completed,upi,5.07,0
2487,2104,2025-05-18 04:56:43,shipped,debit_card,17.18,10
2488,1626,2025-04-25 03:02:10,completed,wallet,10.32,0
2489,1313,2023-01-06 16:39:17,cancelled,debit_card,0.0,0
2490,887,2024-09-10 06:15:28,completed,upi,17.92,0
2491,1496,2025-03-21 23:11:38,shipped,debit_card,17.04,10
2492,749,2024-11-26 14:40:09,cancelled,debit_card,0.0,20
2493,1542,2023-07-27 05:54:36,processing,paypal,17.74,10
2494,1894,2023-05-04 00:21:07,completed,upi,20.71,0
2495,1435,2024-10-30 02:57:36,completed,debit_card,5.46,0
2496,823,2023-10-16 20:20:11,completed,credit_card,3.73,0
2497,1166,2024-09-17 14:38:12,completed,paypal,2.15,20
2498,313,2023-04-03 06:03:32,shipped,credit_card,6.31,0
2499,1045,2025-02-16 08:21:38,cancelled,paypal,0.0,5
2500,1520,2025-04-29 23:54:19,completed,upi,1.57,0
2501,111,2024-08-21 01:38:28,cancelled,paypal,0.0,10
2502,1631,2025-01-21 18:47:56,completed,wallet,11.91,5
2503,1165,2024-12-19 12:55:35,processing,cod,0.07,0
2504,17,2024-02-15 03:37:49,cancelled,credit_card,0.0,0
2505,1321,2024-03-15 02:24:15,completed,debit_card,3.72,0
2506,935,2023-10-22 23:22:05,completed,credit_card,16.04,5
2507,1753,2024-11-28 09:59:19,completed,cod,18.4,5
2508,1902,2023-03-27 03:31:20,completed,cod,2.9,10
2509,1269,2024-04-09 01:23:27,completed,debit_card,16.97,0
2510,1381,2023-08-15 15:23:23,completed,upi,13.74,0
2511,1051,2024-10-22 10:29:47,shipped,upi,17.93,20
2512,324,2023-07-14 03:13:27,shipped,paypal,4.67,5
2513,1134,2024-06-08 04:31:59,shipped,credit_card,2.5,20
2514,1284,2023-10-09 01:18:14,shipped,paypal,6.38,0
2515,1814,2024-06-05 19:23:25,processing,wallet,17.02,20
2516,1124,2025-01-07 23:19:54,completed,cod,6.35,15
2517,1176,2023-01-29 16:50:05,completed,upi,10.97,0
2518,280,2024-07-03 00:24:44,completed,debit_card,20.61,15
2519,354,2025-01-25 07:40:07,completed,credit_card,1.94,20
2520,1704,2025-04-09 14:50:44,completed,upi,10.66,10
2521,1927,2024-04-08 11:29:13,completed,debit_card,1.66,10
2522,515,2024-01-06 23:58:10,completed,cod,19.18,5
2523,1524,2023-05-27 23:11:56,processing,cod,19.77,15
2524,1637,2024-08-28 17:43:22,processing,wallet,17.22,0
2525,1709,2025-06-06 10:14:39,shipped,wallet,14.77,15
2526,2301,2023-04-22 17:19:27,shipped,upi,0.44,5
2527,1288,2025-03-22 10:04:51,completed,cod,20.48,0
2528,223,2024-03-24 08:36:15,shipped,debit_card,9.29,20
2529,21,2024-07-08 11:31:08,completed,cod,15.47,20
2530,1045,2024-04-29 12:16:39,completed,wallet,10.81,5
2531,573,2025-06-25 00:04:59,processing,cod,12.48,20
2532,823,2023-05-21 05:07:00,completed,upi,10.39,0
2533,1743,2023-09-06 02:39:05,completed,paypal,20.15,10
2534,727,2023-07-20 01:21:24,shipped,paypal,10.22,5
2535,284,2023-01-26 16:31:19,completed,upi,2.76,0
2536,1331,2023-04-16 10:15:28,returned,cod,17.6,20
2537,1943,2023-02-04 01:23:16,shipped,credit_card,8.21,10
2538,433,2025-06-18 17:36:19,shipped,cod,13.77,0
2539,800,2024-09-17 01:42:03,processing,cod,13.4,15
2540,1762,2023-05-27 19:05:59,completed,paypal,21.81,15
2541,469,2023-03-23 11:20:39,shipped,upi,12.04,20
2542,838,2023-01-06 04:56:13,completed,paypal,9.65,5
2543,1887,2025-04-20 18:12:06,completed,wallet,15.68,0
2544,644,2025-05-13 13:01:46,shipped,debit_card,17.67,5
2545,702,2024-10-20 20:58:51,completed,upi,14.15,10
2546,257,2023-12-19 02:52:17,processing,upi,4.74,0
2547,224,2025-04-08 07:48:30,completed,paypal,21.35,0
2548,1854,2024-11-16 08:36:39,processing,upi,6.95,0
2549,888,2024-10-07 04:03:14,completed,upi,17.34,10
2550,1157,2024-10-03 15:33:08,completed,cod,11.0,0
2551,759,2024-10-17 13:00:38,shipped,upi,17.73,0
2552,1533,2024-02-01 23:05:42,completed,upi,6.07,0
2553,767,2024-12-30 05:57:06,completed,paypal,13.61,0
2554,980,2024-12-02 19:38:43,completed,wallet,1.24,10
2555,2293,2025-05-03 12:59:56,cancelled,upi,0.0,0
2556,291,2023-07-13 05:08:33,completed,debit_card,0.9,5
2557,1118,2023-06-08 02:13:51,completed,debit_card,3.68,0
2558,286,2023-06-06 01:57:46,completed,credit_card,19.22,5
2559,545,2026-12-06 00:00:00,completed,paypal,0.34,15
2560,1703,2024-09-10 22:33:45,completed,debit_card,12.84,0
2561,1390,2023-02-22 15:36:55,completed,credit_card,13.64,20
2562,180,2025-05-22 00:20:38,completed,upi,5.0,0
2563,1386,2025-05-30 18:19:27,cancelled,wallet,0.0,15
2564,57,2024-09-13 07:49:51,cancelled,paypal,0.0,10
2565,569,2025-04-19 10:58:02,completed,cod,3.7,20
2566,125,2024-06-18 11:52:21,completed,credit_card,12.15,0
2567,1856,2023-04-03 10:28:56,shipped,credit_card,16.43,5
2568,1340,2025-06-12 15:18:19,completed,upi,16.41,15
2569,371,2025-02-11 21:46:19,completed,credit_card,17.29,5
2570,178,2024-04-16 23:52:28,shipped,debit_card,11.79,20
2571,1205,2024-12-19 16:59:07,completed,debit_card,11.64,5
2572,1040,2024-12-29 14:45:20,completed,cod,0.15,15
2573,1982,2023-04-12 23:11:59,completed,credit_card,4.97,20
2574,764,2025-05-14 08:26:45,returned,credit_card,0.2,10
2575,919,2023-07-29 07:06:25,completed,upi,21.41,0
2576,265,2024-03-03 18:27:47,completed,credit_card,0.25,15
2577,1166,2025-01-16 04:17:59,returned,debit_card,1.98,10
2578,1461,2023-01-30 08:20:38,shipped,paypal,2.55,15
2579,1776,2024-03-31 18:18:26,completed,upi,18.55,5
2580,1333,2024-04-05 12:01:43,completed,cod,0.54,10
2581,233,2024-01-02 04:17:21,completed,upi,16.34,0
2582,1058,2023-10-31 03:09:07,completed,upi,17.53,20
2583,1754,2023-07-07 13:35:51,completed,upi,18.61,15
2584,998,2024-11-03 00:13:27,completed,wallet,5.86,20
2585,1779,2025-05-09 13:08:41,completed,cod,10.77,0
2586,725,2024-10-26 22:56:06,completed,debit_card,14.64,10
2587,1414,2024-10-03 17:46:55,cancelled,paypal,0.0,15
2588,1861,2025-01-27 18:39:44,completed,cod,17.27,0
2589,457,2024-06-05 08:18:38,cancelled,upi,0.0,15
2590,1281,2025-06-12 01:45:43,completed,debit_card,5.35,0
2591,1980,2024-11-30 13:34:41,completed,paypal,4.34,20
2592,1493,2023-01-11 17:06:31,completed,debit_card,5.18,15
2593,1647,2023-05-19 12:03:33,shippd,debit_card,12.93,0
2594,599,2023-06-01 19:16:56,completed,wallet,5.2,0
2595,720,2024-02-13 03:42:42,completed,cod,19.46,0
2596,1137,2023-06-02 11:28:02,completed,paypal,13.69,0
2597,1645,2024-09-15 21:14:04,completed,cod,8.12,15
2598,93,2023-05-08 05:30:42,completed,credit_card,19.41,0
2599,1471,2024-02-24 22:07:29,completed,upi,3.01,0
2600,1061,2023-08-02 11:45:17,processing,cod,12.05,0
2601,1306,2023-11-26 05:41:58,completed,paypal,12.71,10
2602,592,2024-01-08 16:25:24,completed,credit_card,21.66,10
2603,1529,2023-03-19 08:56:13,shipped,debit_card,17.19,0
2604,1286,2024-05-13 01:39:52,shipped,cod,8.56,0
2605,1077,2024-01-04 10:47:20,returned,paypal,7.98,15
2606,253,2023-02-14 18:46:28,completed,credit_card,13.82,20
2607,1868,2023-11-03 13:37:14,completed,credit_card,8.22,0
2608,1606,2023-11-25 17:28:34,completed,credit_card,12.22,0
2609,1981,2025-05-01 11:36:30,completed,upi,17.22,10
2610,67,2025-04-23 09:49:22,cancelled,debit_card,0.0,5
2611,1221,2023-12-24 14:51:20,returned,cod,5.83,15
2612,753,2025-03-14 12:13:14,processing,debit_card,14.66,0
2613,470,2025-02-27 08:47:33,shipped,credit_card,7.6,15
2614,1432,2023-05-20 11:43:16,completed,debit_card,14.17,5
2615,694,2023-11-30 16:12:31,completed,credit_card,0.15,20
2616,406,2024-02-04 18:29:41,completed,credit_card,13.59,0
2617,1619,2023-04-23 06:09:57,completed,credit_card,8.56,5
2618,228,2023-05-31 21:41:37,completed,debit_card,2.06,15
2619,589,2025-01-04 13:07:14,completed,credit_card,4.46,5
2620,604,2025-02-21 12:07:40,cancelled,credit_card,0.0,15
2621,1875,2026-11-30 00:00:00,completed,debit_card,19.62,10
2622,1934,2024-08-28 15:45:36,processing,paypal,10.58,10
2623,1281,2025-04-05 02:18:35,cancelled,cod,0.0,10
2624,1149,2025-03-29 07:47:04,completed,debit_card,5.11,0
2625,741,2024-11-29 09:51:31,completed,wallet,2.26,20
2626,985,2023-10-20 01:55:51,completed,debit_card,20.87,5
2627,1940,2023-12-27 02:14:26,completed,paypal,15.35,0
2628,1143,2024-08-24 00:20:06,completed,credit_card,19.59,5
2629,1984,2023-09-27 14:28:03,completed,wallet,17.58,0
2630,596,2023-06-02 23:44:34,completed,credit_card,0.61,0
2631,1559,2024-09-10 01:52:56,shipped,wallet,13.54,10
2632,247,2024-10-17 23:25:20,completed,upi,10.39,15
2633,124,2023-04-13 12:11:34,completed,wallet,1.83,0
2634,1313,2023-05-22 13:37:58,shipped,upi,21.65,10
2635,1426,2024-08-14 07:25:21,completed,credit_card,21.73,0
2636,1666,2024-07-02 16:19:18,completed,paypal,7.65,15
2637,1387,2023-10-21 18:09:26,completed,wallet,10.24,20
2638,1796,2023-10-13 18:53:28,completed,debit_card,3.31,20
2639,1987,2024-03-01 22:32:00,shipped,cod,10.95,0
2640,1412,2023-04-05 09:13:13,shipped,credit_card,15.8,10
2641,860,2025-01-28 06:11:50,completed,cod,16.83,10
2642,1599,2023-02-15 12:11:01,shipped,credit_card,3.67,15
2643,355,2024-02-20 12:37:05,completed,debit_card,13.65,0
2644,73,2023-02-25 04:54:19,returned,wallet,16.14,0
2645,1603,2025-05-05 12:31:16,cancelled,wallet,0.0,0
2646,1037,2025-05-06 22:21:39,processing,upi,5.68,0
2647,621,2024-09-25 03:03:32,completed,wallet,15.41,5
2648,53,2023-05-10 13:49:19,shipped,debit_card,17.61,0
2649,935,2024-09-09 01:36:01,completed,upi,13.43,15
2650,321,2023-03-15 06:07:49,completed,credit_card,20.2,0
2651,585,2023-08-19 00:28:07,processing,wallet,20.35,0
2652,36,2023-11-24 10:13:57,cancelled,upi,0.0,0
2653,1359,2024-08-13 22:56:29,completed,credit_card,10.88,0
2654,263,2023-07-18 13:18:18,completed,credit_card,9.27,0
2655,1446,2025-06-06 14:52:23,completed,debit_card,14.02,20
2656,1885,2023-03-11 09:04:47,completed,upi,7.85,10
2657,451,2024-04-15 06:04:49,completed,wallet,21.01,0
2658,724,2023-11-07 01:41:39,cancelled,paypal,0.0,15
2659,646,2023-03-08 15:31:43,completed,cod,21.05,0
2660,1540,2023-02-21 12:29:42,completed,paypal,2.01,10
2661,680,2023-04-02 12:31:10,returned,paypal,19.86,0
2662,1486,2024-04-08 10:52:06,shipped,credit_card,14.64,10
2663,731,2025-06-11 17:40:47,cancelled,debit_card,0.0,0
2664,1863,2023-12-03 15:50:06,completed,credit_card,14.21,20
2665,310,2024-07-05 16:24:26,completed,paypal,5.89,20
2666,1022,2023-10-04 02:31:29,completed,credit_card,3.81,0
2667,1227,2024-09-09 03:23:16,completed,credit_card,3.34,0
2668,781,2024-08-12 15:32:37,completed,debit_card,20.29,20
2669,269,2023-01-15 12:44:25,returned,cod,6.19,5
2670,483,2023-11-24 22:53:29,completed,cod,6.06,20
2671,1037,2024-10-23 10:35:27,returned,upi,1.94,0
2672,513,2025-04-01 12:39:25,returned,upi,8.88,0
2673,813,2024-01-19 18:22:32,completed,upi,0.51,15
2674,735,2023-10-24 09:49:32,completed,upi,21.68,10
2675,1655,2024-08-16 07:36:14,completed,upi,6.2,5
2676,1904,2023-07-23 00:31:13,completed,cod,11.37,0
2677,1029,2025-01-01 06:34:14,processing,upi,15.77,15
2678,1112,2024-10-01 01:41:51,processing,debit_card,10.45,20
2679,250,2024-02-14 00:18:15,shipped,paypal,14.94,5
2680,1584,2023-06-30 14:13:17,completed,cod,3.89,0
2681,1049,2025-04-28 05:31:25,shipped,paypal,20.13,0
2682,978,2024-04-20 01:07:58,shipped,upi,20.45,5
2683,621,2024-12-13 14:07:53,completed,credit_card,14.43,0
2684,1994,2024-11-21 13:04:02,shipped,cod,17.46,15
2685,1164,2025-03-07 15:39:08,returned,paypal,3.44,0
2686,1029,2024-12-03 10:20:53,processing,cod,2.43,10
2687,1247,2024-07-03 16:24:47,completed,upi,4.16,10
2688,771,2023-11-15 16:09:51,processing,wallet,0.36,5
2689,464,2023-04-14 16:37:06,completed,paypal,4.01,10
2690,1722,2024-01-01 23:56:48,completed,paypal,14.77,15
2691,469,2024-03-23 05:04:37,completed,paypal,13.77,0
2692,1053,2023-12-21 18:33:32,completed,upi,14.03,0
2693,1775,2023-11-15 14:43:40,processing,cod,12.42,0
2694,1469,2023-04-04 01:44:01,completed,credit_card,11.89,0
2695,719,2024-07-10 14:37:00,completed,credit_card,5.46,0
2696,1160,2023-07-26 23:43:13,completed,debit_card,7.21,15
2697,836,2023-02-11 18:50:52,completed,cod,5.9,20
2698,1218,2024-01-28 20:36:34,processing,cod,5.61,0
2699,1029,2024-02-12 08:42:31,shipped,debit_card,17.8,0
2700,635,2024-08-22 21:31:27,cancelled,wallet,0.0,0
2701,227,2023-03-10 06:26:22,completed,paypal,6.1,20
2702,156,2026-11-18 00:00:00,completed,debit_card,8.84,20
2703,1613,2023-06-15 22:12:33,completed,debit_card,3.93,0
2704,1480,2023-03-11 18:10:01,completed,upi,18.96,15
2705,506,2023-05-18 07:57:01,processing,paypal,15.19,0
2706,41,2025-02-07 18:28:59,processing,upi,2.96,10
2707,1298,2024-12-20 11:44:23,completed,debit_card,15.23,5
2708,1952,2025-02-08 16:45:43,completed,upi,2.57,0
2709,1837,2024-08-22 17:56:34,shipped,debit_card,5.83,10
2710,1247,2024-01-07 14:43:13,completed,wallet,5.05,15
2711,667,2023-11-23 13:31:59,shipped,upi,5.54,0
2712,1755,2024-04-25 08:51:26,shipped,credit_card,8.9,0
2713,196,2025-01-26 09:20:36,completed,cod,0.35,20
2714,1542,2023-07-24 16:41:14,shipped,upi,1.15,10
2715,1907,2024-11-22 06:33:28,shipped,cod,15.32,20
2716,1017,2025-06-27 01:34:49,completed,wallet,13.26,20
2717,1461,2025-01-07 05:09:04,completed,upi,5.62,15
2718,185,2023-12-21 08:52:29,completed,debit_card,19.45,0
2719,779,2023-09-14 18:24:02,completed,upi,2.03,20
2720,1440,2023-04-12 02:26:16,shipped,upi,2.01,10
2721,613,2024-07-08 00:00:07,completed,upi,12.3,20
2722,789,2023-04-27 04:53:06,completed,wallet,14.52,15
2723,932,2023-11-18 06:47:49,shipped,debit_card,14.3,20
2724,692,2024-02-28 06:53:55,completed,cod,6.58,0
2725,1686,2024-08-04 17:29:04,returned,paypal,17.8,0
2726,1337,2023-11-28 18:02:44,completed,wallet,19.82,0
2727,1427,2024-10-15 02:52:05,shipped,debit_card,16.33,0
2728,62,2025-06-08 04:30:41,shipped,upi,12.86,0
2729,1929,2024-10-18 17:51:13,completed,cod,3.37,10
2730,1471,2025-05-21 13:45:02,returned,upi,10.69,20
2731,1298,2024-08-15 18:29:27,completed,cod,4.09,20
2732,186,2024-04-12 20:33:38,completed,debit_card,18.15,0
2733,1161,2023-10-20 11:32:05,completed,debit_card,5.73,15
2734,765,2025-03-17 21:35:42,cancelled,wallet,0.0,10
2735,439,2024-06-11 05:35:30,cancelled,upi,0.0,0
2736,224,2025-02-09 02:39:57,completed,upi,11.51,0
2737,1564,2023-02-24 10:11:03,completed,paypal,4.73,0
2738,1617,2023-02-16 04:07:41,returned,debit_card,4.28,20
2739,1038,2024-07-07 07:22:32,completed,upi,19.68,20
2740,1981,2023-08-25 09:19:35,cancelled,credit_card,0.0,0
2741,1792,2025-03-04 09:07:39,completed,paypal,1.02,20
2742,1812,2023-06-10 09:21:16,shipped,cod,3.73,10
2743,650,2024-03-11 02:07:49,completed,paypal,10.14,0
2744,297,2023-06-16 22:32:40,completed,debit_card,18.28,5
2745,1968,2025-04-19 15:48:16,completed,paypal,4.28,0
2746,1027,2024-03-20 06:52:21,completed,credit_card,21.48,20
2747,384,2025-02-05 11:51:58,shipped,wallet,15.72,20
2748,1066,2023-04-20 06:09:18,completed,upi,19.35,0
2749,1393,2023-08-21 20:30:08,shipped,upi,10.6,20
2750,1067,2024-03-23 07:20:45,completed,credit_card,16.54,0
2751,1385,2025-02-20 20:35:02,completed,wallet,10.15,0
2752,1408,2024-06-06 22:16:52,completed,credit_card,3.87,0
2753,1632,2025-06-04 23:28:16,shipped,upi,0.12,0
2754,1756,2023-10-24 07:44:36,cancelled,upi,0.0,10
2755,1285,2023-10-21 09:07:29,returned,credit_card,15.15,15
2756,386,2024-09-25 02:36:15,processing,paypal,21.49,0
2757,460,2023-09-14 10:06:02,completed,credit_card,2.8,0
2758,1898,2025-02-27 00:46:45,completed,debit_card,6.97,0
2759,1229,2025-06-21 03:12:20,shipped,credit_card,7.23,5
2760,1780,2023-05-15 16:05:06,completed,cod,17.93,15
2761,1499,2023-06-27 01:06:27,shipped,credit_card,14.69,0
2762,1361,2024-06-24 12:00:50,completed,wallet,0.56,10
2763,1154,2023-11-14 19:08:00,completed,wallet,15.47,0
2764,1830,2023-08-10 02:57:50,processing,paypal,17.69,15
2765,658,2023-11-11 00:22:43,shipped,wallet,12.83,20
2766,1044,2025-01-04 04:21:22,processing,cod,4.02,20
2767,93,2024-02-21 11:38:37,completed,upi,17.28,10
2768,37,2024-09-24 23:39:42,completed,cod,11.96,15
2769,820,2025-05-25 04:51:20,completed,paypal,21.0,0
2770,1232,2024-12-05 19:20:57,shipped,credit_card,21.59,0
2771,744,2024-09-13 12:39:19,complet,paypal,5.62,0
2772,1304,2024-04-12 06:17:24,shipped,wallet,19.53,0
2773,1235,2023-05-15 22:30:35,completed,credit_card,17.74,15
2774,1858,2024-09-29 10:21:27,completed,paypal,18.12,0
2775,1381,2024-08-13 01:20:39,completed,cod,12.17,0
2776,757,2024-07-26 23:23:19,cancelled,debit_card,0.0,0
2777,1787,2023-03-04 23:18:39,completed,upi,14.66,15
2778,1956,2023-08-15 02:13:01,completed,cod,8.43,0
2779,1408,2024-09-02 22:42:42,cancelled,credit_card,0.0,5
2780,115,2024-10-18 05:16:08,completed,cod,4.96,0
2781,706,2024-10-07 13:16:54,completed,cod,16.94,5
2782,979,2024-08-18 03:02:25,completed,wallet,21.96,0
2783,1816,2025-04-19 01:58:09,shipped,upi,2.4,20
2784,53,2023-11-13 10:57:58,cancelled,debit_card,0.0,0
2785,1285,2023-08-09 04:02:32,completed,paypal,21.56,5
2786,845,2023-04-27 18:54:03,completed,paypal,15.24,15
2787,523,2024-06-11 04:00:57,completed,cod,21.67,5
2788,1151,2024-01-15 10:33:17,shipped,credit_card,4.86,0
2789,20,2024-06-12 10:55:45,completed,wallet,0.89,20
2790,1239,2024-07-19 13:27:29,completed,debit_card,0.3,10
2791,201,2023-11-09 13:37:32,completed,cod,7.69,10
2792,519,2023-03-25 02:07:08,shipped,upi,1.47,0
2793,128,2023-07-13 21:28:59,shipped,credit_card,16.86,15
2794,284,2025-03-13 22:16:07,completed,cod,12.88,0
2795,1787,2025-05-19 17:54:15,completed,upi,12.56,15
2796,1739,2024-10-27 12:09:43,completed,upi,4.05,20
2797,34,2024-05-16 06:57:54,shipped,debit_card,14.08,5
2798,273,2025-03-05 01:02:41,completed,upi,6.81,15
2799,790,2023-03-05 04:43:35,completed,debit_card,14.18,0
2800,1537,2023-05-03 07:33:01,shipped,debit_card,4.18,0
2801,1484,2024-02-27 06:31:04,completed,wallet,13.42,15
2802,1618,2024-01-18 17:32:57,completed,upi,5.14,20
2803,1000,2023-11-21 07:27:00,completed,upi,17.49,0
2804,1599,2024-06-25 04:36:50,completed,cod,11.87,5
2805,1641,2024-02-15 02:15:29,completed,credit_card,11.46,20
2806,1562,2024-10-20 03:46:45,returned,wallet,5.55,5
2807,2000,2024-06-05 05:28:55,processing,wallet,12.87,0
2808,474,2024-01-27 02:50:54,cancelled,wallet,0.0,5
2809,1189,2023-06-17 01:48:45,completed,paypal,12.58,0
2810,1502,2025-02-12 19:33:28,completed,cod,14.86,20
2811,1909,2023-02-19 12:29:09,shipped,wallet,15.03,5
2812,1386,2023-09-16 11:35:45,completed,paypal,10.61,10
2813,994,2023-06-20 06:14:45,complet,debit_card,4.97,10
2814,1175,2024-08-29 16:48:07,shipped,upi,20.71,10
2815,407,2025-03-24 09:37:59,processing,wallet,19.86,10
2816,1314,2023-03-12 14:23:03,cancelled,wallet,0.0,10
2817,367,2025-02-21 11:35:04,cancelled,upi,0.0,5
2818,1212,2023-07-22 02:48:39,processing,debit_card,16.34,0
2819,1067,2024-04-05 19:40:10,completed,cod,2.4,0
2820,1674,2024-02-04 13:06:04,shipped,debit_card,12.4,5
2821,1383,2025-03-04 01:49:40,completed,upi,3.47,0
2822,1482,2023-03-01 02:50:28,cancelled,upi,0.0,15
2823,479,2025-02-27 14:08:28,returned,paypal,17.05,5
2824,1681,2025-04-28 22:29:11,completed,cod,16.75,0
2825,1798,2023-10-02 16:32:49,completed,credit_card,5.68,5
2826,1835,2024-11-04 03:07:54,processing,credit_card,4.26,5
2827,1897,2024-04-15 01:20:56,completed,debit_card,17.39,5
2828,564,2026-11-06 00:00:00,returned,credit_card,16.45,5
2829,193,2023-12-27 13:29:08,processing,cod,18.02,5
2830,246,2024-08-29 19:34:25,completed,cod,1.52,15
2831,1831,2023-07-13 12:08:23,completed,debit_card,4.69,0
2832,968,2023-03-18 23:19:12,completed,credit_card,17.54,0
2833,1664,2025-01-10 16:50:32,processing,paypal,12.85,0
2834,418,2024-08-17 11:54:49,completed,paypal,16.52,0
2835,1739,2025-06-12 23:55:50,completed,paypal,6.03,5
2836,1917,2023-04-24 13:56:01,cancelled,upi,0.0,10
2837,483,2024-04-29 15:22:45,completed,credit_card,11.18,10
2838,1136,2025-06-11 19:35:19,completed,upi,18.41,5
2839,53,2024-05-23 21:37:31,shipped,credit_card,7.34,0
2840,995,2023-06-12 22:50:48,shipped,upi,3.28,0
2841,661,2023-04-10 13:13:07,completed,wallet,12.97,0
2842,197,2025-04-21 19:17:14,processing,wallet,4.25,15
2843,1735,2023-11-14 10:08:47,completed,upi,3.91,5
2844,1538,2025-03-04 16:40:42,completed,cod,19.19,15
2845,1523,2024-10-31 06:30:59,processing,upi,10.18,10
2846,36,2024-05-20 11:18:23,completed,upi,1.07,0
2847,501,2023-01-26 17:54:07,completed,cod,14.46,20
2848,408,2024-10-07 03:58:22,completed,credit_card,1.7,5
2849,946,2023-07-01 08:41:18,completed,wallet,2.71,15
2850,340,2023-09-09 00:54:29,completed,credit_card,21.48,10
2851,1208,2023-05-28 02:41:16,returned,credit_card,13.21,0
2852,1160,2024-06-26 16:23:40,processing,wallet,5.27,10
2853,855,2023-10-15 04:23:49,processing,cod,16.35,0
2854,1183,2023-04-19 18:42:12,completed,upi,4.21,15
2855,907,2024-12-02 02:05:06,completed,debit_card,21.7,5
2856,354,2023-02-21 06:14:50,completed,wallet,7.68,10
2857,879,2023-01-02 01:05:31,completed,wallet,10.26,0
2858,613,2024-04-19 20:08:01,completed,wallet,13.25,5
2859,1789,2024-04-17 15:16:03,completed,debit_card,12.62,20
2860,1932,2025-04-20 08:17:32,shipped,wallet,11.54,20
2861,2312,2023-10-18 11:02:52,completed,paypal,8.98,5
2862,540,2023-02-09 16:47:22,completed,cod,0.59,0
2863,391,2025-02-13 05:09:43,completed,cod,18.61,0
2864,1080,2024-10-26 03:23:26,completed,wallet,17.08,0
2865,247,2024-06-19 04:17:21,completed,upi,2.18,15
2866,1825,2025-03-04 06:12:51,completed,credit_card,3.15,0
2867,99,2025-01-21 12:01:49,shipped,upi,12.6,15
2868,868,2024-06-16 09:43:04,completed,wallet,15.58,0
2869,1211,2023-11-03 04:39:32,completed,upi,21.67,0
2870,544,2025-06-10 04:36:36,completed,cod,3.51,20
2871,1216,2023-05-12 21:26:17,completed,paypal,18.24,5
2872,414,2023-09-08 21:55:26,completed,cod,16.15,5
2873,280,2023-07-27 06:10:21,cancelled,cod,0.0,20
2874,46,2025-04-08 08:29:20,completed,credit_card,20.2,0
2875,1812,2024-11-08 17:09:06,completed,credit_card,6.24,15
2876,1742,2024-11-23 10:39:56,cancelled,paypal,0.0,5
2877,1077,2024-01-11 12:45:43,cancelled,debit_card,0.0,20
2878,466,2023-10-21 11:05:41,completed,paypal,18.02,0
2879,1159,2024-11-07 00:11:58,completed,wallet,8.84,0
2880,185,2024-08-21 09:52:22,completed,paypal,5.98,0
2881,75,2024-11-16 01:22:12,returned,credit_card,11.81,5
2882,1175,2023-03-21 14:31:27,completed,cod,16.75,20
2883,822,2024-12-02 21:23:29,completed,upi,13.24,10
2884,145,2025-05-23 03:18:36,completed,credit_card,8.79,0
2885,1994,2024-05-22 13:30:58,shipped,upi,7.64,0
2886,591,2023-05-26 10:23:03,completed,credit_card,18.47,15
2887,255,2023-08-28 08:47:17,completed,credit_card,14.43,5
2888,1353,2025-01-25 12:30:28,returned,debit_card,7.03,5
2889,1849,2024-10-20 08:32:14,completed,debit_card,14.12,0
2890,206,2025-02-14 00:21:39,cancelled,cod,0.0,0
2891,1920,2023-08-11 16:44:02,cancelled,paypal,0.0,0
2892,1426,2025-02-28 14:06:29,completed,cod,10.78,0
2893,289,2024-12-20 15:50:15,completed,debit_card,3.6,0
2894,1307,2023-12-07 00:37:01,completed,cod,4.31,0
2895,1879,2024-10-14 14:55:02,cancelled,cod,0.0,5
2896,464,2023-12-27 20:55:07,completed,paypal,7.41,0
2897,534,2023-05-10 04:35:05,completed,wallet,3.06,15
2898,359,2023-07-15 21:01:30,shipped,upi,11.86,15
2899,347,2025-06-03 09:06:24,completed,credit_card,21.34,0
2900,258,2023-03-27 17:19:16,completed,credit_card,18.65,20
2901,773,2024-08-13 13:30:16,shipped,credit_card,7.46,15
2902,31,2023-01-06 12:48:05,completed,upi,0.88,0
2903,1352,2023-12-11 07:51:50,completed,paypal,19.21,15
2904,304,2025-05-17 21:34:13,cancelled,debit_card,0.0,0
2905,1528,2025-01-31 10:04:09,completed,credit_card,6.19,15
2906,1862,2024-10-24 21:39:44,completed,credit_card,13.28,0
2907,1821,2025-01-18 03:10:19,completed,credit_card,10.6,5
2908,1192,2024-02-29 11:18:55,processing,cod,4.89,5
2909,1527,2024-08-18 16:48:47,completed,upi,3.58,20
2910,1685,2023-11-25 21:47:40,shipped,credit_card,3.16,0
2911,291,2023-07-23 21:20:38,completed,debit_card,9.19,0
2912,290,2023-10-26 17:34:27,completed,paypal,16.61,5
2913,1264,2025-04-13 11:32:22,cancelled,wallet,0.0,10
2914,799,2024-11-01 23:54:59,completed,upi,14.63,15
2915,668,2025-06-28 21:27:22,completed,cod,3.47,5
2916,1465,2025-04-26 06:44:36,shipped,upi,8.34,0
2917,1844,2023-09-05 08:37:54,shipped,debit_card,10.67,15
2918,1304,2023-04-06 23:24:49,processing,debit_card,8.32,5
2919,1157,2023-01-28 13:28:53,shipped,credit_card,18.48,0
2920,2319,2023-09-08 15:05:25,completed,debit_card,1.56,10
2921,288,2023-02-21 04:35:00,returned,paypal,1.38,0
2922,1873,2025-01-10 03:10:49,completed,wallet,1.42,0
2923,1930,2025-04-01 03:35:22,completed,cod,11.65,0
2924,382,2023-10-29 14:35:57,processing,debit_card,21.33,15
2925,266,2023-03-02 14:42:17,completed,debit_card,19.81,5
2926,133,2025-06-26 02:07:45,completed,paypal,5.9,15
2927,1820,2024-04-18 05:56:51,completed,wallet,7.59,15
2928,852,2023-12-28 20:36:20,completed,upi,19.3,0
2929,1517,2024-08-23 00:13:04,completed,cod,2.1,0
2930,1204,2024-01-27 22:14:54,completed,cod,21.52,0
2931,1127,2025-06-26 23:42:34,completed,credit_card,21.81,5
2932,1271,2024-11-23 10:58:22,shipped,wallet,9.79,15
2933,845,2025-06-23 03:12:38,completed,upi,17.43,20
2934,563,2023-10-06 03:18:18,processing,wallet,6.43,0
2935,690,2025-05-04 17:00:45,processing,wallet,2.95,20
2936,1031,2024-03-28 13:44:47,returned,wallet,13.92,0
2937,484,2025-04-25 05:48:26,completed,cod,4.8,0
2938,18,2024-02-05 03:28:04,shipped,cod,14.57,15
2939,701,2024-04-26 12:04:39,shipped,paypal,7.63,15
2940,1886,2025-03-03 22:21:34,completed,cod,19.76,0
2941,1284,2025-04-25 06:14:50,shipped,paypal,1.23,0
2942,1177,2024-12-21 09:37:49,shipped,credit_card,10.0,0
2943,718,2023-03-28 20:09:34,completed,debit_card,6.15,0
2944,844,2023-04-17 16:17:07,processing,debit_card,14.85,20
2945,1161,2024-01-11 02:22:43,completed,paypal,13.34,0
2946,1175,2023-09-01 16:41:25,processing,upi,12.13,15
2947,1663,2024-05-02 01:38:03,completed,wallet,20.0,15
2948,1255,2023-12-07 06:10:23,shipped,credit_card,14.58,0
2949,373,2024-02-29 15:40:30,returned,wallet,1.83,0
2950,341,2023-03-31 21:27:05,completed,wallet,12.77,10
2951,1694,2023-10-26 12:54:06,shipped,debit_card,19.08,0
2952,464,2023-11-29 18:53:11,completed,paypal,15.24,15
2953,1774,2024-10-26 17:26:58,shipped,debit_card,10.44,5
2954,270,2023-06-01 18:44:26,completed,upi,12.48,0
2955,525,2024-05-29 03:29:19,completed,wallet,18.99,0
2956,1988,2024-05-01 04:00:56,completed,wallet,5.43,0
2957,127,2025-06-02 02:10:30,completed,wallet,5.72,15
2958,606,2025-05-29 15:33:17,pendingg,upi,19.5,20
2959,1958,2025-01-03 09:02:13,cancelled,debit_card,0.0,0
2960,519,2024-09-03 07:29:58,completed,paypal,8.05,5
2961,562,2024-05-11 16:06:19,returned,debit_card,2.64,0
2962,1399,2024-11-17 16:08:52,completed,cod,20.45,20
2963,210,2025-01-28 07:01:12,cancelled,paypal,0.0,10
2964,149,2024-07-11 14:27:48,completed,credit_card,10.25,15
2965,815,2024-01-24 05:27:37,processing,debit_card,14.14,0
2966,1969,2024-11-01 10:50:49,completed,upi,3.81,5
2967,1866,2023-06-22 10:02:59,completed,wallet,20.29,0
2968,1974,2025-05-31 12:08:09,completed,upi,10.74,5
2969,1332,2023-06-25 10:38:13,completed,upi,11.27,5
2970,1415,2024-07-24 03:09:34,processing,debit_card,16.71,5
2971,166,2023-07-27 13:57:11,completed,cod,16.11,15
2972,1243,2025-05-30 12:03:35,shipped,upi,15.74,15
2973,414,2024-06-12 15:12:29,completed,paypal,5.27,0
2974,1987,2023-07-02 20:27:25,shipped,upi,20.05,0
2975,842,2023-01-10 22:39:50,completed,cod,0.31,10
2976,1706,2024-07-20 03:55:42,returned,debit_card,15.01,0
2977,562,2024-08-27 09:50:17,cancelled,credit_card,0.0,5
2978,627,2023-03-06 10:59:41,completed,credit_card,8.2,5
2979,850,2024-02-06 21:07:02,completed,cod,4.02,0
2980,1928,2024-10-24 03:44:55,shipped,debit_card,9.39,0
2981,1509,2023-03-07 23:44:21,shipped,wallet,14.3,10
2982,350,2023-09-27 19:33:01,completed,wallet,5.51,0
2983,1461,2025-03-19 19:47:38,shipped,wallet,7.21,5
2984,1893,2023-05-11 06:14:00,shipped,credit_card,3.31,20
2985,1879,2023-03-09 12:06:08,complet,cod,12.06,20
2986,687,2024-07-27 22:20:35,completed,wallet,9.81,0
2987,1652,2023-02-09 07:51:00,completed,paypal,3.44,0
2988,1670,2025-05-18 20:23:54,completed,paypal,5.77,10
2989,378,2024-10-01 22:44:14,processing,credit_card,7.62,0
2990,1306,2024-11-04 15:02:02,completed,credit_card,0.19,20
2991,1172,2023-08-19 09:50:04,unknown,cod,20.36,20
2992,853,2024-04-24 12:30:41,processing,credit_card,16.21,20
2993,1583,2023-04-05 22:36:03,completed,debit_card,8.57,20
2994,333,2024-03-05 07:04:18,cancelled,cod,0.0,15
2995,1258,2024-11-05 00:28:43,completed,cod,7.45,0
2996,1360,2023-03-19 17:54:51,shipped,upi,21.22,0
2997,880,2023-11-20 07:29:27,completed,cod,13.72,15
2998,1990,2023-04-10 03:26:32,completed,credit_card,14.3,0
2999,1967,2023-02-10 01:06:34,completed,cod,9.37,0
3000,128,2025-06-21 23:47:10,completed,paypal,18.95,0
3001,394,2024-10-28 11:32:06,completed,paypal,20.81,20
3002,1623,2025-06-20 09:43:49,completed,cod,19.48,5
3003,1264,2024-07-30 02:45:22,completed,debit_card,13.86,10
3004,74,2024-09-06 05:22:43,completed,debit_card,11.18,0
3005,131,2023-05-07 03:17:02,completed,credit_card,6.86,20
3006,758,2025-06-01 14:06:56,completed,cod,4.03,15
3007,602,2025-03-15 18:26:35,shipped,upi,11.18,0
3008,1515,2023-07-13 21:26:16,completed,paypal,15.32,15
3009,920,2023-03-07 02:08:57,completed,wallet,1.91,20
3010,1374,2023-09-09 07:30:40,shipped,cod,21.3,0
3011,455,2025-02-21 09:52:26,completed,wallet,6.16,10
3012,495,2024-06-18 08:45:51,completed,wallet,8.9,5
3013,1830,2024-07-05 11:39:08,completed,cod,2.16,20
3014,1715,2023-04-20 04:01:16,completed,debit_card,3.19,20
3015,208,2024-12-03 20:09:59,completed,cod,10.02,20
3016,1060,2024-01-22 01:11:12,completed,debit_card,14.37,0
3017,1792,2025-04-28 22:58:49,shipped,credit_card,7.84,10
3018,645,2023-11-21 10:29:51,returned,debit_card,19.27,0
3019,883,2024-07-12 18:24:51,cancelled,debit_card,0.0,0
3020,1355,2023-03-30 11:02:20,cancelled,cod,0.0,0
3021,697,2023-02-22 01:32:39,completed,credit_card,18.77,0
3022,330,2023-07-22 11:09:13,completed,paypal,13.04,0
3023,1355,2025-01-21 00:32:35,completed,cod,8.71,5
3024,838,2024-11-19 17:33:33,shipped,cod,12.68,15
3025,945,2023-02-26 20:06:25,completed,debit_card,8.27,10
3026,1168,2025-05-29 13:32:05,completed,cod,16.66,0
3027,1710,2023-12-24 12:21:36,completed,paypal,7.07,0
3028,1629,2024-12-24 22:31:17,returned,upi,1.12,0
3029,404,2023-07-15 02:26:28,completed,upi,10.24,0
3030,1124,2023-06-27 08:13:01,completed,credit_card,9.53,20
3031,1646,2025-03-04 21:22:12,shipped,cod,14.12,0
3032,565,2023-09-11 18:34:06,completed,credit_card,9.83,5
3033,251,2025-01-01 22:59:00,processing,cod,19.62,10
3034,1090,2024-01-03 14:53:42,completed,credit_card,5.16,0
3035,752,2023-08-17 14:21:15,CANCEL,cod,19.1,15
3036,1748,2025-05-09 20:51:30,shipped,debit_card,9.14,20
3037,480,2025-02-11 00:43:01,shipped,debit_card,16.0,0
3038,1461,2023-10-15 08:57:00,shipped,wallet,1.76,0
3039,941,2024-10-03 05:21:30,cancelled,credit_card,0.0,0
3040,364,2023-06-23 15:30:22,returned,paypal,14.33,0
3041,1858,2023-02-05 10:50:52,completed,credit_card,21.58,15
3042,1222,2024-04-22 07:31:11,completed,credit_card,13.74,0
3043,301,2024-07-04 00:58:05,completed,debit_card,17.82,0
3044,210,2024-09-19 23:31:09,completed,paypal,16.94,20
3045,268,2024-08-21 02:18:53,completed,credit_card,9.35,0
3046,1762,2024-12-30 13:51:44,completed,debit_card,2.31,20
3047,700,2024-11-14 05:58:19,cancelled,upi,0.0,0
3048,477,2023-06-15 22:54:36,cancelled,cod,0.0,10
3049,144,2024-11-30 19:35:29,completed,wallet,11.48,10
3050,1547,2024-08-25 06:52:12,shipped,credit_card,20.79,20
3051,1956,2025-03-12 01:47:37,completed,wallet,12.1,10
3052,1335,2023-09-01 08:51:36,processing,paypal,15.29,5
3053,1608,2025-06-06 22:41:45,shipped,credit_card,19.61,0
3054,790,2024-09-13 13:36:43,returned,debit_card,10.93,0
3055,1826,2024-07-07 23:50:55,shipped,paypal,7.32,15
3056,500,2023-03-17 13:21:16,completed,wallet,6.12,15
3057,1848,2023-07-21 04:02:55,completed,credit_card,16.37,0
3058,1412,2023-07-09 19:39:19,completed,debit_card,11.96,10
3059,114,2023-12-05 20:48:00,completed,paypal,12.16,10
3060,107,2024-10-05 14:11:45,completed,paypal,0.57,0
3061,1200,2025-04-04 18:47:08,completed,credit_card,6.23,10
3062,601,2024-12-20 13:41:49,processing,paypal,18.36,10
3063,1851,2024-02-24 14:22:39,completed,upi,10.75,10
3064,1010,2025-05-27 18:48:00,processing,wallet,9.85,0
3065,143,2023-12-21 06:54:25,completed,paypal,8.08,10
3066,874,2023-04-16 15:44:36,completed,upi,0.32,20
3067,1958,2024-02-02 12:15:38,processing,cod,21.24,15
3068,20,2024-07-18 22:07:01,completed,debit_card,19.74,15
3069,1618,2023-12-27 21:41:45,completed,debit_card,12.97,0
3070,61,2023-10-11 03:40:22,completed,upi,5.16,20
3071,226,2024-08-13 19:03:23,completed,debit_card,7.46,0
3072,1443,2023-11-07 20:22:35,shipped,upi,13.6,5
3073,938,2025-06-26 16:23:47,shipped,credit_card,19.4,0
3074,832,2024-07-27 23:32:18,completed,credit_card,0.56,10
3075,536,2023-09-01 03:27:12,returned,paypal,1.07,0
3076,1480,2023-03-24 23:28:23,completed,wallet,12.1,20
3077,1898,2023-07-29 04:10:42,completed,cod,4.71,0
3078,517,2025-03-18 05:40:43,completed,cod,0.19,5
3079,857,2025-03-11 05:20:29,completed,paypal,15.98,15
3080,1791,2024-03-24 16:16:25,completed,paypal,19.44,0
3081,836,2023-01-27 14:46:26,completed,cod,10.99,20
3082,500,2025-02-26 14:36:55,shipped,debit_card,15.49,20
3083,1715,2024-03-01 20:48:32,completed,cod,2.91,20
3084,296,2023-12-31 23:23:05,completed,wallet,5.05,15
3085,63,2023-03-31 22:22:50,completed,credit_card,0.67,20
3086,1498,2024-04-04 02:13:57,completed,wallet,10.37,20
3087,1979,2024-04-02 21:13:31,completed,credit_card,16.68,15
3088,20,2023-02-07 11:51:25,completed,wallet,4.41,20
3089,459,2024-10-25 21:27:55,completed,upi,15.66,5
3090,148,2023-02-16 16:00:10,cancelled,paypal,0.0,0
3091,996,2023-02-05 11:47:23,cancelled,upi,0.0,0
3092,51,2024-05-28 21:00:01,completed,wallet,1.1,20
3093,757,2023-12-11 09:47:36,cancelled,paypal,0.0,15
3094,629,2024-01-31 14:58:00,completed,credit_card,18.63,0
3095,650,2024-11-05 04:32:49,completed,upi,4.28,0
3096,274,2023-11-10 07:10:35,cancelled,debit_card,0.0,0
3097,1549,2024-12-08 01:02:28,completed,debit_card,16.85,15
3098,876,2023-07-05 22:22:48,returned,paypal,21.67,5
3099,1365,2023-07-13 01:49:26,shipped,debit_card,13.56,0
3100,408,2025-05-13 22:49:20,completed,debit_card,13.76,5
3101,137,2023-04-25 23:11:26,completed,upi,5.06,5
3102,128,2024-07-07 18:18:39,completed,wallet,19.68,5
3103,94,2024-11-12 21:43:37,processing,credit_card,21.68,0
3104,505,2024-01-02 08:07:57,completed,paypal,1.99,5
3105,148,2026-12-10 00:00:00,completed,paypal,7.49,15
3106,393,2024-03-02 01:39:38,returned,debit_card,11.85,0
3107,761,2023-10-29 05:36:56,cancelled,upi,0.0,10
3108,1092,2024-09-25 13:32:00,completed,paypal,1.88,5
3109,1271,2023-02-15 00:28:23,completed,debit_card,14.58,0
3110,1137,2024-09-16 00:02:24,completed,debit_card,10.18,5
3111,1514,2024-09-25 21:38:29,completed,debit_card,21.7,15
3112,1036,2024-03-18 00:34:50,completed,upi,20.31,0
3113,1095,2024-01-07 17:54:40,processing,upi,16.98,10
3114,355,2024-11-26 06:13:21,cancelled,debit_card,0.0,5
3115,1785,2024-09-18 15:17:25,completed,cod,15.59,0
3116,1973,2023-03-16 02:53:19,completed,debit_card,2.63,0
3117,1001,2024-04-03 20:02:19,shipped,debit_card,21.96,10
3118,810,2024-01-15 16:16:10,completed,debit_card,8.43,20
3119,867,2023-11-13 09:20:29,cancelled,debit_card,0.0,0
3120,231,2023-09-06 14:05:24,completed,cod,13.0,0
3121,713,2023-02-02 17:00:00,shipped,wallet,1.67,0
3122,802,2024-04-30 03:40:06,shippd,paypal,14.87,0
3123,868,2024-07-14 12:11:54,shipped,cod,1.55,0
3124,81,2024-08-15 21:25:44,completed,credit_card,3.18,15
3125,1795,2024-06-09 18:10:36,shipped,upi,12.09,15
3126,409,2025-02-13 05:43:02,shipped,debit_card,21.32,0
3127,735,2023-09-24 23:12:15,completed,debit_card,13.67,20
3128,200,2025-05-26 00:19:32,completed,cod,16.41,0
3129,1497,2024-06-01 19:55:42,completed,wallet,3.46,10
3130,1545,2024-04-25 13:44:47,completed,paypal,9.31,20
3131,991,2025-05-16 21:24:55,shipped,upi,2.78,20
3132,1763,2023-11-30 13:17:43,completed,wallet,0.84,0
3133,1111,2025-01-13 01:32:13,cancelled,upi,0.0,5
3134,675,2023-02-27 10:40:48,completed,credit_card,14.31,0
3135,329,2024-01-03 06:43:23,processing,cod,20.34,0
3136,138,2023-05-10 08:21:17,completed,paypal,14.16,0
3137,686,2023-04-22 18:32:18,shipped,cod,19.39,0
3138,225,2024-08-08 15:09:01,processing,cod,2.29,0
3139,117,2024-10-21 22:46:55,returned,cod,16.82,15
3140,1831,2025-04-11 13:54:10,completed,upi,17.77,0
3141,407,2023-12-14 08:02:20,processing,debit_card,12.06,0
3142,279,2024-05-27 07:09:35,completed,wallet,1.6,0
3143,26,2024-11-04 03:12:34,completed,paypal,20.57,5
3144,1095,2025-02-14 23:01:42,completed,cod,18.9,15
3145,639,2024-02-27 00:48:36,completed,cod,12.62,5
3146,1881,2025-02-28 13:17:34,processing,upi,5.54,0
3147,1425,2023-04-02 15:27:22,completed,upi,6.14,20
3148,1173,2025-05-27 12:43:00,shipped,wallet,3.58,5
3149,855,2023-07-20 17:50:51,completed,debit_card,5.12,5
3150,361,2024-09-29 04:00:35,completed,cod,10.03,0
3151,851,2025-02-27 16:36:28,completed,cod,2.02,5
3152,716,2025-02-17 11:18:50,completed,paypal,18.32,15
3153,1297,2024-02-14 09:04:01,completed,paypal,4.2,0
3154,707,2024-08-07 05:00:33,completed,debit_card,3.05,10
3155,1124,2023-10-18 03:54:09,processing,cod,5.89,0
3156,1112,2023-12-26 15:44:27,completed,paypal,12.79,15
3157,1365,2025-03-20 08:42:29,returned,paypal,8.31,0
3158,897,2023-03-02 13:37:23,completed,wallet,1.18,15
3159,268,2023-04-23 23:41:20,completed,credit_card,16.14,15
3160,1342,2025-06-15 05:12:53,processing,wallet,9.14,15
3161,664,2023-09-16 11:52:47,shipped,credit_card,12.53,5
3162,1952,2023-06-24 07:02:02,processing,debit_card,7.14,15
3163,858,2023-10-29 18:56:18,completed,wallet,0.15,0
3164,18,2025-03-19 16:50:49,completed,upi,15.47,0
3165,927,2024-04-07 08:29:35,shipped,wallet,13.87,15
3166,49,2024-11-20 08:09:55,completed,credit_card,12.1,0
3167,1607,2025-03-12 04:00:59,completed,paypal,13.9,0
3168,1184,2024-12-06 07:35:16,processing,credit_card,10.03,0
3169,257,2024-10-21 06:56:00,returned,upi,1.8,20
3170,1752,2024-12-21 17:50:22,processing,cod,0.81,5
3171,1884,2024-10-14 09:42:10,cancelled,cod,0.0,0
3172,1355,2023-09-17 21:56:44,shipped,credit_card,4.67,0
3173,795,2024-12-11 11:00:24,completed,wallet,20.27,5
3174,1128,2023-10-26 06:41:53,completed,credit_card,19.91,0
3175,132,2024-01-03 15:33:38,completed,paypal,7.58,5
3176,622,2024-12-02 18:47:32,processing,credit_card,1.83,10
3177,785,2023-11-16 07:30:13,completed,wallet,1.57,0
3178,1394,2024-11-13 14:44:35,completed,debit_card,12.12,0
3179,1556,2023-11-12 00:21:29,processing,wallet,14.25,15
3180,408,2025-01-20 15:21:42,processing,wallet,12.6,15
3181,1998,2023-02-15 05:44:17,completed,cod,14.91,15
3182,1739,2025-01-21 04:34:34,processing,debit_card,21.2,0
3183,1106,2023-02-23 10:45:35,cancelled,debit_card,0.0,15
3184,406,2023-01-11 07:21:51,shipped,upi,7.27,5
3185,21,2023-03-23 17:30:18,completed,wallet,8.03,15
3186,1859,2023-03-30 11:48:01,cancelled,paypal,0.0,0
3187,351,2023-11-24 07:12:51,processing,wallet,6.65,20
3188,416,2024-01-18 09:07:21,completed,debit_card,2.97,5
3189,1312,2025-05-14 03:27:48,shipped,upi,18.15,5
3190,1944,2023-03-13 07:12:47,shipped,credit_card,4.5,0
3191,1490,2025-01-13 10:50:27,cancelled,paypal,0.0,15
3192,1821,2023-07-22 21:06:18,completed,upi,0.57,0
3193,1719,2025-05-16 04:48:52,completed,wallet,7.81,15
3194,192,2024-01-13 06:53:19,completed,credit_card,14.22,0
3195,1191,2024-06-09 06:43:17,completed,debit_card,0.53,5
3196,892,2023-09-09 19:51:38,shipped,debit_card,11.59,0
3197,30,2023-02-24 08:10:50,returned,debit_card,20.47,15
3198,1578,2024-02-06 23:25:23,completed,credit_card,6.03,20
3199,1937,2024-04-26 16:49:01,completed,paypal,0.64,0
3200,1623,2025-04-13 23:44:05,completed,cod,8.07,15
3201,105,2023-03-17 21:17:23,shipped,cod,19.57,15
3202,248,2025-03-15 06:10:53,completed,credit_card,15.98,10
3203,418,2024-08-19 14:26:16,completed,upi,16.95,5
3204,173,2025-01-15 07:13:32,completed,paypal,10.02,10
3205,774,2023-06-03 05:04:00,completed,upi,15.54,0
3206,933,2023-03-26 19:49:50,returned,credit_card,2.37,5
3207,1850,2025-03-03 02:17:58,completed,credit_card,6.26,0
3208,1606,2023-07-06 03:43:15,completed,paypal,18.11,15
3209,294,2023-11-26 03:40:43,shipped,paypal,9.46,5
3210,1861,2023-05-06 03:35:23,shipped,debit_card,6.21,10
3211,1290,2025-04-14 14:39:01,completed,wallet,9.06,20
3212,95,2023-10-01 13:50:00,completed,wallet,0.64,0
3213,553,2023-09-21 02:55:48,completed,paypal,21.07,0
3214,304,2024-06-20 10:11:03,completed,wallet,13.29,20
3215,1060,2024-01-19 13:39:17,processing,debit_card,9.74,5
3216,564,2025-01-13 12:18:34,completed,cod,2.35,20
3217,579,2023-04-19 00:14:37,returned,wallet,21.57,0
3218,590,2024-05-03 03:10:01,completed,credit_card,3.5,5
3219,1102,2024-03-24 00:11:22,completed,wallet,19.79,0
3220,1669,2024-10-09 00:52:59,completed,upi,15.29,0
3221,664,2024-08-06 13:48:12,completed,debit_card,11.39,0
3222,719,2024-03-24 19:39:19,completed,credit_card,2.03,0
3223,490,2023-03-04 01:53:47,completed,cod,2.54,0
3224,1466,2023-05-15 19:53:48,completed,debit_card,8.62,0
3225,609,2024-03-26 15:12:10,completed,cod,18.45,0
3226,1155,2023-03-11 14:28:32,shipped,credit_card,20.09,0
3227,1352,2024-11-04 16:46:53,completed,debit_card,12.24,20
3228,239,2024-03-09 04:07:27,completed,wallet,8.4,0
3229,1067,2023-12-08 09:08:21,cancelled,upi,0.0,10
3230,480,2025-03-18 12:28:52,cancelled,wallet,0.0,20
3231,1018,2023-07-31 02:59:30,completed,wallet,6.97,15
3232,823,2024-07-13 03:52:24,processing,upi,10.71,15
3233,436,2023-07-22 01:00:53,completed,upi,7.78,0
3234,6,2023-05-18 04:29:50,completed,credit_card,0.23,0
3235,1067,2024-04-13 13:05:37,returned,upi,0.62,20
3236,1550,2024-10-26 04:30:25,shipped,cod,20.52,0
3237,1671,2024-04-22 16:51:11,completed,debit_card,6.86,0
3238,1784,2025-02-17 15:35:20,returned,cod,8.4,20
3239,1675,2024-07-01 02:12:15,completed,paypal,6.31,20
3240,1629,2023-01-29 10:23:02,completed,cod,12.28,20
3241,323,2024-08-05 02:13:08,completed,wallet,21.14,20
3242,953,2023-09-09 02:00:37,completed,wallet,10.69,10
3243,1119,2025-02-07 03:51:31,processing,cod,2.22,20
3244,313,2024-05-18 08:50:31,completed,debit_card,0.49,0
3245,1290,2024-06-21 18:12:22,processing,debit_card,4.42,15
3246,853,2023-02-18 15:57:58,shipped,credit_card,13.65,5
3247,1830,2023-06-13 18:56:43,shipped,debit_card,19.23,0
3248,1311,2023-02-19 06:29:16,returned,paypal,17.91,0
3249,1405,2024-03-13 20:58:03,shipped,cod,20.43,0
3250,1734,2025-05-15 22:41:28,completed,wallet,18.61,10
3251,169,2023-12-01 05:57:18,completed,cod,14.72,10
3252,1463,2023-06-29 22:51:26,completed,paypal,6.1,10
3253,1299,2024-09-05 12:40:33,completed,cod,4.18,15
3254,440,2025-03-03 14:11:29,processing,debit_card,5.51,5
3255,263,2024-07-31 23:28:45,completed,cod,16.63,10
3256,677,2023-08-01 07:52:52,completed,credit_card,8.79,0
3257,1522,2023-08-16 13:43:18,completed,cod,11.51,20
3258,389,2023-06-28 10:38:11,completed,paypal,4.08,5
3259,1943,2023-02-14 18:13:04,returned,cod,21.91,10
3260,325,2023-06-27 08:33:39,processing,upi,16.35,20
3261,1854,2023-02-22 13:42:17,completed,wallet,12.6,0
3262,477,2023-05-31 22:39:33,completed,credit_card,19.96,0
3263,1090,2023-07-26 00:15:34,cancelled,wallet,0.0,5
3264,1376,2023-12-01 06:51:34,processing,paypal,3.47,0
3265,1920,2023-09-01 07:00:12,processing,cod,19.64,0
3266,1017,2025-03-16 20:28:35,shipped,upi,9.61,0
3267,1490,2024-02-06 02:53:13,completed,upi,6.29,20
3268,1029,2024-02-28 17:00:09,completed,paypal,3.65,0
3269,1743,2025-06-05 22:25:45,completed,wallet,8.18,5
3270,488,2025-03-31 10:37:36,completed,cod,5.62,0
3271,1475,2024-11-03 20:52:45,completed,paypal,15.36,0
3272,59,2024-11-18 08:33:16,shipped,credit_card,5.89,10
3273,218,2025-05-21 20:40:10,completed,paypal,2.97,5
3274,817,2023-08-19 22:14:29,shipped,cod,1.1,15
3275,1049,2023-05-08 10:05:23,completed,credit_card,6.6,0
3276,1158,2025-01-20 08:46:04,completed,wallet,5.0,0
3277,1943,2024-02-02 23:30:29,completed,credit_card,8.91,10
3278,559,2025-02-26 17:29:51,completed,cod,9.3,15
3279,1927,2024-01-04 19:32:02,completed,paypal,2.02,5
3280,1007,2025-01-23 03:51:54,completed,upi,11.11,20
3281,1972,2023-10-01 06:23:04,cancelled,cod,0.0,0
3282,1490,2025-02-18 00:18:24,completed,wallet,17.23,5
3283,258,2025-01-03 13:04:51,shipped,wallet,4.05,0
3284,1255,2023-12-13 16:01:06,shipped,cod,15.28,20
3285,483,2025-05-17 14:49:15,shipped,upi,1.37,0
3286,1567,2023-06-30 21:20:07,completed,debit_card,7.05,10
3287,1460,2024-07-13 11:09:03,processing,cod,13.55,0
3288,303,2024-12-29 08:31:23,completed,cod,19.19,5
3289,226,2025-03-01 15:09:48,completed,paypal,3.27,0
3290,228,2025-03-14 14:54:36,completed,wallet,13.29,0
3291,1984,2025-06-03 09:53:04,completed,upi,19.97,0
3292,1318,2023-03-22 12:46:36,completed,debit_card,10.28,15
3293,1250,2025-03-23 04:07:37,shipped,credit_card,19.63,15
3294,707,2024-04-29 18:01:28,completed,cod,3.66,5
3295,563,2023-01-18 12:52:09,completed,cod,21.39,0
3296,99,2023-01-24 21:41:08,completed,credit_card,13.96,5
3297,1032,2024-08-14 22:43:30,completed,credit_card,2.76,0
3298,542,2023-07-18 07:48:12,completed,credit_card,19.67,0
3299,387,2024-02-13 09:09:12,processing,debit_card,10.66,5
3300,214,2023-07-07 02:25:59,shipped,credit_card,3.84,0
3301,2269,2024-06-29 03:39:36,completed,cod,13.79,15
3302,694,2023-01-11 04:43:02,cancelled,debit_card,0.0,10
3303,696,2024-12-01 05:58:27,shipped,credit_card,5.36,0
3304,654,2024-05-15 10:27:36,completed,debit_card,5.72,5
3305,957,2023-12-15 06:59:22,completed,wallet,18.98,0
3306,927,2025-05-28 01:28:22,completed,credit_card,9.0,0
3307,705,2023-08-30 15:54:38,completed,debit_card,14.77,0
3308,147,2023-12-24 04:28:34,completed,wallet,12.79,20
3309,617,2025-06-29 20:27:41,processing,debit_card,1.13,0
3310,1909,2024-10-10 09:41:40,completed,cod,15.98,0
3311,663,2023-07-28 16:49:30,shipped,credit_card,0.98,0
3312,1881,2024-05-31 12:01:01,cancelled,credit_card,0.0,0
3313,548,2023-02-09 11:39:47,shipped,wallet,8.8,0
3314,501,2025-02-21 14:14:09,completed,debit_card,1.54,10
3315,520,2024-03-22 08:45:06,completed,wallet,19.89,20
3316,457,2023-10-13 16:44:20,processing,debit_card,13.3,15
3317,1217,2023-12-29 15:17:08,completed,debit_card,9.76,5
3318,588,2025-03-26 14:20:02,completed,debit_card,14.62,0
3319,1023,2024-05-01 20:36:36,completed,debit_card,4.47,5
3320,1148,2023-10-11 08:43:27,completed,debit_card,3.04,15
3321,1892,2024-08-30 22:17:26,processing,upi,18.71,0
3322,1348,2023-07-16 17:16:07,completed,paypal,16.61,0
3323,888,2025-04-04 00:40:40,completed,cod,1.11,15
3324,997,2025-06-25 09:09:49,returned,paypal,11.0,0
3325,642,2024-12-11 06:48:41,completed,credit_card,16.44,0
3326,550,2025-03-04 19:56:15,shipped,credit_card,17.78,0
3327,1483,2023-12-31 10:20:58,shipped,paypal,14.64,10
3328,1929,2023-08-14 23:59:28,shipped,credit_card,1.98,0
3329,1340,2023-02-28 10:19:25,completed,paypal,8.92,15
3330,906,2023-05-04 12:11:19,completed,cod,15.98,0
3331,1510,2025-01-12 07:00:51,completed,cod,2.43,20
3332,1246,2025-05-20 04:43:47,completed,credit_card,10.46,20
3333,17,2023-12-13 10:07:55,completed,debit_card,8.14,0
3334,1657,2024-01-19 09:43:08,completed,upi,17.67,20
3335,205,2023-05-13 16:22:41,complet,debit_card,4.64,15
3336,426,2024-10-29 12:38:54,completed,debit_card,8.58,15
3337,1966,2023-12-19 10:33:13,shipped,wallet,20.83,20
3338,163,2023-01-07 07:54:25,completed,wallet,10.11,15
3339,759,2023-11-07 18:58:14,completed,cod,7.97,15
3340,1464,2023-09-23 02:14:17,shipped,debit_card,14.31,15
3341,1854,2023-10-15 08:27:59,shipped,wallet,5.85,20
3342,1455,2024-10-16 12:18:03,shipped,credit_card,0.75,0
3343,1684,2023-09-03 20:31:14,processing,cod,1.44,15
3344,1458,2023-10-08 14:38:56,completed,credit_card,16.49,0
3345,444,2025-03-18 10:07:00,completed,credit_card,5.98,0
3346,1011,2025-04-05 02:45:24,completed,paypal,5.48,15
3347,665,2024-01-15 01:15:36,completed,cod,10.36,0
3348,356,2023-10-08 21:21:36,shipped,cod,18.47,0
3349,543,2023-05-05 05:24:04,cancelled,debit_card,0.0,0
3350,403,2023-11-24 08:52:12,completed,debit_card,12.9,0
3351,1639,2024-05-22 17:45:12,completed,debit_card,19.93,10
3352,1642,2023-01-14 01:34:08,completed,wallet,6.52,5
3353,1820,2024-01-02 11:55:25,completed,paypal,13.09,15
3354,404,2024-05-23 15:07:37,completed,paypal,19.01,0
3355,1870,2023-10-01 10:54:36,completed,upi,8.31,20
3356,731,2024-05-05 21:45:24,completed,wallet,2.1,10
3357,1484,2025-02-10 18:03:29,shipped,paypal,7.41,0
3358,256,2023-12-16 03:31:09,completed,paypal,16.99,0
3359,1370,2025-04-23 03:56:10,completed,wallet,15.82,0
3360,595,2025-02-06 13:09:45,completed,paypal,20.57,20
3361,287,2024-10-26 16:39:24,shipped,upi,19.31,5
3362,955,2024-09-16 03:04:35,completed,paypal,14.6,5
3363,1992,2025-05-18 01:25:14,processing,credit_card,11.8,15
3364,1749,2025-03-25 12:24:11,completed,wallet,12.19,0
3365,435,2024-03-01 00:06:08,completed,upi,6.59,5
3366,1772,2023-01-10 12:44:57,shipped,paypal,0.12,0
3367,1754,2024-11-23 13:46:53,cancelled,upi,0.0,15
3368,889,2024-01-29 08:47:10,completed,cod,18.81,15
3369,244,2024-06-06 06:53:57,shipped,credit_card,12.24,0
3370,915,2024-11-01 13:18:36,cancelled,paypal,0.0,0
3371,737,2023-08-29 18:45:00,shipped,credit_card,21.76,10
3372,607,2024-01-10 09:44:26,completed,cod,19.05,10
3373,546,2024-06-16 01:33:47,completed,cod,12.54,15
3374,1899,2023-02-18 00:05:07,shipped,debit_card,17.12,5
3375,723,2023-06-09 01:50:37,shipped,credit_card,13.25,15
3376,910,2023-04-19 18:08:28,completed,debit_card,18.46,15
3377,1136,2024-05-16 10:28:46,shipped,upi,3.92,5
3378,622,2023-05-11 01:15:42,processing,paypal,2.64,0
3379,81,2023-01-21 05:19:34,processing,credit_card,9.86,0
3380,946,2023-10-01 09:51:01,completed,paypal,6.92,15
3381,1257,2025-01-01 21:04:27,completed,cod,21.81,10
3382,1645,2023-11-02 21:21:48,completed,credit_card,1.51,10
3383,861,2023-06-06 00:03:41,cancelled,credit_card,0.0,0
3384,1618,2024-08-29 05:54:46,completed,paypal,8.62,0
3385,534,2023-03-03 15:05:58,cancelled,debit_card,0.0,0
3386,1523,2023-05-14 08:20:12,completed,paypal,19.61,20
3387,1207,2023-08-20 09:50:10,processing,cod,18.55,20
3388,1076,2024-10-30 16:04:31,completed,wallet,8.72,0
3389,71,2023-01-21 07:58:06,completed,credit_card,20.95,0
3390,615,2024-09-28 17:10:21,completed,paypal,0.95,5
3391,471,2023-01-22 00:35:32,completed,upi,1.35,0
3392,906,2023-11-09 21:02:08,completed,credit_card,2.75,5
3393,11,2023-12-23 05:39:09,completed,credit_card,1.3,0
3394,1994,2025-06-23 22:29:15,completed,upi,17.08,20
3395,1070,2023-04-26 15:10:29,shipped,debit_card,13.49,0
3396,1637,2023-11-27 15:58:42,completed,credit_card,21.4,0
3397,1207,2024-07-10 20:31:54,cancelled,wallet,0.0,0
3398,1123,2025-06-25 17:27:26,shipped,wallet,16.19,15
3399,869,2025-01-11 12:57:37,completed,paypal,19.65,0
3400,18,2023-01-09 04:38:25,completed,credit_card,3.85,15
3401,648,2023-02-27 10:58:58,completed,wallet,20.37,5
3402,366,2023-12-20 13:48:29,completed,credit_card,16.58,15
3403,1944,2023-08-23 17:13:02,processing,paypal,1.67,0
3404,718,2023-07-20 06:37:09,cancelled,upi,0.0,0
3405,1911,2024-02-15 01:49:10,shipped,upi,19.59,10
3406,592,2023-05-09 00:52:47,completed,credit_card,16.47,0
3407,681,2023-12-12 17:48:39,completed,paypal,14.18,10
3408,616,2023-11-21 21:40:04,completed,wallet,21.55,0
3409,1333,2023-06-05 10:51:28,completed,cod,8.1,0
3410,823,2024-08-05 03:14:55,completed,debit_card,8.18,10
3411,1432,2024-11-12 23:02:46,completed,debit_card,11.14,20
3412,1466,2024-04-28 21:33:39,returned,debit_card,18.43,0
3413,648,2024-12-10 13:18:59,processing,cod,5.96,0
3414,1072,2024-08-27 19:08:20,completed,debit_card,10.45,10
3415,1246,2024-11-11 03:27:15,completed,cod,8.16,20
3416,1232,2025-03-31 03:00:21,completed,credit_card,8.3,5
3417,346,2025-03-29 08:51:58,completed,paypal,17.69,10
3418,948,2023-09-30 23:12:53,returned,upi,9.42,20
3419,117,2024-06-20 13:00:36,completed,debit_card,2.33,15
3420,1151,2023-03-11 01:43:23,completed,paypal,3.82,0
3421,1627,2024-01-18 23:15:39,processing,debit_card,6.02,5
3422,2487,2024-10-28 13:52:45,completed,wallet,15.64,10
3423,970,2023-10-27 20:31:16,completed,cod,8.66,15
3424,1771,2023-10-23 05:48:50,shipped,credit_card,2.47,0
3425,1024,2023-02-01 10:31:11,completed,paypal,19.8,0
3426,2304,2023-10-15 12:20:27,completed,credit_card,17.41,20
3427,74,2024-02-16 22:44:19,shipped,paypal,17.69,15
3428,1681,2024-10-04 06:35:21,returned,paypal,12.49,0
3429,627,2024-04-27 22:04:45,completed,debit_card,2.57,15
3430,1012,2024-05-15 03:44:55,returned,wallet,8.79,20
3431,61,2023-05-14 15:15:54,completed,credit_card,6.2,0
3432,1200,2023-05-21 18:37:54,completed,wallet,1.71,0
3433,512,2024-05-19 17:19:02,cancelled,credit_card,0.0,10
3434,2106,2025-06-28 12:29:36,completed,wallet,11.41,20
3435,1319,2024-10-23 20:22:40,completed,wallet,15.29,5
3436,161,2023-02-22 15:35:36,completed,wallet,9.19,10
3437,741,2023-10-24 00:47:29,processing,wallet,16.01,0
3438,1189,2025-03-17 21:00:15,completed,upi,12.65,20
3439,629,2024-11-09 17:33:44,completed,debit_card,4.47,15
3440,1116,2023-04-25 20:37:52,shipped,upi,7.94,15
3441,1990,2025-03-29 22:31:46,shipped,credit_card,14.38,0
3442,1989,2023-06-02 04:18:00,completed,debit_card,6.14,0
3443,207,2024-12-24 06:02:55,shipped,upi,0.68,10
3444,1539,2024-02-29 14:12:30,completed,cod,5.33,5
3445,64,2024-12-21 04:50:58,cancelled,paypal,0.0,20
3446,334,2024-03-20 12:57:23,shippd,cod,13.87,15
3447,703,2023-09-09 15:01:46,completed,paypal,1.91,10
3448,1537,2023-05-17 14:11:22,completed,debit_card,3.41,0
3449,16,2024-11-25 10:02:16,completed,wallet,2.79,0
3450,1195,2025-02-16 06:44:12,completed,wallet,14.91,20
3451,1798,2023-06-07 00:22:59,completed,upi,5.95,10
3452,654,2023-01-14 16:45:47,completed,credit_card,1.75,0
3453,863,2023-01-05 10:39:01,completed,wallet,21.04,0
3454,107,2024-11-25 02:38:01,returned,debit_card,18.11,5
3455,544,2025-03-19 13:08:18,completed,cod,15.57,0
3456,1037,2025-04-20 04:39:19,completed,cod,2.02,15
3457,1996,2023-04-12 04:14:28,cancelled,cod,0.0,0
3458,816,2024-03-05 07:07:15,completed,cod,2.34,0
3459,1380,2023-06-02 23:18:13,cancelled,upi,0.0,0
3460,2310,2023-06-12 23:12:22,completed,wallet,20.08,10
3461,1965,2024-02-01 18:11:53,completed,debit_card,11.75,15
3462,713,2024-10-28 12:03:26,shipped,cod,4.42,5
3463,490,2024-09-08 22:35:11,shipped,wallet,10.48,0
3464,1400,2025-02-14 01:54:44,completed,paypal,6.73,5
3465,1928,2024-09-19 01:54:59,returned,credit_card,6.23,0
3466,1001,2024-02-15 18:52:39,shipped,credit_card,7.92,10
3467,546,2023-07-05 01:55:22,completed,cod,12.91,0
3468,1077,2025-02-06 22:12:48,returned,cod,21.98,10
3469,660,2023-08-26 23:16:17,shipped,paypal,10.87,20
3470,155,2024-07-13 03:29:16,completed,upi,7.23,20
3471,1198,2025-03-11 07:26:51,returned,credit_card,12.9,5
3472,754,2024-08-11 15:24:22,completed,upi,12.06,15
3473,1342,2024-01-15 00:07:20,completed,credit_card,7.19,5
3474,379,2023-08-09 15:36:21,completed,credit_card,21.39,20
3475,1701,2023-06-23 16:10:45,completed,debit_card,12.25,15
3476,1338,2024-01-08 19:20:00,completed,upi,19.79,5
3477,1626,2023-11-21 15:39:50,cancelled,upi,0.0,0
3478,1378,2023-02-12 23:53:57,completed,cod,3.89,0
3479,355,2023-09-26 23:16:33,completed,wallet,0.23,0
3480,1106,2025-02-22 21:51:20,completed,cod,20.81,5
3481,510,2024-07-09 19:59:05,shipped,wallet,21.34,0
3482,144,2024-12-20 08:59:22,completed,debit_card,5.34,0
3483,1636,2023-01-13 01:56:01,completed,cod,17.11,0
3484,716,2023-02-28 13:19:16,completed,upi,18.16,0
3485,448,2024-01-20 21:34:24,shipped,debit_card,9.11,0
3486,136,2024-10-01 04:40:51,shipped,debit_card,5.87,0
3487,338,2024-02-15 01:04:32,completed,credit_card,20.6,15
3488,858,2024-11-16 12:26:34,completed,upi,6.08,10
3489,808,2023-03-12 08:09:37,completed,paypal,6.41,20
3490,1153,2023-07-29 03:30:50,completed,debit_card,3.27,10
3491,1112,2024-05-16 10:52:03,unknown,debit_card,2.87,0
3492,359,2024-12-21 04:22:49,shipped,paypal,19.75,0
3493,546,2023-03-23 07:39:46,completed,cod,0.79,20
3494,800,2024-05-06 09:58:31,processing,upi,5.23,15
3495,1403,2023-10-26 20:03:17,shipped,paypal,3.19,0
3496,1328,2025-03-04 01:48:27,completed,upi,15.93,0
3497,1621,2024-06-09 09:18:11,completed,debit_card,17.97,0
3498,1783,2023-01-03 19:04:29,completed,upi,4.19,0
3499,2145,2023-06-19 21:59:03,completed,debit_card,18.01,0
3500,1888,2025-04-03 01:33:14,completed,paypal,2.31,10
3501,988,2023-03-18 17:19:48,returned,wallet,6.66,0
3502,465,2024-12-30 08:37:22,completed,upi,7.25,0
3503,1260,2023-02-05 15:45:14,shipped,credit_card,20.99,0
3504,1262,2023-12-01 14:04:53,completed,credit_card,8.16,20
3505,1554,2023-07-11 02:10:28,cancelled,debit_card,0.0,15
3506,686,2025-02-07 03:37:36,shipped,paypal,14.26,0
3507,1281,2023-11-06 07:18:49,completed,debit_card,13.04,0
3508,43,2023-01-16 06:53:12,processing,wallet,19.18,0
3509,1988,2025-03-29 18:05:19,shipped,upi,10.96,0
3510,1049,2023-04-01 19:35:30,shipped,paypal,3.67,15
3511,1492,2023-10-30 05:25:05,completed,paypal,15.91,0
3512,1928,2024-11-26 08:26:29,cancelled,paypal,0.0,5
3513,2160,2025-06-04 13:42:11,returned,upi,19.75,0
3514,993,2024-04-07 16:12:45,cancelled,wallet,0.0,20
3515,654,2024-12-20 03:08:49,returned,wallet,10.16,0
3516,1934,2024-12-09 08:02:38,completed,upi,21.57,0
3517,695,2024-05-18 15:21:00,shipped,credit_card,7.27,20
3518,1394,2024-08-30 18:37:44,shipped,upi,3.61,0
3519,1590,2023-09-22 20:37:30,completed,debit_card,6.88,20
3520,1898,2023-08-22 14:43:55,completed,credit_card,8.41,20
3521,30,2023-01-11 23:23:07,cancelled,credit_card,0.0,0
3522,176,2023-10-17 17:43:45,shipped,wallet,19.6,5
3523,1836,2023-10-06 10:08:42,completed,debit_card,5.49,0
3524,2199,2024-03-10 10:00:22,completed,cod,21.82,10
3525,839,2024-08-01 02:43:11,completed,credit_card,16.0,15
3526,1970,2024-02-24 15:56:25,completed,credit_card,6.77,5
3527,1630,2023-06-02 01:11:01,cancelled,credit_card,0.0,15
3528,1885,2024-10-01 03:10:21,returned,debit_card,19.63,20
3529,293,2025-01-06 06:23:35,CANCEL,paypal,13.21,20
3530,972,2024-09-21 23:31:25,returned,cod,11.36,10
3531,1158,2024-07-02 14:25:12,cancelled,upi,0.0,0
3532,1361,2024-03-24 09:04:39,shipped,credit_card,1.63,5
3533,1764,2023-07-21 01:50:22,completed,wallet,18.01,10
3534,348,2025-05-27 16:35:17,completed,paypal,16.76,15
3535,1667,2024-07-18 20:36:36,completed,paypal,17.51,20
3536,1925,2024-07-13 21:15:10,completed,credit_card,13.73,0
3537,446,2024-05-22 06:54:03,shipped,credit_card,19.84,10
3538,662,2025-06-12 21:47:57,completed,debit_card,19.03,5
3539,1064,2024-07-05 16:53:46,shipped,upi,15.22,0
3540,55,2024-04-02 22:24:00,completed,cod,1.17,15
3541,744,2025-06-14 08:33:42,completed,cod,19.49,0
3542,602,2024-08-27 15:40:22,completed,paypal,20.91,5
3543,1294,2023-03-31 12:37:11,completed,paypal,5.11,0
3544,1144,2025-06-29 12:35:47,cancelled,debit_card,0.0,5
3545,251,2023-01-29 05:30:59,shipped,cod,13.52,5
3546,1084,2023-10-31 04:12:07,completed,credit_card,11.79,20
3547,280,2023-04-04 00:29:34,completed,cod,12.52,15
3548,840,2023-03-02 04:30:55,completed,cod,7.52,15
3549,1007,2024-09-03 00:55:03,shipped,wallet,12.15,10
3550,632,2024-08-07 10:37:43,completed,upi,10.29,0
3551,1134,2023-02-13 21:12:58,completed,cod,5.69,0
3552,737,2024-12-12 11:29:12,completed,debit_card,10.01,0
3553,1902,2024-01-01 20:34:08,completed,cod,10.63,15
3554,368,2023-11-23 11:11:37,completed,upi,18.36,0
3555,1051,2025-02-23 01:35:48,completed,cod,9.73,20
3556,1258,2025-04-27 16:57:36,completed,credit_card,13.54,0
3557,607,2023-02-20 03:34:34,returned,wallet,6.24,15
3558,81,2024-05-25 01:10:20,completed,debit_card,16.07,5
3559,1800,2023-11-06 08:02:12,completed,upi,1.17,15
3560,339,2024-09-07 08:52:50,shipped,cod,3.18,20
3561,1139,2025-04-13 04:36:18,cancelled,debit_card,0.0,0
3562,70,2023-10-07 03:14:26,processing,debit_card,12.22,0
3563,1905,2023-07-06 15:59:16,shipped,cod,10.22,15
3564,2355,2023-12-14 08:31:02,completed,paypal,11.02,0
3565,343,2024-05-28 08:46:00,processing,debit_card,9.54,20
3566,1075,2023-01-12 03:44:20,completed,debit_card,14.56,0
3567,1490,2024-06-17 13:28:31,cancelled,debit_card,0.0,0
3568,192,2024-01-07 18:05:07,processing,cod,3.91,0
3569,685,2025-05-02 03:35:39,completed,paypal,1.64,15
3570,1766,2023-04-08 20:56:19,processing,paypal,11.87,20
3571,1888,2025-02-25 00:05:48,completed,credit_card,12.38,0
3572,1537,2024-12-31 15:21:11,shipped,credit_card,1.34,0
3573,1435,2023-06-19 11:34:17,completed,debit_card,6.49,0
3574,851,2025-02-16 08:23:34,shipped,wallet,8.16,20
3575,748,2023-08-17 08:46:37,completed,wallet,19.05,0
3576,751,2024-04-02 14:40:00,completed,wallet,13.31,0
3577,1929,2023-09-04 07:16:04,completed,cod,19.28,10
3578,1766,2023-12-07 04:21:49,completed,debit_card,15.8,20
3579,143,2024-01-15 10:38:12,cancelled,cod,0.0,10
3580,1848,2025-06-07 21:44:30,processing,credit_card,13.19,0
3581,1616,2024-04-15 21:21:25,completed,wallet,17.84,20
3582,1820,2023-05-20 05:58:29,completed,upi,2.26,0
3583,1554,2024-09-14 11:46:16,completed,debit_card,11.38,0
3584,994,2025-06-06 14:58:29,shipped,wallet,10.86,15
3585,1048,2023-09-06 12:35:45,completed,credit_card,9.09,15
3586,1258,2025-04-14 14:47:12,completed,debit_card,20.51,0
3587,134,2023-11-18 00:16:03,completed,credit_card,9.59,5
3588,1274,2023-07-10 20:46:40,completed,upi,5.34,20
3589,124,2024-06-18 22:20:36,completed,upi,17.92,15
3590,1890,2023-07-10 17:58:11,completed,upi,13.12,0
3591,1867,2024-05-06 22:17:19,completed,cod,16.91,5
3592,1016,2024-10-20 17:09:20,completed,upi,0.94,10
3593,1541,2025-01-17 08:43:19,pendingg,wallet,10.39,0
3594,512,2024-06-23 20:03:10,completed,debit_card,18.82,20
3595,1924,2024-03-22 19:50:06,completed,upi,1.36,15
3596,1215,2024-12-08 23:38:50,shipped,cod,11.51,0
3597,966,2024-01-06 00:51:13,completed,wallet,19.82,0
3598,1480,2024-08-06 01:40:36,completed,credit_card,1.66,20
3599,193,2023-12-03 15:41:17,cancelled,upi,0.0,0
3600,649,2023-08-14 23:58:57,shipped,credit_card,16.22,20
3601,1841,2025-02-10 20:05:09,completed,paypal,7.87,10
3602,56,2023-05-05 23:57:28,completed,debit_card,0.18,5
3603,374,2024-05-30 16:52:06,processing,paypal,3.89,0
3604,535,2024-01-16 07:54:16,shipped,paypal,3.93,20
3605,58,2024-03-28 05:45:03,completed,debit_card,7.13,0
3606,1316,2025-02-27 10:29:36,returned,wallet,2.27,0
3607,114,2024-10-19 18:39:43,returned,upi,16.96,0
3608,265,2024-11-20 04:10:33,completed,wallet,0.61,0
3609,1332,2024-02-25 18:22:57,shipped,debit_card,15.5,0
3610,70,2024-07-26 04:47:10,completed,paypal,0.46,5
3611,281,2023-01-17 18:44:09,completed,credit_card,17.67,0
3612,1847,2023-10-02 02:13:34,complet,cod,8.6,20
3613,125,2025-06-07 02:00:53,completed,upi,15.66,0
3614,1024,2025-06-28 00:38:36,completed,debit_card,19.85,20
3615,1709,2023-09-25 08:18:57,completed,credit_card,14.49,0
3616,933,2024-01-04 01:31:39,completed,upi,21.81,20
3617,1555,2023-02-25 06:33:17,cancelled,credit_card,0.0,10
3618,346,2024-05-26 10:32:37,completed,debit_card,6.15,15
3619,389,2023-10-05 03:12:30,returned,upi,18.31,20
3620,382,2023-07-15 00:22:33,completed,credit_card,14.13,0
3621,1238,2023-07-27 02:01:20,completed,paypal,17.01,0
3622,299,2025-05-08 10:21:23,completed,cod,6.76,10
3623,1294,2025-06-16 20:10:11,completed,credit_card,0.07,20
3624,1747,2024-03-05 15:08:30,cancelled,cod,0.0,0
3625,1496,2023-04-03 15:05:51,completed,upi,16.12,0
3626,720,2024-02-27 02:47:40,completed,paypal,5.97,0
3627,899,2024-08-07 01:26:09,completed,paypal,0.12,15
3628,90,2025-03-26 17:14:34,processing,upi,16.03,0
3629,1024,2024-02-22 22:38:45,completed,upi,7.06,0
3630,1912,2023-07-30 16:59:40,completed,credit_card,6.35,20
3631,760,2023-01-27 22:28:43,processing,paypal,13.11,10
3632,354,2025-06-20 16:59:48,shipped,debit_card,7.94,0
3633,279,2024-09-10 22:57:19,shipped,wallet,2.65,5
3634,1416,2024-09-30 17:09:20,processing,paypal,0.75,0
3635,665,2024-05-07 07:26:42,completed,wallet,0.56,5
3636,1321,2023-02-21 02:01:55,completed,credit_card,5.65,0
3637,1405,2023-02-18 11:13:38,shipped,paypal,3.6,0
3638,1820,2024-09-22 08:59:47,completed,credit_card,11.72,15
3639,301,2024-06-15 13:53:47,pendingg,debit_card,8.02,0
3640,1188,2023-04-20 17:07:20,shipped,credit_card,9.03,15
3641,1977,2024-11-14 16:37:56,shipped,upi,11.95,20
3642,374,2024-10-23 22:42:03,completed,wallet,11.22,0
3643,544,2023-10-04 03:45:32,shipped,debit_card,14.43,20
3644,13,2024-05-30 16:08:29,shipped,wallet,10.48,20
3645,1386,2024-11-08 16:13:55,shipped,upi,9.15,0
3646,2456,2023-05-29 06:40:08,completed,debit_card,16.33,15
3647,656,2025-05-25 06:04:52,completed,debit_card,1.2,0
3648,1531,2023-05-09 07:56:19,completed,cod,1.2,5
3649,881,2023-01-02 21:41:59,completed,debit_card,18.25,0
3650,1051,2025-01-21 05:54:23,completed,cod,4.26,20
3651,885,2023-11-04 18:03:42,completed,upi,14.25,20
3652,1535,2024-11-03 17:33:34,completed,paypal,0.63,0
3653,1886,2024-12-19 11:44:55,completed,cod,20.65,10
3654,1011,2024-12-20 07:38:40,returned,wallet,18.8,20
3655,428,2024-08-02 12:19:58,completed,debit_card,9.57,0
3656,303,2023-04-20 19:01:55,completed,debit_card,19.87,20
3657,1502,2025-05-16 11:44:01,completed,credit_card,19.55,10
3658,1154,2024-09-14 07:13:17,returned,credit_card,9.91,20
3659,1306,2025-02-23 00:07:50,completed,upi,0.05,5
3660,219,2024-04-06 20:10:47,shippd,credit_card,13.78,5
3661,505,2024-10-24 23:08:50,completed,paypal,8.2,0
3662,1617,2025-04-07 22:50:51,shipped,cod,21.36,10
3663,292,2024-04-08 00:55:45,completed,credit_card,1.45,0
3664,260,2023-11-18 01:29:52,shipped,credit_card,1.86,5
3665,1774,2023-02-04 19:36:52,completed,upi,14.39,15
3666,80,2025-02-28 03:57:45,completed,cod,10.3,15
3667,1804,2023-09-27 03:55:45,completed,wallet,15.14,0
3668,1379,2024-10-15 15:23:29,cancelled,upi,0.0,0
3669,968,2023-01-30 00:34:46,shipped,paypal,11.71,0
3670,1470,2024-09-26 03:13:48,completed,debit_card,2.66,10
3671,1362,2025-02-12 09:28:14,completed,cod,6.47,15
3672,1511,2024-08-07 11:37:00,returned,paypal,10.3,15
3673,564,2023-08-02 15:14:59,completed,cod,11.06,0
3674,1319,2023-08-31 03:55:34,completed,wallet,12.89,5
3675,1013,2024-07-08 06:19:47,shipped,debit_card,6.65,0
3676,900,2024-12-06 00:05:12,shipped,paypal,16.7,20
3677,467,2024-11-22 17:57:07,shipped,wallet,18.88,10
3678,1968,2024-03-12 11:25:33,completed,cod,12.88,15
3679,1613,2023-08-01 06:03:37,completed,credit_card,7.27,0
3680,1248,2023-06-15 19:34:23,completed,wallet,1.92,0
3681,1411,2025-06-28 10:53:52,completed,cod,18.09,0
3682,1669,2025-02-04 19:13:13,completed,cod,17.94,0
3683,1213,2025-02-02 19:53:31,completed,credit_card,20.71,0
3684,87,2024-05-21 02:09:01,processing,wallet,21.42,20
3685,1132,2025-04-09 21:45:15,processing,cod,15.03,0
3686,968,2023-01-07 15:15:21,completed,wallet,2.39,0
3687,118,2023-08-27 02:07:21,completed,upi,17.45,5
3688,1149,2023-08-07 06:40:56,completed,credit_card,4.07,10
3689,905,2024-03-26 10:00:09,completed,credit_card,11.72,5
3690,1362,2023-02-06 07:42:24,completed,debit_card,10.54,0
3691,1002,2024-06-08 00:04:06,processing,wallet,15.02,0
3692,275,2025-06-27 12:44:07,completed,debit_card,20.46,20
3693,1073,2024-07-10 18:54:19,completed,cod,11.24,5
3694,1555,2023-11-03 06:25:06,completed,credit_card,12.91,15
3695,1378,2023-03-02 12:31:51,shipped,cod,12.56,0
3696,1528,2025-02-20 03:36:40,completed,upi,11.68,0
3697,1044,2023-07-18 05:08:25,cancelled,credit_card,0.0,5
3698,1246,2024-04-09 13:14:49,completed,upi,5.56,0
3699,754,2024-12-13 14:08:52,completed,credit_card,21.24,0
3700,1044,2024-03-18 00:26:45,completed,cod,1.23,10
3701,1824,2023-05-13 15:22:20,completed,cod,14.13,0
3702,201,2025-05-01 02:29:02,shipped,debit_card,21.3,10
3703,1660,2024-02-02 02:00:32,shipped,wallet,13.83,20
3704,1250,2023-07-31 00:51:09,completed,credit_card,14.94,0
3705,1268,2023-09-16 15:20:50,completed,credit_card,13.98,0
3706,1441,2023-06-19 07:19:05,completed,paypal,9.85,0
3707,26,2025-01-14 23:10:42,completed,wallet,21.17,5
3708,1472,2024-02-15 11:24:33,completed,upi,14.62,5
3709,1265,2023-11-22 17:48:41,shipped,wallet,10.83,15
3710,1293,2025-02-03 03:11:03,completed,cod,1.04,0
3711,1403,2024-07-08 00:11:03,completed,debit_card,10.5,10
3712,1057,2024-01-25 15:40:10,processing,credit_card,21.03,20
3713,1035,2024-12-10 14:07:43,cancelled,wallet,0.0,20
3714,1884,2023-04-06 19:40:12,completed,cod,15.27,0
3715,753,2024-05-23 08:27:04,processing,debit_card,6.09,0
3716,1464,2023-05-05 05:59:45,shipped,wallet,10.17,10
3717,1259,2025-04-16 11:20:36,completed,cod,7.68,0
3718,771,2024-02-10 04:26:32,cancelled,wallet,0.0,15
3719,1050,2024-08-14 02:08:50,completed,upi,16.92,15
3720,1787,2023-02-07 08:08:23,processing,upi,1.56,0
3721,190,2025-04-23 19:10:56,shipped,debit_card,10.95,20
3722,1276,2023-06-22 03:52:29,shipped,credit_card,8.89,0
3723,1714,2025-04-17 20:07:39,shipped,paypal,2.48,0
3724,1995,2024-04-24 21:40:38,returned,upi,1.88,5
3725,1857,2024-03-18 01:42:19,shipped,paypal,10.2,0
3726,1189,2023-08-03 17:22:18,completed,credit_card,19.07,15
3727,374,2023-08-06 18:37:06,completed,credit_card,4.24,0
3728,31,2025-02-24 12:29:45,shipped,wallet,3.84,10
3729,1806,2023-10-05 12:39:53,processing,wallet,6.69,0
3730,30,2023-10-20 17:13:33,completed,credit_card,10.65,15
3731,1472,2023-10-02 13:05:19,completed,upi,14.13,10
3732,916,2023-05-23 17:07:09,completed,wallet,7.62,0
3733,1970,2024-08-15 17:17:57,completed,debit_card,3.21,10
3734,1239,2024-01-15 15:17:51,shipped,cod,11.91,5
3735,503,2025-03-21 16:05:36,processing,credit_card,9.19,10
3736,184,2024-01-12 14:03:51,completed,credit_card,1.52,0
3737,1131,2023-06-24 15:23:03,processing,debit_card,6.58,20
3738,1831,2024-07-15 06:40:55,processing,cod,0.36,0
3739,295,2025-01-13 20:50:36,processing,cod,21.12,20
3740,731,2024-11-15 07:50:20,completed,debit_card,3.7,15
3741,757,2024-07-07 19:10:55,shipped,upi,20.83,10
3742,336,2023-06-04 22:40:08,completed,cod,18.88,0
3743,1513,2023-08-10 08:04:43,completed,debit_card,21.57,15
3744,962,2023-08-25 17:34:19,completed,wallet,21.86,0
3745,1632,2025-04-01 02:49:18,completed,paypal,16.84,20
3746,1589,2023-12-02 07:25:19,processing,upi,15.67,20
3747,1625,2025-05-10 21:00:01,completed,paypal,1.2,20
3748,1052,2023-09-12 09:19:38,shipped,wallet,19.35,0
3749,1943,2023-03-09 06:29:37,completed,upi,9.71,15
3750,1760,2023-01-23 05:43:51,shipped,paypal,0.99,10
3751,213,2024-11-05 15:25:34,returned,cod,8.97,0
3752,468,2024-03-07 09:38:13,completed,wallet,17.31,5
3753,151,2023-04-26 14:30:08,completed,cod,5.34,0
3754,791,2024-07-29 21:41:35,cancelled,cod,0.0,15
3755,1616,2023-02-11 11:59:09,unknown,upi,10.29,0
3756,1315,2025-03-14 05:18:29,completed,upi,15.41,15
3757,1429,2023-08-29 16:05:13,completed,paypal,3.23,0
3758,1017,2024-12-24 05:13:42,completed,cod,16.94,10
3759,59,2023-12-17 01:45:49,cancelled,credit_card,0.0,20
3760,1638,2023-09-05 02:09:43,completed,cod,19.08,20
3761,1537,2024-05-09 20:55:39,completed,paypal,2.73,0
3762,88,2023-04-15 13:58:01,shipped,debit_card,17.51,0
3763,1688,2024-03-25 19:58:49,completed,upi,7.46,15
3764,629,2024-01-17 18:16:24,completed,paypal,13.99,0
3765,932,2023-01-15 01:42:05,completed,paypal,0.57,10
3766,1710,2024-11-16 14:38:31,completed,credit_card,20.54,15
3767,1523,2025-01-24 12:42:26,completed,wallet,1.6,5
3768,1805,2025-01-10 22:46:20,completed,paypal,18.39,0
3769,1129,2023-08-20 08:52:04,completed,debit_card,17.44,5
3770,997,2024-06-17 05:36:45,completed,cod,14.65,10
3771,1445,2024-07-05 06:55:22,completed,credit_card,11.15,0
3772,1035,2025-01-06 02:54:33,cancelled,upi,0.0,10
3773,620,2025-05-14 18:19:40,shipped,paypal,15.99,15
3774,530,2024-12-28 11:34:26,processing,credit_card,12.64,0
3775,330,2023-03-19 08:20:37,completed,paypal,6.96,0
3776,308,2024-04-16 10:50:35,completed,upi,20.78,15
3777,1903,2023-04-01 18:23:55,completed,wallet,11.06,5
3778,3,2025-04-07 01:03:35,cancelled,cod,0.0,5
3779,2121,2024-03-11 07:02:47,completed,cod,16.87,0
3780,118,2023-10-17 20:27:05,completed,cod,19.92,15
3781,77,2024-09-18 11:41:36,completed,credit_card,5.05,10
3782,1320,2023-03-11 13:31:46,returned,wallet,8.33,0
3783,1105,2024-08-22 16:01:03,shipped,wallet,8.76,20
3784,216,2025-03-13 04:58:31,completed,debit_card,1.59,20
3785,808,2023-02-07 12:02:06,processing,debit_card,22.0,20
3786,1570,2025-06-28 12:25:46,processing,wallet,20.11,15
3787,95,2023-11-26 17:49:25,completed,paypal,9.92,0
3788,272,2024-03-08 23:35:05,completed,wallet,1.88,0
3789,1935,2024-03-04 18:41:36,completed,wallet,7.47,20
3790,1303,2023-10-22 11:00:06,completed,wallet,13.72,15
3791,771,2025-03-22 03:09:24,cancelled,credit_card,0.0,0
3792,1915,2023-05-29 14:06:00,completed,credit_card,18.18,0
3793,300,2025-03-22 03:36:25,shipped,paypal,16.26,0
3794,1192,2024-12-08 14:13:51,shipped,wallet,18.63,20
3795,1785,2024-05-25 13:51:43,shipped,wallet,13.98,10
3796,763,2023-06-02 22:39:36,shipped,debit_card,0.45,5
3797,912,2023-05-11 11:49:36,cancelled,paypal,0.0,0
3798,1900,2023-02-10 12:26:06,completed,cod,3.99,0
3799,194,2023-02-21 05:40:36,completed,credit_card,9.32,5
3800,174,2024-12-29 12:06:52,completed,credit_card,5.48,15
3801,1167,2024-11-01 16:56:08,completed,paypal,10.62,5
3802,1080,2024-10-14 13:14:35,completed,paypal,0.69,5
3803,390,2023-11-24 19:10:44,completed,cod,21.7,5
3804,1573,2025-06-28 07:38:14,completed,debit_card,16.94,20
3805,1291,2024-06-28 00:08:34,processing,credit_card,9.87,20
3806,1910,2023-12-19 04:13:34,returned,credit_card,14.51,5
3807,2225,2025-06-15 10:30:07,completed,credit_card,4.98,15
3808,617,2025-04-07 03:11:01,completed,credit_card,7.49,10
3809,1194,2023-03-20 15:36:32,completed,credit_card,1.68,0
3810,111,2024-05-31 05:28:25,completed,debit_card,9.04,0
3811,1699,2024-03-28 23:55:28,completed,upi,1.75,5
3812,232,2024-03-06 19:47:47,cancelled,cod,0.0,0
3813,1140,2025-03-15 06:07:30,completed,cod,5.21,0
3814,887,2024-06-23 15:11:40,shipped,debit_card,18.89,0
3815,1088,2023-05-07 19:23:13,cancelled,cod,0.0,15
3816,1136,2023-09-28 23:26:00,completed,debit_card,14.43,5
3817,670,2025-05-10 17:16:22,completed,paypal,0.16,15
3818,1849,2025-05-06 03:48:50,processing,cod,6.7,15
3819,610,2023-04-08 20:06:51,completed,upi,0.4,0
3820,1190,2023-04-02 18:55:33,processing,wallet,5.64,0
3821,1894,2023-09-06 03:18:13,CANCEL,cod,10.19,20
3822,1855,2025-02-04 18:53:23,shipped,wallet,3.59,20
3823,1677,2024-04-03 03:29:19,completed,upi,6.84,10
3824,732,2024-05-10 23:53:07,completed,debit_card,0.7,0
3825,1324,2024-11-08 21:53:21,completed,debit_card,9.09,20
3826,888,2023-02-05 23:47:14,completed,upi,11.69,5
3827,1369,2024-07-28 23:29:12,completed,upi,3.43,0
3828,1828,2025-02-13 20:40:56,completed,upi,18.94,15
3829,940,2024-12-28 06:07:16,completed,credit_card,17.02,20
3830,195,2024-01-07 11:06:18,shipped,credit_card,21.5,0
3831,247,2023-04-05 00:57:27,completed,cod,17.38,5
3832,358,2025-01-19 14:28:10,completed,wallet,20.55,0
3833,1515,2024-12-20 05:07:26,completed,cod,16.7,0
3834,1053,2024-11-04 03:47:54,completed,credit_card,13.94,0
3835,985,2023-03-01 18:48:51,shipped,credit_card,2.15,15
3836,417,2024-04-24 04:45:19,shipped,wallet,10.22,15
3837,510,2023-11-03 03:32:32,completed,wallet,10.29,10
3838,1321,2023-09-01 21:28:25,completed,credit_card,20.5,10
3839,553,2024-08-29 08:24:26,completed,cod,7.73,0
3840,961,2023-11-28 14:29:01,processing,cod,1.9,10
3841,1516,2023-08-06 22:40:00,returned,wallet,2.59,5
3842,153,2023-10-28 21:49:13,completed,cod,11.37,0
3843,964,2024-04-05 23:26:55,cancelled,debit_card,0.0,10
3844,690,2023-07-16 19:16:29,shipped,upi,5.32,5
3845,1513,2024-10-10 00:15:45,processing,wallet,0.2,0
3846,1997,2024-12-07 23:56:27,completed,cod,10.26,5
3847,1642,2025-01-02 11:49:29,completed,wallet,2.86,15
3848,1997,2025-01-31 07:17:49,cancelled,credit_card,0.0,0
3849,1853,2024-12-27 20:37:58,processing,upi,18.05,15
3850,879,2024-10-16 03:27:36,completed,upi,11.7,10
3851,1333,2023-06-03 09:21:04,completed,upi,18.35,0
3852,1927,2023-08-19 06:20:27,completed,cod,1.32,0
3853,1347,2024-03-24 12:19:09,processing,paypal,0.49,15
3854,1965,2024-10-05 08:13:48,unknown,debit_card,14.42,0
3855,1503,2025-04-01 11:29:03,completed,paypal,15.26,5
3856,10,2023-06-29 18:09:01,shipped,wallet,3.63,0
3857,1338,2024-01-14 16:45:37,complet,credit_card,7.36,0
3858,152,2023-12-03 08:28:00,completed,debit_card,11.41,0
3859,1362,2024-09-03 09:46:08,completed,wallet,6.68,20
3860,1429,2023-11-26 23:34:05,completed,credit_card,12.76,5
3861,1900,2023-02-20 04:32:47,completed,credit_card,16.01,0
3862,1576,2023-08-23 13:58:34,shipped,debit_card,7.62,10
3863,1508,2023-07-21 16:44:09,completed,debit_card,14.2,5
3864,1722,2024-12-18 19:03:24,returned,credit_card,5.84,20
3865,1461,2025-03-30 18:26:45,processing,debit_card,18.25,15
3866,974,2023-01-14 13:38:59,shipped,paypal,3.64,0
3867,1781,2023-08-18 21:28:32,completed,debit_card,17.89,0
3868,629,2023-12-17 03:50:01,completed,debit_card,21.69,20
3869,1415,2024-10-01 17:02:53,completed,credit_card,7.43,5
3870,533,2024-09-05 03:55:04,completed,wallet,18.57,5
3871,760,2024-08-27 00:55:08,completed,wallet,3.84,0
3872,447,2024-05-06 03:19:12,completed,cod,0.55,0
3873,240,2024-03-09 17:20:02,completed,credit_card,14.35,0
3874,1786,2025-02-13 03:55:08,completed,cod,13.65,20
3875,1743,2025-05-22 08:28:33,completed,wallet,19.49,20
3876,1638,2023-11-15 15:47:25,shipped,cod,21.25,0
3877,971,2023-02-21 03:34:37,shipped,debit_card,20.23,0
3878,596,2024-05-23 09:45:59,completed,cod,12.28,0
3879,1995,2023-01-21 07:42:00,completed,debit_card,15.77,15
3880,1173,2024-02-05 00:51:40,completed,cod,16.48,0
3881,1257,2024-09-03 10:03:12,completed,cod,6.21,5
3882,1118,2023-08-29 02:24:03,completed,upi,18.06,15
3883,315,2024-05-04 00:04:21,completed,debit_card,16.39,10
3884,3,2025-02-18 09:57:53,completed,wallet,12.98,0
3885,837,2025-06-15 10:37:51,completed,wallet,21.11,20
3886,760,2023-12-05 11:59:59,completed,wallet,3.39,0
3887,1708,2023-09-14 09:58:42,completed,cod,3.54,0
3888,1524,2023-02-17 20:49:06,completed,upi,2.41,0
3889,751,2023-02-14 11:36:23,shipped,credit_card,15.61,15
3890,1819,2024-10-26 08:47:45,completed,upi,1.77,0
3891,930,2023-10-25 07:10:00,completed,upi,10.57,0
3892,1786,2024-02-16 03:59:12,completed,debit_card,12.85,20
3893,1422,2024-05-07 22:52:57,shipped,credit_card,21.18,0
3894,674,2024-01-31 19:09:19,completed,debit_card,10.85,10
3895,1980,2025-03-06 17:20:07,completed,paypal,12.59,0
3896,308,2024-11-12 22:48:35,cancelled,credit_card,0.0,15
3897,338,2025-03-26 03:59:07,completed,wallet,4.6,0
3898,1478,2025-03-30 19:24:58,completed,credit_card,8.53,20
3899,825,2024-09-20 07:05:07,completed,debit_card,2.86,10
3900,308,2023-11-18 21:08:12,shipped,cod,5.81,0
3901,2450,2025-02-23 20:24:15,completed,upi,10.33,20
3902,1655,2023-05-18 16:33:25,completed,wallet,3.29,20
3903,649,2024-03-15 22:55:22,processing,debit_card,16.94,20
3904,869,2024-10-01 09:21:20,completed,debit_card,16.24,20
3905,417,2024-12-28 08:41:40,shipped,paypal,0.89,15
3906,965,2025-02-09 23:32:27,shipped,upi,5.58,5
3907,1102,2023-08-04 22:15:55,completed,debit_card,9.79,5
3908,82,2023-09-12 14:09:46,completed,cod,6.37,10
3909,595,2024-03-05 11:40:28,completed,upi,18.5,0
3910,718,2024-05-31 18:48:21,returned,debit_card,20.44,0
3911,722,2024-03-21 14:14:43,cancelled,cod,0.0,5
3912,138,2024-05-02 05:12:25,completed,debit_card,15.07,15
3913,537,2025-04-05 04:11:19,completed,wallet,10.15,15
3914,50,2023-01-17 14:00:21,completed,paypal,10.03,5
3915,1531,2024-08-01 12:48:29,completed,paypal,8.77,0
3916,1610,2026-11-17 00:00:00,completed,credit_card,1.48,15
3917,1731,2024-10-30 09:52:49,completed,cod,12.04,15
3918,1866,2023-02-24 07:28:22,returned,credit_card,19.39,15
3919,609,2025-06-03 18:40:10,processing,debit_card,16.47,0
3920,411,2024-03-04 14:04:48,shipped,cod,14.72,0
3921,593,2024-09-07 22:11:23,completed,upi,13.84,15
3922,427,2024-04-04 06:39:38,shipped,upi,11.34,0
3923,1793,2024-02-03 07:41:47,completed,credit_card,12.25,15
3924,1005,2024-01-12 13:31:00,processing,debit_card,9.58,10
3925,1,2023-08-28 05:43:57,completed,paypal,5.46,0
3926,374,2024-05-12 17:34:37,completed,wallet,0.2,0
3927,533,2024-07-03 00:02:49,shipped,cod,15.04,20
3928,1682,2024-02-17 06:34:49,completed,credit_card,11.28,0
3929,1441,2025-04-20 23:37:58,completed,debit_card,20.16,0
3930,40,2024-02-06 00:19:18,cancelled,paypal,0.0,10
3931,954,2023-12-12 22:47:42,completed,upi,9.77,0
3932,971,2024-12-29 08:54:35,completed,upi,9.14,0
3933,337,2024-10-04 03:42:04,shipped,cod,0.13,0
3934,816,2023-08-11 08:33:34,completed,paypal,21.6,0
3935,1745,2023-08-22 15:15:45,completed,cod,17.34,20
3936,852,2023-10-28 21:33:42,completed,debit_card,6.46,0
3937,1760,2024-04-10 09:11:25,processing,debit_card,10.43,15
3938,1095,2023-07-29 05:24:25,processing,wallet,20.66,10
3939,887,2025-06-20 05:58:20,shipped,upi,11.63,5
3940,191,2024-09-23 01:49:21,completed,credit_card,3.94,5
3941,1357,2023-11-23 04:43:28,completed,upi,6.38,20
3942,233,2025-03-08 15:42:06,completed,debit_card,1.58,0
3943,1762,2024-04-20 22:16:37,shipped,paypal,4.37,0
3944,377,2024-02-28 02:24:36,cancelled,wallet,0.0,5
3945,1356,2023-07-25 21:31:35,completed,cod,8.02,20
3946,1169,2023-09-21 01:01:36,shipped,paypal,11.91,15
3947,222,2024-01-05 08:21:17,completed,debit_card,5.66,20
3948,448,2025-06-15 01:46:16,shipped,wallet,19.06,5
3949,566,2023-01-10 07:30:55,completed,cod,11.17,0
3950,388,2023-03-23 07:39:31,completed,upi,7.14,0
3951,1081,2024-02-27 09:35:34,completed,wallet,20.18,0
3952,2317,2023-11-06 15:24:23,cancelled,debit_card,0.0,5
3953,1003,2024-03-21 06:27:33,processing,upi,8.89,10
3954,811,2023-09-20 16:05:41,completed,credit_card,13.6,15
3955,1097,2024-05-12 23:01:46,completed,wallet,5.24,0
3956,1601,2023-07-24 14:31:18,completed,cod,8.53,5
3957,402,2025-02-25 16:20:16,completed,paypal,21.81,5
3958,872,2024-04-14 19:45:53,completed,cod,1.26,10
3959,1413,2025-03-01 17:20:52,cancelled,credit_card,0.0,20
3960,1407,2024-01-22 07:30:29,completed,wallet,7.52,0
3961,343,2023-04-21 06:04:23,returned,credit_card,9.73,0
3962,294,2024-10-15 11:31:24,shipped,upi,13.14,0
3963,930,2023-05-03 11:27:19,cancelled,upi,0.0,20
3964,1962,2024-10-19 10:07:05,completed,paypal,3.46,15
3965,602,2025-03-12 19:00:14,completed,wallet,9.34,0
3966,388,2025-04-11 11:40:33,cancelled,cod,0.0,0
3967,245,2023-07-21 06:55:30,shipped,credit_card,14.73,20
3968,13,2024-06-16 19:40:50,processing,credit_card,5.49,10
3969,969,2025-06-07 06:55:04,shipped,debit_card,20.68,20
3970,1770,2024-10-05 04:39:28,cancelled,cod,0.0,0
3971,1538,2023-06-26 19:34:24,shipped,credit_card,9.91,0
3972,971,2024-05-12 15:47:35,completed,paypal,19.59,5
3973,575,2024-04-27 19:55:56,cancelled,paypal,0.0,0
3974,903,2023-04-04 18:03:23,completed,upi,18.61,15
3975,539,2025-01-18 12:36:40,completed,paypal,18.54,0
3976,903,2024-05-18 16:54:14,completed,upi,10.9,10
3977,1508,2024-12-07 23:05:21,shipped,cod,8.4,15
3978,1961,2023-12-11 01:16:59,processing,paypal,5.85,0
3979,861,2023-02-01 18:57:25,processing,paypal,0.99,5
3980,753,2025-04-05 06:11:52,completed,upi,9.78,15
3981,313,2025-06-16 08:02:25,completed,wallet,4.78,10
3982,737,2025-05-09 12:01:45,processing,credit_card,21.71,5
3983,1927,2024-01-01 16:05:32,shipped,debit_card,7.11,0
3984,1600,2023-02-19 05:39:39,shipped,debit_card,16.04,5
3985,409,2023-01-12 08:02:32,completed,paypal,19.18,20
3986,326,2025-03-07 22:03:51,completed,paypal,13.58,5
3987,1640,2023-02-18 00:19:03,returned,cod,8.72,0
3988,1024,2024-05-12 22:50:02,completed,debit_card,12.78,0
3989,480,2023-11-17 14:43:07,completed,credit_card,13.0,5
3990,1751,2023-03-23 23:26:30,completed,upi,10.93,0
3991,1765,2023-04-26 23:40:13,shipped,credit_card,11.42,5
3992,391,2024-09-28 10:19:38,completed,debit_card,11.18,0
3993,1326,2024-10-11 14:43:35,completed,wallet,9.17,0
3994,1793,2023-11-18 18:27:04,completed,debit_card,10.05,5
3995,727,2025-06-09 10:20:28,cancelled,paypal,0.0,10
3996,527,2025-04-05 08:28:22,completed,credit_card,0.14,0
3997,229,2023-11-26 05:02:09,shipped,cod,7.59,0
3998,1912,2023-07-21 11:43:35,completed,upi,11.39,5
3999,611,2024-04-10 14:52:35,completed,wallet,1.13,5
4000,941,2023-12-16 00:34:19,completed,cod,22.0,15
4001,1462,2023-12-03 21:41:48,processing,cod,9.44,0
4002,36,2025-02-02 19:03:43,completed,cod,21.81,0
4003,1581,2025-03-31 17:42:36,completed,debit_card,9.34,0
4004,1873,2024-11-26 09:16:34,completed,credit_card,11.71,10
4005,1793,2024-02-24 06:01:19,completed,cod,13.32,5
4006,1990,2023-07-25 05:22:36,completed,debit_card,14.02,0
4007,683,2024-11-23 13:33:30,completed,debit_card,20.01,0
4008,324,2023-06-02 18:21:59,completed,wallet,11.68,5
4009,1385,2024-01-20 16:16:58,returned,debit_card,5.19,15
4010,383,2024-04-03 12:48:09,processing,credit_card,13.98,0
4011,1986,2024-06-19 01:07:35,completed,paypal,7.64,20
4012,1642,2023-12-17 04:47:53,processing,cod,12.18,0
4013,128,2024-03-31 14:46:25,completed,upi,5.95,20
4014,1853,2024-12-24 08:16:34,cancelled,credit_card,0.0,5
4015,252,2024-02-13 01:48:11,completed,credit_card,2.15,20
4016,148,2025-05-03 13:17:58,cancelled,cod,0.0,15
4017,776,2023-08-31 23:52:45,shipped,credit_card,11.32,20
4018,576,2025-02-01 04:12:14,completed,debit_card,0.1,0
4019,1384,2024-12-18 22:23:38,shipped,credit_card,2.82,15
4020,1635,2025-01-05 11:29:30,completed,upi,6.92,5
4021,461,2024-11-16 06:21:18,shipped,paypal,17.65,20
4022,1550,2023-12-26 23:01:56,returned,upi,19.94,10
4023,228,2024-08-13 20:33:51,shipped,cod,6.86,0
4024,1712,2023-07-02 16:41:11,shipped,debit_card,3.21,10
4025,1060,2023-07-17 10:02:06,completed,wallet,20.45,15
4026,2323,2023-04-14 05:54:05,completed,wallet,19.82,5
4027,304,2024-04-20 12:02:51,shipped,upi,20.85,15
4028,1864,2024-03-08 09:03:46,completed,upi,13.07,20
4029,571,2023-12-12 13:39:46,shipped,paypal,20.98,10
4030,587,2024-11-05 19:01:36,shipped,debit_card,11.31,15
4031,887,2024-08-28 18:42:41,shipped,debit_card,7.4,15
4032,838,2023-07-27 06:41:53,completed,upi,8.95,15
4033,1114,2023-08-28 00:23:48,returned,paypal,11.25,5
4034,911,2024-11-03 00:50:12,,debit_card,7.91,5
4035,654,2025-01-05 02:41:29,returned,debit_card,8.35,5
4036,545,2023-11-22 02:19:34,completed,cod,15.26,0
4037,1635,2025-05-24 14:20:19,completed,debit_card,14.36,20
4038,1334,2024-09-17 16:21:47,processing,upi,18.41,0
4039,1740,2023-12-25 00:56:26,shipped,wallet,8.23,0
4040,81,2025-04-14 20:34:35,completed,cod,17.39,0
4041,1614,2025-04-03 10:00:56,cancelled,paypal,0.0,5
4042,1135,2024-10-27 02:44:43,completed,wallet,17.07,20
4043,1637,2024-05-06 19:21:58,completed,cod,15.29,0
4044,615,2025-04-03 15:43:01,shipped,cod,10.54,0
4045,1452,2025-03-24 09:00:53,completed,cod,19.27,5
4046,746,2025-03-02 04:29:38,cancelled,cod,0.0,10
4047,933,2023-10-16 23:08:41,completed,upi,17.14,0
4048,1450,2024-02-16 06:45:47,shipped,wallet,10.7,0
4049,1944,2025-04-08 03:48:51,completed,upi,10.85,10
4050,1208,2025-06-05 03:48:57,completed,wallet,11.57,10
4051,203,2024-07-23 19:07:06,completed,cod,17.75,15
4052,671,2024-05-05 14:00:25,completed,wallet,5.71,0
4053,1033,2025-03-19 05:30:33,shipped,wallet,1.64,0
4054,101,2024-03-15 17:22:08,shipped,cod,2.98,15
4055,3,2023-08-30 10:24:24,completed,debit_card,21.67,10
4056,887,2025-03-07 20:21:38,completed,wallet,18.08,0
4057,1682,2024-04-13 23:12:43,completed,debit_card,3.47,0
4058,1330,2025-05-26 23:28:13,completed,wallet,4.17,20
4059,355,2024-03-16 03:44:36,processing,paypal,4.27,20
4060,2214,2025-01-11 03:28:53,returned,cod,11.47,5
4061,384,2025-05-30 11:23:54,completed,paypal,3.1,15
4062,1154,2023-12-13 01:28:48,completed,upi,4.02,0
4063,1365,2025-02-09 10:26:28,returned,wallet,3.77,0
4064,497,2025-04-05 08:31:48,completed,wallet,9.77,10
4065,1489,2023-02-03 02:05:22,completed,credit_card,7.97,10
4066,428,2025-01-15 01:52:16,completed,cod,8.81,20
4067,1618,2025-04-17 01:00:35,processing,credit_card,2.71,20
4068,554,2023-06-28 22:03:19,shipped,wallet,3.0,20
4069,980,2023-05-20 15:24:40,completed,credit_card,4.94,0
4070,779,2025-01-01 20:45:03,completed,cod,15.91,0
4071,1789,2023-04-30 17:03:57,completed,credit_card,3.54,20
4072,864,2023-01-15 03:54:58,shipped,credit_card,8.89,5
4073,548,2023-08-27 06:13:18,completed,cod,7.93,0
4074,1504,2024-03-21 10:33:26,processing,debit_card,10.67,20
4075,1837,2023-06-29 04:07:46,completed,debit_card,13.29,0
4076,1174,2024-07-28 01:05:54,completed,credit_card,8.88,20
4077,1926,2023-10-04 17:19:19,completed,wallet,0.43,10
4078,936,2025-06-17 04:48:00,completed,credit_card,7.36,0
4079,1165,2023-04-07 04:24:37,completed,wallet,1.34,0
4080,349,2023-11-03 22:29:31,cancelled,paypal,0.0,20
4081,1703,2024-01-22 00:38:33,completed,debit_card,8.43,10
4082,1577,2023-11-10 17:32:03,completed,wallet,20.37,5
4083,1315,2024-01-28 13:49:52,completed,cod,18.67,10
4084,1912,2023-12-18 17:12:08,shipped,upi,11.21,0
4085,863,2024-04-06 03:09:33,shipped,wallet,20.58,0
4086,598,2024-06-07 00:08:13,completed,credit_card,5.4,10
4087,1052,2023-04-01 08:53:35,shipped,paypal,5.11,10
4088,704,2025-05-05 00:41:56,completed,paypal,10.44,0
4089,139,2023-03-30 03:37:30,shipped,wallet,10.76,15
4090,487,2023-12-13 05:00:42,shipped,cod,13.71,20
4091,841,2023-01-12 15:40:41,completed,upi,11.22,0
4092,902,2023-09-22 07:43:53,cancelled,credit_card,0.0,15
4093,1097,2024-03-20 01:08:32,completed,wallet,8.85,10
4094,1016,2024-06-23 18:27:37,completed,cod,18.84,20
4095,70,2023-07-22 04:34:23,completed,paypal,21.52,0
4096,1141,2023-01-24 18:16:32,shipped,cod,7.18,0
4097,1289,2023-10-14 20:58:08,completed,upi,13.52,10
4098,210,2024-11-21 07:58:39,completed,paypal,20.07,0
4099,1443,2023-08-26 03:01:46,shipped,wallet,8.15,20
4100,1081,2024-09-04 07:02:46,completed,upi,17.97,15
4101,1235,2024-11-14 19:04:58,cancelled,debit_card,0.0,0
4102,1324,2024-03-12 07:10:40,completed,wallet,19.03,15
4103,518,2023-11-12 21:21:13,completed,credit_card,5.37,10
4104,555,2023-01-30 14:54:51,completed,cod,0.22,0
4105,801,2023-09-26 12:03:41,shipped,paypal,0.64,10
4106,1119,2024-10-08 22:39:13,shipped,cod,21.43,5
4107,669,2024-02-27 20:47:51,completed,upi,19.05,0
4108,856,2025-04-01 15:36:35,completed,cod,19.14,10
4109,600,2024-07-03 13:57:00,completed,credit_card,1.28,0
4110,920,2023-08-30 16:12:43,shipped,paypal,15.9,5
4111,1437,2024-03-13 07:56:26,completed,upi,7.57,5
4112,742,2023-10-08 13:14:20,completed,wallet,5.76,10
4113,401,2024-04-16 19:00:28,shipped,cod,21.31,20
4114,1884,2023-05-01 09:41:07,completed,credit_card,6.07,10
4115,1948,2024-09-26 22:15:23,processing,paypal,15.21,20
4116,1731,2023-02-15 01:14:09,completed,cod,5.03,20
4117,144,2023-03-04 07:26:09,completed,cod,18.34,0
4118,1862,2023-06-11 23:03:04,completed,paypal,14.66,15
4119,150,2023-03-31 04:17:00,shipped,credit_card,15.49,10
4120,442,2023-03-16 01:50:55,completed,debit_card,20.5,5
4121,216,2025-01-21 00:35:34,completed,paypal,15.2,5
4122,913,2024-10-24 04:50:37,returned,wallet,19.23,10
4123,1015,2025-05-16 16:50:40,cancelled,upi,0.0,15
4124,1320,2024-09-05 00:05:34,completed,upi,4.74,5
4125,219,2025-05-14 22:15:00,shipped,debit_card,1.63,0
4126,1970,2024-09-19 18:24:09,cancelled,debit_card,0.0,0
4127,401,2023-07-31 03:53:02,completed,upi,19.13,5
4128,1149,2024-02-06 19:28:51,completed,cod,5.67,15
4129,873,2024-04-20 14:29:58,completed,wallet,0.43,20
4130,876,2024-03-13 16:17:46,completed,cod,7.48,0
4131,1405,2023-09-04 19:19:19,completed,paypal,13.66,5
4132,853,2024-12-16 16:33:43,shipped,cod,10.93,5
4133,764,2024-10-23 18:57:57,shipped,debit_card,18.54,5
4134,1580,2023-02-12 09:38:48,completed,cod,17.33,0
4135,981,2023-03-18 09:21:08,completed,wallet,2.31,0
4136,1264,2024-11-23 17:52:59,completed,cod,10.47,0
4137,55,2023-02-05 10:24:43,completed,cod,21.0,15
4138,951,2025-06-15 19:21:34,completed,paypal,10.42,0
4139,1704,2024-01-08 04:17:08,cancelled,debit_card,0.0,0
4140,1809,2023-03-30 23:19:56,completed,credit_card,8.37,20
4141,1652,2024-12-17 06:09:30,completed,paypal,11.23,0
4142,457,2023-07-03 18:22:18,processing,debit_card,12.52,0
4143,742,2023-05-30 23:17:37,completed,cod,7.86,10
4144,1148,2023-03-24 11:28:10,completed,debit_card,2.54,0
4145,262,2023-05-22 02:14:45,completed,upi,18.7,10
4146,860,2024-07-20 19:45:31,processing,upi,0.63,0
4147,22,2025-04-28 00:48:20,completed,debit_card,11.76,0
4148,614,2024-09-10 11:33:08,shipped,debit_card,11.43,5
4149,1216,2025-03-28 08:59:41,completed,upi,16.48,10
4150,1645,2025-04-25 18:27:14,shipped,paypal,0.06,5
4151,1089,2026-11-11 00:00:00,returned,cod,12.47,10
4152,1148,2025-04-10 00:32:00,processing,wallet,20.24,20
4153,1230,2024-06-19 22:29:04,completed,debit_card,1.32,10
4154,225,2023-02-09 09:36:25,completed,debit_card,9.54,15
4155,1079,2023-03-14 05:14:42,shipped,cod,15.08,0
4156,497,2025-04-26 14:58:33,shipped,debit_card,5.62,15
4157,2157,2023-09-19 21:03:43,completed,upi,12.46,0
4158,1960,2025-02-18 11:55:07,completed,wallet,0.89,0
4159,403,2023-10-10 02:14:40,completed,debit_card,15.02,20
4160,1596,2023-06-02 20:42:56,completed,paypal,21.73,0
4161,1658,2024-05-08 11:55:57,completed,credit_card,13.02,10
4162,611,2024-02-26 03:15:27,shipped,upi,13.81,10
4163,724,2024-09-30 06:57:10,completed,wallet,13.76,0
4164,1190,2024-07-28 11:06:30,completed,wallet,12.69,20
4165,1169,2023-05-20 21:41:18,cancelled,cod,0.0,0
4166,1933,2024-03-15 22:11:49,shipped,credit_card,9.61,15
4167,1557,2023-03-09 02:57:56,completed,upi,13.5,0
4168,227,2024-11-15 23:44:03,completed,cod,18.42,0
4169,1198,2023-05-13 10:28:05,shipped,debit_card,5.13,20
4170,246,2023-11-24 11:31:08,cancelled,upi,0.0,15
4171,1679,2025-02-05 16:36:07,completed,credit_card,10.62,0
4172,180,2023-05-04 08:25:14,cancelled,debit_card,0.0,0
4173,637,2024-10-28 22:42:40,returned,credit_card,9.78,15
4174,1176,2024-06-05 01:47:26,returned,paypal,2.1,20
4175,1986,2024-07-26 21:19:39,shipped,credit_card,4.91,15
4176,1576,2023-05-08 16:01:35,completed,cod,7.88,0
4177,2102,2024-08-25 15:48:58,completed,credit_card,20.09,5
4178,640,2025-05-08 01:47:56,cancelled,wallet,0.0,0
4179,1799,2023-07-02 07:08:58,completed,upi,19.86,10
4180,1954,2024-09-03 07:12:54,returned,paypal,6.97,0
4181,375,2024-07-18 23:27:54,completed,debit_card,16.44,5
4182,204,2023-10-03 21:00:53,completed,credit_card,6.02,0
4183,775,2024-09-09 06:04:21,processing,wallet,7.77,0
4184,145,2025-06-23 06:39:59,completed,debit_card,12.74,10
4185,526,2023-09-06 12:22:45,processing,credit_card,1.33,10
4186,1734,2023-09-20 19:22:59,completed,paypal,8.05,15
4187,90,2024-08-27 04:07:07,processing,paypal,2.56,0
4188,886,2024-06-01 10:02:25,cancelled,upi,0.0,15
4189,1227,2023-02-27 13:25:27,completed,cod,6.04,0
4190,1121,2024-04-25 08:37:18,completed,cod,15.93,15
4191,537,2023-02-28 05:15:52,completed,wallet,15.91,5
4192,464,2024-07-26 15:00:01,completed,paypal,9.73,20
4193,1639,2025-02-16 00:47:31,completed,upi,3.92,15
4194,1337,2023-12-28 16:30:14,completed,debit_card,11.46,0
4195,1921,2023-11-11 05:55:14,completed,debit_card,12.74,0
4196,313,2023-03-21 08:05:27,completed,upi,7.66,20
4197,1106,2023-08-08 00:11:11,completed,upi,15.71,15
4198,745,2024-07-31 15:17:14,completed,paypal,11.37,5
4199,2243,2024-02-23 06:47:38,processing,credit_card,2.33,0
4200,397,2023-10-23 12:08:21,completed,upi,1.58,0
4201,1360,2025-03-15 16:07:22,completed,wallet,6.43,0
4202,310,2023-11-03 10:11:05,completed,paypal,1.98,0
4203,1943,2024-07-12 10:20:21,completed,paypal,3.62,20
4204,1276,2024-10-16 13:54:27,completed,debit_card,11.42,15
4205,733,2023-07-19 07:25:43,completed,credit_card,9.51,5
4206,181,2023-02-01 13:17:14,completed,wallet,18.35,10
4207,895,2024-02-04 16:12:16,cancelled,paypal,0.0,5
4208,237,2025-06-18 21:00:49,completed,cod,7.61,15
4209,1961,2023-10-21 20:32:27,completed,cod,14.42,0
4210,351,2025-02-06 04:53:57,completed,wallet,4.44,15
4211,1310,2024-03-19 07:19:04,completed,upi,16.05,5
4212,1829,2025-04-16 11:41:07,shipped,cod,13.75,15
4213,53,2025-01-07 15:27:25,shipped,cod,17.67,0
4214,856,2023-03-19 17:36:34,shipped,wallet,15.75,15
4215,1449,2025-06-24 12:47:06,completed,wallet,14.05,0
4216,548,2024-04-20 17:18:49,completed,cod,8.02,20
4217,257,2024-05-02 16:59:02,completed,cod,16.19,20
4218,1784,2024-10-05 08:22:05,completed,cod,15.83,10
4219,643,2023-03-04 13:26:20,processing,wallet,18.32,20
4220,991,2024-01-10 01:44:26,shipped,debit_card,4.08,0
4221,445,2024-03-18 00:20:48,completed,wallet,8.86,10
4222,1482,2023-12-26 10:11:38,cancelled,credit_card,0.0,20
4223,1802,2023-10-03 09:59:05,completed,upi,4.94,20
4224,251,2023-03-09 14:40:34,cancelled,wallet,0.0,15
4225,616,2023-11-23 15:38:54,completed,paypal,7.9,0
4226,769,2024-04-17 20:17:05,completed,paypal,0.53,0
4227,1152,2025-03-10 16:02:08,completed,upi,16.63,0
4228,328,2024-09-15 09:24:08,cancelled,debit_card,0.0,10
4229,1511,2025-04-25 08:50:08,shipped,upi,5.81,0
4230,494,2023-02-06 15:48:12,shipped,cod,6.49,5
4231,881,2023-01-25 08:23:58,completed,paypal,14.84,0
4232,574,2023-11-28 20:47:53,completed,debit_card,7.65,15
4233,1902,2023-06-09 09:08:59,completed,wallet,12.64,20
4234,243,2024-09-11 11:06:14,processing,cod,5.24,15
4235,1376,2025-02-19 10:55:41,completed,upi,13.27,15
4236,1356,2023-04-02 07:02:19,completed,credit_card,5.05,0
4237,1237,2025-02-20 10:05:44,completed,paypal,14.3,10
4238,1639,2024-10-11 04:25:10,shipped,wallet,14.95,20
4239,1164,2024-02-21 12:02:38,cancelled,upi,0.0,0
4240,1592,2024-10-16 05:57:54,completed,debit_card,7.7,15
4241,1286,2023-01-26 14:02:03,returned,cod,15.0,15
4242,65,2023-05-07 12:57:50,completed,credit_card,17.27,0
4243,559,2024-12-27 02:28:10,shipped,cod,10.96,5
4244,1619,2023-01-10 13:27:57,shipped,wallet,12.1,0
4245,1037,2023-09-08 03:34:06,completed,debit_card,4.7,0
4246,1175,2025-01-13 03:07:23,shipped,wallet,16.76,10
4247,1914,2023-12-09 23:29:08,returned,upi,10.24,0
4248,621,2024-10-04 14:45:13,completed,wallet,11.06,15
4249,763,2025-03-28 17:01:48,completed,debit_card,6.71,0
4250,98,2024-08-27 11:55:28,shipped,upi,20.29,0
4251,865,2023-06-22 07:11:53,completed,cod,4.36,10
4252,758,2025-04-18 00:35:54,shipped,paypal,3.77,5
4253,1895,2025-04-14 14:19:46,cancelled,debit_card,0.0,10
4254,1310,2023-04-22 19:48:13,completed,credit_card,13.3,5
4255,1123,2023-03-17 20:48:05,completed,wallet,10.27,5
4256,1515,2023-02-02 09:49:04,completed,wallet,11.36,5
4257,729,2023-10-04 23:52:47,shippd,paypal,20.02,5
4258,1041,2024-04-17 05:07:21,processing,paypal,16.38,0
4259,517,2023-04-27 08:51:18,completed,cod,17.67,20
4260,566,2023-04-05 22:57:15,completed,paypal,11.57,0
4261,1663,2023-11-27 02:47:37,completed,wallet,10.01,20
4262,2469,2023-08-28 03:20:28,completed,paypal,7.38,0
4263,478,2023-06-03 14:58:00,completed,wallet,7.42,20
4264,1139,2024-12-24 02:20:37,cancelled,cod,0.0,0
4265,1293,2025-04-23 23:26:22,completed,paypal,17.55,10
4266,452,2024-09-04 09:59:55,completed,cod,5.98,10
4267,1601,2023-08-22 10:45:07,completed,paypal,6.98,5
4268,106,2023-08-09 08:35:45,completed,debit_card,0.39,0
4269,334,2023-06-07 09:11:53,shipped,paypal,2.09,5
4270,17,2024-12-23 19:22:23,returned,upi,11.47,0
4271,139,2025-03-22 10:30:45,processing,credit_card,18.58,0
4272,1079,2024-10-11 06:49:54,shipped,paypal,12.61,0
4273,681,2023-06-10 09:50:16,shipped,cod,11.68,15
4274,1772,2023-08-18 09:58:11,completed,paypal,6.44,0
4275,371,2024-02-08 14:31:18,completed,cod,11.61,0
4276,1172,2024-01-15 17:49:38,completed,debit_card,9.83,0
4277,798,2024-05-01 20:19:44,completed,credit_card,9.48,20
4278,1859,2024-11-11 12:44:13,returned,upi,0.91,10
4279,815,2024-02-11 18:15:27,completed,cod,19.11,15
4280,1342,2023-12-06 11:12:44,completed,wallet,21.42,10
4281,53,2023-01-05 17:24:56,completed,debit_card,13.22,0
4282,1749,2024-10-21 15:50:04,cancelled,cod,0.0,0
4283,744,2025-06-05 02:29:43,completed,paypal,8.52,20
4284,11,2023-08-18 02:41:20,completed,cod,16.77,20
4285,233,2026-11-24 00:00:00,completed,wallet,17.61,15
4286,1005,2023-10-15 01:04:21,cancelled,paypal,0.0,0
4287,1224,2024-05-31 16:29:40,processing,wallet,9.92,0
4288,1797,2024-08-23 01:26:30,completed,cod,10.35,0
4289,131,2023-06-07 18:33:45,completed,credit_card,15.62,0
4290,1538,2025-01-11 08:21:43,returned,debit_card,7.64,0
4291,866,2024-10-23 14:35:55,completed,upi,0.77,5
4292,1975,2023-07-14 05:44:38,returned,upi,15.63,10
4293,1933,2023-01-07 14:02:10,completed,cod,19.12,15
4294,428,2023-04-20 07:51:43,completed,credit_card,2.27,20
4295,512,2024-05-31 19:32:50,completed,wallet,11.15,5
4296,1197,2023-10-18 15:26:19,completed,upi,18.94,0
4297,1598,2023-07-10 23:13:33,completed,wallet,6.18,20
4298,1930,2025-04-04 14:57:39,completed,paypal,15.25,0
4299,361,2024-05-25 04:11:27,completed,paypal,13.8,0
4300,68,2025-02-28 01:30:36,processing,upi,12.92,0
4301,1914,2023-12-25 20:57:48,returned,debit_card,4.81,10
4302,1277,2024-02-12 07:04:55,shipped,credit_card,17.47,0
4303,1096,2024-08-25 19:57:17,completed,upi,17.19,15
4304,329,2025-01-23 20:01:43,completed,debit_card,14.22,0
4305,355,2023-09-02 22:06:42,cancelled,upi,0.0,15
4306,508,2023-10-28 21:02:19,cancelled,paypal,0.0,0
4307,518,2024-01-17 12:17:10,completed,credit_card,8.9,0
4308,465,2023-02-12 13:34:08,cancelled,paypal,0.0,5
4309,1597,2025-05-16 15:02:34,processing,credit_card,0.38,5
4310,1748,2023-12-20 13:56:16,completed,credit_card,11.96,10
4311,9,2025-02-09 01:37:43,completed,upi,14.64,20
4312,260,2023-11-24 21:38:15,cancelled,credit_card,0.0,5
4313,675,2024-12-24 21:07:32,completed,credit_card,7.82,5
4314,1397,2023-02-11 20:34:18,completed,debit_card,21.5,15
4315,1298,2023-01-24 13:11:23,completed,debit_card,6.02,20
4316,1571,2024-09-30 10:31:59,completed,cod,6.17,0
4317,188,2024-07-08 00:02:05,returned,paypal,5.06,15
4318,782,2024-07-22 12:28:49,completed,upi,7.47,15
4319,291,2025-03-10 18:15:13,shipped,cod,15.54,20
4320,64,2023-03-18 00:12:59,completed,paypal,10.65,0
4321,1939,2023-04-14 21:39:26,shipped,debit_card,7.73,10
4322,394,2023-06-01 07:31:55,completed,debit_card,14.03,0
4323,1445,2023-08-26 07:40:41,completed,credit_card,15.59,10
4324,1583,2024-02-27 07:03:19,shipped,debit_card,0.24,20
4325,393,2025-04-13 12:02:22,completed,upi,1.91,0
4326,853,2023-04-23 00:38:12,completed,wallet,17.05,20
4327,1499,2025-04-08 00:19:39,completed,upi,16.91,0
4328,1035,2024-03-25 05:45:16,completed,debit_card,20.91,0
4329,1468,2024-03-11 04:26:42,completed,cod,5.05,10
4330,1741,2025-05-27 18:25:26,completed,wallet,0.84,0
4331,913,2023-10-14 21:11:15,shipped,debit_card,18.49,20
4332,1948,2024-11-13 10:20:20,cancelled,cod,0.0,5
4333,287,2023-02-16 07:54:18,shipped,cod,21.12,10
4334,1702,2023-01-14 21:00:31,completed,debit_card,3.92,10
4335,1640,2024-10-28 02:27:48,cancelled,cod,0.0,10
4336,1362,2024-06-20 05:47:33,shipped,credit_card,13.68,0
4337,352,2024-10-18 05:27:29,returned,cod,11.45,0
4338,1777,2023-10-30 09:14:19,shipped,paypal,5.42,0
4339,923,2024-03-29 07:46:21,completed,credit_card,6.28,5
4340,304,2025-02-21 08:42:23,completed,paypal,13.69,10
4341,860,2025-02-17 09:55:54,completed,cod,18.11,0
4342,766,2024-06-03 04:56:33,completed,wallet,0.27,15
4343,612,2024-03-03 23:41:36,cancelled,cod,0.0,0
4344,292,2024-09-27 03:41:18,cancelled,credit_card,0.0,5
4345,829,2023-11-07 12:38:00,completed,cod,9.14,20
4346,74,2025-03-04 19:38:13,shipped,credit_card,3.38,5
4347,875,2025-04-07 05:06:20,shipped,wallet,21.46,0
4348,847,2024-06-28 11:20:01,completed,upi,12.52,0
4349,462,2023-09-22 17:32:56,completed,credit_card,17.45,15
4350,602,2025-05-28 06:39:45,cancelled,paypal,0.0,0
4351,1777,2023-12-04 00:22:27,shipped,wallet,17.55,5
4352,179,2023-02-01 08:15:26,completed,cod,4.71,0
4353,1206,2024-03-01 13:02:05,shipped,cod,18.21,15
4354,1768,2023-04-06 11:05:29,completed,credit_card,20.15,0
4355,1621,2024-03-25 01:33:59,completed,upi,2.62,0
4356,877,2025-01-10 10:12:16,completed,credit_card,5.15,5
4357,141,2023-09-13 20:52:28,completed,wallet,9.14,10
4358,785,2023-02-27 18:03:28,completed,upi,17.34,0
4359,1318,2023-01-27 23:22:49,completed,paypal,18.86,10
4360,1677,2023-06-15 10:25:57,shipped,upi,8.28,0
4361,87,2024-12-24 23:02:08,completed,upi,6.71,15
4362,1623,2024-09-12 11:12:44,completed,upi,20.31,0
4363,1840,2023-09-18 20:26:40,shipped,wallet,21.75,0
4364,1494,2025-05-06 08:11:58,shipped,upi,7.71,15
4365,1200,2024-06-28 12:06:32,completed,credit_card,17.53,0
4366,1918,2024-10-21 11:57:33,completed,upi,18.62,0
4367,416,2023-04-09 04:59:40,shipped,upi,5.58,10
4368,2110,2023-02-15 14:07:05,processing,credit_card,4.21,20
4369,1935,2024-09-10 15:41:07,completed,paypal,2.23,5
4370,1064,2024-08-19 15:42:54,completed,cod,1.08,0
4371,1519,2025-03-16 17:49:07,cancelled,credit_card,0.0,15
4372,1635,2023-01-29 01:05:57,shipped,credit_card,13.89,5
4373,593,2024-01-18 23:25:08,processing,upi,21.94,10
4374,207,2024-05-22 18:04:18,completed,paypal,18.55,10
4375,1171,2024-05-27 05:56:09,completed,debit_card,20.51,15
4376,1716,2025-05-11 08:15:15,cancelled,debit_card,0.0,20
4377,1454,2023-10-23 08:27:14,shipped,wallet,20.0,10
4378,1926,2024-03-09 12:51:03,completed,upi,1.66,10
4379,825,2023-12-20 05:56:24,completed,paypal,1.65,10
4380,1424,2023-10-19 19:57:47,shipped,paypal,20.47,10
4381,1221,2024-11-18 12:36:58,completed,paypal,1.43,20
4382,1115,2024-03-10 23:47:49,completed,wallet,17.79,20
4383,640,2024-07-07 14:22:44,completed,debit_card,3.16,0
4384,953,2025-03-04 06:10:57,shipped,credit_card,7.76,10
4385,427,2023-10-08 21:22:38,completed,cod,16.54,5
4386,1304,2024-04-20 14:16:48,completed,cod,15.09,15
4387,1849,2023-03-03 08:05:12,completed,cod,1.14,20
4388,2397,2024-12-20 00:19:16,completed,cod,5.34,0
4389,903,2025-04-07 03:51:47,processing,cod,5.42,0
4390,1768,2023-05-17 00:47:33,processing,upi,8.82,20
4391,562,2024-03-02 01:07:43,processing,upi,11.96,10
4392,1388,2023-07-28 06:58:09,completed,upi,7.92,10
4393,957,2023-05-14 01:43:10,completed,paypal,13.08,0
4394,1993,2024-01-12 06:22:21,shipped,wallet,12.98,5
4395,920,2024-10-14 16:16:16,completed,upi,7.35,5
4396,1827,2025-05-10 13:16:02,completed,upi,11.32,0
4397,1995,2023-09-29 17:23:25,completed,debit_card,9.65,10
4398,945,2023-04-06 05:29:20,completed,credit_card,19.63,5
4399,1390,2023-10-27 14:33:22,completed,paypal,3.44,5
4400,889,2023-12-14 07:54:17,completed,cod,15.37,0
4401,557,2023-09-17 04:26:52,cancelled,cod,0.0,20
4402,1118,2023-05-09 12:56:15,cancelled,upi,0.0,0
4403,1333,2025-02-09 20:16:45,completed,debit_card,16.2,0
4404,491,2026-12-01 00:00:00,completed,credit_card,16.47,20
4405,1516,2023-11-25 02:23:39,completed,cod,14.96,20
4406,61,2024-11-04 06:46:59,processing,debit_card,14.34,20
4407,351,2024-10-16 19:43:01,completed,wallet,21.49,10
4408,1472,2024-09-12 12:31:17,completed,debit_card,7.29,20
4409,436,2025-03-30 09:51:11,completed,wallet,9.2,10
4410,505,2023-12-20 11:29:17,shipped,paypal,20.2,20
4411,729,2023-12-19 14:00:34,completed,cod,18.78,0
4412,1919,2025-04-11 15:41:14,completed,credit_card,6.72,0
4413,839,2025-02-21 19:42:23,shipped,upi,8.27,0
4414,1466,2025-05-28 03:28:19,shipped,cod,10.75,0
4415,1118,2023-08-24 22:46:51,completed,wallet,18.14,5
4416,508,2024-01-14 21:59:17,shipped,credit_card,21.76,15
4417,215,2025-02-21 02:16:24,completed,upi,5.25,20
4418,2312,2024-12-29 15:26:31,completed,debit_card,6.41,15
4419,547,2023-04-30 12:50:50,cancelled,credit_card,0.0,5
4420,1234,2024-08-08 19:26:29,completed,credit_card,12.57,15
4421,400,2025-01-03 15:24:08,shipped,cod,16.68,15
4422,861,2023-11-26 11:16:33,processing,debit_card,19.64,20
4423,1799,2025-03-04 04:53:09,returned,cod,16.39,20
4424,52,2024-07-13 12:04:13,returned,upi,10.56,20
4425,1208,2025-03-28 10:05:37,shipped,debit_card,3.86,0
4426,1453,2025-01-23 16:02:16,completed,credit_card,15.03,0
4427,1663,2023-11-21 05:48:46,completed,paypal,15.99,0
4428,339,2024-04-26 09:40:22,shipped,cod,14.77,5
4429,1065,2025-05-17 04:01:29,completed,paypal,12.04,15
4430,1057,2023-04-15 10:21:47,completed,credit_card,7.0,15
4431,1515,2023-11-19 15:15:36,completed,debit_card,13.51,20
4432,1009,2024-11-28 05:00:34,completed,wallet,19.9,5
4433,995,2024-04-17 19:54:28,completed,debit_card,6.69,5
4434,410,2023-06-15 22:20:57,completed,debit_card,18.45,10
4435,784,2023-08-16 19:34:19,completed,wallet,0.62,5
4436,309,2025-01-30 20:18:07,completed,wallet,13.09,5
4437,1966,2024-04-21 11:14:11,completed,credit_card,19.46,0
4438,1595,2023-08-31 00:11:38,shipped,paypal,6.49,0
4439,319,2024-08-17 12:57:42,returned,debit_card,10.42,0
4440,1304,2023-08-01 11:47:27,completed,cod,13.08,10
4441,1460,2024-03-30 23:18:47,completed,wallet,0.45,0
4442,821,2024-06-24 18:34:30,completed,debit_card,11.45,10
4443,515,2024-07-07 03:22:01,completed,debit_card,7.04,0
4444,1415,2023-03-23 12:03:11,shipped,debit_card,7.5,5
4445,271,2023-11-23 22:23:47,completed,credit_card,0.06,15
4446,1722,2023-12-23 07:13:43,shipped,wallet,7.18,0
4447,175,2024-07-17 00:45:23,shipped,paypal,2.25,10
4448,238,2023-01-17 14:28:40,shipped,debit_card,2.72,10
4449,1132,2025-06-10 07:15:55,shipped,cod,1.33,0
4450,1044,2023-01-17 11:50:19,completed,upi,4.89,0
4451,315,2025-03-20 09:33:56,cancelled,wallet,0.0,0
4452,1347,2023-06-07 16:56:46,completed,paypal,13.08,0
4453,404,2023-12-12 20:14:48,shipped,upi,3.05,20
4454,888,2025-01-23 20:52:21,completed,debit_card,19.39,0
4455,1481,2023-09-18 11:09:02,completed,upi,2.43,0
4456,408,2023-03-07 11:05:20,completed,wallet,15.37,5
4457,1531,2023-05-29 18:07:42,cancelled,paypal,0.0,20
4458,716,2023-08-06 11:42:44,cancelled,debit_card,0.0,0
4459,652,2024-08-21 09:22:53,completed,cod,6.13,20
4460,1471,2024-06-16 19:09:34,completed,cod,1.56,10
4461,348,2024-09-20 17:19:15,processing,paypal,3.98,15
4462,1436,2024-09-30 01:34:43,completed,credit_card,3.83,15
4463,1971,2025-02-20 00:54:32,completed,cod,14.86,15
4464,649,2024-12-01 10:36:16,shipped,wallet,1.8,0
4465,443,2023-02-09 08:15:01,processing,debit_card,3.58,5
4466,711,2024-06-10 23:54:03,completed,paypal,4.16,0
4467,1704,2024-07-12 09:00:50,completed,credit_card,17.72,20
4468,264,2023-05-08 03:29:54,completed,wallet,13.35,0
4469,1664,2023-06-09 15:24:56,completed,upi,0.88,0
4470,163,2024-09-12 12:05:17,cancelled,wallet,0.0,5
4471,931,2024-10-10 14:32:41,completed,credit_card,17.56,15
4472,1602,2024-12-31 15:20:47,completed,paypal,17.98,0
4473,1653,2024-05-11 00:43:42,completed,upi,2.84,15
4474,313,2024-07-15 12:22:25,shipped,paypal,21.85,20
4475,169,2023-12-26 20:10:34,completed,cod,13.33,10
4476,1801,2024-10-17 19:14:17,processing,credit_card,11.3,20
4477,900,2023-10-25 17:49:09,completed,paypal,16.48,0
4478,219,2024-11-02 12:00:49,completed,cod,4.31,15
4479,450,2023-11-18 03:41:25,completed,cod,5.52,0
4480,660,2024-06-22 19:34:44,completed,debit_card,15.61,0
4481,449,2025-04-27 01:00:32,processing,wallet,2.6,10
4482,759,2023-07-01 15:37:01,shipped,debit_card,1.86,15
4483,1034,2024-07-10 23:53:05,,cod,14.01,5
4484,271,2025-03-03 09:21:13,cancelled,wallet,0.0,5
4485,837,2023-05-11 21:19:53,cancelled,cod,0.0,15
4486,219,2024-03-06 23:36:11,shipped,wallet,9.6,20
4487,935,2026-12-08 00:00:00,returned,upi,6.96,20
4488,1682,2023-10-16 23:59:34,completed,wallet,20.87,10
4489,225,2023-12-17 17:19:47,completed,paypal,8.43,15
4490,1351,2024-08-04 03:27:16,completed,wallet,13.98,0
4491,1361,2023-05-16 05:34:21,processing,cod,19.41,10
4492,2000,2023-11-29 12:58:55,completed,cod,3.36,0
4493,696,2023-08-23 00:28:10,completed,cod,20.72,20
4494,2469,2023-10-20 19:56:16,completed,credit_card,1.81,0
4495,1914,2024-10-19 20:39:36,returned,wallet,19.59,0
4496,14,2023-10-09 16:22:28,completed,wallet,0.03,5
4497,236,2023-10-17 03:41:19,completed,paypal,16.11,5
4498,355,2024-01-24 21:02:39,completed,paypal,16.36,10
4499,1695,2023-11-05 14:28:47,completed,debit_card,10.26,0
4500,1936,2023-01-24 05:06:54,returned,wallet,1.78,0
4501,1349,2024-10-02 09:51:29,processing,paypal,1.09,0
4502,1589,2024-07-30 15:03:41,shipped,upi,3.91,5
4503,681,2023-05-14 08:30:23,shipped,paypal,15.36,0
4504,1979,2023-03-07 09:53:03,completed,wallet,1.76,5
4505,157,2023-01-18 03:56:43,shipped,debit_card,14.65,10
4506,84,2024-12-16 05:18:49,shipped,credit_card,18.12,15
4507,1937,2025-04-16 20:53:15,completed,wallet,8.98,0
4508,1985,2023-03-26 09:51:23,shipped,paypal,1.16,0
4509,267,2023-08-17 04:07:12,cancelled,wallet,0.0,0
4510,285,2024-09-14 16:25:18,completed,paypal,8.67,5
4511,1023,2025-05-16 07:40:54,returned,paypal,7.8,5
4512,1510,2024-01-06 08:42:30,completed,wallet,2.05,0
4513,1351,2023-09-18 22:44:12,shipped,credit_card,10.53,10
4514,791,2023-09-12 12:07:03,completed,upi,13.39,5
4515,611,2023-09-26 19:46:57,completed,paypal,19.34,5
4516,1223,2024-08-28 15:33:18,completed,debit_card,4.57,15
4517,1287,2023-10-20 07:15:47,processing,credit_card,0.13,0
4518,1261,2023-10-22 04:28:09,completed,debit_card,9.58,0
4519,1379,2026-11-27 00:00:00,returned,wallet,1.68,5
4520,604,2025-04-25 20:15:44,completed,paypal,5.94,0
4521,190,2023-01-28 05:04:24,completed,credit_card,16.12,20
4522,1098,2025-01-28 09:40:35,shipped,debit_card,11.3,0
4523,1885,2023-11-05 14:07:37,completed,paypal,6.57,5
4524,1051,2024-04-29 17:26:56,shipped,credit_card,19.5,0
4525,1521,2024-07-20 17:27:00,cancelled,paypal,0.0,15
4526,1269,2023-10-09 01:31:58,completed,debit_card,2.32,5
4527,1976,2023-06-13 14:33:42,shipped,paypal,16.19,10
4528,1131,2023-06-13 20:40:30,processing,cod,11.4,0
4529,773,2025-05-30 18:46:52,completed,debit_card,16.09,0
4530,365,2024-07-17 18:28:58,completed,paypal,20.53,5
4531,1509,2024-04-15 00:46:21,completed,wallet,4.94,10
4532,164,2025-05-20 13:54:09,shipped,upi,21.67,0
4533,405,2025-02-22 21:57:14,completed,wallet,6.97,0
4534,1984,2024-02-06 00:54:14,completed,wallet,13.87,5
4535,1062,2024-08-04 21:52:03,shipped,paypal,10.02,15
4536,1406,2023-07-20 14:46:08,completed,paypal,4.64,0
4537,1196,2024-06-12 04:51:57,cancelled,cod,0.0,5
4538,343,2023-09-17 04:22:07,completed,upi,15.7,5
4539,1409,2024-04-16 08:04:36,cancelled,credit_card,0.0,5
4540,834,2024-08-21 20:16:34,completed,cod,20.28,0
4541,1951,2025-02-15 02:50:24,completed,paypal,2.61,0
4542,1219,2023-08-03 18:03:07,completed,wallet,7.62,10
4543,1632,2023-11-02 13:39:33,completed,paypal,12.9,15
4544,1246,2024-05-27 06:06:04,completed,paypal,4.07,0
4545,603,2026-11-12 00:00:00,completed,credit_card,6.39,0
4546,1133,2026-11-30 00:00:00,processing,debit_card,6.57,0
4547,122,2023-02-23 08:13:06,completed,debit_card,19.32,5
4548,1384,2025-05-20 17:40:49,shipped,credit_card,21.51,0
4549,1647,2023-11-04 11:55:02,shipped,debit_card,11.64,20
4550,585,2023-02-18 12:55:56,completed,wallet,18.67,10
4551,470,2024-06-26 21:50:24,shipped,upi,3.24,20
4552,1873,2025-06-16 15:15:03,completed,cod,12.37,5
4553,1170,2025-01-16 04:24:33,completed,credit_card,8.8,10
4554,1928,2025-06-10 07:45:12,completed,wallet,11.54,0
4555,1200,2024-12-16 13:02:18,completed,debit_card,8.5,20
4556,459,2024-10-06 23:54:39,completed,debit_card,19.9,10
4557,1172,2025-01-18 15:25:50,cancelled,upi,0.0,10
4558,314,2023-09-18 13:22:12,completed,cod,9.93,0
4559,110,2023-11-09 00:43:12,completed,paypal,16.79,5
4560,269,2023-04-07 10:46:58,shipped,upi,2.35,0
4561,1170,2023-04-10 13:13:03,completed,wallet,2.65,0
4562,62,2023-01-03 19:47:21,shipped,wallet,3.45,20
4563,472,2023-12-22 04:23:06,completed,debit_card,17.34,10
4564,209,2025-02-06 21:00:25,shipped,debit_card,4.84,0
4565,1452,2024-08-03 00:41:48,completed,wallet,17.34,0
4566,996,2023-02-13 23:30:33,completed,upi,0.87,5
4567,1689,2023-03-10 23:23:20,completed,cod,6.47,0
4568,148,2024-04-05 01:11:50,completed,credit_card,5.94,0
4569,665,2023-03-26 00:56:54,shipped,wallet,15.19,0
4570,1642,2025-04-25 21:54:23,completed,upi,3.52,10
4571,525,2023-06-13 04:06:43,shipped,upi,1.57,15
4572,1782,2025-01-19 20:26:09,completed,cod,18.18,0
4573,1164,2024-03-20 05:00:06,completed,credit_card,9.85,20
4574,826,2024-03-30 09:43:12,completed,credit_card,21.51,10
4575,1499,2024-11-17 04:59:17,completed,debit_card,18.09,0
4576,418,2024-12-10 22:31:06,shipped,cod,9.49,0
4577,201,2024-02-04 06:51:41,processing,wallet,10.8,0
4578,297,2025-03-24 14:02:25,completed,debit_card,11.63,20
4579,1305,2023-01-15 17:07:25,shipped,paypal,15.59,20
4580,1699,2024-02-03 19:30:50,completed,credit_card,19.89,0
4581,1624,2023-02-27 13:30:49,cancelled,paypal,0.0,10
4582,828,2024-01-07 00:19:24,completed,paypal,8.03,20
4583,1839,2023-12-26 13:07:47,shipped,credit_card,12.6,15
4584,1189,2023-06-26 18:38:12,unknown,paypal,9.58,10
4585,1820,2023-06-14 19:52:46,completed,wallet,9.62,0
4586,69,2024-01-31 15:01:26,completed,debit_card,18.96,20
4587,131,2024-03-31 09:01:50,shipped,paypal,7.47,5
4588,1652,2023-07-10 03:46:47,shipped,credit_card,8.82,0
4589,1432,2023-04-01 22:16:45,shipped,debit_card,15.72,10
4590,1861,2024-03-25 03:15:00,shipped,paypal,15.83,0
4591,1980,2023-10-23 00:13:39,completed,credit_card,16.36,15
4592,1941,2023-03-12 10:14:24,cancelled,cod,0.0,20
4593,839,2024-09-07 15:25:54,completed,cod,0.21,0
4594,1388,2024-04-26 11:10:47,completed,wallet,18.73,0
4595,887,2024-09-14 10:42:52,completed,cod,13.99,5
4596,1619,2025-05-31 03:05:39,cancelled,upi,0.0,10
4597,1033,2025-03-27 18:51:32,completed,wallet,18.66,0
4598,1176,2024-02-17 07:40:21,returned,paypal,1.36,5
4599,487,2024-07-11 14:26:54,processing,wallet,0.91,0
4600,484,2024-12-25 20:56:22,shipped,credit_card,21.73,15
4601,1712,2023-02-08 19:43:44,completed,paypal,14.61,5
4602,1698,2024-11-30 18:33:01,completed,wallet,2.44,15
4603,1163,2024-12-26 09:50:52,shipped,debit_card,15.78,10
4604,952,2024-03-07 15:55:34,completed,debit_card,5.0,0
4605,617,2023-03-06 20:18:20,completed,cod,3.05,0
4606,1849,2023-04-30 03:15:58,completed,wallet,4.08,5
4607,1428,2023-06-20 23:21:30,shipped,wallet,0.94,0
4608,1265,2025-05-21 01:14:47,cancelled,upi,0.0,20
4609,216,2023-12-02 19:58:38,completed,wallet,7.75,10
4610,302,2024-03-14 15:45:01,shipped,wallet,8.35,20
4611,1916,2025-04-25 08:12:54,returned,debit_card,6.73,0
4612,439,2024-12-14 04:20:57,shipped,paypal,18.67,0
4613,423,2025-02-02 19:17:35,processing,credit_card,19.66,5
4614,810,2024-04-14 20:25:53,completed,paypal,12.37,15
4615,1795,2024-10-30 02:26:38,processing,paypal,2.2,5
4616,1316,2024-01-02 18:19:45,shipped,upi,16.71,0
4617,1801,2023-08-05 05:39:31,completed,debit_card,20.27,10
4618,1210,2023-11-28 19:55:24,returned,wallet,5.93,10
4619,1417,2023-01-27 14:15:41,completed,upi,16.75,15
4620,240,2023-11-04 21:27:17,completed,cod,2.29,20
4621,934,2023-08-31 17:38:18,completed,debit_card,16.65,10
4622,1673,2023-08-23 22:25:39,shippd,wallet,4.55,0
4623,187,2023-08-14 00:05:24,processing,debit_card,20.21,0
4624,405,2025-01-09 06:41:57,completed,debit_card,12.28,0
4625,1862,2024-07-11 01:22:14,completed,paypal,12.61,10
4626,1840,2023-08-27 08:27:10,processing,debit_card,4.95,20
4627,2430,2024-08-27 14:32:06,completed,upi,1.98,0
4628,1884,2024-05-13 16:07:37,completed,paypal,21.77,5
4629,627,2025-05-12 05:45:21,shipped,upi,18.08,5
4630,236,2025-03-07 04:41:20,shipped,cod,12.12,20
4631,250,2024-11-28 14:14:58,completed,debit_card,17.05,0
4632,1209,2023-08-05 07:33:47,completed,paypal,0.97,10
4633,614,2024-07-17 14:00:14,completed,paypal,3.94,0
4634,289,2023-12-21 01:48:02,completed,cod,20.58,5
4635,1250,2024-09-23 14:28:10,completed,paypal,12.56,5
4636,409,2024-09-16 17:10:02,completed,debit_card,20.08,0
4637,1878,2025-04-30 12:04:13,completed,paypal,6.85,15
4638,1223,2024-12-29 19:34:58,completed,wallet,21.58,20
4639,27,2025-02-17 01:02:05,completed,paypal,11.64,15
4640,1388,2023-02-14 18:57:48,processing,paypal,4.57,0
4641,1463,2023-06-05 04:01:21,completed,debit_card,18.92,0
4642,608,2023-08-14 03:42:37,shipped,upi,13.6,10
4643,43,2025-05-05 16:58:06,completed,credit_card,11.35,0
4644,1007,2024-05-16 17:22:56,completed,cod,6.36,20
4645,1045,2023-10-18 14:06:04,shipped,debit_card,14.99,10
4646,1380,2023-03-19 10:26:43,shipped,upi,18.21,15
4647,702,2025-04-19 06:01:26,shipped,wallet,15.19,20
4648,625,2025-06-29 13:06:35,completed,debit_card,7.76,15
4649,2407,2023-03-21 15:06:53,completed,paypal,4.71,0
4650,1393,2024-12-26 04:53:29,shipped,paypal,7.19,0
4651,702,2023-03-11 06:12:51,completed,debit_card,9.41,0
4652,1708,2023-08-18 14:06:25,completed,paypal,12.71,15
4653,146,2023-03-02 20:04:31,completed,paypal,12.32,0
4654,1418,2024-12-17 13:30:49,completed,debit_card,1.76,0
4655,829,2023-06-02 05:38:36,completed,debit_card,6.36,15
4656,1814,2025-06-19 05:09:11,completed,wallet,0.2,0
4657,1404,2024-09-19 21:31:47,unknown,wallet,16.4,0
4658,382,2024-07-05 08:48:29,completed,paypal,18.9,0
4659,1766,2023-12-31 20:14:32,completed,upi,6.01,0
4660,164,2023-07-16 23:15:49,completed,credit_card,13.28,5
4661,177,2025-04-21 03:42:08,completed,paypal,8.16,15
4662,558,2023-09-02 03:03:52,completed,debit_card,19.3,5
4663,518,2026-11-10 00:00:00,returned,paypal,13.9,20
4664,461,2023-07-09 21:43:15,completed,upi,2.59,0
4665,1474,2023-07-16 10:14:01,completed,credit_card,10.69,0
4666,526,2023-04-03 04:15:27,completed,credit_card,0.5,0
4667,1848,2023-07-29 14:28:09,processing,debit_card,16.74,10
4668,425,2023-06-10 15:46:58,shipped,upi,11.74,0
4669,311,2025-06-19 17:40:45,completed,wallet,4.18,5
4670,1583,2024-09-09 00:51:59,cancelled,upi,0.0,10
4671,1219,2023-11-21 15:55:52,completed,upi,12.27,0
4672,1986,2023-09-05 02:20:14,completed,credit_card,4.05,15
4673,35,2025-01-17 06:54:03,completed,upi,3.94,0
4674,1982,2024-08-17 04:38:27,shipped,debit_card,18.9,0
4675,613,2024-08-13 08:11:50,cancelled,debit_card,0.0,5
4676,651,2024-06-28 08:06:42,completed,debit_card,0.42,0
4677,330,2023-03-30 11:44:57,returned,credit_card,21.07,0
4678,744,2025-01-08 20:46:24,shippd,paypal,0.39,15
4679,529,2024-11-15 13:17:02,completed,upi,16.9,0
4680,20,2025-04-26 16:06:52,completed,credit_card,7.91,5
4681,1797,2025-01-30 11:08:25,completed,cod,7.21,20
4682,1662,2023-03-24 01:19:07,completed,cod,3.06,10
4683,884,2024-11-17 19:38:38,completed,paypal,18.49,10
4684,308,2025-01-30 13:05:04,shipped,debit_card,17.27,15
4685,1689,2025-03-02 19:44:27,shipped,paypal,16.23,0
4686,1072,2024-01-03 20:28:44,processing,debit_card,17.36,5
4687,976,2023-03-29 22:17:52,completed,upi,19.46,10
4688,330,2023-05-05 01:25:30,returned,wallet,12.84,0
4689,426,2024-05-04 15:59:30,completed,wallet,21.91,10
4690,1063,2025-02-21 05:41:30,cancelled,upi,0.0,20
4691,549,2023-02-03 04:54:53,completed,upi,2.64,0
4692,1554,2024-03-23 11:31:20,returned,upi,8.54,0
4693,718,2024-10-31 20:46:45,returned,upi,8.71,0
4694,173,2024-10-31 17:44:20,returned,paypal,4.38,10
4695,93,2024-05-01 01:18:08,completed,upi,10.22,0
4696,712,2023-05-01 09:00:58,completed,cod,0.35,10
4697,120,2023-12-10 22:11:11,completed,paypal,18.97,0
4698,393,2024-12-22 00:49:42,cancelled,wallet,0.0,10
4699,356,2023-09-09 02:32:06,completed,debit_card,3.51,20
4700,1152,2023-04-22 09:49:43,completed,paypal,19.15,5
4701,1759,2024-07-08 05:07:09,completed,cod,10.68,15
4702,1649,2023-07-14 15:47:47,completed,credit_card,16.28,5
4703,609,2023-12-09 22:38:26,completed,wallet,5.71,0
4704,893,2023-01-11 22:14:55,completed,cod,19.24,5
4705,1653,2025-01-04 20:29:10,completed,debit_card,11.83,20
4706,1531,2023-06-29 20:34:54,completed,credit_card,13.83,20
4707,1784,2025-05-11 01:39:18,cancelled,cod,0.0,0
4708,1041,2025-06-29 21:24:09,cancelled,debit_card,0.0,20
4709,491,2025-05-19 15:32:27,cancelled,cod,0.0,0
4710,1042,2025-02-22 14:08:41,completed,upi,8.76,0
4711,1614,2024-05-13 11:05:26,completed,wallet,18.26,10
4712,541,2023-05-31 20:38:23,shipped,cod,4.2,5
4713,1490,2025-03-06 07:19:59,processing,paypal,12.54,0
4714,1968,2024-02-15 11:14:26,shipped,debit_card,6.25,5
4715,1381,2024-01-23 08:21:45,completed,cod,16.83,20
4716,725,2025-05-25 15:25:07,processing,paypal,8.83,10
4717,1605,2024-12-05 15:21:32,completed,cod,1.54,0
4718,2187,2024-04-29 04:31:42,cancelled,wallet,0.0,10
4719,1499,2023-10-15 11:10:23,cancelled,cod,0.0,10
4720,1087,2023-09-27 05:00:56,cancelled,upi,0.0,0
4721,926,2024-07-06 14:30:01,completed,upi,8.44,10
4722,1247,2023-03-26 23:50:15,completed,paypal,16.36,0
4723,1619,2024-05-26 00:20:19,completed,cod,12.24,5
4724,1188,2025-04-30 19:39:32,completed,credit_card,8.53,20
4725,221,2023-06-20 02:16:39,completed,cod,15.32,0
4726,630,2024-06-04 22:36:48,completed,debit_card,8.22,0
4727,1125,2024-12-06 11:58:49,completed,wallet,9.25,0
4728,1914,2025-05-22 23:30:20,completed,credit_card,9.38,5
4729,1401,2023-06-07 10:39:16,shipped,upi,16.81,10
4730,1706,2023-05-26 07:10:39,completed,credit_card,14.08,20
4731,28,2024-06-28 19:17:10,shipped,cod,14.43,0
4732,601,2023-06-02 09:37:44,returned,paypal,1.11,20
4733,1810,2024-04-06 18:53:50,processing,debit_card,16.31,10
4734,233,2023-07-25 23:47:53,returned,credit_card,6.53,0
4735,351,2025-03-10 13:05:35,completed,paypal,7.23,0
4736,298,2024-02-20 06:57:57,completed,credit_card,17.48,0
4737,834,2023-05-11 04:25:37,shipped,debit_card,4.02,20
4738,15,2024-01-02 00:26:52,shipped,wallet,19.24,0
4739,358,2023-07-28 16:25:35,completed,upi,9.7,5
4740,1234,2024-06-04 05:18:16,completed,credit_card,20.38,0
4741,1053,2023-08-22 23:42:31,shipped,credit_card,21.14,10
4742,1922,2024-10-22 03:07:28,shipped,cod,7.19,15
4743,941,2025-04-27 07:10:53,cancelled,wallet,0.0,10
4744,378,2024-03-24 19:30:11,shipped,paypal,13.66,10
4745,1207,2024-07-14 02:21:13,completed,wallet,18.35,0
4746,1456,2024-09-26 14:19:31,completed,paypal,9.47,20
4747,1891,2023-03-10 08:21:57,completed,debit_card,3.04,20
4748,1554,2023-03-14 01:35:09,shipped,wallet,13.87,5
4749,258,2024-11-25 08:13:27,pendingg,credit_card,10.07,10
4750,215,2024-08-12 16:45:05,completed,credit_card,12.49,15
4751,1164,2025-05-02 00:11:06,shipped,credit_card,7.99,0
4752,1798,2024-04-05 14:20:59,completed,cod,1.8,0
4753,367,2023-11-14 23:19:02,unknown,credit_card,4.42,15
4754,20,2023-01-05 17:16:03,completed,credit_card,17.67,15
4755,927,2023-11-15 03:21:56,shipped,paypal,15.51,5
4756,781,2024-09-13 03:11:28,completed,upi,4.4,0
4757,1529,2025-04-10 12:00:18,completed,paypal,8.13,0
4758,1069,2024-09-25 11:07:26,completed,paypal,16.46,10
4759,965,2024-08-24 22:52:12,shipped,credit_card,7.72,0
4760,231,2025-03-30 00:30:56,shipped,debit_card,1.07,0
4761,1631,2024-11-16 04:41:52,processing,cod,8.11,10
4762,757,2024-01-21 11:56:03,completed,upi,13.04,20
4763,1440,2023-08-07 17:56:34,completed,credit_card,4.27,10
4764,482,2023-11-29 23:50:01,completed,cod,17.47,5
4765,1459,2023-06-14 20:14:38,shipped,cod,16.77,20
4766,1292,2024-09-19 05:18:46,completed,upi,7.25,15
4767,594,2025-05-01 22:29:34,processing,cod,5.64,10
4768,415,2024-10-31 14:04:14,completed,upi,3.97,5
4769,578,2024-08-05 08:49:58,completed,wallet,2.86,0
4770,1576,2023-09-30 13:39:52,completed,upi,20.98,10
4771,325,2023-05-30 10:43:04,completed,debit_card,16.18,0
4772,1676,2023-07-02 01:19:10,cancelled,credit_card,0.0,15
4773,340,2023-03-17 16:20:26,completed,credit_card,1.22,5
4774,1463,2025-03-13 13:18:00,completed,credit_card,14.47,20
4775,509,2024-07-21 06:01:27,shipped,cod,3.76,0
4776,567,2023-04-07 13:29:32,completed,wallet,2.37,0
4777,495,2023-12-18 15:21:02,completed,upi,9.69,0
4778,400,2024-04-09 13:45:50,cancelled,wallet,0.0,5
4779,1657,2024-06-10 06:58:02,completed,debit_card,2.35,0
4780,642,2024-03-05 12:47:49,completed,paypal,19.7,0
4781,883,2023-11-21 19:24:18,shipped,debit_card,3.05,10
4782,694,2024-05-27 04:43:06,completed,wallet,9.81,20
4783,981,2024-10-17 20:50:50,completed,debit_card,11.24,0
4784,1574,2024-12-11 20:11:23,pendingg,paypal,18.82,0
4785,1531,2024-03-24 14:10:07,returned,paypal,16.07,15
4786,1895,2024-01-26 14:38:31,shipped,wallet,3.49,0
4787,371,2024-06-29 16:17:13,completed,cod,18.44,0
4788,1773,2023-04-17 08:07:02,completed,paypal,13.49,15
4789,539,2023-07-03 01:11:32,returned,credit_card,5.51,20
4790,1969,2025-06-16 05:03:42,completed,credit_card,18.73,15
4791,22,2024-08-15 06:53:44,shipped,wallet,15.85,0
4792,1577,2023-11-12 19:02:33,completed,credit_card,0.58,15
4793,1206,2024-10-31 17:32:02,completed,upi,21.42,0
4794,1665,2025-04-04 07:42:14,cancelled,wallet,0.0,0
4795,967,2023-04-21 00:54:27,completed,upi,5.02,0
4796,1054,2025-04-20 04:45:42,returned,wallet,2.27,0
4797,644,2024-03-26 00:32:41,shipped,wallet,16.0,5
4798,804,2024-03-31 13:36:40,cancelled,upi,0.0,20
4799,1562,2024-05-16 13:27:15,shipped,paypal,17.95,10
4800,412,2023-05-17 01:20:07,,wallet,7.59,10
4801,1749,2023-03-23 21:37:35,completed,upi,15.25,0
4802,1870,2024-12-06 08:11:03,cancelled,paypal,0.0,10
4803,262,2023-02-28 15:52:29,shipped,paypal,12.68,20
4804,1804,2023-03-07 07:35:08,completed,credit_card,14.66,0
4805,571,2024-06-28 05:04:16,completed,credit_card,14.38,0
4806,1458,2024-10-12 09:24:26,completed,upi,16.97,15
4807,103,2024-03-11 19:48:20,completed,debit_card,4.25,10
4808,1928,2024-02-12 14:55:00,completed,credit_card,9.08,20
4809,720,2024-04-14 04:56:33,shipped,debit_card,5.08,5
4810,1595,2024-08-28 09:41:21,shipped,cod,19.66,5
4811,850,2023-04-06 21:48:35,completed,debit_card,15.88,0
4812,593,2023-12-13 20:43:19,completed,wallet,18.22,0
4813,1567,2025-01-25 12:39:43,shipped,debit_card,14.21,0
4814,850,2024-05-05 06:20:34,pendingg,upi,19.67,5
4815,1154,2025-03-15 10:56:48,shipped,cod,17.82,0
4816,1509,2025-06-20 20:52:59,shipped,cod,17.8,0
4817,1088,2025-01-12 01:45:48,completed,debit_card,12.43,0
4818,400,2023-11-24 17:21:14,completed,cod,21.57,0
4819,1231,2023-05-31 00:57:33,processing,upi,4.95,0
4820,1488,2023-05-06 08:40:34,shipped,credit_card,14.22,20
4821,392,2023-04-25 12:12:48,completed,credit_card,15.25,5
4822,151,2023-10-26 04:42:44,completed,paypal,5.32,0
4823,1716,2023-10-06 11:44:52,completed,paypal,2.25,20
4824,1152,2024-10-26 21:58:47,completed,credit_card,6.51,20
4825,454,2025-01-19 15:39:34,processing,debit_card,8.0,10
4826,427,2024-04-07 19:00:13,returned,wallet,13.05,10
4827,1007,2023-06-11 02:44:03,completed,paypal,1.69,10
4828,1194,2023-09-02 03:20:05,processing,cod,4.34,0
4829,412,2024-07-30 07:45:16,returned,debit_card,20.0,0
4830,347,2024-03-23 16:45:32,completed,debit_card,4.68,0
4831,1808,2023-07-13 05:08:33,,debit_card,9.94,5
4832,1171,2024-10-13 18:17:19,completed,wallet,4.91,20
4833,910,2024-03-14 02:00:17,completed,cod,13.12,15
4834,963,2024-04-14 20:48:04,processing,cod,10.35,20
4835,465,2023-02-07 07:13:50,completed,credit_card,13.49,0
4836,927,2025-05-21 05:15:09,processing,paypal,20.86,15
4837,1111,2024-02-17 19:22:14,completed,wallet,12.31,10
4838,269,2023-05-17 06:07:27,returned,credit_card,1.83,0
4839,2458,2023-06-04 17:04:29,CANCEL,debit_card,3.47,0
4840,305,2023-11-07 23:01:32,shipped,wallet,4.86,5
4841,1744,2024-06-24 07:47:13,shipped,wallet,1.12,20
4842,512,2024-03-19 21:00:51,shipped,credit_card,18.06,5
4843,1885,2023-06-15 08:21:26,shipped,debit_card,5.0,20
4844,563,2024-01-03 15:33:50,completed,wallet,2.78,5
4845,124,2023-06-08 05:01:11,completed,paypal,13.8,0
4846,1833,2024-12-08 22:08:01,completed,paypal,13.95,5
4847,1224,2024-09-26 06:10:44,shipped,wallet,3.75,0
4848,350,2024-11-25 17:33:23,completed,paypal,1.6,0
4849,1401,2024-09-25 22:13:21,completed,paypal,0.03,0
4850,598,2024-11-13 00:26:26,completed,paypal,21.65,5
4851,204,2023-05-11 20:47:26,completed,paypal,5.83,5
4852,903,2023-02-24 09:37:15,completed,upi,5.46,15
4853,1626,2023-03-17 05:33:29,completed,wallet,3.61,15
4854,544,2024-08-10 11:02:32,completed,credit_card,9.57,10
4855,8,2023-09-05 23:28:42,processing,upi,2.82,0
4856,117,2024-01-30 10:23:20,shipped,cod,0.4,0
4857,37,2025-05-20 15:00:57,shipped,wallet,12.46,0
4858,1744,2023-11-13 04:51:29,completed,debit_card,18.06,10
4859,772,2024-05-26 12:34:46,shipped,credit_card,11.51,20
4860,47,2025-06-13 02:29:58,shipped,paypal,2.93,20
4861,913,2023-01-23 05:49:01,completed,paypal,21.33,0
4862,845,2024-01-13 21:23:06,completed,paypal,2.6,0
4863,876,2024-06-29 12:32:55,shipped,paypal,10.67,5
4864,1345,2023-08-21 13:15:04,completed,upi,5.68,15
4865,1209,2023-10-25 08:57:31,completed,cod,13.14,10
4866,564,2023-07-30 05:32:06,completed,upi,13.57,10
4867,1144,2024-11-25 12:46:23,shipped,cod,3.7,15
4868,1489,2023-12-18 01:29:44,processing,wallet,11.61,5
4869,4,2024-07-01 16:38:29,completed,debit_card,6.72,0
4870,1758,2024-05-03 18:44:20,completed,upi,17.04,0
4871,185,2023-01-07 11:08:43,completed,cod,1.09,0
4872,548,2024-01-03 05:17:15,completed,cod,2.92,15
4873,118,2024-09-11 04:15:35,shipped,paypal,6.45,5
4874,1965,2024-06-18 04:06:24,processing,upi,8.49,20
4875,900,2025-06-08 14:49:06,processing,paypal,18.08,10
4876,1700,2023-10-08 22:50:06,completed,debit_card,20.87,0
4877,1962,2023-12-30 20:33:15,completed,debit_card,7.14,15
4878,1167,2023-09-07 17:08:19,completed,debit_card,13.08,20
4879,627,2023-05-15 18:49:05,completed,paypal,14.25,15
4880,276,2024-05-10 04:23:07,completed,paypal,1.0,15
4881,84,2024-11-14 22:56:06,completed,credit_card,0.96,0
4882,1473,2024-12-10 04:22:17,completed,upi,3.15,0
4883,668,2024-11-02 09:38:53,processing,credit_card,15.14,5
4884,1679,2023-06-27 03:21:55,completed,debit_card,19.44,20
4885,1358,2023-11-26 18:28:45,completed,credit_card,12.67,0
4886,223,2023-01-22 19:42:50,completed,debit_card,8.69,0
4887,840,2024-01-20 03:40:17,shipped,cod,9.62,10
4888,1744,2023-03-28 01:20:17,cancelled,debit_card,0.0,10
4889,1022,2023-03-15 18:24:36,completed,debit_card,10.13,0
4890,437,2023-10-12 12:55:16,shipped,cod,10.64,20
4891,1960,2025-02-08 22:07:17,complet,cod,2.03,20
4892,1265,2024-06-09 01:20:43,processing,wallet,13.42,15
4893,150,2025-04-26 06:14:40,returned,wallet,4.2,0
4894,1143,2023-04-25 20:52:20,shipped,upi,6.86,0
4895,154,2023-10-12 06:53:18,completed,cod,1.55,0
4896,1295,2025-04-23 23:56:00,completed,credit_card,16.17,15
4897,512,2023-07-05 18:47:27,completed,cod,18.81,10
4898,1408,2023-06-18 08:41:00,completed,upi,0.83,0
4899,189,2024-06-09 06:47:22,shipped,wallet,2.22,0
4900,1316,2024-02-21 22:46:29,completed,cod,4.87,20
4901,601,2025-02-24 18:24:44,shipped,upi,4.07,0
4902,1506,2025-05-16 00:07:32,completed,debit_card,21.35,15
4903,335,2025-01-18 18:32:50,completed,cod,9.21,0
4904,11,2024-09-04 13:09:06,completed,debit_card,4.4,5
4905,1225,2023-07-09 08:58:05,completed,cod,16.01,15
4906,273,2024-01-30 19:02:40,completed,upi,16.71,10
4907,301,2024-11-03 09:17:51,cancelled,paypal,0.0,20
4908,1312,2023-08-14 14:27:51,completed,debit_card,10.8,10
4909,788,2023-05-19 08:25:08,processing,wallet,5.12,5
4910,1377,2024-01-01 10:25:34,completed,credit_card,10.34,5
4911,1644,2024-10-15 09:01:30,completed,cod,5.4,0
4912,535,2023-04-07 06:06:48,shipped,debit_card,7.74,15
4913,1494,2024-09-23 22:15:45,completed,debit_card,21.26,15
4914,389,2024-03-07 15:14:35,shipped,upi,0.87,0
4915,533,2025-06-17 05:02:11,completed,debit_card,14.19,15
4916,748,2023-07-18 20:58:03,pendingg,upi,10.62,0
4917,1021,2025-04-29 08:27:51,completed,debit_card,21.99,10
4918,87,2023-10-24 13:04:34,completed,credit_card,20.02,0
4919,1420,2023-11-17 05:07:56,completed,paypal,14.44,0
4920,722,2024-07-15 17:34:14,completed,wallet,14.75,5
4921,1108,2023-01-30 17:43:01,completed,wallet,21.46,15
4922,974,2023-07-12 11:22:47,completed,debit_card,15.33,0
4923,142,2023-02-23 16:40:13,cancelled,paypal,0.0,15
4924,1879,2023-08-22 04:17:20,completed,upi,4.01,0
4925,290,2025-05-28 17:48:47,shipped,wallet,18.34,10
4926,1416,2025-03-21 21:54:26,completed,cod,8.74,0
4927,320,2023-05-17 08:22:00,returned,upi,1.55,5
4928,1946,2024-01-18 05:12:53,completed,upi,5.94,0
4929,1070,2023-08-12 13:40:41,completed,credit_card,16.19,5
4930,511,2023-03-20 23:28:29,processing,wallet,21.15,0
4931,574,2024-07-07 02:21:33,completed,paypal,16.44,0
4932,1445,2024-11-10 19:45:36,completed,debit_card,6.12,10
4933,1732,2024-10-29 22:52:42,completed,cod,8.71,20
4934,1140,2024-09-27 15:04:40,shipped,credit_card,11.32,15
4935,1882,2023-03-15 10:59:23,completed,debit_card,3.75,15
4936,1876,2024-10-25 20:10:41,completed,cod,15.4,20
4937,1323,2025-01-13 10:51:45,shipped,cod,14.69,20
4938,966,2024-03-05 10:35:00,completed,cod,16.9,20
4939,270,2023-01-08 17:22:15,,wallet,19.33,10
4940,739,2024-05-23 10:16:38,completed,credit_card,10.74,0
4941,138,2023-08-11 03:25:26,shipped,wallet,3.29,10
4942,292,2025-02-11 00:01:09,completed,debit_card,4.99,0
4943,2180,2024-10-22 16:14:02,cancelled,credit_card,0.0,0
4944,1913,2024-03-19 10:23:20,completed,wallet,18.31,0
4945,1996,2023-10-28 00:40:45,completed,credit_card,4.82,15
4946,1212,2023-01-08 02:21:34,shipped,wallet,0.13,15
4947,1636,2024-11-07 04:55:53,completed,credit_card,14.15,0
4948,696,2025-01-22 18:45:25,completed,paypal,16.74,20
4949,777,2025-03-19 05:25:26,completed,cod,9.16,10
4950,183,2024-06-03 15:04:29,shipped,debit_card,13.83,10
4951,475,2025-04-20 03:28:37,completed,cod,0.76,0
4952,1700,2025-03-27 08:48:59,completed,paypal,17.34,10
4953,1629,2023-04-04 10:04:01,processing,cod,2.92,0
4954,498,2023-09-30 12:24:45,shipped,wallet,4.2,0
4955,987,2025-05-19 08:52:07,completed,cod,6.21,5
4956,1288,2024-05-11 23:07:41,completed,wallet,16.34,15
4957,1297,2024-06-14 02:01:31,completed,credit_card,11.85,0
4958,1447,2025-05-24 08:37:23,shipped,credit_card,5.4,15
4959,1118,2024-03-28 21:34:55,completed,cod,18.2,0
4960,1423,2025-02-12 08:39:42,completed,cod,0.47,10
4961,1369,2024-06-22 18:15:27,completed,upi,16.75,20
4962,1601,2024-08-09 12:32:59,shipped,debit_card,7.58,20
4963,9,2023-04-27 08:55:42,returned,paypal,18.05,10
4964,746,2024-06-12 17:03:07,completed,debit_card,9.58,5
4965,498,2024-01-18 13:08:55,completed,paypal,10.09,5
4966,1666,2025-06-29 17:47:47,completed,cod,11.36,20
4967,624,2024-02-10 12:19:30,completed,credit_card,19.77,5
4968,1268,2024-07-29 09:21:22,shipped,credit_card,7.91,0
4969,397,2023-02-01 07:44:01,completed,paypal,15.39,5
4970,1426,2023-04-08 01:51:03,completed,cod,1.61,10
4971,1274,2024-10-25 19:58:01,returned,cod,0.45,20
4972,681,2023-02-13 21:38:33,completed,credit_card,9.93,20
4973,1924,2024-12-20 18:08:59,completed,cod,12.22,10
4974,1583,2024-04-10 03:52:02,completed,upi,5.23,20
4975,826,2023-09-02 09:00:16,returned,cod,13.87,0
4976,1863,2024-10-14 21:16:37,completed,debit_card,1.34,20
4977,340,2023-12-31 04:28:17,completed,paypal,11.81,0
4978,563,2023-06-11 01:18:01,processing,upi,13.0,15
4979,1012,2024-04-20 20:02:27,completed,paypal,21.47,0
4980,389,2024-06-02 05:51:32,completed,paypal,3.27,0
4981,560,2023-12-16 10:14:09,completed,credit_card,10.81,15
4982,1951,2025-03-24 09:58:55,completed,upi,8.34,0
4983,290,2024-10-17 19:19:41,returned,debit_card,3.48,20
4984,290,2024-08-26 23:13:48,processing,credit_card,11.65,5
4985,1713,2024-06-07 04:37:38,completed,credit_card,18.84,0
4986,759,2024-01-23 14:39:23,completed,credit_card,8.67,0
4987,1492,2024-10-18 07:17:26,processing,upi,1.1,5
4988,334,2024-02-17 20:24:00,completed,wallet,3.32,20
4989,362,2023-09-17 10:43:41,completed,credit_card,5.7,20
4990,1193,2023-03-07 03:41:00,cancelled,wallet,0.0,15
4991,279,2023-05-22 06:42:50,completed,paypal,16.36,10
4992,1927,2023-10-03 11:01:54,completed,wallet,14.29,10
4993,1731,2025-03-25 21:39:41,returned,upi,13.83,0
4994,2303,2023-01-28 18:39:31,completed,wallet,11.54,15
4995,24,2024-05-18 08:26:22,completed,credit_card,3.77,15
4996,273,2025-03-18 04:56:12,processing,wallet,4.63,20
4997,1724,2023-10-08 09:02:25,shipped,wallet,4.5,10
4998,235,2023-01-01 08:28:27,returned,upi,17.54,20
4999,344,2025-04-19 20:20:14,completed,upi,4.13,0
5000,973,2023-07-04 08:25:37,completed,credit_card,19.04,20
5001,1486,2025-03-27 16:51:59,completed,cod,10.61,15
5002,695,2023-01-05 15:48:42,completed,debit_card,6.52,10
5003,1327,2024-01-13 07:45:07,completed,cod,4.35,0
5004,306,2023-11-14 12:39:19,completed,debit_card,9.86,0
5005,1978,2024-01-01 15:38:17,completed,credit_card,10.45,0
5006,180,2024-10-23 22:08:20,completed,upi,10.8,15
5007,274,2024-01-08 14:01:36,completed,upi,0.04,10
5008,1918,2025-05-22 19:42:01,shipped,paypal,21.71,10
5009,773,2023-02-10 13:43:07,completed,wallet,0.12,0
5010,729,2023-10-11 02:53:20,processing,upi,11.18,0
5011,982,2023-06-30 13:34:53,shipped,paypal,1.76,0
5012,1291,2025-02-12 19:51:42,completed,credit_card,9.84,5
5013,1625,2024-12-24 10:52:15,completed,paypal,5.69,15
5014,918,2025-05-21 17:44:46,processing,cod,8.55,5
5015,706,2023-07-06 16:28:39,completed,debit_card,7.15,15
5016,1502,2025-05-23 04:18:23,shipped,cod,7.67,15
5017,1206,2023-10-20 12:16:25,completed,debit_card,9.53,10
5018,1268,2023-06-09 11:53:01,completed,cod,4.45,0
5019,467,2023-07-22 23:25:49,processing,paypal,1.74,15
5020,311,2025-01-22 04:28:36,shipped,wallet,5.78,15
5021,1379,2023-09-02 22:55:11,completed,credit_card,6.64,0
5022,1649,2024-10-06 16:50:37,completed,paypal,14.42,0
5023,1435,2024-07-11 18:26:53,shipped,paypal,2.83,0
5024,752,2025-05-12 02:21:01,completed,wallet,19.33,0
5025,1217,2024-01-19 21:47:11,completed,debit_card,13.52,20
5026,844,2024-10-28 14:59:57,completed,wallet,14.09,5
5027,364,2024-07-06 02:45:20,shipped,debit_card,12.78,10
5028,566,2025-01-17 11:09:03,completed,wallet,6.3,5
5029,1045,2024-04-23 07:16:20,processing,wallet,15.81,5
5030,1052,2024-09-22 08:34:05,shipped,cod,1.85,20
5031,611,2024-12-24 11:04:12,shipped,paypal,12.42,20
5032,896,2024-08-22 18:23:23,completed,wallet,3.14,10
5033,1834,2025-04-17 11:34:46,completed,paypal,7.01,5
5034,1608,2023-02-20 03:42:00,processing,wallet,2.46,0
5035,470,2023-12-16 11:05:22,completed,debit_card,12.33,0
5036,38,2024-07-30 04:59:23,completed,wallet,12.71,20
5037,234,2023-07-17 09:16:38,shipped,wallet,1.28,10
5038,1984,2023-06-16 02:01:57,completed,paypal,12.61,0
5039,382,2024-06-13 17:57:30,completed,wallet,14.5,5
5040,420,2024-11-03 20:56:23,completed,wallet,1.43,0
5041,682,2023-11-22 00:38:43,completed,upi,4.16,5
5042,1656,2024-03-06 21:03:18,completed,debit_card,3.48,10
5043,1079,2025-05-03 01:05:44,completed,cod,0.27,15
5044,1417,2023-09-27 01:02:10,completed,cod,18.64,0
5045,835,2024-11-17 17:53:57,completed,paypal,21.71,20
5046,769,2023-05-13 04:50:28,completed,upi,20.48,0
5047,331,2023-05-01 15:29:07,shipped,debit_card,19.55,0
5048,1900,2024-02-17 18:31:22,shipped,upi,19.47,0
5049,459,2024-05-14 11:47:04,shipped,cod,0.23,15
5050,1764,2025-03-09 07:58:39,completed,debit_card,8.83,0
5051,296,2023-08-30 12:01:45,completed,cod,1.88,10
5052,684,2023-06-22 03:07:15,shipped,cod,11.76,0
5053,1498,2024-03-12 09:45:23,shipped,wallet,17.29,0
5054,421,2024-06-23 07:19:40,cancelled,debit_card,0.0,5
5055,1952,2024-12-13 23:01:01,completed,cod,2.13,20
5056,752,2023-08-16 18:55:34,shipped,debit_card,13.86,10
5057,991,2024-07-26 03:17:18,completed,paypal,19.75,20
5058,1095,2024-02-22 15:31:29,cancelled,paypal,0.0,0
5059,891,2024-02-26 18:46:17,completed,upi,16.02,0
5060,483,2025-04-17 00:01:30,processing,cod,21.99,20
5061,233,2025-04-24 02:59:45,returned,wallet,6.37,0
5062,1208,2025-03-12 11:05:11,completed,debit_card,21.76,0
5063,742,2025-06-15 01:12:40,completed,paypal,13.27,0
5064,378,2023-08-12 21:50:09,returned,cod,4.28,10
5065,182,2025-03-21 15:43:31,completed,debit_card,10.48,0
5066,454,2023-09-18 15:10:18,shipped,cod,1.73,20
5067,327,2023-03-15 11:05:52,cancelled,credit_card,0.0,0
5068,59,2025-06-11 15:36:06,completed,debit_card,1.06,10
5069,332,2023-03-14 04:13:55,completed,cod,20.74,0
5070,411,2023-07-21 15:32:16,completed,debit_card,10.69,10
5071,517,2023-08-14 02:11:36,cancelled,wallet,0.0,0
5072,1391,2024-02-17 10:14:06,completed,wallet,20.45,0
5073,908,2023-08-08 19:13:15,completed,cod,6.78,10
5074,964,2023-10-22 15:24:54,cancelled,cod,0.0,15
5075,1996,2025-01-14 16:19:38,completed,upi,9.32,0
5076,1456,2024-02-12 19:04:05,shipped,upi,16.48,5
5077,1160,2023-10-18 07:43:31,completed,debit_card,13.11,15
5078,116,2025-03-24 13:21:13,completed,debit_card,11.56,20
5079,588,2025-03-20 07:39:02,completed,credit_card,6.24,5
5080,1873,2026-11-17 00:00:00,completed,paypal,0.47,0
5081,1191,2024-05-13 19:49:28,completed,cod,1.26,0
5082,1108,2024-07-17 09:54:52,completed,credit_card,3.76,10
5083,102,2024-03-06 00:36:38,complet,upi,18.01,10
5084,1180,2024-06-12 13:18:19,completed,wallet,12.89,0
5085,336,2023-10-07 08:52:36,completed,credit_card,5.75,0
5086,1126,2023-02-22 14:40:18,processing,paypal,4.59,0
5087,1806,2024-01-27 19:04:13,completed,paypal,4.45,10
5088,1099,2023-05-08 15:14:14,completed,wallet,6.8,20
5089,1164,2023-04-25 15:46:41,completed,cod,6.78,0
5090,975,2024-04-27 18:09:36,completed,upi,19.22,0
5091,324,2023-12-15 13:04:30,completed,debit_card,10.2,0
5092,1418,2024-03-21 07:17:19,completed,cod,9.08,20
5093,50,2025-01-18 06:37:55,completed,upi,21.46,10
5094,1847,2024-03-10 09:59:09,returned,paypal,8.84,10
5095,910,2023-12-24 06:33:22,completed,credit_card,8.76,15
5096,1987,2023-01-14 10:40:52,completed,upi,13.21,5
5097,346,2023-08-18 01:39:36,completed,debit_card,20.33,0
5098,1865,2023-05-14 11:15:02,completed,cod,5.68,0
5099,1576,2023-02-24 10:13:08,completed,credit_card,17.6,15
5100,183,2024-01-02 04:58:05,completed,cod,10.51,0
5101,1936,2024-05-25 20:51:06,completed,debit_card,17.46,0
5102,30,2024-08-25 22:44:09,shipped,credit_card,20.1,10
5103,1141,2024-09-11 03:04:55,shipped,paypal,3.99,10
5104,117,2023-10-31 16:48:11,completed,paypal,17.04,0
5105,1937,2024-04-09 04:23:47,completed,credit_card,19.35,10
5106,485,2024-10-04 19:04:52,shipped,wallet,14.75,10
5107,1044,2023-12-26 05:48:07,completed,cod,11.42,15
5108,1153,2023-10-19 02:30:42,completed,credit_card,5.7,15
5109,1067,2024-11-17 07:16:32,completed,cod,12.48,0
5110,154,2023-08-02 22:58:28,completed,credit_card,7.54,5
5111,36,2023-03-24 06:04:15,shipped,upi,12.14,10
5112,445,2025-06-18 23:27:48,completed,cod,6.74,0
5113,1401,2024-03-29 10:37:24,cancelled,upi,0.0,5
5114,1629,2023-08-17 04:30:21,completed,cod,1.58,5
5115,1811,2024-02-09 08:25:40,completed,debit_card,18.41,0
5116,723,2024-09-24 23:33:25,shipped,upi,21.1,0
5117,384,2023-06-20 17:05:28,shipped,wallet,11.81,0
5118,496,2023-04-19 22:25:28,completed,wallet,20.56,0
5119,1199,2024-04-08 21:39:47,returned,credit_card,10.56,0
5120,1274,2024-07-26 10:43:07,cancelled,wallet,0.0,0
5121,1626,2023-07-03 01:45:14,completed,credit_card,21.94,5
5122,1804,2025-06-06 07:33:22,shipped,wallet,17.35,0
5123,1025,2023-08-07 11:01:09,shipped,debit_card,4.54,0
5124,468,2023-10-27 02:03:10,processing,wallet,2.86,0
5125,668,2024-01-04 17:18:54,completed,cod,20.08,10
5126,390,2024-05-07 12:41:46,completed,credit_card,2.5,20
5127,1618,2025-03-05 09:19:49,completed,paypal,3.69,15
5128,1588,2023-09-04 15:08:30,processing,wallet,3.44,0
5129,35,2023-07-07 08:53:38,completed,paypal,15.31,0
5130,209,2024-09-19 06:36:01,shipped,upi,9.15,0
5131,1280,2023-04-28 02:07:59,cancelled,wallet,0.0,10
5132,670,2024-02-12 23:56:16,cancelled,cod,0.0,0
5133,136,2023-02-15 08:16:59,completed,upi,6.8,0
5134,66,2023-01-05 21:15:48,cancelled,upi,0.0,0
5135,957,2023-10-09 23:05:13,shipped,upi,11.33,10
5136,376,2023-03-09 16:03:58,completed,upi,10.19,0
5137,566,2024-09-13 01:26:42,completed,debit_card,5.75,10
5138,1851,2024-11-05 03:03:57,processing,credit_card,7.42,5
5139,1776,2025-06-10 03:43:12,completed,debit_card,7.72,5
5140,569,2023-06-07 16:26:44,completed,paypal,8.02,10
5141,1799,2024-07-25 09:54:16,completed,debit_card,9.01,5
5142,1460,2025-04-14 01:48:53,completed,debit_card,1.48,0
5143,1949,2024-04-21 05:11:48,cancelled,paypal,0.0,10
5144,1194,2025-02-15 07:35:10,completed,upi,13.35,0
5145,150,2023-03-15 03:18:52,completed,paypal,1.31,20
5146,818,2023-08-22 02:03:26,shipped,upi,10.96,15
5147,56,2025-02-22 11:25:51,completed,cod,11.57,5
5148,1132,2023-05-07 22:18:59,completed,upi,0.74,0
5149,1820,2024-07-12 12:16:24,shipped,paypal,2.24,20
5150,1831,2024-07-04 21:10:55,processing,debit_card,17.35,10
5151,1618,2024-05-27 01:06:07,cancelled,debit_card,0.0,0
5152,1758,2026-12-02 00:00:00,processing,wallet,0.25,20
5153,1319,2024-02-28 22:12:21,processing,paypal,14.51,0
5154,1992,2023-09-22 00:37:00,completed,cod,14.1,5
5155,1940,2024-02-27 04:05:49,completed,debit_card,8.89,20
5156,343,2024-12-15 07:38:14,completed,credit_card,18.97,0
5157,117,2023-10-24 02:49:39,completed,credit_card,19.28,5
5158,961,2024-11-05 16:41:08,completed,debit_card,9.38,15
5159,278,2024-03-12 01:31:51,completed,wallet,13.47,15
5160,1058,2025-04-09 09:37:41,processing,credit_card,20.97,0
5161,1294,2024-06-26 17:29:40,completed,upi,6.06,15
5162,1853,2025-01-23 19:05:46,cancelled,cod,0.0,20
5163,413,2024-08-24 05:51:46,returned,credit_card,4.27,0
5164,786,2024-01-02 23:29:43,shipped,credit_card,2.82,20
5165,45,2026-11-17 00:00:00,completed,upi,20.66,0
5166,1865,2023-05-05 08:31:10,completed,credit_card,20.25,5
5167,580,2024-03-24 16:26:22,shipped,wallet,6.89,10
5168,448,2023-07-30 12:40:17,completed,debit_card,21.05,10
5169,468,2023-09-06 12:39:45,completed,paypal,0.45,20
5170,341,2023-09-08 12:23:12,cancelled,cod,0.0,10
5171,1925,2024-08-17 20:28:13,completed,upi,3.64,10
5172,279,2024-07-10 04:16:26,completed,credit_card,3.21,0
5173,258,2025-04-30 13:44:22,completed,paypal,8.61,15
5174,472,2023-07-09 16:36:13,completed,wallet,10.15,0
5175,1737,2024-01-17 07:38:39,completed,debit_card,16.85,0
5176,1321,2023-06-18 01:06:25,shipped,cod,15.14,0
5177,1468,2025-02-25 22:31:29,completed,debit_card,0.78,15
5178,19,2025-02-19 18:42:03,cancelled,wallet,0.0,20
5179,484,2025-01-02 08:02:49,cancelled,debit_card,0.0,0
5180,477,2023-06-04 14:17:53,processing,wallet,7.88,0
5181,1423,2024-11-08 10:51:12,returned,upi,20.31,5
5182,1473,2023-08-27 13:00:18,completed,upi,16.11,20
5183,1076,2024-06-10 03:00:54,shipped,credit_card,8.7,20
5184,439,2023-03-30 04:09:52,completed,cod,18.02,10
5185,825,2023-04-27 08:06:51,completed,credit_card,2.57,10
5186,66,2025-03-12 00:24:58,cancelled,paypal,0.0,5
5187,247,2023-10-27 03:08:45,shipped,cod,2.25,15
5188,1521,2023-11-30 18:22:27,completed,credit_card,17.75,0
5189,930,2024-01-24 03:45:33,cancelled,cod,0.0,0
5190,726,2023-08-11 20:10:48,shipped,credit_card,16.86,5
5191,488,2023-07-19 10:08:16,completed,wallet,13.69,5
5192,275,2025-06-16 20:44:53,completed,paypal,12.83,20
5193,289,2023-03-19 11:45:38,completed,debit_card,12.61,0
5194,1295,2024-10-21 13:04:07,cancelled,upi,0.0,0
5195,1028,2023-07-13 09:38:20,returned,paypal,14.66,15
5196,1211,2025-02-09 00:34:44,completed,paypal,17.65,5
5197,1820,2023-09-13 19:30:15,shipped,cod,16.04,15
5198,1351,2024-12-10 09:48:02,completed,credit_card,15.83,0
5199,1114,2024-03-15 08:44:17,completed,debit_card,21.8,10
5200,1599,2024-12-21 14:44:31,completed,upi,2.44,0
5201,1054,2023-12-10 10:24:18,completed,paypal,12.08,10
5202,54,2025-06-03 01:13:12,completed,debit_card,9.52,0
5203,122,2023-11-10 02:01:06,completed,wallet,15.6,0
5204,233,2023-01-23 00:36:59,returned,credit_card,2.88,5
5205,1586,2024-03-05 11:22:05,shipped,credit_card,21.55,15
5206,470,2023-11-29 08:38:07,cancelled,credit_card,0.0,10
5207,1084,2024-10-14 00:16:08,shipped,debit_card,9.0,15
5208,1877,2025-05-03 18:56:58,cancelled,cod,0.0,0
5209,868,2025-03-31 01:49:48,completed,credit_card,16.35,0
5210,627,2023-08-04 01:00:22,completed,upi,6.26,10
5211,752,2025-02-20 16:11:26,completed,cod,2.85,0
5212,812,2023-09-21 04:51:54,cancelled,debit_card,0.0,0
5213,1699,2023-12-02 17:12:55,shipped,credit_card,5.7,5
5214,1040,2024-09-30 12:59:51,completed,upi,2.84,10
5215,538,2023-07-07 03:05:04,completed,cod,4.37,10
5216,1351,2023-02-02 01:33:09,completed,debit_card,14.66,0
5217,147,2024-02-23 06:38:36,completed,upi,14.68,5
5218,1449,2024-03-04 11:04:31,processing,paypal,20.4,0
5219,1742,2023-10-05 19:51:37,shipped,wallet,20.18,15
5220,1233,2025-04-21 10:58:10,shipped,credit_card,4.8,0
5221,1592,2023-08-04 16:32:30,processing,credit_card,21.73,0
5222,81,2025-04-22 09:43:11,returned,paypal,5.99,10
5223,1605,2025-04-08 00:47:03,processing,upi,0.66,0
5224,414,2023-11-08 15:26:10,completed,upi,14.9,0
5225,1904,2023-07-23 16:21:52,complet,paypal,21.65,10
5226,282,2024-11-01 08:16:54,cancelled,debit_card,0.0,20
5227,1107,2023-12-05 07:27:17,processing,upi,15.94,15
5228,1926,2023-05-21 13:21:28,completed,cod,21.65,10
5229,491,2023-03-31 21:32:58,shipped,wallet,2.61,10
5230,488,2023-07-20 13:27:26,shipped,wallet,16.03,0
5231,628,2023-01-07 10:48:32,completed,upi,1.31,5
5232,31,2025-04-04 17:32:32,completed,paypal,4.72,15
5233,1650,2024-06-11 03:42:56,shipped,debit_card,2.89,0
5234,1265,2023-07-10 16:52:16,processing,wallet,6.49,10
5235,1996,2025-03-09 01:58:39,shipped,cod,13.57,20
5236,1065,2023-06-26 06:27:06,completed,debit_card,13.96,15
5237,1091,2025-02-23 15:06:33,completed,paypal,11.89,15
5238,1704,2025-03-27 12:00:26,cancelled,paypal,0.0,5
5239,1064,2023-01-06 07:50:39,completed,upi,20.91,10
5240,1347,2025-05-02 01:43:13,shipped,upi,20.6,15
5241,188,2024-03-11 09:41:32,completed,debit_card,11.25,0
5242,901,2024-03-26 23:44:14,completed,wallet,7.08,10
5243,973,2023-07-30 18:00:32,completed,cod,16.15,0
5244,1389,2023-03-10 00:19:45,completed,paypal,1.33,10
5245,1505,2024-08-28 12:56:57,completed,wallet,3.02,0
5246,160,2024-08-21 08:39:42,shipped,credit_card,8.08,20
5247,830,2023-05-27 08:29:56,processing,cod,11.73,5
5248,218,2023-10-19 08:03:56,shipped,wallet,18.51,0
5249,605,2023-09-14 22:37:24,shipped,wallet,19.25,0
5250,152,2024-11-16 21:20:53,shipped,paypal,7.31,10
5251,1106,2024-06-14 22:24:11,shipped,paypal,10.09,0
5252,989,2023-02-08 04:52:55,completed,credit_card,11.89,20
5253,1724,2024-08-19 01:54:35,completed,upi,10.26,15
5254,602,2025-01-16 08:46:45,returned,credit_card,15.73,15
5255,1652,2023-09-29 04:49:49,completed,debit_card,14.15,15
5256,1582,2023-11-27 23:17:59,completed,credit_card,5.08,0
5257,1406,2023-02-08 22:33:45,completed,upi,5.07,15
5258,1300,2025-01-27 18:59:23,completed,credit_card,12.9,0
5259,215,2023-02-27 15:27:38,shipped,upi,20.77,10
5260,947,2024-08-13 22:36:24,completed,cod,10.76,20
5261,1133,2023-10-08 05:09:26,completed,credit_card,20.32,5
5262,202,2023-08-27 05:43:05,cancelled,debit_card,0.0,0
5263,754,2023-03-28 03:55:32,processing,upi,17.41,15
5264,1115,2024-08-06 19:34:41,completed,upi,9.56,10
5265,1883,2023-08-13 02:25:44,completed,credit_card,8.49,15
5266,725,2024-12-20 12:46:13,shipped,wallet,13.84,0
5267,243,2023-01-22 23:35:06,completed,cod,12.59,0
5268,1956,2024-10-21 04:04:29,shipped,cod,3.06,5
5269,1188,2023-03-15 08:16:52,completed,upi,20.6,15
5270,403,2023-08-16 19:04:13,completed,paypal,17.64,15
5271,2175,2024-02-16 22:44:08,completed,debit_card,3.25,15
5272,507,2026-11-26 00:00:00,completed,cod,18.37,10
5273,1128,2023-06-13 04:26:39,completed,paypal,0.43,20
5274,979,2023-12-29 10:43:34,completed,upi,21.71,10
5275,714,2024-01-28 19:07:33,completed,wallet,6.71,0
5276,1802,2023-09-27 08:28:35,completed,debit_card,20.59,10
5277,484,2023-02-12 00:57:37,completed,cod,15.51,0
5278,1616,2024-01-12 23:21:18,completed,paypal,14.32,0
5279,1918,2023-10-24 06:12:21,completed,credit_card,17.09,20
5280,300,2023-02-21 05:42:20,completed,wallet,10.1,10
5281,1509,2025-01-21 04:15:04,completed,cod,19.3,15
5282,537,2024-09-25 09:48:01,shipped,upi,21.22,20
5283,1234,2024-03-17 13:48:27,cancelled,credit_card,0.0,5
5284,395,2023-08-25 17:54:17,completed,credit_card,6.26,0
5285,464,2025-06-29 10:51:32,processing,cod,2.31,0
5286,1565,2023-08-17 13:30:46,processing,wallet,4.84,20
5287,413,2023-08-17 21:36:32,completed,debit_card,18.23,5
5288,892,2023-07-31 08:49:46,completed,credit_card,4.8,0
5289,183,2024-12-15 22:44:25,completed,wallet,0.32,20
5290,1771,2024-02-13 10:08:46,completed,wallet,12.56,0
5291,1027,2024-12-11 23:56:55,completed,wallet,14.05,0
5292,936,2023-10-23 22:52:13,completed,credit_card,21.49,20
5293,1384,2025-01-25 11:58:51,returned,debit_card,21.43,0
5294,263,2024-09-05 16:34:32,completed,paypal,7.93,0
5295,1045,2024-05-01 16:46:55,cancelled,paypal,0.0,10
5296,1436,2023-10-09 12:25:19,,upi,11.03,0
5297,1903,2025-01-04 12:25:30,completed,cod,4.41,0
5298,1902,2023-06-18 04:01:16,completed,credit_card,13.59,5
5299,1038,2023-05-22 00:38:12,shipped,wallet,8.68,15
5300,305,2024-10-23 15:21:45,completed,debit_card,4.02,5
5301,396,2026-12-08 00:00:00,completed,cod,14.34,0
5302,1509,2024-08-31 15:32:59,completed,paypal,7.28,0
5303,1236,2025-02-24 06:47:43,unknown,wallet,16.66,0
5304,116,2024-05-17 14:59:09,completed,paypal,13.72,5
5305,1844,2023-01-26 21:20:19,shipped,cod,2.96,20
5306,284,2023-08-16 06:11:06,shipped,upi,18.55,20
5307,1322,2023-12-30 02:18:59,shipped,upi,6.99,15
5308,406,2024-01-05 04:25:38,completed,credit_card,0.87,20
5309,250,2023-12-10 07:53:17,completed,cod,9.34,5
5310,1749,2025-01-07 18:52:26,shipped,wallet,18.68,0
5311,27,2024-06-13 06:40:09,completed,cod,9.28,10
5312,1392,2023-10-01 05:46:25,completed,upi,13.14,10
5313,1736,2023-09-05 10:21:11,completed,wallet,16.12,0
5314,99,2023-08-17 17:51:11,returned,wallet,14.88,15
5315,1751,2024-06-07 07:45:28,completed,credit_card,14.03,0
5316,1165,2023-06-12 01:35:09,processing,debit_card,1.01,10
5317,76,2025-06-11 02:58:55,completed,debit_card,15.12,0
5318,1467,2024-02-22 14:42:34,cancelled,wallet,0.0,0
5319,1805,2023-03-30 05:57:07,completed,wallet,17.99,5
5320,1348,2024-02-13 22:35:33,completed,upi,14.67,5
5321,1117,2023-12-23 23:44:08,shipped,paypal,19.44,20
5322,275,2023-08-05 03:28:57,shipped,wallet,5.22,5
5323,69,2024-04-02 17:09:57,processing,debit_card,14.79,0
5324,849,2023-02-06 14:59:04,completed,cod,4.01,10
5325,1830,2025-05-08 08:58:31,completed,paypal,7.35,10
5326,1474,2025-06-28 01:30:54,completed,cod,4.43,10
5327,841,2024-02-09 23:08:46,returned,wallet,16.64,0
5328,715,2025-06-25 01:13:49,processing,paypal,2.34,0
5329,432,2025-04-03 23:43:35,completed,cod,6.51,20
5330,1510,2023-09-24 19:48:10,completed,upi,8.16,0
5331,432,2023-10-30 16:57:48,completed,upi,6.73,10
5332,964,2023-09-01 07:28:39,completed,cod,20.0,0
5333,1806,2023-03-21 13:50:58,completed,wallet,2.0,10
5334,1519,2023-07-14 09:07:39,completed,upi,15.3,20
5335,1540,2024-02-18 00:26:14,completed,wallet,14.38,0
5336,1826,2024-10-14 05:49:51,returned,paypal,20.5,10
5337,65,2025-06-17 04:57:16,cancelled,paypal,0.0,0
5338,1158,2023-10-01 21:21:20,shipped,wallet,11.65,0
5339,1860,2024-08-02 14:20:15,shipped,wallet,17.51,0
5340,797,2025-06-19 10:02:36,completed,paypal,20.56,0
5341,1529,2023-01-04 06:33:12,completed,wallet,3.15,0
5342,1883,2023-01-20 02:32:55,completed,wallet,21.97,20
5343,1584,2025-01-23 00:48:52,completed,wallet,18.16,15
5344,1191,2024-09-30 03:05:59,completed,wallet,12.89,15
5345,1263,2023-06-25 23:15:33,completed,paypal,9.49,0
5346,1389,2025-02-22 10:24:51,completed,upi,1.8,10
5347,1388,2025-05-06 03:05:57,completed,cod,12.35,0
5348,350,2024-03-12 13:54:37,completed,wallet,18.64,0
5349,1670,2025-01-27 13:00:15,shipped,credit_card,18.96,0
5350,1702,2024-10-09 05:38:03,completed,upi,5.52,0
5351,1152,2023-07-22 21:09:06,returned,paypal,12.04,0
5352,317,2024-04-15 18:25:19,completed,wallet,7.25,10
5353,699,2023-03-15 10:10:24,completed,credit_card,12.22,5
5354,33,2024-02-17 15:30:28,completed,cod,13.02,20
5355,886,2025-03-22 21:36:18,completed,wallet,10.55,20
5356,870,2024-08-30 11:48:31,completed,cod,14.94,5
5357,886,2024-10-11 01:56:25,shipped,wallet,2.49,20
5358,416,2024-10-07 03:33:59,shipped,upi,13.77,20
5359,592,2024-12-06 16:50:32,completed,debit_card,2.65,20
5360,1883,2023-11-27 12:18:01,completed,upi,1.47,0
5361,1539,2025-04-13 12:27:01,shipped,wallet,12.71,10
5362,38,2023-08-24 05:40:10,shipped,debit_card,0.34,20
5363,360,2023-07-20 12:24:28,cancelled,paypal,0.0,10
5364,1923,2023-02-16 21:17:01,completed,wallet,4.36,5
5365,1336,2024-06-11 14:06:10,completed,debit_card,11.87,0
5366,1268,2023-09-26 14:03:39,completed,paypal,20.68,10
5367,823,2025-06-05 14:59:57,completed,upi,1.6,20
5368,1512,2023-06-05 06:52:18,returned,cod,13.78,0
5369,1583,2024-07-05 13:13:56,completed,upi,9.63,0
5370,1341,2023-07-15 00:34:32,cancelled,paypal,0.0,10
5371,1568,2023-05-02 08:45:08,completed,credit_card,17.59,0
5372,527,2023-08-18 01:23:05,completed,upi,11.67,0
5373,1836,2023-10-25 14:32:30,completed,upi,19.71,0
5374,839,2023-05-28 20:54:31,completed,cod,13.46,0
5375,609,2023-12-18 02:25:17,completed,upi,8.29,0
5376,234,2023-03-31 05:43:25,completed,paypal,1.35,0
5377,476,2024-11-19 00:26:51,completed,credit_card,15.97,15
5378,1612,2023-08-22 12:29:33,completed,cod,7.57,15
5379,937,2023-05-16 17:04:00,shipped,credit_card,0.72,10
5380,191,2023-10-13 02:03:34,completed,cod,6.01,0
5381,1937,2024-06-07 04:07:01,completed,cod,21.88,5
5382,1145,2023-07-27 05:57:01,completed,debit_card,14.49,0
5383,1012,2023-04-02 19:50:48,shipped,paypal,5.52,0
5384,1622,2026-11-05 00:00:00,shipped,paypal,13.28,5
5385,1835,2024-03-12 22:31:46,completed,cod,3.95,0
5386,26,2025-05-21 19:47:49,completed,credit_card,17.64,20
5387,1190,2023-10-25 06:45:54,shipped,cod,7.19,0
5388,1350,2024-02-15 22:16:29,shipped,paypal,19.12,15
5389,1524,2024-09-26 06:07:49,cancelled,paypal,0.0,15
5390,1046,2023-06-03 07:19:17,completed,wallet,9.17,0
5391,1633,2024-01-23 20:08:28,cancelled,credit_card,0.0,10
5392,557,2024-02-11 17:06:35,completed,wallet,2.1,10
5393,107,2024-08-23 09:05:12,completed,wallet,20.76,0
5394,1851,2025-06-13 22:21:20,processing,credit_card,9.01,5
5395,1271,2024-09-30 23:57:52,processing,upi,9.25,5
5396,1874,2023-04-01 16:46:33,completed,paypal,4.72,0
5397,299,2024-02-25 19:14:47,shipped,upi,9.25,20
5398,1527,2023-04-09 23:15:27,shipped,wallet,7.46,10
5399,413,2024-02-26 23:25:33,cancelled,debit_card,0.0,10
5400,1896,2023-06-23 13:27:32,completed,debit_card,2.35,0
5401,346,2024-08-29 12:56:15,completed,upi,0.69,15
5402,41,2023-06-30 15:35:20,processing,cod,0.89,15
5403,1186,2023-02-15 19:45:06,completed,paypal,11.05,0
5404,118,2023-06-16 02:54:51,shipped,credit_card,5.52,0
5405,1014,2025-01-14 20:50:43,completed,paypal,7.02,20
5406,1985,2024-03-20 00:24:18,completed,debit_card,2.51,0
5407,1399,2023-11-29 00:42:36,completed,debit_card,13.83,10
5408,1017,2024-01-07 09:02:41,completed,cod,4.34,0
5409,1149,2023-11-26 20:02:21,completed,wallet,1.44,5
5410,8,2023-03-30 17:07:45,shipped,cod,16.88,0
5411,1464,2024-02-04 03:19:58,completed,wallet,8.76,5
5412,111,2023-04-10 10:25:59,completed,cod,0.8,20
5413,635,2023-01-12 03:40:59,completed,wallet,7.45,10
5414,1228,2024-07-15 21:59:48,processing,credit_card,8.07,0
5415,397,2024-03-26 11:49:27,shipped,wallet,9.08,0
5416,885,2024-03-24 02:27:52,returned,upi,0.56,5
5417,934,2023-02-11 23:52:48,completed,upi,17.87,20
5418,1240,2025-06-18 21:52:30,completed,cod,5.32,15
5419,91,2023-07-17 14:28:03,completed,wallet,0.28,0
5420,727,2023-11-04 15:04:38,completed,credit_card,14.7,20
5421,22,2023-08-06 10:04:57,processing,cod,12.59,0
5422,1924,2024-12-29 21:42:13,completed,cod,19.43,20
5423,1903,2023-01-08 02:28:44,completed,credit_card,19.51,5
5424,1919,2025-06-17 19:55:10,processing,wallet,5.97,10
5425,372,2024-10-15 02:12:52,completed,debit_card,12.64,0
5426,877,2023-11-25 06:50:29,cancelled,upi,0.0,20
5427,1261,2023-08-21 14:10:49,completed,credit_card,12.78,15
5428,1255,2023-06-27 13:27:55,processing,debit_card,11.86,0
5429,495,2023-04-17 19:53:23,completed,paypal,14.45,20
5430,182,2025-02-21 05:29:45,cancelled,paypal,0.0,15
5431,1750,2024-10-13 21:11:13,completed,upi,11.66,10
5432,642,2023-07-29 21:04:01,completed,credit_card,3.85,0
5433,565,2023-10-05 20:29:02,completed,paypal,19.5,5
5434,1780,2023-08-03 14:16:24,returned,credit_card,7.34,5
5435,1141,2025-05-14 19:22:02,completed,debit_card,8.01,5
5436,382,2024-08-10 06:47:52,processing,paypal,5.03,20
5437,295,2025-01-25 23:10:35,completed,credit_card,3.19,20
5438,901,2023-09-17 00:00:20,cancelled,debit_card,0.0,0
5439,726,2023-06-18 04:02:54,shipped,debit_card,5.31,0
5440,905,2024-05-03 02:33:24,shipped,paypal,21.53,20
5441,1124,2023-05-03 14:14:37,completed,credit_card,8.38,0
5442,1784,2023-02-04 00:49:54,shipped,upi,9.93,0
5443,683,2023-02-15 06:27:24,completed,credit_card,21.25,20
5444,73,2024-08-27 18:13:42,completed,cod,10.32,0
5445,172,2023-11-25 18:59:41,shipped,credit_card,6.17,0
5446,1381,2024-03-21 08:53:57,completed,credit_card,13.65,0
5447,1719,2025-03-14 20:48:44,processing,credit_card,1.26,0
5448,354,2025-03-18 10:44:14,shipped,wallet,11.76,0
5449,539,2024-12-19 01:26:59,completed,debit_card,16.98,20
5450,400,2023-02-02 21:57:55,returned,debit_card,6.26,0
5451,1939,2023-12-10 22:32:33,completed,paypal,1.54,20
5452,1667,2024-02-18 01:50:56,completed,cod,4.76,0
5453,2364,2024-11-11 07:04:12,completed,debit_card,2.27,0
5454,1573,2024-02-21 00:56:38,returned,paypal,12.13,15
5455,1753,2024-08-06 08:11:04,completed,paypal,10.37,20
5456,1009,2023-06-27 02:50:18,shipped,debit_card,6.13,5
5457,775,2024-04-01 23:05:30,completed,upi,13.82,5
5458,115,2023-06-24 06:32:02,completed,cod,19.68,0
5459,483,2023-04-13 12:26:58,processing,credit_card,6.06,5
5460,1164,2025-06-10 18:12:11,completed,upi,8.87,5
5461,825,2023-07-09 16:17:56,completed,cod,10.84,20
5462,877,2024-06-10 23:26:12,shipped,paypal,5.17,20
5463,1528,2024-02-03 15:06:12,completed,cod,15.62,5
5464,182,2023-10-27 10:57:59,returned,credit_card,5.72,0
5465,881,2024-06-13 05:59:59,returned,debit_card,6.17,10
5466,1382,2024-08-27 22:26:21,completed,cod,5.55,20
5467,1934,2024-01-17 04:55:32,completed,wallet,2.42,5
5468,763,2025-06-19 19:42:43,processing,wallet,9.39,15
5469,766,2024-08-23 12:24:38,pendingg,cod,2.21,0
5470,1610,2023-01-28 17:59:22,shipped,wallet,18.13,0
5471,59,2023-08-03 20:40:10,completed,upi,13.51,0
5472,200,2023-11-07 13:33:40,shipped,debit_card,13.22,15
5473,789,2023-04-13 23:11:49,completed,upi,9.3,10
5474,318,2025-04-11 20:43:38,,paypal,3.41,10
5475,809,2023-11-13 04:42:28,completed,cod,5.65,20
5476,1514,2025-05-25 12:57:42,cancelled,credit_card,0.0,10
5477,18,2024-12-27 22:32:16,completed,cod,6.96,0
5478,1678,2023-03-02 06:49:16,completed,paypal,16.64,15
5479,1724,2024-10-09 00:33:10,completed,upi,12.16,0
5480,610,2024-07-31 14:00:20,completed,paypal,16.56,0
5481,1955,2024-11-25 13:43:02,completed,upi,3.23,15
5482,5,2024-08-25 20:25:39,completed,wallet,16.91,0
5483,1524,2023-08-12 11:45:13,shipped,paypal,13.8,5
5484,574,2025-05-07 01:20:24,returned,upi,12.15,0
5485,1998,2024-04-16 21:22:37,shippd,credit_card,6.68,5
5486,936,2023-12-05 09:19:12,processing,cod,16.89,0
5487,1624,2025-01-11 00:40:06,completed,upi,8.68,15
5488,1882,2025-05-20 18:09:35,completed,paypal,15.66,0
5489,1817,2024-12-25 19:11:18,shipped,cod,20.35,0
5490,772,2023-06-04 07:34:50,completed,cod,17.17,20
5491,1637,2025-01-29 15:00:23,complet,cod,13.8,0
5492,1810,2024-03-28 21:30:15,completed,debit_card,1.81,10
5493,1868,2025-06-03 12:56:12,completed,debit_card,17.82,10
5494,1186,2023-12-23 01:49:39,shipped,debit_card,1.06,0
5495,1916,2023-12-21 10:20:22,completed,wallet,20.8,5
5496,142,2023-12-21 07:29:57,cancelled,debit_card,0.0,0
5497,929,2024-07-03 14:28:06,completed,paypal,1.76,0
5498,1626,2023-03-07 01:06:32,completed,debit_card,5.21,0
5499,947,2024-01-30 18:34:46,completed,paypal,5.17,0
5500,1638,2024-06-24 03:36:12,completed,debit_card,6.53,0
5501,4,2023-08-09 14:54:37,completed,upi,7.32,0
5502,290,2023-08-07 08:18:25,processing,upi,5.69,0
5503,1046,2023-12-01 13:07:22,completed,paypal,3.32,0
5504,555,2023-02-16 09:14:31,pendingg,cod,21.0,20
5505,831,2023-06-19 22:42:31,completed,cod,14.24,10
5506,712,2023-07-29 01:47:04,completed,upi,9.58,0
5507,787,2023-08-30 07:41:37,completed,debit_card,1.31,20
5508,1487,2023-09-23 04:56:28,completed,debit_card,13.43,20
5509,1284,2024-12-15 03:42:28,completed,cod,4.31,10
5510,887,2024-07-30 01:57:52,processing,paypal,20.27,20
5511,1529,2023-12-09 03:56:14,shipped,wallet,11.27,0
5512,1748,2024-02-02 08:19:39,processing,cod,2.54,20
5513,1576,2025-03-08 13:03:31,cancelled,paypal,0.0,0
5514,345,2024-03-17 16:30:08,completed,debit_card,1.08,10
5515,1980,2025-03-27 02:41:22,shipped,cod,0.46,0
5516,331,2025-03-31 04:43:52,completed,paypal,2.83,10
5517,1217,2023-09-20 00:11:15,shipped,upi,5.96,0
5518,454,2023-12-15 16:56:53,completed,credit_card,1.86,10
5519,1599,2025-04-10 03:03:18,cancelled,upi,0.0,20
5520,254,2024-04-18 20:33:16,completed,debit_card,6.11,10
5521,37,2025-02-22 16:14:37,processing,paypal,18.13,0
5522,543,2023-06-03 07:06:34,shipped,credit_card,9.41,15
5523,1400,2023-04-05 13:39:20,completed,wallet,0.47,0
5524,1387,2024-06-29 23:46:20,processing,wallet,5.06,15
5525,1018,2024-09-03 11:04:59,completed,paypal,0.87,0
5526,1736,2023-09-23 20:13:11,completed,debit_card,7.53,20
5527,1667,2025-03-16 04:09:17,cancelled,paypal,0.0,10
5528,1945,2025-03-12 17:58:49,completed,wallet,12.85,0
5529,2125,2024-06-21 08:32:30,cancelled,paypal,0.0,20
5530,599,2023-08-15 21:02:01,shipped,cod,12.78,0
5531,1595,2024-08-19 15:20:51,completed,paypal,2.95,0
5532,1469,2024-01-07 09:52:14,completed,paypal,8.42,0
5533,1304,2024-05-10 10:55:55,processing,debit_card,18.92,15
5534,462,2023-08-17 22:33:11,completed,paypal,6.55,0
5535,1407,2024-04-18 02:20:46,completed,credit_card,16.57,15
5536,1100,2024-04-20 05:01:27,completed,cod,19.52,0
5537,1518,2024-04-23 03:02:42,completed,wallet,3.4,0
5538,1174,2023-12-30 20:12:58,cancelled,upi,0.0,5
5539,370,2025-06-07 15:41:06,returned,upi,19.45,5
5540,831,2023-02-08 11:48:17,processing,cod,1.81,0
5541,507,2025-01-09 16:06:26,completed,upi,14.3,0
5542,173,2025-02-02 19:24:51,cancelled,wallet,0.0,0
5543,289,2025-05-09 00:26:41,processing,wallet,18.44,10
5544,1140,2023-07-15 13:56:39,processing,debit_card,6.23,0
5545,441,2024-06-23 17:50:12,completed,paypal,19.2,10
5546,1315,2025-03-06 04:40:38,completed,debit_card,0.11,15
5547,1361,2024-01-15 04:05:04,completed,debit_card,1.89,15
5548,10,2026-11-25 00:00:00,completed,debit_card,9.86,5
5549,1303,2025-01-15 02:52:15,returned,paypal,4.24,10
5550,575,2024-01-02 20:16:23,cancelled,cod,0.0,0
5551,1822,2024-08-22 01:24:27,completed,paypal,5.66,10
5552,1851,2024-08-23 07:59:45,completed,debit_card,10.97,0
5553,729,2023-10-27 16:03:16,completed,debit_card,6.41,10
5554,203,2024-09-19 21:32:14,completed,debit_card,0.27,10
5555,1410,2023-02-15 06:53:02,completed,cod,0.53,5
5556,317,2024-12-06 16:51:08,shipped,credit_card,21.14,5
5557,1169,2024-02-12 18:05:29,completed,credit_card,6.53,20
5558,825,2025-06-07 07:53:06,completed,wallet,4.39,5
5559,1723,2023-10-21 03:38:01,completed,upi,9.08,5
5560,1258,2024-11-21 20:44:44,processing,cod,10.33,5
5561,1312,2024-07-30 01:13:28,completed,upi,8.5,0
5562,1460,2025-02-14 20:56:09,completed,cod,19.59,15
5563,353,2023-05-05 22:06:48,cancelled,cod,0.0,5
5564,1665,2023-01-20 00:24:19,completed,paypal,7.83,10
5565,1721,2025-02-10 09:58:34,processing,paypal,20.07,20
5566,526,2025-03-14 07:34:05,returned,debit_card,19.81,0
5567,887,2025-06-02 23:50:17,shipped,cod,13.69,20
5568,1876,2025-03-10 03:20:21,completed,credit_card,11.32,20
5569,1296,2023-10-16 19:28:04,completed,debit_card,10.15,5
5570,1239,2023-07-13 05:06:02,completed,credit_card,7.84,0
5571,997,2024-02-19 18:25:38,completed,debit_card,2.27,15
5572,1940,2025-01-15 04:44:40,completed,credit_card,17.25,0
5573,1727,2024-01-28 06:19:00,processing,debit_card,19.29,0
5574,502,2025-05-21 16:45:26,completed,upi,5.86,0
5575,22,2024-11-17 14:54:42,completed,wallet,6.48,0
5576,744,2024-03-19 22:12:09,returned,paypal,15.39,0
5577,1102,2025-01-22 23:11:26,processing,wallet,5.36,0
5578,992,2023-05-17 22:39:26,completed,credit_card,21.31,0
5579,1375,2023-04-22 08:49:55,processing,wallet,14.77,20
5580,715,2023-03-19 03:58:17,completed,credit_card,10.01,15
5581,1182,2023-11-22 03:45:48,shipped,upi,16.16,0
5582,717,2023-06-03 04:31:59,completed,cod,16.4,10
5583,1351,2023-11-20 08:30:21,completed,paypal,4.73,0
5584,1071,2024-08-21 19:01:43,completed,paypal,9.11,10
5585,1820,2024-03-08 17:52:12,shipped,debit_card,14.79,0
5586,489,2024-04-15 10:04:04,completed,wallet,20.16,5
5587,1373,2023-02-13 01:53:56,shipped,upi,0.27,0
5588,562,2024-12-03 19:23:23,completed,cod,20.56,0
5589,520,2024-01-06 12:57:21,cancelled,credit_card,0.0,0
5590,1918,2024-09-24 19:27:46,completed,debit_card,12.35,15
5591,994,2024-08-18 15:49:52,completed,paypal,8.26,5
5592,1850,2025-02-22 10:42:22,completed,debit_card,14.26,10
5593,226,2023-11-02 02:23:43,completed,cod,12.42,15
5594,767,2024-08-05 07:16:00,completed,debit_card,5.44,0
5595,1564,2023-12-10 14:04:11,completed,cod,16.46,0
5596,1070,2024-04-27 15:46:35,processing,debit_card,18.89,20
5597,967,2023-05-04 22:15:14,cancelled,cod,0.0,5
5598,1591,2023-10-02 14:07:27,shipped,cod,20.07,0
5599,1184,2023-12-20 17:42:15,shipped,cod,4.94,0
5600,1305,2024-08-18 16:00:35,completed,credit_card,13.77,15
5601,1912,2023-10-16 07:26:25,completed,wallet,7.01,5
5602,1574,2024-08-07 00:06:28,completed,credit_card,8.96,20
5603,1953,2023-03-23 09:28:21,completed,cod,20.04,10
5604,1817,2024-05-19 12:45:19,completed,upi,6.97,10
5605,1088,2025-02-21 09:00:16,completed,debit_card,14.63,0
5606,188,2024-05-02 11:49:16,returned,debit_card,8.01,20
5607,1817,2025-01-11 05:23:19,completed,cod,19.98,10
5608,187,2024-05-13 18:26:37,completed,debit_card,7.72,0
5609,373,2024-03-29 21:19:26,shipped,cod,1.36,0
5610,862,2025-04-26 01:03:20,shipped,credit_card,2.61,10
5611,994,2024-07-02 11:54:46,completed,paypal,1.26,15
5612,1492,2024-12-22 00:46:27,completed,wallet,12.73,5
5613,1282,2024-04-10 06:17:20,completed,cod,0.22,20
5614,10,2023-06-23 22:50:13,shipped,upi,10.52,0
5615,766,2023-03-15 22:17:44,completed,wallet,2.46,5
5616,1846,2024-08-23 23:47:36,completed,credit_card,5.39,5
5617,1307,2025-05-22 14:10:25,cancelled,paypal,0.0,15
5618,1345,2023-03-29 18:18:24,shipped,upi,1.13,0
5619,1386,2025-05-29 06:39:16,completed,cod,4.69,0
5620,1212,2023-01-22 17:39:01,completed,credit_card,6.17,0
5621,982,2024-02-22 13:57:00,cancelled,wallet,0.0,0
5622,182,2024-01-26 15:32:49,shipped,debit_card,21.66,20
5623,1730,2024-12-21 15:45:50,completed,cod,8.08,0
5624,676,2024-03-07 05:15:35,completed,upi,13.06,5
5625,1585,2024-01-22 01:43:29,processing,upi,19.81,0
5626,1812,2023-01-31 06:14:36,completed,upi,8.09,0
5627,897,2023-09-19 05:55:27,processing,upi,12.91,20
5628,1038,2023-07-28 01:51:51,processing,cod,12.95,0
5629,1420,2025-02-12 03:28:21,returned,wallet,4.06,10
5630,1285,2025-06-27 15:19:42,shipped,paypal,4.58,15
5631,327,2023-04-09 06:50:20,completed,debit_card,2.09,10
5632,296,2023-11-22 01:47:39,processing,credit_card,20.97,0
5633,896,2025-03-20 18:30:38,completed,paypal,6.88,0
5634,1123,2024-08-31 03:52:27,cancelled,debit_card,0.0,0
5635,1377,2024-09-21 07:09:48,shipped,paypal,12.54,20
5636,1023,2023-12-22 00:06:18,completed,paypal,4.27,0
5637,1928,2023-09-29 16:39:38,completed,wallet,2.97,0
5638,298,2023-08-21 13:31:33,shipped,cod,5.15,20
5639,1235,2024-11-22 04:53:52,completed,cod,2.34,0
5640,77,2024-04-24 11:24:01,completed,paypal,21.27,0
5641,1293,2024-12-06 03:09:28,processing,wallet,8.84,10
5642,230,2023-06-17 07:11:29,completed,upi,16.46,10
5643,1620,2023-08-31 02:04:42,completed,cod,4.4,10
5644,218,2024-02-03 03:40:53,cancelled,upi,0.0,0
5645,553,2025-06-29 08:10:46,completed,wallet,13.65,15
5646,137,2023-07-27 05:09:48,completed,debit_card,16.02,0
5647,1518,2024-03-25 16:13:49,completed,paypal,14.55,0
5648,778,2024-01-12 04:01:46,shipped,paypal,16.26,0
5649,693,2023-12-31 02:12:48,processing,credit_card,10.71,10
5650,6,2024-02-22 15:39:28,cancelled,paypal,0.0,5
5651,1997,2025-04-30 23:58:05,completed,debit_card,15.27,10
5652,1041,2025-02-09 00:04:23,processing,cod,16.21,10
5653,1799,2024-06-26 17:31:55,shipped,cod,19.15,15
5654,691,2025-05-06 23:55:17,shipped,debit_card,4.1,15
5655,1531,2024-05-06 08:20:34,cancelled,upi,0.0,0
5656,824,2024-10-13 01:19:23,completed,debit_card,9.17,10
5657,82,2024-08-15 19:25:40,shipped,cod,8.91,15
5658,1927,2023-12-31 03:08:11,completed,paypal,7.6,0
5659,1306,2024-08-10 16:57:13,cancelled,wallet,0.0,0
5660,1311,2024-06-04 12:35:54,completed,cod,21.71,0
5661,581,2024-08-13 07:27:09,returned,cod,1.66,15
5662,1498,2024-04-16 12:43:56,shipped,debit_card,21.13,10
5663,1544,2025-01-12 05:20:50,completed,wallet,10.94,15
5664,813,2023-08-12 03:57:23,shipped,wallet,21.14,20
5665,324,2025-04-28 15:42:34,completed,wallet,9.51,0
5666,225,2024-06-27 10:12:10,completed,cod,0.55,10
5667,1503,2023-04-10 10:40:43,shipped,credit_card,19.69,10
5668,664,2024-08-09 00:30:52,completed,paypal,0.8,0
5669,364,2023-05-21 02:57:21,completed,credit_card,13.7,5
5670,1511,2023-05-24 17:27:09,completed,credit_card,5.16,0
5671,1270,2024-12-30 08:24:59,completed,credit_card,17.64,0
5672,218,2024-09-18 11:46:02,returned,debit_card,3.85,5
5673,130,2023-10-26 13:05:31,completed,debit_card,3.24,0
5674,906,2025-05-30 04:10:57,completed,debit_card,10.21,0
5675,643,2024-10-02 08:20:37,returned,wallet,9.45,5
5676,1540,2023-06-27 01:32:54,completed,paypal,1.9,0
5677,1941,2023-05-01 08:09:41,completed,credit_card,19.84,0
5678,1293,2023-03-24 00:08:24,completed,credit_card,0.61,0
5679,2321,2024-07-01 02:52:59,shipped,paypal,2.4,0
5680,241,2024-03-08 03:04:44,completed,paypal,1.36,0
5681,1713,2024-08-05 08:39:48,completed,paypal,10.41,0
5682,1675,2023-11-30 22:45:22,shipped,upi,9.48,5
5683,1640,2024-05-31 16:19:38,completed,upi,1.81,0
5684,1155,2023-03-20 20:04:07,completed,wallet,20.13,5
5685,1746,2025-04-08 23:05:33,completed,upi,11.19,10
5686,621,2023-10-21 23:46:34,completed,debit_card,3.72,10
5687,1976,2024-01-02 07:23:56,processing,upi,12.62,0
5688,1222,2023-06-30 18:15:31,completed,credit_card,5.96,10
5689,1492,2023-07-26 13:58:45,completed,wallet,3.53,0
5690,1531,2024-03-22 12:45:38,completed,cod,19.46,0
5691,369,2023-02-26 04:28:59,cancelled,debit_card,0.0,15
5692,399,2023-08-22 21:53:00,completed,paypal,0.56,0
5693,1707,2025-04-05 03:05:52,processing,upi,2.96,5
5694,1074,2023-05-09 14:42:11,completed,debit_card,20.48,15
5695,829,2023-09-22 03:52:22,completed,paypal,4.23,0
5696,1595,2025-06-11 14:54:18,completed,paypal,7.59,20
5697,1211,2023-02-28 17:09:27,completed,paypal,20.92,0
5698,1859,2024-06-02 05:29:37,completed,cod,15.89,5
5699,259,2023-11-10 18:22:56,completed,cod,4.16,0
5700,153,2023-01-05 03:46:49,processing,credit_card,6.56,0
5701,1043,2023-02-17 05:20:40,returned,cod,3.85,5
5702,1888,2023-05-16 20:52:56,completed,cod,13.5,5
5703,1558,2023-07-24 12:30:30,returned,credit_card,19.08,0
5704,736,2023-02-15 12:02:03,processing,credit_card,17.65,20
5705,723,2024-03-14 14:07:19,completed,wallet,15.2,10
5706,719,2024-07-07 20:01:30,completed,paypal,7.87,0
5707,1294,2024-01-20 17:15:53,processing,credit_card,4.56,15
5708,893,2023-04-15 06:56:05,cancelled,debit_card,0.0,15
5709,1713,2024-04-27 03:42:40,shipped,credit_card,20.22,5
5710,1322,2023-08-10 07:44:07,returned,cod,4.88,0
5711,549,2024-08-23 11:26:41,completed,debit_card,19.08,10
5712,1569,2023-06-04 05:07:18,completed,paypal,4.85,10
5713,329,2025-04-28 18:46:57,returned,cod,13.6,0
5714,1945,2023-01-21 16:03:03,processing,wallet,6.78,20
5715,1255,2023-05-30 21:01:16,completed,upi,7.4,0
5716,1705,2025-01-07 20:51:06,cancelled,upi,0.0,15
5717,884,2023-01-23 08:03:11,completed,upi,6.62,5
5718,530,2023-08-20 10:50:35,completed,credit_card,17.73,20
5719,1289,2023-02-14 09:37:03,shipped,credit_card,12.32,0
5720,402,2023-06-13 20:50:09,shipped,wallet,0.84,10
5721,750,2023-11-30 04:58:44,cancelled,credit_card,0.0,0
5722,920,2024-02-26 20:29:08,completed,debit_card,20.37,20
5723,834,2023-02-19 11:38:06,processing,paypal,21.52,0
5724,1104,2023-10-01 06:17:05,completed,credit_card,13.14,0
5725,1942,2023-09-25 05:09:39,shipped,cod,0.54,0
5726,1025,2023-10-22 23:34:40,completed,credit_card,1.51,15
5727,626,2023-08-20 16:15:20,returned,paypal,9.52,15
5728,706,2023-11-16 10:39:36,shipped,wallet,14.46,10
5729,998,2024-04-06 16:56:39,returned,credit_card,2.01,0
5730,658,2023-01-16 06:40:30,completed,wallet,11.47,20
5731,937,2023-11-29 11:13:57,completed,wallet,11.15,20
5732,981,2023-12-01 09:03:53,completed,cod,11.45,20
5733,1855,2024-05-11 06:43:35,completed,credit_card,21.85,15
5734,732,2023-07-14 08:10:48,shipped,upi,12.76,20
5735,24,2024-04-02 01:21:46,completed,wallet,8.04,20
5736,967,2024-09-05 02:05:35,shipped,paypal,8.29,0
5737,2402,2023-10-16 15:03:00,completed,wallet,12.54,0
5738,723,2023-12-25 05:08:28,completed,credit_card,12.74,15
5739,1427,2023-09-21 01:26:03,completed,paypal,8.37,15
5740,1974,2024-10-07 21:04:54,processing,upi,14.68,5
5741,1568,2023-01-18 20:43:02,shipped,paypal,4.95,0
5742,1807,2023-01-15 07:57:42,completed,paypal,0.2,5
5743,1463,2025-02-13 21:13:28,completed,wallet,13.97,0
5744,675,2024-08-29 22:06:12,completed,cod,5.4,0
5745,1007,2024-09-23 00:39:44,completed,wallet,9.99,0
5746,74,2023-03-17 08:50:18,shipped,debit_card,5.4,0
5747,1831,2025-05-24 17:06:45,completed,cod,17.22,15
5748,201,2025-01-23 12:46:19,completed,wallet,2.27,5
5749,57,2025-04-24 05:36:46,shipped,cod,2.88,5
5750,39,2023-07-02 04:18:28,cancelled,wallet,0.0,5
5751,1200,2024-04-14 04:23:34,completed,upi,13.61,10
5752,705,2024-10-15 05:02:39,shipped,upi,0.36,20
5753,1977,2024-12-23 10:30:15,completed,cod,2.48,0
5754,65,2023-12-30 06:07:28,completed,cod,7.5,0
5755,412,2023-12-10 01:19:55,completed,paypal,8.16,20
5756,713,2024-09-11 18:20:21,returned,debit_card,5.95,0
5757,184,2025-03-28 13:36:34,completed,wallet,11.56,5
5758,1618,2024-02-06 15:20:37,shipped,credit_card,16.88,20
5759,1515,2023-09-08 18:25:03,completed,paypal,12.66,0
5760,1233,2023-03-18 12:25:31,completed,cod,6.39,15
5761,845,2024-12-05 16:43:46,cancelled,paypal,0.0,10
5762,1107,2025-05-24 02:46:32,shipped,paypal,19.68,15
5763,758,2025-05-18 00:08:49,processing,wallet,20.91,0
5764,1897,2024-01-02 23:55:53,completed,credit_card,5.45,0
5765,1240,2024-10-24 11:48:05,completed,debit_card,0.23,10
5766,1497,2024-08-14 16:42:36,returned,paypal,16.56,0
5767,1343,2023-06-21 10:14:42,completed,paypal,9.02,0
5768,717,2024-07-16 13:12:58,completed,debit_card,12.79,20
5769,1982,2023-02-11 09:03:15,completed,wallet,9.48,15
5770,1030,2023-02-10 09:34:56,completed,wallet,8.52,0
5771,1936,2025-02-06 11:15:16,shipped,credit_card,6.26,0
5772,437,2023-01-10 16:51:28,completed,wallet,18.41,20
5773,565,2023-08-17 01:19:32,shipped,upi,21.59,15
5774,1800,2023-10-25 22:21:25,completed,credit_card,21.02,10
5775,501,2023-03-11 15:46:05,completed,upi,1.45,0
5776,435,2023-03-11 16:17:42,processing,wallet,21.73,0
5777,489,2023-10-26 06:00:29,completed,credit_card,13.3,0
5778,1070,2023-05-21 06:06:15,completed,credit_card,2.91,0
5779,1769,2024-09-11 16:41:37,completed,cod,15.82,10
5780,605,2025-05-27 03:41:23,cancelled,upi,0.0,20
5781,487,2024-03-20 21:53:22,completed,upi,8.55,20
5782,1733,2024-10-19 19:20:18,completed,debit_card,3.1,5
5783,1019,2025-03-04 19:55:39,completed,debit_card,6.31,0
5784,1600,2024-06-13 08:31:00,processing,debit_card,19.02,20
5785,901,2023-08-28 20:10:58,completed,wallet,18.77,10
5786,1387,2025-01-19 22:19:04,processing,upi,18.9,5
5787,1719,2023-07-21 14:34:15,completed,credit_card,19.54,20
5788,1821,2024-05-10 02:46:06,completed,credit_card,2.29,20
5789,463,2024-12-11 23:51:44,completed,paypal,4.87,0
5790,757,2024-09-13 06:08:56,completed,upi,20.57,10
5791,1727,2023-12-26 19:48:59,completed,cod,15.7,0
5792,1675,2023-04-29 13:32:27,shipped,upi,7.81,15
5793,168,2023-11-27 22:54:12,completed,debit_card,21.75,0
5794,508,2025-02-25 09:54:05,completed,cod,13.08,10
5795,1190,2024-01-19 02:38:07,completed,wallet,15.21,0
5796,1538,2023-09-14 15:43:31,completed,upi,0.21,5
5797,1480,2024-11-02 17:51:43,shipped,debit_card,18.89,0
5798,1027,2024-09-15 02:06:45,shipped,credit_card,13.52,0
5799,1617,2023-09-25 03:21:39,completed,debit_card,18.19,0
5800,1912,2025-02-25 09:17:52,returned,debit_card,17.56,20
5801,1568,2025-04-06 21:45:15,processing,upi,17.41,20
5802,979,2024-03-31 17:26:39,completed,wallet,0.51,15
5803,903,2025-03-25 09:36:37,completed,debit_card,13.81,0
5804,988,2023-03-27 21:31:03,completed,wallet,17.23,0
5805,1488,2023-07-05 20:55:46,completed,paypal,18.87,0
5806,1730,2025-02-19 15:17:01,completed,paypal,19.42,15
5807,446,2024-10-22 14:30:55,completed,debit_card,9.27,15
5808,450,2023-01-13 20:36:08,completed,paypal,1.66,10
5809,466,2025-03-25 01:50:12,completed,upi,18.96,0
5810,870,2023-11-27 14:30:44,completed,upi,1.61,20
5811,1925,2023-11-19 03:31:36,completed,upi,13.51,10
5812,1945,2024-11-20 18:38:05,completed,upi,6.34,20
5813,1590,2024-12-15 02:43:24,processing,wallet,2.92,0
5814,525,2024-04-28 18:57:46,completed,wallet,7.92,15
5815,1032,2023-09-14 02:49:00,completed,credit_card,18.3,0
5816,1050,2025-01-06 01:45:12,completed,debit_card,7.71,0
5817,818,2025-01-02 22:42:53,processing,paypal,2.07,0
5818,1979,2023-09-11 20:43:10,shipped,cod,19.13,20
5819,388,2024-01-01 03:05:16,completed,paypal,2.44,0
5820,5,2023-07-05 18:49:30,shipped,credit_card,14.86,0
5821,1860,2023-11-05 22:33:43,shipped,paypal,12.56,10
5822,1788,2025-04-10 16:05:59,completed,wallet,7.25,15
5823,827,2024-01-22 10:06:38,completed,paypal,4.34,20
5824,65,2024-10-01 22:23:07,shipped,wallet,18.93,10
5825,1528,2023-04-21 10:21:16,shipped,paypal,2.84,5
5826,1566,2023-06-04 05:40:13,completed,debit_card,4.07,5
5827,375,2025-04-17 16:16:03,completed,credit_card,14.21,20
5828,908,2023-01-21 15:29:55,completed,debit_card,9.28,5
5829,99,2024-02-26 02:56:44,completed,wallet,11.36,0
5830,992,2025-02-11 18:34:36,cancelled,paypal,0.0,0
5831,564,2024-03-01 12:25:35,cancelled,wallet,0.0,0
5832,464,2023-03-26 08:28:41,completed,upi,1.68,20
5833,1623,2023-09-26 10:37:22,shipped,cod,0.42,15
5834,809,2025-04-10 01:34:17,cancelled,cod,0.0,0
5835,284,2024-12-01 10:30:44,processing,debit_card,1.03,10
5836,1814,2024-06-07 16:38:49,completed,cod,19.96,0
5837,127,2025-02-13 15:01:34,shipped,upi,17.61,0
5838,1451,2024-08-03 02:48:21,completed,wallet,5.77,0
5839,1553,2024-06-20 21:44:08,completed,debit_card,12.52,5
5840,1277,2024-03-03 06:51:33,processing,paypal,12.59,0
5841,94,2024-11-12 22:44:07,shipped,upi,18.17,0
5842,590,2024-05-12 09:56:01,completed,debit_card,14.35,5
5843,690,2024-03-29 14:15:49,shipped,debit_card,10.83,20
5844,704,2024-11-09 12:39:45,completed,paypal,13.73,15
5845,1005,2023-01-13 20:48:08,completed,wallet,8.13,10
5846,944,2024-11-25 03:49:23,completed,credit_card,5.37,0
5847,1229,2025-01-09 19:42:25,completed,cod,15.18,0
5848,1931,2025-02-15 01:05:40,completed,upi,13.82,0
5849,747,2023-01-14 20:23:05,shipped,paypal,16.35,10
5850,1664,2023-06-26 22:28:26,completed,cod,20.74,20
5851,1584,2023-08-01 21:15:42,completed,credit_card,19.42,0
5852,623,2024-09-20 14:18:15,completed,credit_card,12.73,0
5853,1930,2024-03-21 13:38:59,cancelled,wallet,0.0,0
5854,976,2024-08-13 18:07:10,completed,credit_card,4.6,15
5855,294,2023-09-23 22:11:00,completed,debit_card,21.03,20
5856,1052,2024-05-30 21:44:09,processing,debit_card,13.18,0
5857,1285,2024-07-31 01:10:13,shipped,credit_card,9.98,15
5858,72,2024-01-17 07:07:07,shipped,wallet,10.55,0
5859,471,2025-06-16 18:08:43,shipped,credit_card,13.46,5
5860,1867,2025-03-21 06:21:27,processing,wallet,13.6,0
5861,1582,2024-01-24 07:54:52,completed,cod,6.85,20
5862,1343,2025-01-14 23:21:23,shipped,debit_card,20.87,0
5863,825,2025-06-20 08:45:56,completed,wallet,0.23,0
5864,602,2024-10-31 09:23:44,completed,cod,14.57,20
5865,1518,2023-01-23 03:33:03,shipped,debit_card,17.26,10
5866,538,2023-03-14 17:17:18,processing,debit_card,12.16,0
5867,1698,2023-10-23 05:31:14,completed,paypal,19.88,20
5868,989,2024-06-01 14:13:30,shipped,debit_card,21.09,20
5869,1915,2023-06-09 12:56:29,completed,upi,1.59,10
5870,969,2024-08-02 04:26:08,completed,debit_card,5.19,15
5871,1708,2023-10-07 03:24:55,completed,credit_card,16.23,0
5872,263,2023-05-02 23:59:19,shipped,debit_card,3.83,15
5873,1061,2024-01-05 20:48:33,unknown,debit_card,9.64,5
5874,329,2023-01-15 07:16:56,shipped,debit_card,3.3,20
5875,617,2025-04-20 02:04:49,cancelled,cod,0.0,0
5876,283,2023-02-16 10:31:06,completed,cod,4.56,20
5877,901,2024-03-05 18:05:20,completed,wallet,17.62,0
5878,1420,2024-04-13 19:01:27,returned,wallet,6.13,0
5879,929,2024-01-03 02:29:26,shipped,wallet,13.71,0
5880,552,2025-06-13 23:55:24,completed,paypal,14.45,20
5881,1424,2024-07-31 23:56:18,completed,upi,8.71,0
5882,978,2023-04-09 15:51:53,completed,wallet,11.56,0
5883,2398,2024-09-10 04:42:01,completed,upi,4.33,5
5884,1422,2023-11-09 16:24:15,completed,debit_card,3.47,20
5885,1876,2023-05-07 23:34:45,completed,wallet,17.98,0
5886,1352,2024-10-05 12:57:30,cancelled,debit_card,0.0,5
5887,116,2023-08-12 12:44:41,shipped,wallet,3.71,10
5888,257,2023-08-16 08:43:04,completed,credit_card,5.72,20
5889,568,2024-08-18 00:25:06,shipped,debit_card,11.72,20
5890,450,2023-12-19 06:46:36,completed,cod,18.37,0
5891,1881,2024-08-14 13:14:18,completed,credit_card,1.97,0
5892,1045,2025-01-28 19:12:22,completed,debit_card,11.56,0
5893,900,2024-08-04 18:32:52,shipped,cod,10.93,0
5894,1774,2025-01-31 07:32:08,completed,debit_card,0.87,0
5895,416,2024-10-30 00:34:50,shipped,paypal,21.46,10
5896,1716,2024-07-16 10:08:13,completed,debit_card,6.03,0
5897,1320,2023-02-28 07:01:23,completed,wallet,11.11,0
5898,1484,2024-05-22 17:48:16,processing,paypal,16.18,0
5899,1949,2023-06-08 12:28:24,completed,credit_card,7.32,10
5900,2478,2023-07-01 20:47:31,processing,credit_card,13.83,15
5901,1367,2024-10-10 15:06:52,completed,cod,1.43,0
5902,280,2023-03-08 00:15:30,shipped,cod,18.69,10
5903,1993,2023-08-10 23:41:33,completed,upi,11.04,10
5904,1965,2023-01-24 06:26:02,completed,credit_card,6.91,0
5905,212,2023-10-31 15:26:17,completed,cod,18.22,5
5906,1544,2023-08-22 04:33:23,shipped,paypal,11.61,0
5907,1781,2024-05-17 17:07:39,completed,upi,15.83,20
5908,1538,2023-11-26 01:42:23,completed,cod,8.64,15
5909,760,2023-02-07 01:30:26,cancelled,wallet,0.0,15
5910,1133,2024-05-22 12:46:24,completed,paypal,3.62,5
5911,75,2024-09-17 20:59:47,completed,credit_card,1.37,15
5912,1669,2023-07-27 07:41:39,processing,wallet,6.84,0
5913,900,2024-08-27 01:06:59,completed,credit_card,19.95,10
5914,1620,2024-03-16 17:29:27,shipped,upi,3.54,0
5915,379,2026-12-11 00:00:00,processing,cod,10.08,5
5916,759,2025-03-29 03:31:14,shipped,debit_card,1.99,0
5917,2170,2023-03-01 15:02:58,completed,paypal,16.56,15
5918,1476,2024-07-17 06:56:05,processing,wallet,13.23,20
5919,371,2024-01-27 05:15:48,completed,wallet,3.79,10
5920,442,2024-04-10 02:49:25,completed,paypal,21.92,20
5921,406,2023-05-19 12:12:17,shipped,cod,20.65,5
5922,1,2023-04-30 21:03:05,completed,upi,4.05,5
5923,1556,2024-11-12 11:03:58,completed,cod,1.98,0
5924,1588,2023-04-03 23:49:33,completed,wallet,3.27,0
5925,386,2024-02-22 02:54:52,completed,cod,9.82,0
5926,321,2024-03-04 07:58:23,completed,cod,13.58,20
5927,1036,2024-09-15 03:20:19,completed,debit_card,15.08,0
5928,310,2025-02-11 20:24:11,completed,cod,21.6,20
5929,476,2024-09-20 14:38:53,completed,paypal,13.2,0
5930,463,2023-12-07 16:03:44,completed,debit_card,19.0,0
5931,33,2024-02-20 22:58:01,completed,debit_card,1.6,0
5932,1398,2023-05-02 16:16:00,shipped,wallet,15.9,5
5933,361,2023-02-03 10:00:11,completed,debit_card,20.91,0
5934,593,2023-11-22 11:30:29,processing,upi,10.65,5
5935,92,2024-03-25 13:17:55,completed,wallet,10.99,5
5936,1433,2023-11-13 23:03:42,completed,credit_card,3.57,0
5937,325,2023-09-09 00:52:01,processing,debit_card,13.44,15
5938,1490,2023-05-06 08:48:40,completed,wallet,1.37,20
5939,1937,2023-09-20 06:53:40,cancelled,debit_card,0.0,15
5940,239,2026-11-30 00:00:00,completed,credit_card,15.38,0
5941,872,2023-07-16 23:02:53,shipped,debit_card,16.16,20
5942,1987,2025-02-14 23:05:34,shipped,upi,1.13,15
5943,235,2024-07-22 22:37:06,shipped,credit_card,7.1,0
5944,1562,2025-04-22 05:35:49,completed,upi,1.87,0
5945,307,2023-02-16 01:39:03,completed,upi,18.78,5
5946,1019,2025-02-25 17:25:18,shipped,paypal,15.05,15
5947,460,2024-02-23 05:53:50,completed,credit_card,16.09,5
5948,1609,2024-02-26 01:43:39,completed,cod,20.81,5
5949,598,2024-01-05 22:59:08,completed,debit_card,11.49,0
5950,1274,2025-06-28 07:08:17,completed,credit_card,18.53,5
5951,2460,2024-05-24 03:34:37,cancelled,wallet,0.0,5
5952,773,2023-12-15 05:47:05,completed,debit_card,2.86,20
5953,1051,2024-05-15 15:03:02,completed,paypal,16.04,0
5954,856,2023-08-09 19:40:30,completed,debit_card,15.02,0
5955,708,2024-03-23 11:25:28,completed,credit_card,14.26,15
5956,1358,2023-11-04 01:50:34,shipped,debit_card,19.14,20
5957,2498,2024-08-02 19:26:19,completed,credit_card,3.39,20
5958,41,2023-03-17 10:45:52,shipped,upi,6.93,10
5959,1150,2023-12-13 21:42:47,completed,paypal,15.75,10
5960,1093,2025-04-26 08:10:05,completed,debit_card,14.34,0
5961,830,2023-06-18 09:38:23,completed,debit_card,4.96,20
5962,1176,2023-08-10 00:09:16,shipped,debit_card,12.09,0
5963,1839,2024-05-15 09:15:14,completed,debit_card,9.73,0
5964,983,2024-07-11 00:48:20,completed,credit_card,14.65,0
5965,1655,2024-04-13 12:41:51,completed,cod,16.6,10
5966,196,2023-12-18 09:27:09,completed,credit_card,3.93,15
5967,607,2024-07-27 06:56:20,completed,debit_card,1.68,15
5968,1623,2023-11-27 06:12:53,shipped,paypal,15.02,5
5969,762,2024-04-11 18:29:27,completed,wallet,9.88,0
5970,1390,2023-07-08 08:15:09,completed,upi,20.7,5
5971,420,2023-08-08 03:00:46,returned,debit_card,3.81,0
5972,1924,2024-09-14 14:40:14,shipped,upi,1.28,0
5973,1845,2025-01-05 18:05:35,completed,credit_card,19.58,5
5974,936,2025-05-13 19:15:44,completed,paypal,16.44,0
5975,1088,2024-06-10 09:03:52,shipped,upi,1.78,20
5976,261,2023-04-04 15:56:19,completed,paypal,2.39,0
5977,1099,2023-06-09 02:49:25,completed,upi,14.88,15
5978,1050,2023-08-08 09:20:24,completed,debit_card,17.19,10
5979,1138,2024-11-30 14:00:32,shipped,upi,14.11,15
5980,579,2024-05-15 00:37:46,shipped,cod,4.19,5
5981,437,2023-04-28 14:35:24,completed,debit_card,9.39,20
5982,1530,2024-02-21 18:00:52,completed,upi,10.75,0
5983,1137,2023-12-28 00:43:01,completed,credit_card,9.65,0
5984,448,2024-05-09 02:44:10,shipped,debit_card,20.92,10
5985,560,2025-03-19 23:54:51,completed,credit_card,9.38,20
5986,433,2024-09-20 00:35:25,completed,credit_card,17.94,0
5987,1552,2025-04-18 16:23:31,completed,cod,20.4,20
5988,1610,2023-08-10 06:02:56,CANCEL,paypal,13.04,10
5989,1522,2023-11-02 22:40:36,completed,debit_card,15.85,0
5990,1475,2024-12-07 18:41:18,completed,paypal,5.24,5
5991,19,2024-02-27 05:18:05,completed,upi,4.97,0
5992,966,2026-12-08 00:00:00,processing,cod,10.79,5
5993,1096,2024-04-08 06:58:01,completed,cod,5.39,10
5994,240,2024-11-26 04:26:42,shipped,paypal,18.25,0
5995,693,2025-06-22 14:07:28,completed,wallet,17.34,0
5996,1707,2023-04-06 18:56:51,completed,credit_card,18.37,0
5997,1802,2023-06-02 12:42:25,shipped,credit_card,3.32,20
5998,1994,2023-06-21 03:43:19,cancelled,debit_card,0.0,10
5999,1813,2023-08-15 04:44:48,shipped,credit_card,5.04,0
6000,1112,2025-01-09 16:23:11,completed,paypal,13.39,0
6001,1156,2023-12-16 07:49:28,completed,paypal,2.12,10
6002,758,2023-08-11 14:38:54,completed,credit_card,19.25,20
6003,1540,2024-02-08 23:07:11,completed,credit_card,21.28,20
6004,30,2025-03-26 04:26:52,pendingg,credit_card,4.37,0
6005,394,2024-03-24 11:05:53,completed,credit_card,12.87,15
6006,1189,2024-08-30 18:41:45,completed,debit_card,6.71,0
6007,471,2024-07-18 12:15:40,completed,paypal,14.57,15
6008,1626,2023-05-15 18:31:55,completed,wallet,8.93,20
6009,849,2024-08-29 20:42:56,shipped,credit_card,12.96,10
6010,791,2023-05-03 10:50:33,shipped,credit_card,1.38,5
6011,797,2024-01-04 02:42:31,completed,paypal,11.86,0
6012,503,2023-08-04 04:31:55,shipped,debit_card,8.32,0
6013,1375,2023-02-08 21:26:26,completed,cod,8.56,20
6014,1544,2024-09-09 06:21:35,completed,cod,4.69,10
6015,663,2024-11-22 05:35:28,shipped,paypal,4.85,20
6016,1718,2023-12-07 13:01:51,completed,cod,21.85,0
6017,184,2025-01-18 13:56:10,completed,paypal,6.6,5
6018,284,2024-09-28 07:00:31,completed,credit_card,1.33,0
6019,633,2023-03-31 07:31:21,returned,cod,14.69,0
6020,583,2024-10-26 09:09:24,shipped,cod,19.83,0
6021,857,2023-01-17 09:01:28,cancelled,credit_card,0.0,0
6022,1439,2024-07-02 03:05:58,processing,debit_card,3.79,15
6023,1228,2023-10-27 02:27:32,shipped,upi,18.85,5
6024,1924,2023-11-11 03:20:54,shipped,credit_card,2.22,0
6025,1589,2023-04-12 21:53:52,shipped,paypal,17.19,0
6026,1797,2025-03-31 02:04:11,completed,paypal,5.9,10
6027,263,2024-04-12 03:09:40,shippd,credit_card,10.2,0
6028,2297,2024-04-15 01:00:23,completed,wallet,0.99,0
6029,1732,2024-10-19 23:41:15,returned,cod,3.53,0
6030,323,2023-09-28 23:37:02,shipped,debit_card,21.31,0
6031,490,2024-04-18 09:56:01,cancelled,upi,0.0,0
6032,1768,2024-05-30 03:42:44,processing,credit_card,16.31,0
6033,182,2023-06-03 09:02:00,completed,credit_card,16.15,5
6034,1905,2023-02-20 06:40:03,shipped,wallet,1.23,0
6035,1799,2023-03-18 12:52:46,completed,cod,15.54,0
6036,1070,2023-03-24 20:19:48,shipped,credit_card,12.17,0
6037,1553,2025-02-16 17:19:44,shipped,paypal,9.22,5
6038,1900,2023-01-02 07:12:59,completed,upi,19.28,0
6039,843,2024-12-28 04:18:20,completed,debit_card,3.57,15
6040,192,2024-01-12 11:24:42,completed,credit_card,13.07,0
6041,907,2024-08-22 22:18:59,completed,wallet,20.83,15
6042,311,2025-03-09 22:12:23,shipped,paypal,11.63,15
6043,930,2024-12-28 18:10:51,completed,cod,11.73,20
6044,389,2024-02-19 12:58:28,completed,credit_card,2.04,0
6045,26,2024-11-28 17:32:50,shipped,paypal,2.84,0
6046,1242,2024-09-13 15:58:03,returned,wallet,1.7,0
6047,1281,2024-06-14 10:40:39,completed,paypal,6.48,5
6048,650,2023-06-03 03:53:45,completed,wallet,20.14,0
6049,1061,2023-10-01 20:39:27,returned,debit_card,1.6,20
6050,710,2023-07-15 00:55:36,cancelled,paypal,0.0,10
6051,870,2023-02-08 01:14:37,completed,credit_card,5.66,5
6052,211,2023-07-25 04:59:27,completed,debit_card,13.34,0
6053,281,2023-05-26 00:51:42,completed,credit_card,9.44,10
6054,29,2024-12-26 23:02:41,shipped,cod,10.69,0
6055,570,2023-12-19 07:09:39,completed,upi,10.73,15
6056,651,2024-10-29 14:32:49,completed,credit_card,7.97,10
6057,43,2024-10-04 18:49:39,completed,cod,14.36,20
6058,499,2024-01-02 04:07:27,returned,cod,1.1,0
6059,447,2024-03-09 17:15:44,completed,upi,19.2,10
6060,1109,2023-12-31 00:08:32,completed,cod,9.8,15
6061,1238,2024-10-03 23:39:42,processing,wallet,19.52,5
6062,1786,2023-02-06 13:40:12,completed,wallet,6.8,0
6063,1926,2026-11-13 00:00:00,completed,cod,3.44,0
6064,254,2025-06-19 20:43:37,completed,wallet,2.87,20
6065,859,2025-06-29 20:31:52,processing,paypal,16.27,0
6066,252,2024-03-13 12:50:46,processing,credit_card,2.27,10
6067,494,2024-07-09 12:29:42,completed,upi,7.98,0
6068,1762,2023-09-22 17:03:22,shipped,debit_card,12.51,10
6069,794,2024-11-05 07:48:56,completed,upi,21.93,0
6070,1524,2024-10-08 03:44:48,completed,wallet,0.13,0
6071,1695,2024-10-13 13:44:33,completed,credit_card,13.7,5
6072,171,2024-11-07 07:05:05,shipped,debit_card,2.45,0
6073,957,2024-06-25 23:03:34,completed,upi,4.66,10
6074,751,2024-08-03 19:33:13,completed,upi,16.71,10
6075,1495,2024-12-01 20:36:56,completed,credit_card,5.38,5
6076,219,2025-06-24 17:44:45,completed,credit_card,7.9,0
6077,443,2024-02-06 01:24:39,completed,debit_card,1.01,10
6078,219,2024-03-22 18:55:13,completed,wallet,18.25,0
6079,152,2025-04-14 22:12:30,completed,debit_card,21.28,15
6080,946,2023-12-07 04:23:58,cancelled,cod,0.0,15
6081,1493,2024-08-27 12:15:50,completed,debit_card,12.42,10
6082,1937,2024-10-22 14:25:17,cancelled,debit_card,0.0,0
6083,177,2024-05-27 00:42:22,completed,credit_card,17.52,0
6084,1086,2023-11-07 16:01:20,cancelled,cod,0.0,20
6085,1554,2023-07-04 20:01:35,completed,cod,10.36,0
6086,666,2024-05-20 07:51:44,shipped,cod,11.12,20
6087,97,2024-03-29 01:59:15,completed,wallet,10.53,10
6088,1005,2024-03-22 07:13:47,completed,cod,18.55,15
6089,981,2024-12-01 05:21:35,processing,credit_card,1.34,0
6090,234,2025-01-16 21:15:12,completed,cod,6.42,0
6091,953,2025-06-28 17:35:17,cancelled,paypal,0.0,15
6092,1108,2024-04-26 06:56:38,completed,upi,14.05,5
6093,1415,2024-09-25 21:12:51,processing,credit_card,0.51,20
6094,224,2024-06-16 19:15:13,completed,wallet,12.92,20
6095,1625,2024-06-09 17:46:34,processing,upi,8.78,0
6096,1213,2026-11-26 00:00:00,completed,wallet,11.63,0
6097,1469,2024-07-03 07:16:00,returned,upi,6.06,15
6098,856,2023-10-11 16:02:38,cancelled,debit_card,0.0,10
6099,1199,2023-07-11 04:50:26,completed,cod,5.45,15
6100,1149,2025-02-11 02:52:28,completed,paypal,16.94,0
6101,1570,2023-04-03 21:36:47,shipped,upi,2.22,5
6102,1476,2023-07-25 13:15:32,completed,debit_card,7.6,0
6103,1595,2024-06-15 13:03:58,completed,upi,14.79,0
6104,786,2023-11-22 23:09:22,completed,wallet,8.26,15
6105,976,2025-05-22 23:26:05,completed,credit_card,6.24,5
6106,246,2023-07-02 07:45:05,returned,paypal,11.05,10
6107,652,2025-06-17 20:19:50,processing,cod,14.07,20
6108,1001,2024-05-19 12:42:03,cancelled,paypal,0.0,15
6109,910,2024-12-08 03:36:29,shipped,cod,1.1,15
6110,1894,2024-10-20 03:07:47,shipped,upi,19.31,15
6111,1019,2024-07-21 22:01:53,completed,paypal,9.38,5
6112,857,2024-02-21 10:25:01,completed,wallet,21.42,5
6113,543,2024-02-21 23:29:24,completed,upi,13.35,10
6114,101,2024-02-06 11:04:38,completed,upi,1.86,15
6115,579,2023-10-27 15:47:47,completed,cod,2.71,5
6116,165,2025-06-19 18:07:49,shipped,wallet,11.64,20
6117,1121,2025-02-04 18:57:43,completed,wallet,20.88,20
6118,1129,2023-01-02 15:55:33,shipped,credit_card,16.74,0
6119,1514,2023-07-24 07:58:54,completed,debit_card,9.32,20
6120,171,2023-11-03 03:27:20,completed,upi,10.24,10
6121,1503,2024-03-14 04:42:40,shipped,credit_card,10.1,0
6122,1457,2025-01-18 18:49:11,cancelled,cod,0.0,0
6123,410,2023-09-04 23:19:08,completed,credit_card,14.12,10
6124,1540,2023-04-23 08:22:52,completed,cod,6.45,5
6125,1817,2025-02-28 20:34:49,completed,cod,1.86,10
6126,372,2023-05-17 14:40:18,shipped,upi,15.39,5
6127,384,2023-12-23 13:10:17,shipped,wallet,21.61,0
6128,1801,2025-05-11 08:14:07,completed,paypal,4.35,15
6129,145,2025-05-21 10:39:08,shipped,upi,2.6,0
6130,867,2023-04-08 12:03:31,completed,debit_card,16.89,10
6131,104,2023-06-05 22:43:31,cancelled,paypal,0.0,10
6132,640,2024-02-02 00:58:52,completed,debit_card,12.73,0
6133,1713,2023-02-25 10:26:28,completed,upi,9.51,20
6134,1552,2024-02-28 23:05:13,completed,debit_card,12.75,20
6135,855,2025-02-27 13:59:12,completed,debit_card,12.52,10
6136,1158,2023-03-19 13:40:49,processing,upi,15.07,0
6137,141,2025-01-23 18:22:49,processing,debit_card,0.57,15
6138,38,2023-04-13 09:54:40,returned,credit_card,19.14,0
6139,332,2025-01-17 12:46:26,completed,paypal,6.18,5
6140,894,2024-10-10 08:03:09,completed,wallet,12.99,15
6141,1866,2023-07-28 18:41:24,completed,credit_card,13.11,5
6142,1529,2025-02-03 13:38:59,cancelled,credit_card,0.0,0
6143,1307,2023-08-09 17:23:52,shipped,paypal,18.7,15
6144,226,2025-06-19 14:11:36,shipped,credit_card,3.9,0
6145,1587,2025-02-26 19:36:38,completed,upi,3.01,0
6146,1990,2023-04-19 16:21:56,cancelled,paypal,0.0,5
6147,368,2023-01-22 20:48:25,processing,debit_card,5.52,15
6148,906,2024-03-24 14:03:12,processing,credit_card,15.41,0
6149,1889,2024-09-27 20:39:01,completed,paypal,16.03,10
6150,621,2025-05-19 07:36:32,completed,cod,21.49,10
6151,63,2024-02-21 21:10:33,shipped,upi,3.48,15
6152,139,2023-09-02 08:29:19,completed,paypal,8.66,0
6153,1980,2023-06-03 16:56:25,completed,paypal,9.68,0
6154,1411,2023-10-02 17:18:14,completed,wallet,17.89,15
6155,1618,2024-02-10 13:25:51,completed,credit_card,15.99,20
6156,1658,2026-11-17 00:00:00,completed,debit_card,21.62,0
6157,67,2024-10-23 23:24:48,completed,debit_card,18.47,0
6158,444,2024-11-19 06:27:13,completed,debit_card,21.42,0
6159,210,2024-04-19 05:03:22,cancelled,paypal,0.0,0
6160,1277,2025-06-28 09:53:52,completed,debit_card,15.86,0
6161,206,2023-08-10 23:08:18,completed,upi,3.89,0
6162,314,2024-12-12 21:44:12,completed,cod,5.11,0
6163,1579,2023-09-18 09:14:56,cancelled,credit_card,0.0,0
6164,742,2024-01-28 05:51:46,completed,credit_card,2.26,20
6165,121,2024-11-01 06:40:50,completed,credit_card,9.29,0
6166,1540,2023-01-04 04:15:52,completed,cod,5.4,10
6167,1655,2024-11-14 23:54:44,completed,wallet,6.65,10
6168,517,2023-06-22 04:17:25,completed,wallet,12.15,0
6169,582,2023-12-10 20:48:40,completed,paypal,7.66,0
6170,1206,2024-10-14 07:41:11,shipped,wallet,14.04,20
6171,629,2023-04-22 18:51:24,completed,cod,12.97,5
6172,1074,2023-11-19 12:54:11,returned,cod,19.25,5
6173,603,2024-06-07 10:10:03,completed,paypal,0.71,0
6174,40,2023-06-19 08:57:31,completed,upi,4.43,0
6175,1754,2024-05-02 05:26:46,completed,cod,16.12,5
6176,940,2024-12-30 12:09:59,shipped,debit_card,14.47,0
6177,987,2025-05-18 13:46:41,completed,debit_card,1.97,5
6178,1424,2024-07-03 14:15:20,completed,cod,14.39,0
6179,993,2024-12-27 01:06:20,completed,credit_card,0.91,15
6180,613,2025-06-19 21:22:51,completed,debit_card,3.47,10
6181,305,2023-10-22 15:13:27,processing,debit_card,2.37,0
6182,1573,2025-05-22 19:36:12,completed,credit_card,8.84,0
6183,1497,2024-06-29 14:52:10,completed,credit_card,11.17,0
6184,68,2023-10-06 23:35:59,shipped,upi,2.01,0
6185,1829,2024-12-06 15:42:07,shipped,wallet,19.88,20
6186,625,2025-05-25 03:46:56,completed,upi,5.14,0
6187,2481,2025-04-12 00:14:47,completed,paypal,16.37,10
6188,1053,2024-08-09 21:35:35,completed,paypal,5.3,0
6189,1669,2024-04-13 23:10:14,completed,debit_card,13.16,10
6190,1933,2023-01-27 09:05:25,completed,wallet,9.77,0
6191,663,2023-04-18 20:55:58,completed,debit_card,7.45,15
6192,1478,2025-03-13 11:16:39,shipped,debit_card,1.58,0
6193,1856,2024-10-16 19:37:07,processing,wallet,3.05,0
6194,610,2023-09-18 07:48:03,completed,cod,10.94,0
6195,1519,2025-03-17 11:06:23,shipped,credit_card,5.87,15
6196,918,2023-05-23 15:41:01,processing,credit_card,14.13,10
6197,1472,2023-04-25 18:44:19,completed,wallet,18.14,20
6198,1963,2024-11-06 15:50:57,completed,debit_card,5.56,0
6199,1423,2023-12-17 11:40:28,completed,cod,21.79,0
6200,1154,2024-01-07 05:57:36,completed,paypal,17.85,15
6201,704,2023-09-01 00:20:12,cancelled,paypal,0.0,10
6202,1015,2024-10-30 08:20:07,shipped,cod,4.45,0
6203,5,2025-04-23 16:43:36,completed,wallet,13.95,15
6204,1610,2023-01-20 18:58:01,pendingg,wallet,8.99,0
6205,921,2024-06-24 10:21:41,completed,cod,13.52,5
6206,1540,2023-05-31 19:40:07,completed,wallet,6.83,10
6207,492,2025-02-25 06:25:56,completed,debit_card,9.54,0
6208,548,2025-03-03 08:47:18,completed,paypal,5.84,0
6209,1976,2023-01-02 08:41:29,shipped,upi,9.47,0
6210,733,2024-05-17 06:18:01,shipped,debit_card,18.55,5
6211,548,2024-06-01 18:26:33,completed,debit_card,0.52,0
6212,1271,2023-02-12 11:33:38,returned,cod,18.05,20
6213,741,2024-08-13 04:56:19,completed,wallet,4.47,0
6214,1062,2023-12-15 08:09:14,completed,debit_card,3.08,10
6215,1999,2025-01-02 05:19:21,completed,credit_card,3.14,0
6216,105,2024-11-21 07:20:23,completed,credit_card,9.76,0
6217,480,2023-03-18 00:10:47,shipped,debit_card,4.57,15
6218,1369,2023-12-04 00:34:37,completed,paypal,0.85,5
6219,1185,2023-08-20 04:06:50,completed,upi,8.48,0
6220,1906,2023-08-08 17:10:31,completed,upi,6.66,5
6221,45,2023-06-25 04:17:22,completed,paypal,6.87,15
6222,1896,2024-03-15 15:30:29,completed,debit_card,16.45,10
6223,1260,2024-08-07 03:01:25,completed,cod,0.83,5
6224,1208,2025-06-06 08:44:44,returned,wallet,0.51,0
6225,224,2024-02-24 04:50:03,completed,upi,1.99,0
6226,342,2024-01-06 14:20:54,cancelled,wallet,0.0,0
6227,414,2023-12-01 16:03:37,completed,cod,20.27,0
6228,148,2024-10-02 11:15:31,returned,debit_card,5.89,10
6229,1398,2025-05-09 11:32:24,completed,debit_card,2.76,0
6230,55,2024-08-30 02:41:14,completed,credit_card,12.41,0
6231,521,2024-04-17 11:06:50,completed,debit_card,7.24,15
6232,366,2023-06-04 06:00:35,completed,debit_card,0.58,15
6233,1772,2024-02-22 02:03:59,completed,cod,6.82,0
6234,1140,2025-05-13 10:27:17,processing,upi,8.55,15
6235,1650,2023-05-07 08:03:06,completed,paypal,17.0,10
6236,455,2024-10-28 05:13:55,completed,wallet,9.17,0
6237,1429,2023-06-04 05:05:43,completed,credit_card,5.8,20
6238,1723,2024-10-02 19:36:33,shipped,paypal,2.33,15
6239,535,2025-03-13 11:00:58,returned,cod,9.33,15
6240,1463,2025-04-17 06:17:38,completed,credit_card,16.81,10
6241,1085,2025-04-18 14:28:16,completed,debit_card,7.04,5
6242,493,2023-11-19 16:37:50,shipped,upi,9.77,0
6243,102,2024-12-16 10:41:51,completed,paypal,3.73,10
6244,1171,2024-03-07 11:12:27,completed,paypal,17.76,0
6245,304,2023-01-16 02:34:12,cancelled,debit_card,0.0,15
6246,1418,2024-01-17 18:21:30,shipped,paypal,0.35,0
6247,285,2023-02-17 23:46:04,shipped,wallet,19.44,0
6248,964,2023-10-31 22:13:02,processing,cod,21.92,0
6249,1089,2023-02-14 05:36:01,cancelled,upi,0.0,5
6250,328,2024-07-02 07:37:43,completed,upi,17.86,10
6251,517,2023-01-18 20:28:39,completed,paypal,11.22,20
6252,45,2024-10-23 07:58:06,completed,upi,2.54,20
6253,1960,2023-04-12 20:26:32,completed,cod,7.3,0
6254,1354,2024-07-01 09:41:30,shipped,upi,14.51,5
6255,1982,2023-12-29 22:39:07,completed,cod,19.16,0
6256,1457,2023-06-28 08:54:49,processing,upi,16.5,0
6257,1705,2023-12-07 08:47:21,cancelled,cod,0.0,0
6258,1123,2025-02-02 03:25:56,completed,credit_card,9.57,15
6259,49,2024-01-24 18:29:46,completed,paypal,5.4,0
6260,408,2023-10-15 18:56:26,shipped,paypal,15.53,5
6261,92,2023-05-28 23:49:02,completed,wallet,0.91,0
6262,1347,2025-01-03 12:10:09,completed,debit_card,8.72,10
6263,1482,2023-11-24 00:49:51,completed,cod,21.1,10
6264,1297,2023-02-22 19:05:11,completed,wallet,11.15,0
6265,628,2024-10-30 03:28:49,shipped,credit_card,2.17,20
6266,1332,2025-02-10 04:04:22,completed,credit_card,6.02,0
6267,1154,2024-08-10 08:49:29,completed,cod,0.85,10
6268,806,2025-06-24 17:38:44,shipped,cod,17.21,10
6269,114,2023-12-13 05:56:20,shipped,debit_card,18.02,0
6270,150,2024-12-20 16:55:04,completed,upi,8.21,5
6271,320,2023-08-18 02:00:13,processing,debit_card,4.39,15
6272,980,2023-05-30 02:40:37,returned,wallet,18.03,15
6273,10,2025-01-06 11:48:38,completed,cod,16.03,0
6274,1538,2024-06-13 23:34:33,completed,cod,19.86,5
6275,1732,2025-04-02 11:50:22,processing,paypal,15.82,0
6276,794,2024-12-29 10:08:04,completed,paypal,1.39,10
6277,389,2025-03-24 17:17:30,processing,upi,6.7,10
6278,2153,2024-12-17 11:33:07,completed,upi,1.48,10
6279,125,2024-09-21 23:02:49,pendingg,cod,7.49,10
6280,1900,2024-07-06 09:21:48,processing,paypal,19.71,15
6281,1167,2024-09-26 17:22:41,shipped,upi,3.43,20
6282,5,2024-03-05 04:46:52,pendingg,credit_card,12.32,20
6283,889,2024-01-04 04:58:13,shipped,cod,15.56,5
6284,1168,2024-09-27 09:02:51,shipped,wallet,17.59,10
6285,846,2023-05-20 16:10:19,cancelled,debit_card,0.0,5
6286,1071,2023-09-13 19:02:19,cancelled,debit_card,0.0,5
6287,1827,2023-03-21 10:47:20,shipped,upi,3.1,5
6288,287,2023-09-10 23:12:43,completed,wallet,4.79,15
6289,115,2023-12-29 15:59:44,completed,upi,14.51,20
6290,148,2024-05-05 04:41:29,completed,paypal,11.74,5
6291,405,2023-12-23 19:59:52,processing,paypal,14.41,0
6292,279,2024-06-28 01:48:14,completed,wallet,2.94,0
6293,1859,2023-12-18 01:07:59,completed,wallet,12.15,10
6294,658,2023-03-15 19:38:02,completed,credit_card,17.4,5
6295,221,2024-07-11 04:46:40,completed,debit_card,16.72,5
6296,783,2024-06-06 21:04:28,completed,cod,19.62,0
6297,1006,2024-05-30 23:00:00,completed,credit_card,6.18,15
6298,1122,2025-03-27 16:45:31,cancelled,paypal,0.0,20
6299,873,2025-05-27 11:58:46,completed,wallet,3.74,0
6300,349,2024-07-21 19:59:58,completed,paypal,13.35,5
6301,1024,2023-05-11 02:33:12,completed,upi,13.46,10
6302,1384,2023-04-30 07:53:21,completed,wallet,15.42,15
6303,569,2024-08-15 09:47:12,completed,debit_card,0.25,0
6304,374,2023-06-01 03:49:17,completed,upi,6.45,10
6305,1534,2023-09-11 07:23:40,shipped,wallet,12.43,20
6306,90,2023-12-25 18:21:35,returned,cod,5.57,0
6307,1739,2024-07-19 15:15:06,completed,debit_card,16.82,15
6308,635,2025-06-14 23:26:11,completed,debit_card,17.25,0
6309,1858,2023-07-11 00:30:47,processing,credit_card,17.32,20
6310,1556,2023-10-01 19:57:29,completed,credit_card,15.47,5
6311,673,2025-03-10 13:30:05,completed,cod,14.36,0
6312,271,2023-06-05 02:12:53,completed,paypal,1.47,5
6313,100,2024-04-19 01:41:42,cancelled,credit_card,0.0,20
6314,1822,2023-09-23 16:37:44,cancelled,cod,0.0,0
6315,610,2023-02-22 19:11:47,completed,debit_card,2.73,5
6316,710,2023-09-11 16:52:26,completed,cod,12.9,0
6317,502,2023-10-29 10:32:03,completed,credit_card,19.56,0
6318,154,2024-06-23 01:40:32,completed,credit_card,19.68,0
6319,1901,2023-04-17 00:28:56,completed,wallet,10.58,0
6320,1491,2023-01-17 15:49:49,completed,debit_card,10.47,10
6321,257,2024-07-20 13:09:59,completed,wallet,15.4,0
6322,181,2023-12-24 08:04:59,processing,wallet,4.65,0
6323,1207,2024-12-09 09:22:41,shipped,debit_card,15.06,0
6324,1299,2025-02-10 21:42:23,completed,cod,9.86,15
6325,969,2024-05-15 06:18:55,completed,debit_card,18.29,20
6326,1001,2023-08-21 00:24:33,completed,cod,1.64,5
6327,528,2024-02-26 16:21:16,completed,credit_card,19.93,0
6328,1043,2024-12-06 10:36:39,shippd,cod,15.75,15
6329,228,2025-02-22 04:59:51,processing,cod,7.38,10
6330,1751,2024-11-24 18:12:55,cancelled,paypal,0.0,10
6331,273,2025-03-28 14:18:26,completed,wallet,21.35,20
6332,1350,2025-04-04 05:06:57,shipped,wallet,0.95,0
6333,847,2025-03-02 07:51:59,completed,credit_card,16.13,10
6334,1513,2024-06-06 23:34:26,processing,credit_card,13.22,5
6335,1652,2023-12-06 09:15:31,shipped,debit_card,7.97,0
6336,897,2023-02-28 11:23:19,shipped,cod,12.65,10
6337,1389,2024-10-10 21:23:40,shipped,credit_card,4.87,0
6338,43,2023-09-22 23:04:56,cancelled,paypal,0.0,5
6339,948,2024-09-25 08:58:36,completed,debit_card,7.95,5
6340,341,2024-02-01 15:38:27,shipped,upi,0.32,0
6341,208,2023-04-04 11:43:23,completed,credit_card,5.98,20
6342,490,2023-03-15 10:08:52,completed,cod,8.87,0
6343,1325,2025-01-11 19:07:06,completed,credit_card,15.31,0
6344,1078,2024-02-01 15:30:26,completed,cod,3.56,0
6345,1811,2023-03-01 14:08:43,completed,paypal,16.12,15
6346,1876,2024-11-09 00:08:13,completed,debit_card,13.61,20
6347,1223,2023-11-13 22:25:18,completed,upi,20.91,15
6348,1708,2024-11-08 23:54:13,completed,credit_card,20.54,0
6349,1526,2025-03-20 05:24:22,processing,debit_card,3.95,5
6350,815,2023-04-12 15:42:16,completed,cod,0.9,15
6351,802,2024-12-19 18:15:45,completed,wallet,2.22,20
6352,1037,2025-02-09 11:08:07,completed,cod,15.23,0
6353,1256,2024-03-04 18:16:38,shipped,credit_card,2.93,0
6354,511,2024-09-11 12:54:23,completed,wallet,10.86,5
6355,1906,2024-07-17 06:02:53,processing,upi,2.25,10
6356,1771,2025-02-25 23:57:04,processing,credit_card,1.15,0
6357,129,2023-06-18 01:10:10,returned,paypal,15.24,5
6358,129,2023-07-07 17:08:05,shipped,upi,7.25,0
6359,692,2024-01-30 13:42:22,completed,upi,20.93,20
6360,185,2024-02-28 04:50:59,completed,wallet,10.82,10
6361,1741,2023-09-09 06:02:54,returned,credit_card,8.43,0
6362,1899,2023-04-03 02:02:56,completed,credit_card,17.21,20
6363,446,2023-12-07 10:49:37,completed,cod,10.94,20
6364,1865,2025-04-17 06:01:43,cancelled,wallet,0.0,0
6365,1433,2025-04-15 09:49:20,completed,cod,7.38,5
6366,1021,2023-09-01 13:43:03,completed,credit_card,6.23,15
6367,1544,2025-01-17 22:42:45,completed,credit_card,7.61,5
6368,1092,2023-12-21 22:42:58,pendingg,upi,14.03,10
6369,905,2025-06-23 22:26:26,cancelled,cod,0.0,0
6370,1683,2024-03-21 16:28:04,completed,paypal,5.58,15
6371,889,2023-09-18 09:48:44,shipped,upi,12.43,20
6372,1804,2025-04-11 14:41:31,completed,credit_card,18.97,0
6373,643,2023-09-22 05:23:41,shipped,credit_card,19.95,10
6374,1820,2024-06-23 10:54:18,completed,cod,10.07,0
6375,836,2024-01-24 08:56:25,completed,upi,8.48,0
6376,874,2024-12-28 19:06:16,completed,cod,13.46,0
6377,275,2026-11-06 00:00:00,completed,upi,21.15,15
6378,801,2023-08-31 08:21:11,completed,debit_card,17.92,5
6379,1529,2024-06-06 15:04:41,cancelled,upi,0.0,0
6380,377,2023-04-04 16:59:34,completed,cod,0.83,20
6381,1507,2024-06-04 14:40:47,processing,credit_card,10.21,5
6382,1773,2024-02-22 08:39:42,shipped,wallet,4.38,20
6383,1579,2025-01-01 00:40:15,shipped,paypal,17.66,5
6384,209,2023-04-11 09:16:36,completed,upi,14.39,15
6385,445,2024-06-03 02:40:11,completed,paypal,18.31,0
6386,855,2023-02-08 18:04:19,completed,upi,7.16,10
6387,522,2024-12-03 10:23:51,returned,debit_card,12.79,0
6388,1342,2024-01-25 08:22:56,completed,paypal,19.66,0
6389,729,2023-04-18 17:20:01,completed,credit_card,15.44,20
6390,1248,2024-07-19 10:28:33,completed,debit_card,1.47,20
6391,817,2024-07-21 14:21:36,completed,credit_card,9.82,15
6392,1082,2023-05-26 19:44:17,shipped,cod,10.39,10
6393,2275,2023-10-16 05:13:48,completed,upi,3.51,5
6394,2383,2023-11-15 02:56:07,processing,debit_card,4.93,0
6395,1692,2023-04-24 20:07:57,completed,debit_card,16.07,20
6396,2308,2024-03-07 13:12:45,shipped,paypal,6.81,10
6397,113,2025-02-15 22:46:10,shipped,wallet,18.43,0
6398,747,2024-12-14 12:55:49,completed,debit_card,20.48,0
6399,1324,2023-06-22 04:18:33,processing,wallet,5.79,15
6400,1900,2025-02-25 08:11:35,completed,upi,14.07,0
6401,1151,2024-04-21 04:17:15,completed,paypal,14.48,0
6402,1264,2023-06-26 07:22:15,shipped,upi,20.78,5
6403,1812,2024-07-06 21:04:23,shipped,upi,21.09,0
6404,926,2023-11-08 21:58:59,completed,upi,9.78,0
6405,1968,2024-08-26 19:29:19,completed,wallet,0.99,0
6406,444,2024-08-03 10:08:06,processing,debit_card,4.84,15
6407,506,2024-10-10 00:44:43,completed,debit_card,12.84,0
6408,1903,2023-03-02 17:10:34,shipped,upi,21.3,5
6409,207,2023-02-11 13:12:21,shipped,cod,14.6,20
6410,1043,2024-02-10 22:23:01,cancelled,paypal,0.0,10
6411,652,2024-08-03 20:25:24,completed,credit_card,5.29,0
6412,1595,2023-08-27 17:27:07,completed,debit_card,4.2,0
6413,1119,2024-07-28 11:22:14,completed,upi,1.08,15
6414,706,2024-04-10 11:32:05,shipped,wallet,11.95,20
6415,1939,2024-02-04 14:40:30,completed,paypal,16.06,5
6416,1740,2024-05-06 01:42:59,completed,upi,21.89,0
6417,1264,2024-03-24 18:41:36,processing,cod,0.91,10
6418,1082,2024-08-10 19:07:48,returned,debit_card,12.16,0
6419,1089,2023-06-08 09:36:46,completed,paypal,9.24,0
6420,246,2023-04-21 09:32:34,completed,wallet,10.31,5
6421,862,2023-04-12 20:51:30,completed,wallet,11.34,0
6422,1438,2025-03-29 03:09:42,shipped,cod,13.05,0
6423,1895,2024-03-26 12:42:51,completed,upi,4.52,15
6424,286,2023-11-28 19:16:25,cancelled,upi,0.0,0
6425,1445,2023-04-22 21:41:48,returned,debit_card,2.79,0
6426,271,2024-09-18 21:20:19,shipped,upi,18.39,10
6427,1222,2024-12-01 18:05:53,completed,upi,0.54,20
6428,350,2023-11-24 00:16:54,completed,cod,8.47,15
6429,411,2025-01-23 08:23:30,cancelled,debit_card,0.0,15
6430,591,2023-10-18 12:43:01,unknown,cod,8.99,0
6431,129,2025-02-06 03:21:01,processing,paypal,3.52,5
6432,760,2024-06-27 00:45:09,completed,debit_card,17.38,20
6433,2421,2024-01-04 05:09:21,shipped,wallet,15.74,10
6434,1258,2023-03-03 09:40:10,returned,cod,4.43,0
6435,320,2025-03-15 00:13:46,completed,upi,2.46,15
6436,936,2024-10-28 18:50:29,shipped,upi,18.69,0
6437,579,2025-03-30 00:59:42,completed,paypal,21.95,0
6438,193,2023-03-19 05:07:44,shipped,cod,21.75,0
6439,1290,2024-04-02 07:30:52,completed,wallet,1.55,0
6440,1995,2025-04-09 11:03:27,completed,wallet,20.98,15
6441,408,2026-11-29 00:00:00,completed,upi,20.42,0
6442,145,2024-04-30 13:02:22,completed,debit_card,1.13,20
6443,1347,2023-08-27 04:40:27,completed,upi,13.92,10
6444,688,2024-09-12 19:28:38,completed,wallet,17.99,5
6445,1834,2024-04-02 08:54:10,shipped,wallet,12.22,15
6446,1381,2024-09-04 22:09:14,returned,debit_card,10.88,0
6447,569,2023-04-25 06:15:31,completed,debit_card,1.38,0
6448,1023,2023-08-31 09:55:19,shipped,credit_card,12.73,15
6449,582,2023-06-23 18:58:33,shipped,cod,17.94,0
6450,462,2025-03-03 09:17:20,completed,credit_card,20.42,5
6451,994,2023-12-14 11:46:19,completed,credit_card,16.9,0
6452,171,2023-03-11 08:21:54,shipped,paypal,12.08,0
6453,527,2025-03-25 19:10:10,cancelled,credit_card,0.0,0
6454,1945,2025-01-29 14:34:07,completed,paypal,14.57,20
6455,86,2024-04-15 04:56:00,completed,upi,21.93,15
6456,1521,2023-10-10 21:20:19,processing,debit_card,16.15,0
6457,1486,2025-01-19 19:41:57,processing,paypal,17.75,20
6458,1465,2024-10-20 04:47:37,completed,debit_card,20.69,20
6459,407,2024-03-11 18:58:14,processing,cod,19.7,15
6460,974,2023-01-02 14:32:32,completed,paypal,11.84,0
6461,625,2023-05-28 05:43:02,completed,credit_card,13.95,20
6462,895,2024-05-19 15:27:52,returned,debit_card,6.19,15
6463,663,2025-04-14 22:45:45,returned,wallet,19.55,0
6464,714,2024-01-05 20:06:16,shipped,wallet,5.2,20
6465,1933,2024-11-07 23:38:09,completed,paypal,7.24,0
6466,949,2023-07-21 15:35:26,shipped,upi,12.16,5
6467,282,2024-11-05 09:37:40,completed,upi,4.45,10
6468,1256,2024-10-21 07:36:01,completed,cod,0.33,15
6469,857,2023-02-23 03:29:40,completed,debit_card,1.46,5
6470,879,2023-04-22 04:34:39,completed,upi,1.69,5
6471,1873,2025-03-10 17:52:39,processing,paypal,8.98,10
6472,1085,2023-10-19 00:40:48,completed,debit_card,3.78,5
6473,963,2023-07-03 14:38:48,completed,credit_card,19.59,15
6474,1044,2024-05-06 00:36:57,completed,debit_card,5.76,15
6475,565,2024-07-16 02:37:43,completed,debit_card,14.14,10
6476,1199,2023-02-14 05:03:19,cancelled,wallet,0.0,0
6477,2304,2024-06-09 13:49:18,completed,debit_card,21.82,10
6478,519,2024-08-21 18:14:59,completed,wallet,1.3,20
6479,677,2024-02-01 00:45:37,completed,paypal,11.43,0
6480,1737,2023-08-25 16:29:30,completed,debit_card,10.4,15
6481,558,2024-07-12 06:07:13,completed,cod,16.76,0
6482,450,2025-04-20 08:58:09,completed,credit_card,16.37,5
6483,1018,2025-02-10 00:58:28,completed,upi,11.61,0
6484,1063,2023-10-13 09:14:34,completed,cod,13.16,20
6485,661,2023-08-15 18:39:48,completed,credit_card,16.19,15
6486,858,2024-09-26 05:52:14,completed,wallet,21.4,0
6487,1434,2023-07-16 16:16:46,completed,upi,20.51,20
6488,1228,2024-02-19 04:54:00,shipped,debit_card,9.36,0
6489,1864,2024-04-17 02:34:50,completed,debit_card,19.81,15
6490,751,2023-09-08 05:52:27,completed,credit_card,10.77,0
6491,1022,2023-01-02 00:10:58,completed,wallet,14.96,0
6492,1074,2024-08-24 22:37:06,completed,credit_card,11.96,0
6493,1261,2025-06-07 12:43:24,shipped,upi,2.79,0
6494,368,2024-11-09 03:08:38,completed,upi,6.68,20
6495,1244,2023-12-08 07:18:39,completed,paypal,20.49,0
6496,127,2024-10-11 11:06:22,shipped,paypal,20.26,0
6497,9,2024-09-14 15:05:26,processing,wallet,20.17,5
6498,1524,2023-07-02 03:03:18,processing,credit_card,13.49,15
6499,702,2024-08-13 02:44:42,completed,paypal,18.83,20
6500,1794,2025-02-23 07:34:39,shipped,paypal,14.18,10
6501,678,2023-05-17 09:08:23,shipped,upi,18.71,0
6502,1351,2023-12-24 19:06:20,returned,cod,13.81,10
6503,1929,2025-04-02 13:36:22,cancelled,credit_card,0.0,0
6504,729,2025-04-10 06:18:56,completed,paypal,7.59,0
6505,1173,2023-06-22 13:58:53,shipped,paypal,10.31,15
6506,630,2024-07-25 13:24:26,completed,debit_card,13.76,0
6507,979,2023-09-04 03:46:50,completed,wallet,10.58,0
6508,1663,2023-05-12 21:54:26,completed,wallet,16.14,0
6509,11,2025-01-31 12:14:47,cancelled,upi,0.0,0
6510,938,2024-05-23 08:06:26,shippd,paypal,7.14,5
6511,106,2023-08-13 15:08:49,shipped,wallet,14.13,5
6512,1261,2023-09-15 11:05:58,completed,wallet,8.92,0
6513,1661,2025-01-13 17:18:38,completed,paypal,18.87,15
6514,513,2024-12-21 22:03:20,returned,upi,9.36,15
6515,416,2024-12-23 03:00:21,completed,credit_card,8.68,10
6516,53,2023-07-07 04:10:58,completed,upi,5.7,0
6517,1165,2024-05-28 06:06:45,shipped,cod,1.85,0
6518,315,2023-04-23 19:03:07,completed,debit_card,6.95,0
6519,1990,2023-08-28 16:08:42,shipped,paypal,6.47,5
6520,1770,2023-07-02 14:36:30,shipped,cod,16.02,0
6521,1099,2024-06-10 17:16:43,completed,debit_card,13.35,0
6522,1772,2024-06-15 12:46:54,completed,upi,4.31,10
6523,51,2023-12-09 12:22:47,completed,upi,13.98,20
6524,1323,2024-04-26 06:19:01,cancelled,upi,0.0,0
6525,282,2023-09-12 09:22:56,completed,cod,10.04,0
6526,233,2024-04-08 03:19:50,completed,paypal,9.46,15
6527,966,2024-12-14 07:04:52,completed,paypal,14.48,0
6528,378,2024-12-24 12:12:10,shipped,credit_card,10.87,0
6529,2300,2023-12-31 23:05:09,completed,debit_card,0.65,5
6530,143,2024-03-03 22:32:57,completed,debit_card,9.93,0
6531,1047,2023-12-30 03:35:24,cancelled,upi,0.0,10
6532,868,2024-09-23 08:24:12,completed,upi,2.12,0
6533,959,2025-06-05 03:10:39,completed,paypal,1.74,0
6534,1642,2024-12-07 20:47:14,completed,wallet,12.82,0
6535,273,2024-02-21 17:06:23,shipped,cod,4.69,5
6536,1074,2025-02-04 05:30:53,completed,cod,9.5,5
6537,27,2023-11-28 18:27:10,shipped,wallet,12.58,0
6538,1683,2024-01-31 11:32:10,completed,paypal,5.62,5
6539,1345,2025-01-30 07:14:18,cancelled,credit_card,0.0,20
6540,1893,2025-05-04 21:51:50,shipped,paypal,8.45,0
6541,1937,2024-06-20 09:46:28,completed,wallet,19.62,10
6542,566,2025-04-03 15:39:30,completed,debit_card,5.58,5
6543,1940,2023-11-12 00:46:37,completed,credit_card,6.01,10
6544,416,2023-01-06 13:45:35,completed,debit_card,1.66,15
6545,1453,2024-09-18 16:34:42,completed,wallet,10.77,5
6546,1679,2024-07-14 14:24:07,shipped,debit_card,15.54,20
6547,745,2024-10-16 00:11:27,completed,cod,15.22,20
6548,1458,2025-03-07 11:02:04,completed,debit_card,3.74,15
6549,582,2023-05-22 12:06:15,completed,debit_card,11.79,0
6550,324,2024-12-13 12:22:55,cancelled,upi,0.0,10
6551,1662,2024-02-16 17:27:24,cancelled,upi,0.0,10
6552,672,2023-03-15 01:47:53,returned,paypal,7.79,0
6553,964,2023-03-30 23:52:00,processing,debit_card,3.14,0
6554,970,2023-09-04 11:23:21,completed,upi,5.49,0
6555,1481,2023-04-16 07:20:38,shipped,debit_card,7.25,5
6556,950,2023-08-26 14:27:25,unknown,paypal,6.37,0
6557,1820,2023-11-01 01:38:47,returned,cod,21.93,0
6558,260,2024-08-12 02:28:41,completed,credit_card,13.81,0
6559,1244,2023-03-18 09:16:04,completed,paypal,19.85,0
6560,1863,2025-05-30 07:19:24,processing,wallet,3.16,20
6561,1017,2024-05-29 17:36:12,cancelled,wallet,0.0,0
6562,759,2024-02-16 12:21:02,completed,debit_card,15.84,0
6563,766,2025-04-17 20:15:17,completed,credit_card,21.44,0
6564,766,2024-11-29 16:07:54,shipped,credit_card,8.01,10
6565,886,2025-03-21 21:42:54,completed,credit_card,1.93,0
6566,711,2023-06-30 01:38:35,complet,paypal,3.88,0
6567,1056,2024-12-03 04:33:46,completed,wallet,12.53,15
6568,974,2025-02-24 13:11:37,cancelled,upi,0.0,0
6569,70,2023-05-31 02:11:09,shipped,cod,17.29,5
6570,1241,2024-02-01 20:20:38,shipped,paypal,20.11,0
6571,485,2023-12-26 23:10:36,completed,paypal,7.28,0
6572,1641,2025-02-22 05:39:06,processing,debit_card,13.83,10
6573,790,2024-09-30 06:42:46,shipped,debit_card,7.11,20
6574,347,2024-07-05 02:33:24,completed,cod,8.71,20
6575,1908,2024-08-28 23:21:37,completed,paypal,13.96,0
6576,1976,2024-10-16 03:00:42,completed,upi,1.71,0
6577,1101,2025-03-03 02:48:26,cancelled,debit_card,0.0,20
6578,1861,2024-01-01 12:02:10,shipped,cod,0.26,10
6579,371,2025-05-09 11:17:37,completed,upi,7.97,5
6580,386,2024-12-13 14:30:28,returned,credit_card,3.79,0
6581,162,2023-02-27 16:38:22,processing,paypal,17.22,0
6582,1316,2023-04-19 18:50:19,completed,paypal,14.94,0
6583,857,2023-06-28 03:04:48,shipped,wallet,16.55,0
6584,1312,2023-07-05 11:29:19,shipped,credit_card,12.95,15
6585,742,2025-03-08 17:32:04,completed,wallet,14.71,15
6586,457,2023-04-14 09:41:15,returned,wallet,10.38,15
6587,119,2023-07-08 14:16:07,completed,paypal,1.77,5
6588,1363,2024-09-06 01:51:57,completed,upi,16.98,10
6589,214,2023-01-04 16:39:19,shipped,debit_card,0.32,5
6590,1860,2024-02-28 13:50:49,completed,credit_card,10.83,15
6591,805,2023-07-13 07:15:44,completed,credit_card,9.81,20
6592,703,2023-03-23 13:50:52,shipped,debit_card,13.6,20
6593,995,2024-08-07 20:23:12,shipped,paypal,7.32,10
6594,1603,2025-02-14 12:47:44,completed,paypal,2.99,20
6595,263,2024-06-27 12:50:29,completed,wallet,9.74,0
6596,205,2024-06-11 17:08:58,processing,wallet,1.16,0
6597,1628,2023-07-22 19:19:23,completed,upi,9.13,20
6598,1978,2025-06-07 12:27:56,completed,credit_card,18.12,0
6599,23,2023-03-21 17:09:41,shipped,debit_card,2.22,0
6600,995,2024-06-22 12:24:01,returned,credit_card,15.99,0
6601,796,2024-04-06 18:39:17,completed,debit_card,20.75,10
6602,1647,2024-12-23 10:17:28,completed,credit_card,21.42,5
6603,161,2023-05-11 15:09:06,completed,paypal,20.16,15
6604,1158,2025-01-21 20:43:10,processing,wallet,21.08,10
6605,551,2024-12-19 06:33:07,completed,upi,7.86,20
6606,1918,2023-09-18 02:49:39,completed,cod,1.74,5
6607,1486,2025-02-26 03:40:23,completed,wallet,8.78,15
6608,755,2024-07-28 21:59:22,completed,upi,6.9,20
6609,1839,2023-04-12 09:53:37,completed,debit_card,13.81,0
6610,999,2023-12-17 19:45:56,completed,upi,21.02,5
6611,764,2025-03-27 13:37:04,completed,credit_card,20.91,0
6612,182,2024-06-02 22:18:20,completed,wallet,18.57,15
6613,1510,2023-09-17 00:00:36,cancelled,credit_card,0.0,0
6614,1065,2024-03-11 06:24:19,completed,wallet,20.1,20
6615,489,2023-10-19 07:04:04,completed,cod,20.51,0
6616,1539,2025-05-25 01:51:08,returned,wallet,1.77,5
6617,532,2024-02-03 11:54:57,completed,wallet,18.86,20
6618,1086,2023-03-19 17:32:38,processing,paypal,19.88,20
6619,1608,2025-05-26 20:12:58,completed,cod,9.76,5
6620,1026,2023-07-03 03:22:02,returned,credit_card,21.48,5
6621,1247,2023-08-05 18:48:05,completed,cod,3.15,15
6622,1843,2023-08-16 06:21:09,completed,wallet,10.61,0
6623,1746,2024-09-12 17:01:57,completed,cod,5.95,10
6624,745,2023-08-20 07:46:10,processing,upi,16.68,20
6625,88,2023-06-03 08:35:11,cancelled,paypal,0.0,10
6626,141,2023-07-27 19:29:09,shipped,paypal,3.44,5
6627,1361,2023-09-05 10:47:23,completed,cod,11.94,0
6628,645,2023-09-28 12:36:34,shipped,wallet,7.84,5
6629,286,2024-06-16 20:27:38,completed,credit_card,15.99,20
6630,743,2024-11-15 01:20:22,completed,credit_card,11.48,20
6631,1368,2025-03-30 19:27:13,shipped,credit_card,6.33,20
6632,1423,2024-07-26 02:47:25,processing,cod,12.01,5
6633,32,2024-02-15 10:51:18,completed,cod,14.97,10
6634,581,2026-11-21 00:00:00,completed,cod,17.79,15
6635,691,2023-08-28 22:44:45,processing,wallet,18.51,20
6636,1771,2024-05-16 00:04:10,cancelled,credit_card,0.0,20
6637,1044,2024-10-05 12:09:20,completed,upi,7.06,10
6638,895,2024-09-19 12:47:59,shipped,cod,21.46,5
6639,245,2024-11-05 02:05:29,returned,cod,21.07,20
6640,1637,2024-01-02 20:02:42,completed,credit_card,20.78,10
6641,1959,2023-08-12 10:07:14,completed,paypal,9.61,0
6642,847,2025-05-23 13:30:10,shipped,wallet,14.17,0
6643,9,2024-05-11 08:07:00,completed,credit_card,9.55,10
6644,769,2024-05-19 03:40:24,completed,wallet,16.88,10
6645,596,2023-12-30 08:26:51,completed,credit_card,18.79,20
6646,1360,2024-02-04 12:36:31,shipped,debit_card,2.07,0
6647,1215,2024-10-19 03:45:35,completed,credit_card,5.63,5
6648,85,2023-10-22 15:20:33,completed,debit_card,13.69,10
6649,1189,2024-12-16 10:44:03,completed,wallet,7.65,0
6650,259,2025-03-22 21:55:31,returned,cod,16.08,0
6651,634,2024-05-04 10:49:02,completed,wallet,3.73,0
6652,1246,2023-10-02 12:40:44,completed,debit_card,15.88,0
6653,694,2025-06-09 19:24:55,completed,paypal,14.66,20
6654,597,2024-12-06 20:28:38,completed,cod,0.77,15
6655,1360,2024-03-21 04:28:25,shipped,upi,12.39,5
6656,1303,2024-02-20 23:53:00,processing,credit_card,11.79,0
6657,137,2024-03-04 17:55:56,completed,wallet,14.06,0
6658,658,2023-03-20 05:30:40,completed,debit_card,9.38,0
6659,780,2025-01-20 03:44:46,completed,paypal,8.27,0
6660,1566,2024-08-05 18:31:49,completed,cod,10.81,20
6661,750,2024-07-05 12:55:36,pendingg,cod,6.31,5
6662,1609,2025-05-12 02:51:41,shipped,credit_card,17.98,0
6663,1669,2023-11-30 20:27:05,shipped,wallet,12.72,0
6664,923,2024-02-18 15:49:15,completed,credit_card,13.64,0
6665,795,2025-05-28 03:47:37,shipped,wallet,6.73,15
6666,643,2024-04-01 01:28:17,completed,paypal,11.45,5
6667,1868,2025-03-28 12:37:45,completed,wallet,9.54,0
6668,565,2024-09-05 10:59:42,shipped,paypal,2.66,0
6669,520,2023-05-02 23:00:00,returned,upi,12.25,0
6670,407,2024-11-05 04:41:05,completed,cod,12.95,20
6671,1814,2025-06-19 13:38:47,cancelled,credit_card,0.0,0
6672,1043,2024-02-22 22:01:42,completed,upi,17.47,5
6673,1744,2024-09-08 23:48:23,processing,wallet,1.86,0
6674,67,2025-01-28 22:14:31,cancelled,wallet,0.0,20
6675,1573,2024-01-07 18:41:38,cancelled,debit_card,0.0,10
6676,1155,2023-04-26 22:15:53,completed,debit_card,12.23,0
6677,1671,2023-12-09 15:52:48,completed,upi,1.55,0
6678,613,2023-01-31 08:57:43,shipped,credit_card,14.73,5
6679,1345,2025-06-11 02:02:55,returned,upi,11.6,0
6680,1359,2024-10-08 14:25:17,returned,debit_card,0.25,15
6681,936,2023-12-02 03:24:55,cancelled,upi,0.0,0
6682,1056,2023-02-27 10:03:57,processing,cod,2.46,0
6683,1694,2023-12-29 19:04:57,shipped,upi,21.82,15
6684,1882,2023-08-15 22:55:50,returned,credit_card,7.45,15
6685,511,2025-03-14 07:44:11,completed,wallet,4.57,0
6686,973,2024-01-17 00:15:17,completed,credit_card,5.41,20
6687,1292,2023-10-02 21:21:07,shipped,paypal,17.06,10
6688,1767,2023-12-23 03:53:04,completed,credit_card,19.06,0
6689,78,2023-06-07 22:35:18,completed,cod,14.88,20
6690,1916,2023-11-24 06:09:34,returned,paypal,0.43,20
6691,1056,2024-01-24 12:28:57,cancelled,credit_card,0.0,20
6692,629,2023-08-15 12:08:50,returned,upi,4.66,0
6693,552,2023-12-13 10:08:05,shipped,wallet,14.32,0
6694,253,2026-11-14 00:00:00,completed,paypal,13.4,5
6695,1979,2023-09-17 08:21:14,completed,debit_card,1.88,0
6696,465,2024-03-26 20:24:50,completed,credit_card,3.55,0
6697,215,2023-11-02 02:54:31,completed,upi,4.03,0
6698,1591,2024-10-13 22:41:33,completed,cod,8.88,15
6699,572,2025-01-30 13:54:04,completed,cod,0.97,10
6700,1452,2024-08-22 01:28:10,completed,upi,14.0,5
6701,1595,2024-01-06 00:37:38,completed,cod,11.69,20
6702,576,2023-02-05 15:12:20,shipped,debit_card,8.27,15
6703,595,2024-02-14 22:13:33,unknown,paypal,4.11,10
6704,762,2023-12-31 19:48:23,completed,upi,4.73,0
6705,1161,2025-01-01 20:46:07,shipped,paypal,9.9,15
6706,390,2024-01-20 03:53:32,completed,cod,21.79,5
6707,310,2025-03-07 20:17:17,returned,paypal,20.23,0
6708,708,2024-09-21 09:17:02,completed,upi,20.34,0
6709,1778,2023-12-04 01:42:15,CANCEL,credit_card,11.08,5
6710,709,2024-08-22 03:13:40,completed,credit_card,16.61,20
6711,1538,2023-07-08 17:08:14,completed,paypal,10.46,0
6712,1375,2024-12-25 23:15:44,completed,credit_card,15.93,5
6713,1494,2023-12-17 09:11:38,completed,paypal,8.69,20
6714,948,2024-06-16 23:18:59,shipped,credit_card,9.61,0
6715,516,2024-07-02 03:42:42,processing,wallet,8.52,20
6716,1949,2023-06-18 15:32:35,cancelled,credit_card,0.0,0
6717,1804,2023-02-24 05:55:20,completed,cod,8.95,0
6718,525,2024-03-14 07:13:48,processing,paypal,12.2,5
6719,112,2026-12-04 00:00:00,completed,credit_card,3.46,0
6720,320,2024-06-24 11:25:06,shipped,paypal,13.69,0
6721,1022,2024-05-01 11:17:47,shipped,upi,11.89,0
6722,1656,2024-05-25 01:19:25,completed,paypal,6.5,15
6723,8,2023-04-19 00:57:52,completed,debit_card,12.91,15
6724,1333,2025-05-03 16:46:58,completed,credit_card,10.42,15
6725,1043,2023-10-19 19:12:43,completed,credit_card,17.23,0
6726,745,2023-06-23 18:23:55,completed,upi,2.91,0
6727,1491,2023-11-10 13:44:08,completed,wallet,15.38,0
6728,297,2024-01-06 14:24:49,completed,debit_card,7.65,20
6729,677,2024-09-13 02:32:30,shipped,upi,3.08,0
6730,789,2023-04-04 21:40:03,completed,upi,20.46,15
6731,1289,2024-10-05 15:04:05,shipped,cod,11.13,0
6732,272,2025-03-13 10:22:07,completed,credit_card,4.86,5
6733,1432,2025-03-02 08:35:49,shipped,wallet,16.49,10
6734,137,2023-08-27 06:44:12,completed,cod,9.18,0
6735,791,2024-06-16 20:30:04,completed,debit_card,9.46,0
6736,983,2025-01-13 06:53:56,completed,wallet,9.77,0
6737,233,2023-08-09 22:48:16,cancelled,wallet,0.0,20
6738,2117,2023-10-22 21:38:50,completed,debit_card,1.18,20
6739,247,2024-07-17 03:00:22,cancelled,credit_card,0.0,5
6740,1350,2024-03-07 23:51:09,returned,wallet,13.68,20
6741,1715,2024-07-08 00:01:38,completed,debit_card,18.85,0
6742,697,2024-01-28 21:39:03,shipped,debit_card,12.28,15
6743,773,2024-04-28 21:09:43,cancelled,credit_card,0.0,0
6744,224,2023-11-04 07:38:56,completed,credit_card,16.45,20
6745,507,2024-04-13 02:12:21,completed,upi,6.51,0
6746,291,2025-04-02 09:26:01,shipped,cod,13.98,0
6747,1880,2025-05-01 17:17:45,completed,debit_card,9.88,20
6748,114,2024-01-12 23:48:10,completed,wallet,17.6,20
6749,1181,2025-01-25 16:28:14,completed,wallet,0.57,20
6750,1643,2025-01-27 14:21:07,completed,wallet,1.93,10
6751,80,2025-04-28 16:05:10,completed,cod,2.04,5
6752,1108,2023-12-10 14:35:03,returned,credit_card,14.77,0
6753,1440,2024-05-09 11:06:22,shipped,credit_card,10.84,15
6754,902,2024-11-17 01:59:04,processing,credit_card,18.22,15
6755,1087,2024-06-29 15:31:47,completed,cod,16.95,20
6756,1481,2023-10-26 05:30:14,returned,paypal,18.01,20
6757,429,2024-02-05 03:19:17,completed,wallet,20.8,5
6758,56,2025-01-19 09:02:27,shipped,debit_card,9.59,5
6759,65,2023-10-22 07:02:20,completed,paypal,15.62,10
6760,103,2024-02-07 21:05:01,shipped,paypal,15.04,5
6761,397,2024-08-04 09:05:01,completed,upi,15.52,20
6762,614,2023-10-10 10:31:30,completed,wallet,18.81,5
6763,147,2023-01-06 14:41:55,completed,cod,5.57,0
6764,1466,2024-11-14 20:43:55,completed,credit_card,19.27,20
6765,374,2024-08-24 15:11:34,completed,cod,6.35,10
6766,332,2024-06-15 18:48:32,completed,paypal,18.52,0
6767,445,2024-03-19 20:26:00,completed,upi,11.41,0
6768,1990,2024-05-27 23:31:55,completed,upi,14.26,0
6769,1887,2025-05-16 04:01:30,processing,upi,20.92,20
6770,893,2025-05-22 03:55:54,cancelled,cod,0.0,20
6771,1156,2024-06-16 11:01:08,shipped,credit_card,12.64,5
6772,1863,2024-04-03 09:25:39,shipped,upi,19.14,5
6773,115,2024-05-10 06:49:50,shipped,cod,17.61,5
6774,1621,2024-02-03 22:46:48,completed,wallet,5.92,0
6775,1480,2024-10-16 02:34:08,completed,cod,15.34,0
6776,707,2024-07-10 14:53:11,shipped,debit_card,17.57,0
6777,675,2023-12-25 13:05:32,completed,upi,2.12,5
6778,935,2023-09-27 19:50:52,completed,credit_card,8.29,0
6779,1397,2024-01-23 09:21:05,completed,debit_card,6.68,0
6780,1142,2024-06-03 21:53:36,shipped,cod,12.69,15
6781,1928,2023-06-14 20:07:33,completed,upi,4.97,10
6782,985,2025-04-09 10:20:50,completed,wallet,16.11,20
6783,1959,2023-01-08 21:16:41,completed,debit_card,17.85,0
6784,1414,2024-11-05 09:08:16,shipped,wallet,4.62,0
6785,1026,2023-04-22 02:54:23,completed,debit_card,9.12,0
6786,86,2023-11-03 22:33:20,completed,paypal,11.22,0
6787,814,2025-04-08 08:22:42,completed,wallet,7.84,20
6788,913,2023-11-22 00:48:02,completed,cod,8.5,0
6789,1402,2024-05-22 05:55:09,completed,paypal,8.59,20
6790,954,2023-09-06 11:14:30,completed,upi,3.31,10
6791,1494,2025-06-25 08:32:09,processing,paypal,0.46,0
6792,250,2023-01-17 21:08:03,processing,wallet,7.18,0
6793,1214,2025-02-19 09:50:07,completed,debit_card,4.64,0
6794,1411,2024-01-03 02:21:22,completed,upi,16.44,5
6795,803,2025-01-28 23:33:40,shipped,credit_card,14.24,0
6796,950,2024-10-16 10:54:32,completed,cod,3.92,0
6797,269,2024-01-07 10:26:53,completed,wallet,13.78,20
6798,1846,2025-06-17 02:48:47,completed,cod,8.14,0
6799,765,2023-12-13 05:01:37,shipped,debit_card,21.93,0
6800,837,2024-02-19 13:17:03,shipped,paypal,1.92,5
6801,701,2023-12-26 02:47:17,completed,credit_card,3.87,0
6802,67,2025-04-21 06:25:07,shipped,wallet,8.8,0
6803,225,2025-05-26 06:39:51,completed,debit_card,16.89,20
6804,1098,2024-02-12 06:47:48,shipped,cod,3.67,20
6805,1557,2024-07-22 05:23:09,completed,debit_card,11.31,0
6806,1051,2025-06-10 00:23:08,completed,debit_card,19.4,10
6807,31,2023-04-17 17:37:01,completed,cod,13.17,0
6808,174,2023-04-11 14:16:33,completed,paypal,8.4,15
6809,1458,2024-05-04 18:32:08,completed,upi,13.22,0
6810,782,2023-04-11 15:21:21,shipped,wallet,9.74,0
6811,386,2023-09-30 19:25:34,completed,credit_card,1.14,15
6812,842,2023-06-10 05:35:32,processing,cod,4.83,10
6813,1728,2025-05-08 21:26:23,returned,wallet,15.08,5
6814,785,2024-02-02 13:26:52,completed,paypal,6.88,5
6815,1005,2023-01-07 22:17:14,shipped,upi,14.64,20
6816,1772,2024-04-19 23:41:11,completed,paypal,21.0,15
6817,624,2025-03-26 23:49:26,completed,paypal,12.35,20
6818,692,2024-04-11 00:27:56,shipped,wallet,9.03,15
6819,521,2023-10-02 23:49:47,returned,paypal,9.28,0
6820,1735,2023-09-14 09:16:29,completed,upi,10.84,5
6821,1460,2024-09-22 12:02:32,processing,debit_card,9.27,0
6822,1831,2023-01-30 11:40:58,processing,paypal,9.04,5
6823,32,2025-02-20 02:41:55,completed,cod,13.34,15
6824,1761,2023-09-07 11:22:21,processing,cod,9.02,10
6825,538,2024-05-30 17:33:23,completed,credit_card,6.01,0
6826,1815,2023-09-09 00:01:21,completed,debit_card,20.1,0
6827,59,2024-08-04 10:13:59,completed,credit_card,15.25,0
6828,188,2024-12-12 17:31:39,cancelled,upi,0.0,0
6829,355,2023-04-19 00:16:02,completed,upi,13.15,5
6830,947,2025-06-04 05:09:11,completed,upi,4.05,10
6831,1649,2023-08-05 00:57:43,processing,credit_card,20.56,0
6832,1007,2026-12-05 00:00:00,returned,upi,21.46,0
6833,1932,2023-05-08 19:21:27,completed,paypal,0.56,0
6834,415,2024-05-29 21:12:16,completed,paypal,12.52,0
6835,1365,2023-07-05 00:52:21,returned,upi,20.07,15
6836,361,2023-07-24 16:37:33,shipped,wallet,7.62,0
6837,872,2024-05-23 21:30:23,completed,wallet,5.32,10
6838,852,2025-04-16 10:43:47,shipped,paypal,5.36,0
6839,1709,2024-09-20 09:39:33,shipped,paypal,17.94,0
6840,2152,2025-06-22 01:28:25,completed,paypal,0.95,15
6841,1128,2025-02-06 16:19:17,returned,wallet,10.78,10
6842,1668,2023-04-20 21:14:22,shipped,debit_card,3.05,15
6843,140,2023-06-30 23:07:46,completed,debit_card,3.68,0
6844,1545,2023-06-10 22:23:34,completed,credit_card,9.71,0
6845,1916,2023-01-07 00:02:33,completed,credit_card,0.15,20
6846,1657,2025-01-11 04:40:46,completed,debit_card,21.9,0
6847,1088,2025-05-01 01:13:00,shipped,debit_card,2.57,20
6848,363,2024-10-31 15:58:50,shipped,wallet,16.96,10
6849,827,2024-11-10 00:53:27,completed,paypal,16.2,0
6850,1895,2025-06-01 12:23:00,shipped,upi,3.65,20
6851,1665,2023-09-18 14:12:59,completed,upi,10.09,0
6852,1383,2023-02-28 09:17:19,shipped,upi,21.76,5
6853,1525,2023-07-31 13:31:05,,credit_card,7.93,0
6854,823,2023-02-05 22:44:37,cancelled,wallet,0.0,0
6855,1299,2024-02-14 02:46:10,completed,paypal,5.23,0
6856,634,2025-01-26 02:43:55,processing,cod,16.65,0
6857,1990,2025-04-01 22:30:01,shipped,debit_card,2.81,20
6858,325,2023-10-02 07:12:18,cancelled,credit_card,0.0,0
6859,1112,2023-05-31 09:34:00,shipped,credit_card,15.26,0
6860,608,2023-08-05 07:54:04,processing,wallet,20.79,0
6861,415,2023-02-17 10:02:06,processing,credit_card,5.51,0
6862,1976,2025-05-16 13:17:59,completed,paypal,9.71,0
6863,1935,2024-06-24 10:12:22,completed,credit_card,4.99,0
6864,488,2023-09-12 11:44:09,completed,credit_card,19.82,0
6865,1011,2025-02-08 08:48:25,completed,cod,19.38,15
6866,1497,2024-02-22 00:36:15,shipped,upi,3.61,10
6867,495,2024-03-24 22:06:31,completed,cod,7.76,20
6868,1788,2023-07-07 03:37:30,completed,debit_card,15.61,0
6869,1189,2025-06-19 22:01:51,completed,credit_card,10.24,0
6870,1732,2024-04-16 06:29:44,cancelled,wallet,0.0,0
6871,1443,2024-05-10 05:55:42,completed,debit_card,1.42,10
6872,1193,2023-06-26 14:37:33,completed,cod,5.01,0
6873,1976,2024-04-22 13:23:14,cancelled,paypal,0.0,20
6874,1755,2023-11-16 21:21:29,shipped,debit_card,10.53,0
6875,1246,2023-12-28 21:24:43,shipped,debit_card,20.03,5
6876,639,2025-06-12 16:32:49,completed,paypal,2.34,15
6877,716,2025-05-18 13:06:40,completed,cod,20.22,0
6878,1641,2024-12-20 07:32:18,completed,credit_card,10.31,0
6879,225,2025-06-09 13:56:45,completed,cod,3.69,15
6880,288,2023-08-23 11:39:32,shipped,wallet,18.56,0
6881,1348,2023-04-19 11:03:45,completed,paypal,14.0,0
6882,1040,2025-03-22 18:52:10,cancelled,upi,0.0,20
6883,150,2023-09-25 18:09:12,completed,cod,5.43,15
6884,759,2024-08-22 02:30:42,completed,upi,16.08,5
6885,1553,2023-02-27 21:35:34,completed,wallet,17.09,10
6886,1644,2023-06-09 02:51:04,processing,cod,10.42,10
6887,840,2023-12-08 12:27:49,shipped,paypal,21.24,20
6888,1001,2024-09-01 09:30:28,processing,cod,13.92,0
6889,141,2025-06-22 16:52:04,completed,upi,9.2,0
6890,1642,2024-09-04 22:06:36,returned,debit_card,16.3,0
6891,1510,2025-03-20 08:44:35,completed,wallet,14.39,15
6892,430,2025-05-21 11:45:33,processing,cod,13.64,0
6893,889,2023-10-21 13:20:55,processing,credit_card,16.97,10
6894,458,2024-10-30 00:43:09,completed,debit_card,7.08,10
6895,850,2023-11-13 06:05:26,shipped,credit_card,12.83,10
6896,506,2024-07-07 17:37:31,processing,wallet,10.52,15
6897,1692,2024-05-04 08:18:56,cancelled,debit_card,0.0,0
6898,1845,2023-08-04 02:27:59,completed,cod,14.94,0
6899,494,2025-04-20 08:32:52,cancelled,cod,0.0,0
6900,316,2023-12-10 11:10:34,completed,paypal,8.28,0
6901,119,2024-01-26 12:38:01,shipped,upi,10.82,10
6902,1150,2024-01-01 21:26:45,completed,paypal,18.88,5
6903,589,2025-05-31 20:59:31,completed,debit_card,7.68,20
6904,1382,2023-05-09 12:44:09,completed,paypal,12.63,0
6905,1799,2024-01-24 18:28:16,completed,upi,15.85,0
6906,1454,2023-12-01 05:26:47,completed,wallet,19.92,0
6907,1512,2023-06-02 16:08:11,completed,debit_card,14.21,0
6908,911,2024-11-09 15:55:25,completed,wallet,11.6,0
6909,287,2024-01-07 02:26:33,cancelled,upi,0.0,0
6910,1993,2025-03-04 00:37:11,returned,cod,10.65,20
6911,347,2023-09-20 23:12:57,completed,cod,12.03,10
6912,1107,2025-03-28 14:33:32,completed,paypal,4.18,0
6913,355,2024-02-06 22:14:43,completed,cod,10.27,5
6914,459,2023-07-02 23:34:36,completed,credit_card,17.96,20
6915,146,2024-08-03 04:05:35,completed,credit_card,21.18,5
6916,1757,2025-02-24 23:17:39,completed,credit_card,16.75,0
6917,154,2023-01-31 23:24:13,processing,cod,4.31,0
6918,1093,2024-09-11 16:15:54,completed,paypal,19.0,15
6919,264,2026-11-06 00:00:00,shipped,debit_card,17.27,0
6920,1391,2024-12-26 03:40:28,completed,debit_card,3.69,0
6921,364,2024-01-30 02:44:29,cancelled,credit_card,0.0,20
6922,763,2024-06-13 20:41:55,completed,cod,16.36,20
6923,1633,2025-03-22 20:25:08,completed,upi,5.32,15
6924,925,2024-11-30 00:28:49,returned,credit_card,18.02,0
6925,911,2023-06-17 02:41:40,shipped,upi,3.69,0
6926,1355,2024-04-09 12:26:08,completed,debit_card,8.29,0
6927,1938,2023-08-26 15:35:01,completed,credit_card,6.57,5
6928,1402,2024-01-30 17:32:22,shipped,wallet,20.53,15
6929,63,2026-12-11 00:00:00,shipped,wallet,10.04,5
6930,1055,2023-02-22 11:21:17,completed,debit_card,1.45,0
6931,1590,2024-02-18 12:23:25,processing,credit_card,14.64,0
6932,1421,2023-04-03 02:58:51,completed,credit_card,2.96,0
6933,1497,2024-11-17 18:13:48,shipped,paypal,13.56,15
6934,887,2023-12-23 00:31:46,completed,wallet,14.89,20
6935,87,2024-12-04 09:02:02,shipped,credit_card,19.37,0
6936,1983,2024-06-29 08:58:31,shipped,debit_card,5.77,15
6937,1272,2025-02-28 09:20:18,completed,upi,18.17,0
6938,628,2023-06-18 01:25:09,completed,wallet,19.96,15
6939,586,2024-04-11 12:41:00,completed,paypal,15.61,0
6940,1898,2024-06-23 13:39:20,completed,wallet,9.4,0
6941,911,2024-08-23 16:52:38,processing,debit_card,1.41,0
6942,456,2024-08-23 04:18:58,processing,paypal,4.89,0
6943,1749,2025-03-01 02:55:02,completed,debit_card,3.26,10
6944,105,2023-01-04 23:29:26,completed,credit_card,3.13,5
6945,1914,2024-02-01 05:13:53,completed,debit_card,19.31,5
6946,661,2024-05-05 22:26:44,completed,upi,9.41,5
6947,95,2024-04-30 08:13:57,completed,upi,13.74,0
6948,352,2025-02-22 01:57:39,completed,paypal,10.71,10
6949,48,2024-05-24 03:46:58,completed,cod,16.76,0
6950,46,2023-02-15 01:50:19,processing,cod,15.06,15
6951,918,2025-06-22 08:08:49,shipped,upi,16.06,5
6952,81,2024-08-18 22:39:09,completed,credit_card,5.53,20
6953,1711,2023-11-12 17:17:44,completed,debit_card,14.74,20
6954,1290,2024-08-18 23:51:15,processing,paypal,19.94,0
6955,1734,2024-02-28 03:46:49,completed,debit_card,4.95,0
6956,1921,2023-11-26 02:56:05,shipped,upi,13.87,0
6957,670,2024-08-22 03:14:48,completed,credit_card,5.47,0
6958,1213,2024-11-21 13:19:29,completed,upi,3.02,0
6959,1382,2024-12-11 23:29:33,completed,credit_card,0.5,5
6960,1220,2023-01-10 02:32:25,completed,paypal,6.92,5
6961,1782,2023-02-10 22:38:36,completed,debit_card,0.99,15
6962,1631,2023-08-12 14:09:29,completed,upi,13.77,0
6963,1995,2025-05-10 18:44:58,completed,wallet,9.85,0
6964,854,2024-08-22 07:21:08,completed,paypal,19.33,0
6965,1634,2024-04-26 21:06:54,completed,credit_card,18.36,20
6966,1997,2024-08-17 04:43:02,shipped,wallet,20.22,10
6967,238,2024-07-08 09:32:48,completed,debit_card,21.91,20
6968,1597,2024-01-15 11:47:06,completed,wallet,6.01,0
6969,1819,2025-02-27 16:01:48,processing,debit_card,14.13,10
6970,1702,2024-10-04 12:58:28,completed,cod,2.89,0
6971,784,2024-08-21 11:56:40,completed,cod,3.32,20
6972,1253,2024-02-12 08:17:32,cancelled,wallet,0.0,20
6973,1618,2023-01-14 06:16:54,shipped,wallet,0.07,5
6974,1799,2024-08-16 04:54:56,processing,paypal,19.5,5
6975,253,2025-05-28 03:38:51,completed,upi,12.23,10
6976,1769,2024-08-19 02:45:22,processing,upi,13.61,0
6977,1834,2023-09-29 09:11:17,cancelled,upi,0.0,15
6978,445,2025-02-13 10:38:45,completed,debit_card,3.79,0
6979,667,2023-09-14 19:11:35,completed,paypal,14.6,0
6980,1549,2025-06-23 18:09:50,completed,debit_card,16.62,15
6981,1452,2024-01-08 21:16:24,completed,paypal,19.44,0
6982,2196,2024-05-25 12:30:07,completed,upi,5.1,15
6983,1083,2023-10-24 16:35:52,completed,wallet,14.08,20
6984,1649,2024-05-14 00:51:39,completed,cod,3.91,0
6985,1626,2025-04-18 05:25:27,shipped,wallet,12.48,5
6986,1019,2023-02-04 02:57:40,completed,wallet,17.31,5
6987,390,2023-12-12 20:26:10,returned,debit_card,11.19,10
6988,1048,2024-07-18 18:12:23,completed,cod,2.48,20
6989,323,2023-01-13 12:20:58,processing,upi,15.32,0
6990,1113,2025-04-06 15:33:03,shipped,upi,6.13,0
6991,1442,2025-05-23 21:41:44,shipped,upi,11.2,15
6992,468,2025-04-28 03:24:14,completed,debit_card,10.36,15
6993,912,2023-06-08 04:49:12,completed,cod,2.28,20
6994,1297,2023-02-28 23:28:22,completed,credit_card,5.19,0
6995,1683,2025-06-22 01:11:07,processing,debit_card,20.12,0
6996,1884,2025-02-26 11:02:07,shipped,debit_card,20.98,15
6997,1429,2025-01-02 03:03:22,processing,credit_card,9.32,20
6998,1477,2023-08-31 02:45:04,shipped,wallet,3.9,0
6999,1134,2024-10-05 14:18:06,cancelled,debit_card,0.0,15
7000,1102,2025-01-17 12:46:39,completed,debit_card,18.75,0
7001,1648,2024-01-03 15:04:47,completed,debit_card,21.48,0
7002,1464,2024-06-10 12:29:55,completed,paypal,0.65,15
7003,1161,2025-02-02 02:53:30,complet,cod,4.56,0
7004,488,2025-05-14 13:53:10,completed,cod,7.62,0
7005,1607,2024-11-05 08:33:12,shipped,wallet,20.42,0
7006,6,2024-05-31 10:08:18,completed,credit_card,21.52,0
7007,403,2024-07-31 18:42:12,returned,credit_card,9.3,0
7008,64,2023-11-15 20:23:17,processing,upi,2.4,20
7009,1771,2025-04-29 01:11:32,processing,cod,5.99,0
7010,1078,2024-09-14 23:16:35,processing,credit_card,4.99,5
7011,500,2025-04-26 20:20:42,completed,wallet,11.48,15
7012,752,2023-05-01 06:30:41,shipped,debit_card,16.32,15
7013,392,2024-11-30 17:14:20,processing,cod,9.07,5
7014,666,2023-08-17 07:01:47,completed,paypal,8.18,10
7015,505,2025-03-11 05:44:21,cancelled,cod,0.0,5
7016,1215,2023-09-12 04:33:43,processing,cod,18.63,15
7017,383,2023-12-29 01:39:23,processing,cod,0.7,10
7018,1273,2024-03-22 16:45:45,completed,credit_card,6.3,5
7019,1753,2025-05-19 19:52:46,processing,credit_card,9.34,5
7020,446,2024-12-24 08:53:54,completed,credit_card,21.16,5
7021,1797,2024-02-24 08:46:27,shipped,paypal,10.45,0
7022,838,2023-10-15 01:41:57,completed,paypal,3.39,15
7023,2,2024-09-09 17:01:15,complet,credit_card,13.48,10
7024,1482,2024-12-21 03:39:23,shipped,wallet,1.17,0
7025,1834,2023-05-28 22:56:49,completed,wallet,19.62,20
7026,1557,2023-09-24 05:40:52,shipped,paypal,15.48,20
7027,1989,2023-09-27 05:53:04,processing,paypal,2.37,0
7028,559,2023-08-25 06:31:11,completed,paypal,3.57,0
7029,1258,2023-11-08 11:07:43,completed,paypal,17.63,0
7030,851,2023-06-19 17:47:58,cancelled,cod,0.0,5
7031,656,2024-11-16 22:37:18,completed,debit_card,17.02,0
7032,1629,2023-07-31 20:15:02,completed,paypal,16.14,0
7033,1524,2023-02-01 12:41:14,completed,cod,13.9,0
7034,1775,2024-02-27 06:56:04,completed,upi,19.89,10
7035,1085,2024-08-11 11:47:50,cancelled,debit_card,0.0,0
7036,431,2023-01-22 23:27:48,completed,debit_card,15.07,0
7037,629,2025-01-29 20:40:29,completed,credit_card,20.46,5
7038,1492,2023-12-08 07:11:56,processing,wallet,15.03,15
7039,1439,2024-04-24 12:56:39,cancelled,paypal,0.0,15
7040,380,2024-04-02 16:55:55,completed,credit_card,11.33,5
7041,403,2025-02-27 19:38:06,completed,debit_card,5.43,5
7042,1586,2024-04-18 10:11:27,completed,paypal,13.57,5
7043,695,2024-01-02 13:23:54,completed,paypal,20.54,0
7044,174,2025-06-16 23:21:56,shipped,cod,21.55,0
7045,550,2024-07-03 12:03:49,completed,paypal,7.21,0
7046,909,2023-02-05 03:44:55,shipped,upi,15.19,15
7047,1427,2023-06-08 21:55:44,cancelled,credit_card,0.0,0
7048,1267,2024-08-29 22:19:28,completed,debit_card,19.1,0
7049,1751,2023-02-06 17:00:52,completed,paypal,9.44,15
7050,1303,2023-07-14 15:27:42,returned,wallet,8.01,15
7051,1359,2025-05-03 05:40:07,shipped,debit_card,5.87,15
7052,1931,2025-05-04 08:37:52,completed,credit_card,19.15,10
7053,1122,2024-05-29 19:18:46,completed,debit_card,8.73,10
7054,1292,2024-11-18 10:28:37,completed,wallet,11.47,20
7055,708,2024-11-18 04:02:26,completed,credit_card,21.12,10
7056,1073,2024-06-11 05:39:01,completed,credit_card,14.19,0
7057,1876,2025-01-11 21:06:23,completed,upi,0.69,15
7058,1268,2024-09-20 10:23:06,completed,credit_card,6.48,0
7059,1891,2024-06-06 17:09:11,cancelled,wallet,0.0,20
7060,947,2023-10-13 12:14:12,cancelled,debit_card,0.0,0
7061,883,2023-04-24 10:39:14,completed,cod,3.96,0
7062,658,2025-05-08 15:40:27,completed,upi,16.29,0
7063,3,2023-08-30 16:38:39,completed,cod,6.7,10
7064,81,2024-08-02 15:28:45,cancelled,upi,0.0,15
7065,1996,2024-11-11 20:39:26,completed,debit_card,3.24,5
7066,1045,2024-09-03 03:28:12,completed,wallet,1.04,15
7067,505,2023-07-23 18:29:54,completed,cod,14.69,0
7068,350,2024-06-24 22:44:39,completed,debit_card,7.88,10
7069,1330,2024-03-13 04:36:58,processing,debit_card,3.92,15
7070,774,2023-01-22 04:52:51,completed,cod,18.31,0
7071,1575,2024-06-27 19:43:14,completed,wallet,19.79,10
7072,1778,2023-09-06 09:36:54,cancelled,wallet,0.0,0
7073,1809,2025-05-30 12:39:15,cancelled,credit_card,0.0,0
7074,1975,2023-11-28 08:41:48,processing,wallet,11.01,0
7075,289,2026-11-23 00:00:00,completed,wallet,9.03,0
7076,283,2024-10-05 02:57:06,completed,upi,21.68,20
7077,1293,2023-10-19 20:49:07,shipped,cod,17.3,20
7078,847,2023-10-17 08:10:31,completed,paypal,17.38,15
7079,1103,2024-03-05 10:21:39,completed,paypal,2.4,0
7080,1719,2024-10-10 13:16:02,shipped,paypal,3.3,10
7081,415,2024-11-15 10:24:50,cancelled,cod,0.0,15
7082,234,2024-12-01 02:02:27,cancelled,wallet,0.0,0
7083,1245,2025-03-05 23:25:38,completed,debit_card,6.57,10
7084,508,2023-01-29 09:51:08,completed,cod,18.75,5
7085,908,2024-08-01 20:35:59,completed,credit_card,15.24,20
7086,1906,2023-04-05 03:17:04,shipped,wallet,4.42,10
7087,1972,2023-04-21 18:09:23,completed,wallet,19.37,10
7088,1573,2023-09-07 07:44:49,shipped,upi,16.79,20
7089,944,2025-01-11 22:05:51,completed,cod,15.72,0
7090,551,2024-11-02 05:25:14,cancelled,paypal,0.0,5
7091,939,2024-03-15 14:39:29,completed,cod,18.34,20
7092,1068,2023-08-13 10:53:24,completed,upi,20.98,10
7093,407,2023-08-12 15:43:52,completed,wallet,16.1,20
7094,140,2023-11-14 23:21:25,shipped,upi,21.14,0
7095,395,2025-05-25 07:55:39,completed,debit_card,15.86,5
7096,1872,2025-05-26 06:11:48,processing,credit_card,21.67,0
7097,317,2024-08-11 04:08:28,completed,wallet,5.08,0
7098,1177,2025-03-23 14:57:22,completed,cod,3.35,0
7099,926,2025-05-21 19:36:39,completed,debit_card,15.6,10
7100,1708,2024-06-06 00:59:41,completed,paypal,7.62,0
7101,1109,2024-05-19 10:04:55,completed,paypal,19.56,0
7102,1629,2023-11-19 20:20:50,cancelled,upi,0.0,0
7103,1470,2023-01-19 20:46:20,completed,debit_card,4.9,15
7104,529,2024-02-03 10:47:25,completed,paypal,9.68,0
7105,1260,2024-01-05 19:43:27,completed,paypal,13.85,20
7106,1294,2025-01-13 00:05:20,processing,debit_card,9.87,0
7107,29,2024-12-03 07:45:53,completed,credit_card,1.69,20
7108,1156,2023-06-21 10:16:10,completed,credit_card,10.37,0
7109,614,2023-05-10 03:56:35,cancelled,cod,0.0,0
7110,507,2023-12-04 12:49:03,completed,wallet,13.19,20
7111,1637,2025-05-21 19:23:08,completed,upi,9.49,0
7112,715,2024-12-11 15:16:13,completed,debit_card,2.43,0
7113,1277,2025-06-27 02:21:53,completed,paypal,11.68,0
7114,1407,2024-03-21 16:44:20,completed,upi,13.4,0
7115,644,2023-04-20 05:22:17,completed,debit_card,0.92,0
7116,1122,2025-01-06 18:24:21,shipped,wallet,10.19,20
7117,341,2023-11-28 11:08:33,completed,debit_card,19.45,10
7118,721,2025-05-12 04:48:55,completed,paypal,3.95,0
7119,1587,2024-06-21 17:02:49,completed,paypal,19.7,15
7120,240,2024-04-04 02:25:04,processing,cod,13.88,15
7121,1603,2023-05-25 17:59:21,completed,wallet,16.84,15
7122,68,2024-12-26 19:53:31,returned,cod,15.02,15
7123,1717,2024-07-08 21:41:12,completed,wallet,13.11,5
7124,85,2023-01-02 19:46:37,processing,upi,19.09,5
7125,1870,2024-02-13 15:29:54,completed,wallet,10.51,0
7126,1000,2023-11-08 04:20:31,completed,upi,13.38,15
7127,308,2023-12-28 02:30:59,completed,paypal,0.68,0
7128,1289,2023-06-06 02:51:36,completed,credit_card,21.47,5
7129,155,2023-02-16 05:11:36,returned,credit_card,15.85,0
7130,175,2023-12-08 01:20:15,completed,wallet,18.13,5
7131,386,2024-06-24 06:40:10,completed,cod,5.26,5
7132,529,2025-06-23 08:53:35,returned,wallet,4.2,0
7133,598,2024-03-14 02:45:46,completed,credit_card,4.62,5
7134,48,2024-02-05 23:17:06,completed,paypal,19.76,10
7135,580,2024-05-09 03:13:40,completed,paypal,0.58,10
7136,705,2024-11-29 22:34:18,completed,cod,9.83,0
7137,1499,2023-01-16 03:35:05,completed,upi,1.98,0
7138,1739,2024-07-05 20:56:13,completed,debit_card,12.85,5
7139,1924,2023-10-21 17:57:41,completed,cod,19.64,15
7140,1265,2023-12-09 21:46:39,cancelled,paypal,0.0,0
7141,2249,2025-04-24 15:30:25,completed,cod,10.27,10
7142,337,2024-05-08 12:32:20,cancelled,upi,0.0,15
7143,1440,2025-03-12 13:53:55,cancelled,paypal,0.0,0
7144,1667,2023-01-19 00:18:24,completed,paypal,7.41,15
7145,99,2024-03-23 06:59:24,completed,wallet,0.55,0
7146,1293,2025-01-18 05:09:51,completed,paypal,3.55,15
7147,508,2024-08-20 22:02:40,completed,cod,13.34,10
7148,906,2024-08-13 11:46:45,CANCEL,debit_card,17.01,10
7149,1312,2024-08-08 10:05:09,shipped,cod,8.78,0
7150,1841,2024-06-21 06:28:24,cancelled,credit_card,0.0,0
7151,147,2023-08-06 20:34:46,processing,wallet,7.17,0
7152,483,2024-07-08 06:16:17,completed,credit_card,20.68,5
7153,1147,2023-01-19 16:31:04,CANCEL,upi,7.43,0
7154,1073,2024-03-20 19:54:49,processing,cod,1.79,0
7155,227,2023-05-11 10:21:29,processing,paypal,14.06,20
7156,133,2024-11-13 01:04:14,completed,upi,0.63,0
7157,457,2023-01-01 02:55:22,completed,paypal,21.68,5
7158,171,2024-02-20 18:32:08,completed,credit_card,19.9,5
7159,1738,2023-11-22 14:45:18,shipped,credit_card,3.91,15
7160,707,2024-04-30 05:43:11,shipped,debit_card,13.47,5
7161,1786,2025-05-27 07:40:19,completed,upi,10.16,0
7162,18,2023-11-27 06:29:13,completed,cod,3.83,20
7163,560,2024-11-11 00:13:55,completed,cod,20.67,10
7164,808,2024-09-16 19:39:41,completed,upi,19.02,0
7165,1456,2024-03-22 03:51:35,shipped,upi,3.81,5
7166,793,2024-01-08 17:35:39,shipped,upi,12.25,10
7167,601,2023-10-02 06:04:43,processing,wallet,12.74,15
7168,1065,2024-07-25 00:02:09,completed,cod,18.57,0
7169,975,2024-05-20 21:39:59,cancelled,credit_card,0.0,10
7170,502,2024-02-24 03:27:33,completed,upi,18.91,0
7171,30,2023-08-31 19:58:32,shipped,wallet,12.62,0
7172,20,2023-08-05 12:03:52,completed,paypal,11.95,20
7173,1745,2023-11-18 02:58:10,shipped,paypal,13.83,10
7174,1080,2025-03-11 08:34:25,completed,paypal,6.59,0
7175,1272,2023-05-18 07:52:01,processing,cod,13.11,0
7176,175,2024-04-19 10:44:35,completed,cod,21.16,0
7177,163,2025-01-02 20:32:54,completed,credit_card,18.08,0
7178,547,2023-05-11 02:57:40,completed,paypal,9.19,0
7179,1689,2024-10-19 07:13:27,shipped,credit_card,21.53,15
7180,1569,2024-06-07 16:54:19,shipped,cod,19.93,0
7181,227,2025-02-07 12:57:29,completed,paypal,20.34,15
7182,1352,2025-05-28 13:29:26,completed,credit_card,8.97,0
7183,1077,2025-05-19 08:33:52,cancelled,wallet,0.0,20
7184,1887,2026-12-11 00:00:00,completed,debit_card,2.44,0
7185,644,2023-06-20 03:45:42,shippd,debit_card,1.25,20
7186,976,2024-02-12 22:17:10,completed,cod,6.78,0
7187,910,2024-09-21 06:21:35,cancelled,credit_card,0.0,5
7188,429,2024-01-29 09:21:47,completed,debit_card,2.61,0
7189,343,2024-06-08 09:58:41,processing,credit_card,2.8,0
7190,1191,2023-07-07 16:06:38,shipped,cod,4.12,10
7191,1788,2023-12-24 17:56:42,completed,credit_card,11.73,10
7192,562,2024-04-24 13:35:19,cancelled,upi,0.0,0
7193,1954,2023-07-10 22:14:38,cancelled,upi,0.0,0
7194,543,2025-03-19 22:20:35,cancelled,paypal,0.0,0
7195,970,2023-08-20 04:44:01,completed,wallet,6.21,0
7196,1644,2024-10-28 13:41:58,shipped,credit_card,4.69,15
7197,1335,2023-02-20 20:36:25,completed,debit_card,21.37,10
7198,1825,2025-02-09 09:58:41,processing,paypal,5.81,10
7199,524,2025-05-29 20:53:26,returned,upi,15.12,0
7200,1872,2025-06-14 22:57:35,processing,upi,5.75,15
7201,1345,2023-08-17 13:09:49,completed,debit_card,6.0,15
7202,5,2023-06-11 13:54:30,shipped,cod,14.26,0
7203,1234,2023-06-19 02:40:20,shipped,cod,21.34,0
7204,1820,2023-11-11 00:23:45,shipped,paypal,10.46,15
7205,560,2023-08-25 02:32:34,completed,wallet,18.53,0
7206,808,2023-11-08 16:44:42,shipped,cod,21.16,20
7207,708,2024-12-08 05:30:54,shipped,debit_card,5.58,10
7208,1009,2024-08-09 21:11:14,completed,credit_card,20.51,10
7209,1611,2025-05-01 22:05:39,completed,cod,13.77,0
7210,391,2023-01-21 08:58:49,completed,wallet,21.78,0
7211,57,2023-09-21 23:15:58,processing,wallet,17.34,5
7212,490,2025-04-21 05:59:04,cancelled,upi,0.0,0
7213,704,2024-10-09 21:22:10,completed,upi,4.13,0
7214,1345,2025-04-17 12:52:07,completed,credit_card,4.18,20
7215,592,2023-07-23 12:48:57,returned,wallet,3.65,20
7216,245,2023-03-26 18:51:41,completed,upi,9.21,0
7217,1913,2023-11-02 10:25:34,completed,debit_card,16.17,0
7218,1894,2023-07-27 20:10:32,completed,credit_card,16.73,10
7219,1915,2024-05-31 22:24:07,completed,upi,10.04,10
7220,1495,2023-05-28 21:52:06,processing,upi,8.5,0
7221,869,2023-09-16 08:39:44,cancelled,wallet,0.0,5
7222,1569,2025-01-25 10:05:24,completed,credit_card,12.8,0
7223,1635,2023-10-01 06:48:37,returned,paypal,8.8,10
7224,738,2023-12-13 17:54:07,cancelled,credit_card,0.0,0
7225,1356,2023-06-06 18:12:32,completed,upi,11.19,0
7226,1081,2023-02-15 10:45:53,completed,debit_card,16.9,0
7227,307,2025-02-11 03:57:11,completed,paypal,17.5,10
7228,1970,2025-02-28 09:14:54,shipped,debit_card,5.44,20
7229,816,2024-03-14 16:18:57,completed,paypal,18.71,15
7230,246,2024-12-25 08:51:39,cancelled,credit_card,0.0,15
7231,1479,2024-04-26 11:21:38,completed,upi,1.77,15
7232,1104,2025-04-08 14:58:15,processing,cod,2.86,15
7233,1762,2023-07-12 21:34:58,shipped,cod,4.81,20
7234,1401,2023-12-08 18:41:15,returned,cod,10.85,0
7235,1892,2025-06-23 20:08:09,completed,debit_card,10.59,15
7236,1021,2025-04-13 02:32:00,completed,credit_card,19.62,10
7237,1494,2025-06-04 04:43:02,returned,wallet,4.91,0
7238,1743,2023-05-02 03:15:19,processing,credit_card,11.16,0
7239,1284,2023-10-06 16:59:22,processing,debit_card,10.44,0
7240,1591,2024-11-27 19:48:23,cancelled,upi,0.0,0
7241,1732,2024-04-21 07:00:17,processing,credit_card,18.78,15
7242,1808,2024-12-15 12:37:56,completed,cod,8.14,20
7243,1311,2025-05-06 14:48:36,completed,upi,15.82,10
7244,197,2023-10-15 11:02:54,shipped,credit_card,19.68,20
7245,1889,2023-10-18 13:40:43,shipped,credit_card,17.83,10
7246,1810,2024-03-10 03:45:11,completed,upi,21.59,15
7247,819,2023-06-27 22:01:36,returned,debit_card,13.41,0
7248,556,2024-04-25 12:20:40,completed,credit_card,7.76,15
7249,175,2025-06-21 02:24:19,cancelled,wallet,0.0,0
7250,173,2025-06-18 23:53:25,completed,debit_card,21.44,10
7251,1641,2023-05-18 06:15:04,completed,upi,0.37,0
7252,651,2023-05-20 18:36:44,shipped,paypal,13.48,0
7253,1547,2023-11-01 22:17:04,cancelled,credit_card,0.0,5
7254,247,2023-02-14 17:08:16,completed,paypal,16.63,0
7255,468,2023-05-27 19:52:54,completed,credit_card,8.05,15
7256,1764,2024-01-24 09:40:20,completed,wallet,16.23,10
7257,1877,2023-06-25 00:18:28,completed,cod,14.18,10
7258,1338,2023-05-05 23:30:36,completed,paypal,1.59,0
7259,331,2023-03-12 00:05:19,processing,wallet,5.2,5
7260,164,2023-08-20 19:40:34,processing,upi,18.77,20
7261,678,2026-12-05 00:00:00,completed,debit_card,16.7,15
7262,1488,2025-06-09 20:48:30,shipped,debit_card,20.77,0
7263,1943,2023-03-21 11:55:55,completed,paypal,20.04,15
7264,1323,2024-08-12 18:01:23,completed,credit_card,15.55,10
7265,1348,2024-11-05 02:05:39,completed,paypal,10.34,0
7266,1569,2024-02-24 21:10:08,completed,cod,15.15,0
7267,1976,2024-11-12 10:41:53,completed,upi,7.67,0
7268,792,2023-12-19 13:12:38,completed,credit_card,7.61,0
7269,1449,2025-03-09 19:18:57,completed,wallet,19.08,0
7270,1039,2024-10-01 14:57:21,completed,paypal,11.32,0
7271,1755,2024-07-26 20:58:37,completed,paypal,6.18,0
7272,1761,2024-07-20 05:21:26,shipped,paypal,3.27,10
7273,608,2025-02-23 17:11:06,cancelled,upi,0.0,5
7274,512,2023-04-24 04:59:10,completed,debit_card,2.2,20
7275,1824,2024-09-30 21:23:45,completed,debit_card,14.75,5
7276,262,2023-12-30 13:11:34,shipped,paypal,18.15,20
7277,900,2025-06-07 01:39:46,shipped,cod,7.16,0
7278,980,2025-06-25 06:08:56,completed,debit_card,10.87,20
7279,2,2023-03-24 07:21:59,shipped,credit_card,12.72,0
7280,559,2024-11-29 23:04:50,completed,paypal,20.97,15
7281,1110,2024-11-22 18:36:28,processing,upi,12.78,5
7282,1723,2025-05-19 02:44:09,shipped,paypal,5.15,15
7283,1170,2024-07-08 17:00:36,cancelled,wallet,0.0,15
7284,224,2024-03-22 08:30:19,completed,wallet,5.87,10
7285,585,2023-12-28 16:55:26,completed,paypal,3.91,10
7286,543,2023-12-27 11:03:26,completed,paypal,13.14,0
7287,1707,2024-04-22 21:50:36,completed,paypal,0.43,0
7288,1985,2024-12-16 02:26:13,completed,debit_card,12.82,5
7289,520,2023-10-30 22:02:36,completed,cod,5.67,0
7290,716,2023-12-29 16:24:36,shipped,cod,5.99,0
7291,1665,2024-11-28 05:54:13,completed,cod,3.77,10
7292,639,2023-02-09 06:25:30,shipped,debit_card,14.63,0
7293,75,2023-09-09 14:56:24,completed,wallet,6.78,5
7294,1943,2024-04-01 07:51:25,completed,cod,20.01,0
7295,385,2023-04-23 03:26:26,processing,upi,13.94,0
7296,110,2023-04-20 17:55:05,completed,debit_card,19.71,0
7297,2274,2025-02-03 11:48:16,completed,upi,13.39,10
7298,1294,2023-11-15 22:30:18,completed,paypal,14.25,5
7299,1705,2023-01-28 17:11:50,shippd,credit_card,11.5,0
7300,349,2024-12-01 13:20:29,shipped,debit_card,16.53,15
7301,2341,2024-05-07 15:41:26,shipped,upi,8.12,0
7302,443,2024-12-05 02:05:58,shipped,paypal,15.86,5
7303,1681,2023-08-14 18:14:02,completed,upi,3.21,0
7304,1260,2024-11-16 18:03:44,completed,paypal,12.64,15
7305,1594,2024-05-14 06:03:54,shipped,cod,6.21,5
7306,612,2024-06-05 02:28:30,cancelled,upi,0.0,10
7307,892,2025-01-26 18:37:29,completed,debit_card,13.12,10
7308,660,2023-10-26 00:33:10,processing,cod,3.18,20
7309,1729,2023-08-11 20:52:42,shipped,upi,1.28,0
7310,77,2023-12-01 09:01:39,returned,paypal,0.26,0
7311,458,2023-11-25 02:00:12,completed,debit_card,2.07,0
7312,1391,2023-06-08 03:57:28,shipped,paypal,3.89,0
7313,335,2024-10-10 19:02:27,processing,credit_card,13.83,10
7314,613,2023-11-10 22:57:48,returned,upi,5.27,0
7315,1948,2024-08-11 22:34:17,returned,cod,14.29,0
7316,2146,2023-10-14 07:37:01,completed,debit_card,12.49,0
7317,158,2025-02-20 20:47:56,completed,wallet,16.34,0
7318,1747,2023-08-21 21:20:25,cancelled,upi,0.0,10
7319,1036,2023-06-21 14:50:01,completed,cod,6.99,0
7320,303,2023-03-19 09:46:46,completed,upi,6.17,0
7321,590,2024-12-11 10:21:26,completed,wallet,14.73,0
7322,1096,2025-03-08 09:37:22,completed,upi,9.17,20
7323,611,2025-02-07 22:09:42,processing,cod,10.82,5
7324,87,2023-06-11 18:29:21,cancelled,cod,0.0,0
7325,203,2024-06-18 07:25:18,completed,credit_card,20.12,20
7326,1891,2025-03-28 10:33:43,completed,debit_card,19.54,10
7327,1663,2024-01-23 04:14:16,completed,credit_card,4.96,0
7328,1658,2024-08-10 14:12:55,cancelled,debit_card,0.0,10
7329,1421,2025-01-04 20:22:21,processing,debit_card,3.38,20
7330,1279,2024-04-06 16:53:08,shipped,paypal,12.79,0
7331,750,2023-11-21 13:05:16,returned,wallet,0.6,10
7332,1793,2023-03-27 18:16:14,shipped,upi,1.24,0
7333,223,2024-01-03 09:34:16,completed,cod,18.55,20
7334,489,2025-03-11 03:18:44,completed,paypal,3.68,0
7335,1114,2025-02-05 12:15:26,cancelled,upi,0.0,10
7336,1593,2025-05-24 11:59:42,returned,wallet,11.34,15
7337,1057,2024-06-09 15:05:11,completed,credit_card,5.25,0
7338,1052,2024-07-23 06:42:29,cancelled,upi,0.0,0
7339,72,2023-11-29 04:37:40,completed,cod,16.21,15
7340,619,2025-06-28 11:14:25,completed,paypal,4.44,15
7341,1623,2023-05-08 22:55:57,completed,paypal,15.59,0
7342,1331,2024-05-06 20:11:27,completed,paypal,9.75,10
7343,2140,2023-03-16 07:13:41,completed,upi,11.0,0
7344,1833,2024-07-30 01:14:12,completed,wallet,20.33,0
7345,1360,2025-05-13 00:38:11,completed,paypal,6.64,5
7346,820,2024-12-03 22:13:52,completed,cod,12.92,20
7347,1759,2024-02-09 05:47:40,cancelled,credit_card,0.0,10
7348,1285,2023-06-05 08:53:40,completed,credit_card,3.82,0
7349,1274,2024-10-23 10:49:46,shipped,debit_card,15.98,15
7350,508,2025-05-11 21:53:24,completed,credit_card,11.42,15
7351,1534,2024-11-17 22:19:04,completed,cod,12.06,15
7352,844,2023-08-04 12:01:18,completed,wallet,13.32,5
7353,1469,2024-03-19 10:58:38,shipped,cod,0.41,0
7354,1197,2024-02-29 15:54:32,completed,cod,17.18,0
7355,1893,2023-01-06 11:40:25,completed,paypal,14.4,15
7356,1673,2025-02-17 02:35:12,cancelled,wallet,0.0,15
7357,1112,2024-05-13 22:01:52,completed,debit_card,1.29,5
7358,1060,2024-10-07 05:39:01,returned,cod,0.14,5
7359,109,2024-09-12 18:57:41,cancelled,debit_card,0.0,5
7360,669,2023-05-28 00:12:00,returned,upi,8.79,0
7361,453,2024-09-27 23:57:25,cancelled,cod,0.0,0
7362,1655,2023-09-10 20:10:47,completed,paypal,11.74,10
7363,1757,2024-06-06 08:38:13,processing,credit_card,1.92,5
7364,1843,2024-09-21 02:12:21,cancelled,wallet,0.0,15
7365,650,2024-09-14 07:32:37,processing,wallet,16.47,15
7366,1283,2024-03-28 16:16:39,completed,upi,7.65,20
7367,609,2023-08-08 09:55:29,shipped,paypal,1.48,0
7368,1740,2024-04-29 14:48:51,completed,wallet,15.76,0
7369,693,2025-01-21 18:52:43,completed,credit_card,16.1,0
7370,831,2024-01-13 08:37:29,completed,credit_card,8.89,15
7371,778,2023-01-03 11:15:06,shipped,upi,8.58,20
7372,805,2023-09-24 04:03:48,processing,upi,8.07,5
7373,1764,2025-01-17 08:56:44,shipped,credit_card,13.17,20
7374,1428,2023-10-31 04:41:43,completed,cod,1.66,20
7375,489,2025-02-17 09:52:14,completed,upi,16.72,0
7376,1256,2024-09-08 09:10:50,completed,debit_card,0.35,20
7377,1529,2023-11-16 12:32:20,processing,wallet,20.81,10
7378,361,2023-12-22 12:07:51,shipped,upi,14.26,5
7379,155,2023-11-17 16:16:36,completed,debit_card,11.42,5
7380,1506,2023-07-17 10:06:00,processing,upi,3.46,5
7381,772,2024-04-22 03:03:26,returned,cod,9.46,10
7382,1278,2024-11-28 21:11:10,completed,credit_card,9.11,0
7383,208,2024-09-08 03:53:55,completed,paypal,17.07,0
7384,383,2024-08-25 12:31:21,shipped,debit_card,12.85,0
7385,1548,2024-02-15 10:05:25,completed,cod,19.45,0
7386,125,2023-03-17 01:11:52,completed,debit_card,2.2,20
7387,1412,2025-02-18 12:34:30,completed,wallet,9.46,5
7388,1438,2025-01-20 02:01:10,shipped,credit_card,9.27,10
7389,909,2023-04-17 07:12:25,returned,upi,11.43,0
7390,230,2024-10-18 12:04:46,completed,upi,1.04,20
7391,1788,2024-12-07 10:07:25,completed,paypal,8.6,0
7392,1034,2025-06-20 23:36:01,shipped,paypal,16.43,20
7393,1723,2023-08-23 00:45:34,completed,cod,4.44,20
7394,757,2025-05-25 10:07:29,completed,paypal,10.17,0
7395,1888,2024-01-15 23:31:52,completed,credit_card,0.94,0
7396,120,2024-01-22 02:23:36,processing,cod,17.7,0
7397,37,2024-09-24 13:57:29,returned,cod,11.13,0
7398,1828,2024-06-26 08:35:59,completed,credit_card,6.3,0
7399,876,2023-03-04 08:50:53,completed,paypal,17.28,0
7400,807,2023-03-29 03:02:24,cancelled,paypal,0.0,0
7401,852,2023-12-02 23:39:51,shipped,wallet,17.57,0
7402,884,2023-10-29 21:16:59,cancelled,debit_card,0.0,5
7403,1924,2023-08-05 00:12:32,cancelled,wallet,0.0,20
7404,384,2023-01-01 19:00:10,processing,debit_card,21.57,5
7405,1476,2025-04-24 17:58:50,completed,cod,19.39,0
7406,1698,2024-04-16 17:00:27,completed,credit_card,5.19,0
7407,227,2023-11-23 06:34:24,completed,cod,16.81,15
7408,283,2024-02-05 12:27:00,shipped,paypal,7.0,20
7409,1503,2025-01-15 17:38:09,completed,credit_card,17.82,0
7410,969,2024-02-13 16:56:17,completed,credit_card,13.51,0
7411,1816,2024-09-08 11:47:26,cancelled,upi,0.0,20
7412,327,2024-05-15 00:34:51,completed,paypal,14.69,15
7413,556,2023-10-16 14:56:43,completed,upi,19.92,0
7414,208,2023-02-25 15:59:27,completed,upi,19.27,0
7415,959,2023-11-19 17:49:13,completed,wallet,4.79,10
7416,121,2023-01-21 08:07:34,completed,cod,10.29,15
7417,646,2023-08-19 08:33:37,completed,credit_card,3.97,0
7418,1375,2024-01-28 06:45:05,completed,upi,19.95,20
7419,871,2024-08-28 04:36:20,processing,paypal,14.96,10
7420,921,2023-12-18 09:24:18,completed,wallet,14.52,0
7421,781,2024-08-17 23:17:29,completed,debit_card,15.19,20
7422,867,2025-01-29 18:51:28,completed,upi,10.16,0
7423,1392,2024-04-02 10:00:46,processing,wallet,7.94,0
7424,1212,2023-10-27 14:11:32,completed,paypal,11.15,5
7425,1668,2025-06-29 23:01:51,completed,wallet,4.64,0
7426,1317,2025-02-05 15:47:14,completed,credit_card,7.76,5
7427,1195,2024-05-27 17:01:24,completed,cod,9.07,5
7428,1853,2024-11-21 07:39:38,completed,debit_card,13.22,0
7429,1688,2024-08-01 16:04:35,shipped,upi,20.23,0
7430,591,2025-02-23 04:07:35,processing,paypal,13.47,10
7431,1008,2023-05-27 00:58:39,completed,paypal,19.83,0
7432,1556,2024-07-27 19:45:47,cancelled,paypal,0.0,10
7433,74,2024-11-08 11:24:40,completed,cod,21.67,20
7434,765,2025-06-18 04:05:25,completed,debit_card,6.28,5
7435,1584,2025-06-22 09:11:03,complet,upi,0.04,20
7436,463,2023-05-04 07:12:42,completed,upi,18.51,0
7437,241,2024-12-15 08:51:38,cancelled,wallet,0.0,0
7438,1160,2025-02-03 12:57:52,completed,cod,12.76,0
7439,1547,2023-09-20 14:44:51,shipped,cod,10.02,10
7440,685,2023-06-29 02:24:33,completed,wallet,5.98,15
7441,842,2024-01-31 12:55:34,completed,paypal,8.51,5
7442,164,2023-05-16 11:01:02,shipped,paypal,19.63,0
7443,1502,2024-04-25 13:57:41,completed,paypal,17.33,0
7444,1883,2025-05-28 02:55:29,completed,paypal,15.03,5
7445,574,2024-12-17 01:13:56,completed,upi,13.08,0
7446,350,2026-11-28 00:00:00,shipped,wallet,10.36,20
7447,1187,2023-01-06 16:18:09,completed,debit_card,12.02,0
7448,242,2024-05-27 05:45:31,completed,upi,7.97,0
7449,1886,2023-01-30 04:27:27,completed,upi,9.38,0
7450,487,2025-05-26 09:18:21,completed,debit_card,19.37,15
7451,655,2024-07-19 23:08:00,shipped,debit_card,14.38,10
7452,1566,2023-07-03 04:52:52,processing,credit_card,5.61,5
7453,1434,2023-05-18 08:51:02,shipped,upi,6.51,0
7454,616,2024-01-01 15:42:21,completed,credit_card,11.08,0
7455,437,2023-10-20 01:05:04,completed,wallet,17.97,0
7456,295,2023-12-10 14:55:47,shipped,cod,12.18,15
7457,895,2023-01-31 22:01:05,completed,wallet,2.88,0
7458,1079,2024-02-06 04:02:22,completed,credit_card,16.93,10
7459,526,2024-12-22 16:31:12,processing,upi,14.24,0
7460,313,2023-08-12 21:47:27,cancelled,cod,0.0,0
7461,1866,2024-12-14 19:13:03,returned,upi,19.38,0
7462,82,2025-03-08 03:01:14,completed,wallet,14.06,15
7463,254,2023-12-31 15:18:23,shipped,cod,5.28,0
7464,845,2024-08-18 06:11:37,cancelled,debit_card,0.0,0
7465,1361,2024-05-29 02:53:51,shipped,upi,0.73,15
7466,401,2024-04-15 17:07:57,completed,credit_card,21.63,15
7467,1991,2024-11-07 23:30:52,completed,credit_card,18.23,10
7468,605,2023-04-12 17:52:24,completed,upi,2.98,0
7469,46,2023-04-23 20:46:23,completed,cod,17.83,10
7470,509,2025-04-12 09:27:48,completed,upi,18.65,15
7471,1177,2025-06-11 03:37:20,completed,credit_card,18.51,0
7472,1541,2023-07-08 18:41:57,cancelled,upi,0.0,0
7473,1858,2023-07-24 02:30:24,completed,paypal,19.12,0
7474,1933,2024-07-10 07:47:50,completed,upi,4.9,15
7475,1716,2024-08-30 16:01:24,processing,wallet,0.21,5
7476,686,2023-08-09 01:26:30,completed,wallet,6.38,0
7477,1083,2024-07-30 23:17:17,cancelled,wallet,0.0,0
7478,35,2024-04-18 16:32:34,completed,wallet,19.33,10
7479,1069,2024-05-06 07:33:14,shipped,cod,5.18,20
7480,317,2025-04-11 10:29:47,completed,upi,18.25,20
7481,865,2024-08-02 08:04:07,completed,cod,12.18,15
7482,1494,2023-05-12 09:20:32,completed,debit_card,21.25,5
7483,1098,2023-04-22 13:11:49,completed,upi,18.24,0
7484,913,2024-12-01 23:13:21,completed,paypal,7.98,10
7485,1092,2024-08-07 23:19:10,shipped,paypal,7.94,5
7486,40,2025-03-07 23:16:58,completed,wallet,21.82,0
7487,1524,2024-07-11 13:44:50,completed,credit_card,1.32,0
7488,686,2024-01-27 08:53:16,shipped,credit_card,14.32,0
7489,952,2023-03-02 03:47:51,completed,debit_card,20.01,5
7490,308,2023-01-23 23:15:42,completed,credit_card,18.84,0
7491,213,2024-01-29 10:11:50,returned,debit_card,14.26,0
7492,1545,2024-01-16 06:41:14,completed,cod,19.88,0
7493,317,2024-05-09 15:00:27,processing,credit_card,6.29,0
7494,193,2025-03-07 20:12:15,completed,paypal,5.92,10
7495,1547,2024-03-23 17:30:57,processing,cod,7.16,10
7496,1590,2025-05-29 02:51:05,completed,cod,11.76,10
7497,986,2023-08-06 11:13:46,completed,upi,10.04,0
7498,1766,2023-04-25 01:13:29,returned,wallet,6.17,0
7499,1017,2023-05-31 21:07:40,completed,upi,15.06,0
7500,226,2023-10-03 13:31:39,processing,cod,3.84,5
7501,506,2025-03-07 15:08:46,processing,cod,18.5,5
7502,1978,2024-10-14 06:09:13,completed,paypal,4.56,0
7503,1616,2023-06-28 20:35:14,cancelled,wallet,0.0,0
7504,537,2023-08-21 07:44:01,completed,debit_card,8.65,10
7505,667,2025-03-19 22:58:26,returned,cod,12.46,0
7506,1852,2025-04-15 01:17:40,shipped,paypal,8.68,15
7507,964,2024-12-24 01:55:15,completed,upi,4.23,10
7508,1462,2023-12-21 23:34:04,completed,upi,11.17,0
7509,1328,2023-08-11 09:43:31,completed,cod,15.94,15
7510,1110,2023-11-22 22:50:42,shipped,credit_card,0.51,5
7511,519,2025-06-03 00:22:38,completed,credit_card,9.19,0
7512,525,2023-03-31 13:17:54,completed,cod,2.97,5
7513,62,2024-10-29 21:27:00,processing,credit_card,19.45,5
7514,63,2024-12-02 05:25:47,cancelled,credit_card,0.0,15
7515,1319,2023-10-14 08:59:39,completed,cod,20.64,0
7516,172,2025-03-16 22:02:27,completed,debit_card,0.92,20
7517,1701,2025-03-14 21:08:16,completed,wallet,9.85,0
7518,599,2024-05-09 18:15:50,completed,paypal,3.93,15
7519,1049,2025-01-05 21:58:34,shipped,cod,8.79,0
7520,1331,2023-07-28 21:45:39,completed,upi,1.4,20
7521,1489,2025-06-18 07:30:31,completed,debit_card,21.66,0
7522,650,2025-01-08 14:59:02,completed,cod,21.19,0
7523,284,2023-10-22 15:16:59,completed,paypal,6.59,0
7524,191,2024-02-27 07:36:09,completed,paypal,15.86,10
7525,98,2023-03-04 16:25:36,completed,cod,20.55,0
7526,648,2023-08-15 20:53:13,cancelled,upi,0.0,15
7527,784,2023-06-07 18:07:04,completed,wallet,2.92,20
7528,455,2025-05-04 20:25:48,completed,paypal,18.81,0
7529,589,2026-12-06 00:00:00,completed,cod,10.91,5
7530,738,2023-01-12 18:08:01,completed,credit_card,5.81,20
7531,628,2025-06-14 10:48:34,completed,paypal,12.73,0
7532,1904,2024-07-14 13:39:19,completed,paypal,15.66,0
7533,1429,2023-03-22 10:54:57,completed,cod,20.12,5
7534,586,2024-01-28 10:18:58,completed,wallet,17.21,10
7535,765,2023-01-30 02:36:17,shipped,upi,21.47,0
7536,496,2024-05-21 15:11:10,processing,upi,14.9,0
7537,463,2023-07-12 07:27:00,completed,cod,18.68,0
7538,1070,2023-07-09 03:28:43,processing,wallet,7.66,5
7539,463,2024-03-08 16:29:23,shipped,credit_card,12.55,10
7540,1578,2023-01-26 01:26:51,shipped,wallet,18.43,5
7541,888,2023-07-07 23:54:18,returned,paypal,1.07,5
7542,372,2023-09-24 17:59:25,completed,credit_card,19.44,0
7543,1097,2023-11-06 16:46:15,shipped,upi,9.68,10
7544,1321,2025-06-23 09:39:27,completed,credit_card,9.05,5
7545,1548,2023-02-28 06:29:07,completed,cod,13.16,10
7546,123,2024-09-14 22:14:24,completed,cod,13.09,0
7547,986,2025-06-23 14:39:41,completed,cod,1.5,0
7548,1443,2024-12-03 18:12:14,returned,debit_card,6.39,0
7549,1958,2024-10-14 10:21:23,completed,cod,16.07,0
7550,1674,2024-07-27 22:29:15,shipped,upi,15.32,5
7551,510,2023-01-01 06:01:52,completed,wallet,3.45,5
7552,1004,2024-08-31 06:38:00,completed,upi,20.0,0
7553,46,2024-03-03 00:59:56,completed,debit_card,14.1,20
7554,978,2024-09-12 05:38:25,completed,wallet,3.7,5
7555,575,2023-03-22 20:11:16,completed,upi,6.24,20
7556,1080,2024-09-06 14:12:26,completed,cod,9.09,0
7557,1187,2024-02-20 01:43:47,completed,paypal,19.07,10
7558,1862,2023-12-10 17:52:53,completed,credit_card,18.79,15
7559,458,2023-02-27 14:38:55,shipped,upi,19.58,0
7560,1885,2025-02-03 11:41:20,completed,debit_card,17.86,0
7561,500,2023-07-04 15:44:26,completed,cod,12.92,15
7562,918,2024-02-07 15:31:33,completed,paypal,19.5,0
7563,1903,2023-07-31 11:32:27,completed,debit_card,4.78,0
7564,1512,2023-12-06 21:45:27,completed,debit_card,17.23,0
7565,864,2024-12-02 20:33:44,returned,cod,10.93,0
7566,831,2024-06-27 16:27:37,completed,upi,19.95,0
7567,1509,2024-09-30 05:20:05,completed,credit_card,20.67,15
7568,831,2024-03-23 12:52:16,completed,upi,2.84,0
7569,572,2024-10-01 06:45:40,completed,paypal,9.32,0
7570,638,2023-02-22 05:24:58,completed,paypal,11.98,0
7571,1865,2025-04-12 03:36:30,returned,paypal,8.56,0
7572,277,2023-07-31 21:26:02,completed,cod,16.81,10
7573,905,2023-08-13 15:59:33,processing,cod,12.04,0
7574,98,2025-03-14 17:03:08,processing,paypal,0.42,0
7575,1559,2025-05-27 06:39:55,completed,cod,0.07,0
7576,1923,2023-04-03 10:53:13,cancelled,debit_card,0.0,0
7577,645,2023-06-04 22:49:23,completed,wallet,19.12,0
7578,777,2023-11-14 14:26:51,completed,wallet,14.05,20
7579,1066,2024-01-26 15:58:19,completed,upi,0.99,10
7580,1252,2025-04-12 18:46:13,shipped,cod,13.15,20
7581,691,2025-03-07 10:59:51,completed,paypal,16.01,5
7582,879,2025-02-03 22:29:45,processing,debit_card,19.08,10
7583,1457,2026-11-15 00:00:00,completed,paypal,10.99,20
7584,1661,2024-04-12 02:54:25,completed,debit_card,18.71,20
7585,506,2024-08-09 17:07:00,shipped,paypal,17.5,0
7586,1902,2025-02-16 01:48:16,returned,wallet,21.31,20
7587,1974,2024-04-27 11:07:09,completed,wallet,8.35,20
7588,98,2024-07-30 20:56:45,completed,cod,21.52,20
7589,817,2023-05-20 17:56:47,completed,wallet,17.6,15
7590,406,2023-01-06 05:11:51,completed,upi,17.84,10
7591,1933,2024-08-31 06:34:43,completed,wallet,6.1,0
7592,1803,2023-10-08 13:18:15,completed,wallet,3.6,10
7593,1571,2025-05-15 17:43:27,completed,wallet,2.7,0
7594,1208,2025-05-22 23:45:38,shipped,debit_card,7.36,0
7595,603,2024-04-10 15:46:35,completed,debit_card,11.23,5
7596,1054,2023-10-08 05:39:30,shipped,upi,4.26,20
7597,1379,2023-03-15 05:07:40,processing,credit_card,16.82,20
7598,1066,2023-12-15 21:04:01,completed,cod,9.62,0
7599,789,2024-08-02 15:31:20,shipped,debit_card,20.36,10
7600,1068,2025-03-29 21:58:49,cancelled,paypal,0.0,15
7601,69,2023-06-08 13:47:55,completed,cod,6.8,0
7602,580,2024-12-01 15:40:00,completed,debit_card,21.95,10
7603,22,2024-12-25 17:40:01,completed,wallet,9.34,10
7604,1059,2025-02-05 02:48:59,shipped,paypal,7.52,10
7605,1606,2024-12-06 07:31:29,shipped,cod,19.42,0
7606,1358,2024-11-11 16:37:51,completed,cod,17.6,15
7607,76,2023-06-14 20:48:24,completed,credit_card,6.61,0
7608,606,2024-10-02 05:32:40,processing,credit_card,14.3,0
7609,358,2023-12-12 22:58:32,completed,paypal,17.19,10
7610,1273,2024-08-24 13:53:50,returned,upi,14.51,0
7611,49,2024-07-26 11:29:57,processing,upi,19.54,15
7612,205,2024-04-09 02:56:42,completed,debit_card,13.18,20
7613,699,2024-05-21 09:17:25,completed,paypal,18.45,5
7614,1240,2023-06-17 14:37:37,cancelled,paypal,0.0,0
7615,671,2025-05-29 22:16:30,completed,debit_card,16.26,0
7616,1557,2025-04-04 09:33:20,cancelled,paypal,0.0,5
7617,1233,2023-04-20 11:37:12,completed,paypal,12.35,15
7618,469,2024-05-30 02:06:48,completed,paypal,0.01,5
7619,15,2024-10-24 03:56:49,processing,credit_card,5.76,5
7620,124,2023-03-22 17:55:46,completed,paypal,7.75,20
7621,20,2023-06-19 18:58:10,completed,paypal,13.16,0
7622,1558,2023-08-30 07:26:43,completed,upi,2.55,10
7623,1312,2024-02-03 06:21:49,completed,upi,1.33,15
7624,60,2023-12-26 06:47:51,completed,paypal,3.1,20
7625,549,2023-12-03 23:23:25,completed,paypal,10.02,20
7626,1023,2024-06-17 08:39:09,completed,credit_card,7.84,0
7627,1252,2023-06-14 17:43:07,processing,debit_card,19.06,15
7628,279,2025-03-16 00:10:17,completed,credit_card,16.75,15
7629,1673,2023-10-10 16:11:19,completed,cod,15.29,15
7630,821,2025-03-23 07:09:09,completed,wallet,12.12,20
7631,1670,2023-02-08 16:45:26,processing,debit_card,19.31,0
7632,303,2023-03-03 18:40:45,shipped,cod,2.18,0
7633,230,2024-01-30 20:41:07,completed,paypal,15.96,20
7634,96,2023-05-29 06:16:01,completed,paypal,12.97,0
7635,1439,2023-12-19 09:21:26,returned,upi,15.54,0
7636,903,2023-12-03 03:26:47,completed,debit_card,14.44,0
7637,237,2023-09-06 16:52:46,completed,paypal,6.88,15
7638,250,2023-05-16 04:38:24,processing,credit_card,21.72,15
7639,197,2023-11-09 19:20:11,completed,credit_card,2.48,0
7640,565,2023-04-08 16:09:09,shipped,debit_card,9.87,0
7641,1467,2024-03-24 00:34:37,completed,debit_card,13.08,0
7642,964,2023-12-26 03:53:34,completed,paypal,5.68,15
7643,1697,2023-11-30 20:47:25,cancelled,debit_card,0.0,0
7644,1551,2023-04-13 05:32:54,completed,credit_card,16.08,0
7645,1455,2025-06-03 20:45:04,completed,wallet,19.9,0
7646,84,2023-05-12 17:13:56,completed,debit_card,15.93,15
7647,770,2024-07-09 23:53:44,processing,wallet,8.24,5
7648,409,2023-01-03 21:45:05,completed,cod,7.52,0
7649,1340,2024-01-18 13:22:52,completed,wallet,2.77,10
7650,723,2023-05-10 23:43:50,completed,cod,20.83,5
7651,663,2023-03-11 18:28:51,shipped,upi,2.51,5
7652,1474,2023-04-08 14:11:50,completed,wallet,16.41,15
7653,207,2023-09-24 18:04:37,completed,debit_card,21.45,0
7654,814,2023-02-16 14:41:02,shipped,upi,14.68,5
7655,1,2023-01-22 11:10:41,returned,upi,10.65,0
7656,1514,2023-09-23 18:34:41,completed,cod,0.67,0
7657,1012,2023-04-22 18:18:18,returned,credit_card,12.85,0
7658,158,2023-12-22 15:36:54,returned,debit_card,2.01,0
7659,669,2023-12-23 09:44:38,shipped,wallet,17.35,0
7660,416,2024-09-25 21:46:27,shipped,credit_card,5.62,20
7661,1567,2024-12-31 03:50:00,completed,upi,4.6,5
7662,729,2024-11-22 01:21:49,shipped,credit_card,9.08,15
7663,1382,2025-01-22 07:00:23,completed,credit_card,19.3,5
7664,705,2025-05-23 10:02:23,completed,debit_card,0.44,0
7665,141,2024-09-29 02:04:02,processing,wallet,12.98,20
7666,1420,2023-12-25 04:25:50,shipped,wallet,3.08,0
7667,1024,2025-06-20 13:17:31,completed,wallet,18.43,20
7668,236,2025-05-28 16:55:02,completed,upi,3.01,20
7669,903,2023-01-13 20:47:40,shipped,debit_card,12.13,15
7670,1803,2025-06-10 11:33:39,processing,upi,19.21,20
7671,883,2023-05-07 17:49:28,cancelled,debit_card,0.0,0
7672,722,2024-01-07 03:59:38,cancelled,debit_card,0.0,20
7673,765,2025-01-20 06:49:36,completed,debit_card,8.67,15
7674,1787,2023-11-05 00:08:42,processing,paypal,5.56,0
7675,1345,2024-09-12 10:25:32,completed,wallet,10.62,5
7676,1993,2023-07-28 17:11:23,returned,paypal,14.95,15
7677,800,2024-04-21 23:44:02,shipped,cod,21.58,0
7678,1885,2024-08-27 10:14:20,returned,wallet,6.47,10
7679,1290,2023-08-03 11:09:46,completed,credit_card,13.21,0
7680,561,2023-12-24 20:35:07,shipped,paypal,8.37,20
7681,1746,2023-04-20 01:23:20,completed,upi,2.7,0
7682,519,2024-04-07 07:22:23,completed,debit_card,0.46,15
7683,1673,2025-01-06 22:57:42,completed,wallet,20.64,0
7684,505,2023-08-14 18:42:25,completed,debit_card,9.54,15
7685,1087,2023-02-03 22:26:50,completed,debit_card,13.63,0
7686,1268,2023-11-20 03:42:54,shipped,wallet,8.27,20
7687,1908,2025-02-17 19:00:33,shipped,cod,21.39,0
7688,888,2024-03-26 23:09:55,completed,credit_card,12.42,0
7689,1311,2023-02-19 15:05:41,processing,cod,0.65,10
7690,1631,2024-04-21 01:39:27,completed,debit_card,8.89,0
7691,199,2023-11-26 15:19:04,completed,credit_card,11.01,0
7692,178,2023-02-05 12:57:50,cancelled,credit_card,0.0,20
7693,163,2026-11-08 00:00:00,completed,credit_card,6.21,0
7694,1690,2023-07-27 16:36:10,completed,debit_card,21.86,20
7695,1716,2023-08-08 08:24:45,shipped,upi,6.24,20
7696,879,2024-04-18 07:54:11,completed,paypal,7.42,0
7697,1166,2024-02-18 11:46:02,cancelled,credit_card,0.0,5
7698,2305,2024-12-31 19:51:14,shipped,upi,21.38,0
7699,709,2023-07-06 04:48:38,completed,wallet,1.78,10
7700,1968,2024-05-29 01:31:29,shipped,paypal,18.5,15
7701,290,2025-05-10 16:12:09,completed,cod,2.07,5
7702,1289,2025-01-10 19:24:15,completed,debit_card,4.66,0
7703,1475,2023-03-29 06:04:59,cancelled,wallet,0.0,10
7704,1270,2023-03-21 16:59:21,cancelled,wallet,0.0,20
7705,1644,2023-09-26 10:24:47,cancelled,credit_card,0.0,5
7706,838,2025-01-21 08:33:10,completed,credit_card,16.06,10
7707,71,2025-01-24 07:10:06,completed,upi,19.67,0
7708,1850,2026-11-06 00:00:00,completed,wallet,16.56,10
7709,1235,2025-04-14 10:47:19,shipped,upi,15.65,0
7710,1024,2023-06-18 06:27:46,completed,wallet,4.13,0
7711,111,2025-04-05 20:32:43,completed,upi,21.3,0
7712,2,2023-09-27 22:49:09,shipped,debit_card,2.72,0
7713,1866,2025-05-24 05:14:32,completed,debit_card,7.96,0
7714,2437,2024-01-30 21:26:58,completed,credit_card,16.63,15
7715,72,2023-12-10 22:35:36,shipped,credit_card,6.12,0
7716,114,2023-02-08 19:05:15,shipped,debit_card,1.94,5
7717,299,2025-02-16 04:11:29,completed,upi,3.57,15
7718,1151,2024-03-13 23:56:44,cancelled,credit_card,0.0,5
7719,434,2023-09-25 19:05:08,completed,paypal,18.38,15
7720,1833,2023-07-24 13:48:12,completed,paypal,11.45,20
7721,69,2025-04-01 04:15:39,,upi,21.97,15
7722,1778,2025-06-10 14:18:27,completed,wallet,16.25,10
7723,469,2024-02-19 01:54:31,completed,credit_card,13.11,0
7724,887,2024-10-27 14:00:45,completed,cod,7.75,0
7725,935,2024-09-12 18:30:42,completed,credit_card,7.93,0
7726,1697,2023-06-15 22:02:06,completed,debit_card,10.87,0
7727,1203,2024-01-29 05:33:43,shipped,credit_card,11.64,0
7728,1212,2025-06-22 07:49:39,processing,upi,9.31,0
7729,1370,2024-12-09 17:19:48,processing,paypal,2.27,5
7730,1230,2023-08-02 01:38:22,completed,cod,3.11,0
7731,1876,2023-07-16 22:25:44,completed,wallet,17.62,20
7732,945,2024-05-30 09:05:05,cancelled,debit_card,0.0,0
7733,261,2025-02-04 01:07:37,shipped,paypal,13.54,5
7734,247,2023-03-11 19:15:14,completed,upi,14.82,20
7735,976,2024-09-18 17:18:56,returned,paypal,17.14,0
7736,359,2024-04-28 09:31:08,shipped,credit_card,4.2,0
7737,84,2024-10-11 03:32:58,completed,paypal,10.8,0
7738,1988,2024-03-14 09:40:09,completed,paypal,2.5,20
7739,263,2025-01-31 06:53:05,cancelled,wallet,0.0,20
7740,392,2025-04-14 04:49:55,completed,wallet,1.98,0
7741,1150,2023-05-10 16:30:28,completed,debit_card,8.74,0
7742,961,2025-03-06 10:39:51,returned,paypal,0.87,5
7743,139,2024-03-13 09:50:29,shipped,paypal,12.1,10
7744,728,2024-01-17 18:31:43,completed,credit_card,15.71,0
7745,1399,2024-10-06 15:13:38,completed,cod,19.79,5
7746,311,2023-04-01 15:34:53,completed,cod,14.35,0
7747,647,2025-03-05 23:07:40,completed,cod,16.64,10
7748,315,2023-12-22 16:13:07,completed,credit_card,16.36,0
7749,944,2025-01-09 06:42:02,completed,credit_card,21.05,0
7750,63,2023-03-08 14:06:01,shipped,upi,18.16,5
7751,1752,2024-02-25 20:24:18,completed,credit_card,15.12,5
7752,1928,2023-07-30 19:41:14,cancelled,cod,0.0,0
7753,511,2024-06-19 17:03:30,completed,cod,3.64,0
7754,233,2023-08-09 20:38:10,cancelled,upi,0.0,0
7755,1241,2024-06-02 17:37:33,shipped,cod,6.75,0
7756,1407,2024-06-01 10:34:23,completed,debit_card,14.01,15
7757,815,2023-05-08 05:46:09,completed,wallet,6.4,0
7758,426,2023-05-15 14:33:40,completed,cod,17.7,15
7759,9,2023-07-24 19:45:23,shipped,cod,20.73,0
7760,732,2024-10-08 15:58:09,completed,cod,7.98,10
7761,972,2023-09-22 03:10:39,completed,wallet,7.02,5
7762,209,2024-12-27 01:05:50,completed,debit_card,10.86,10
7763,1266,2024-06-04 20:35:01,completed,credit_card,5.15,0
7764,1814,2023-08-25 00:27:43,processing,cod,10.85,10
7765,372,2024-09-17 17:07:01,completed,paypal,14.55,20
7766,804,2024-01-30 02:23:02,completed,debit_card,13.31,20
7767,297,2024-09-20 19:13:07,cancelled,credit_card,0.0,10
7768,1283,2023-06-21 21:25:15,completed,wallet,6.97,0
7769,51,2026-11-05 00:00:00,completed,cod,13.21,20
7770,1182,2025-03-23 06:53:50,returned,credit_card,17.21,5
7771,157,2023-04-01 22:42:20,completed,debit_card,7.01,20
7772,1832,2023-11-20 07:43:19,completed,wallet,12.3,15
7773,618,2024-10-06 01:29:21,completed,paypal,3.72,5
7774,739,2025-01-24 09:54:14,completed,upi,8.19,5
7775,900,2024-09-18 17:28:39,shipped,cod,7.38,5
7776,218,2025-03-23 22:10:32,shipped,cod,14.08,5
7777,1979,2025-04-06 11:24:52,processing,upi,14.41,0
7778,1219,2023-08-03 09:26:51,shipped,credit_card,15.91,0
7779,623,2024-10-03 22:38:06,completed,upi,7.37,10
7780,187,2024-10-11 21:41:52,completed,cod,3.95,15
7781,342,2024-11-28 04:00:55,completed,credit_card,21.16,20
7782,1772,2025-05-28 18:18:41,processing,paypal,0.99,10
7783,370,2024-07-12 07:43:34,completed,wallet,10.18,20
7784,1131,2023-11-17 05:37:59,completed,credit_card,10.24,20
7785,1524,2026-12-09 00:00:00,processing,debit_card,16.72,0
7786,1857,2024-04-30 00:26:52,shipped,debit_card,6.22,20
7787,1067,2025-06-22 03:44:56,complet,credit_card,18.6,10
7788,368,2023-09-13 08:34:09,completed,paypal,9.42,0
7789,762,2023-04-15 03:30:05,shipped,wallet,11.66,20
7790,1967,2024-11-27 23:37:24,completed,debit_card,11.58,0
7791,1919,2025-01-21 13:20:34,shipped,wallet,3.21,0
7792,108,2023-02-22 01:38:33,completed,debit_card,15.97,0
7793,1729,2023-04-17 05:34:05,shipped,upi,13.89,0
7794,394,2023-06-30 11:32:04,cancelled,cod,0.0,0
7795,711,2023-12-09 19:16:34,returned,debit_card,5.09,10
7796,300,2025-03-20 23:36:47,returned,wallet,15.59,0
7797,809,2023-01-24 15:19:39,completed,cod,20.95,5
7798,1410,2024-02-13 19:22:24,completed,upi,19.29,10
7799,1225,2024-02-02 22:12:25,processing,upi,7.23,20
7800,247,2024-03-15 17:13:21,completed,cod,18.07,5
7801,1999,2024-02-08 10:13:37,completed,upi,18.44,10
7802,306,2024-04-28 19:30:37,completed,upi,19.03,15
7803,1015,2024-01-16 04:48:43,returned,credit_card,8.44,0
7804,1321,2023-07-27 20:22:18,completed,upi,16.91,20
7805,404,2024-03-04 20:16:01,shipped,debit_card,8.97,0
7806,1449,2023-09-13 08:43:05,completed,wallet,21.65,0
7807,301,2024-11-11 01:39:30,cancelled,wallet,0.0,0
7808,1801,2023-11-09 19:43:06,shipped,credit_card,13.57,20
7809,1194,2024-11-21 13:13:35,completed,credit_card,19.99,15
7810,33,2023-01-09 07:46:20,shipped,credit_card,7.42,20
7811,1977,2024-04-26 16:49:52,completed,debit_card,0.06,0
7812,1093,2023-04-26 00:11:04,completed,debit_card,3.43,20
7813,189,2023-07-24 19:54:40,returned,upi,6.44,0
7814,1882,2023-05-22 22:13:22,shipped,upi,9.13,0
7815,786,2023-09-09 16:11:53,shipped,debit_card,20.76,5
7816,1862,2024-04-11 12:48:22,completed,cod,9.61,15
7817,503,2024-10-25 18:58:52,completed,credit_card,21.48,5
7818,199,2023-11-13 15:54:24,processing,wallet,18.08,0
7819,1736,2025-02-03 11:09:27,shipped,wallet,15.37,0
7820,1884,2024-10-12 02:28:32,shipped,paypal,10.35,10
7821,84,2024-08-10 16:41:24,completed,wallet,21.76,0
7822,1157,2023-05-13 01:09:17,completed,upi,7.53,5
7823,969,2024-04-08 09:23:33,shipped,cod,9.73,0
7824,160,2024-01-20 12:02:11,completed,paypal,14.73,10
7825,1526,2025-05-15 13:10:39,completed,paypal,17.39,10
7826,338,2025-01-12 16:23:53,completed,upi,20.24,0
7827,813,2024-12-24 06:40:31,completed,paypal,0.7,5
7828,1514,2023-03-24 05:20:13,completed,wallet,18.32,20
7829,1887,2023-05-31 16:49:56,completed,paypal,2.45,0
7830,197,2024-08-07 21:16:25,shipped,cod,8.25,0
7831,1252,2023-01-06 22:12:36,returned,upi,11.31,0
7832,1536,2025-01-30 04:45:52,completed,upi,20.83,0
7833,970,2025-06-28 06:25:32,completed,paypal,16.11,5
7834,1925,2024-11-09 00:06:52,completed,paypal,20.68,0
7835,1078,2023-04-19 07:40:00,cancelled,upi,0.0,0
7836,347,2023-04-26 06:57:12,completed,wallet,1.66,5
7837,159,2023-07-03 00:51:30,completed,paypal,14.09,0
7838,1382,2025-02-02 19:19:52,completed,debit_card,17.21,0
7839,1570,2025-03-29 01:14:28,completed,wallet,14.38,0
7840,1536,2023-04-08 11:49:51,completed,debit_card,15.44,0
7841,1216,2023-06-03 05:15:31,completed,credit_card,12.97,0
7842,115,2023-12-17 10:48:32,processing,debit_card,12.61,5
7843,474,2023-08-26 14:39:32,cancelled,cod,0.0,15
7844,14,2025-04-24 03:57:38,completed,debit_card,9.98,10
7845,570,2024-07-15 06:25:59,completed,cod,12.03,20
7846,1403,2024-11-03 02:14:59,shipped,debit_card,18.77,0
7847,1346,2025-03-28 23:11:06,completed,upi,13.13,5
7848,858,2024-05-28 14:41:22,shipped,debit_card,20.76,0
7849,1073,2024-10-17 19:50:44,completed,upi,5.98,0
7850,1818,2025-04-07 16:20:00,completed,cod,7.77,20
7851,524,2023-11-23 05:35:10,shipped,debit_card,17.38,15
7852,1497,2024-11-18 04:04:17,completed,paypal,6.15,0
7853,212,2024-07-24 07:51:41,returned,paypal,16.94,5
7854,980,2024-02-14 19:13:36,completed,debit_card,12.41,20
7855,579,2023-02-21 23:00:33,completed,credit_card,0.75,0
7856,526,2023-05-02 17:34:22,completed,debit_card,6.32,0
7857,314,2025-03-11 09:15:41,shipped,credit_card,7.32,15
7858,1427,2025-03-31 17:28:05,completed,credit_card,9.67,0
7859,2127,2023-01-21 19:39:28,shipped,debit_card,5.68,5
7860,1946,2024-07-18 08:17:57,completed,upi,11.97,5
7861,1501,2025-04-17 11:59:45,completed,paypal,15.22,20
7862,192,2024-05-23 07:15:04,shipped,upi,7.28,10
7863,486,2024-11-09 17:00:32,shipped,paypal,7.38,0
7864,1054,2025-03-28 15:49:50,processing,debit_card,16.28,0
7865,1842,2023-09-17 12:12:49,completed,wallet,8.26,15
7866,667,2024-02-28 03:25:04,shipped,paypal,11.05,20
7867,419,2023-03-22 18:13:40,completed,upi,2.19,20
7868,282,2024-04-03 00:37:01,shippd,cod,13.21,5
7869,1137,2024-05-29 02:21:58,completed,credit_card,11.84,15
7870,624,2024-02-20 22:45:24,processing,credit_card,17.79,0
7871,1567,2024-03-10 08:33:54,completed,paypal,17.56,5
7872,1250,2023-02-21 08:21:20,shipped,credit_card,2.29,15
7873,1663,2023-02-09 13:25:00,completed,upi,10.15,0
7874,1005,2025-05-15 17:48:40,completed,wallet,0.2,0
7875,852,2025-05-03 07:40:50,completed,debit_card,14.41,0
7876,7,2024-12-23 15:17:51,completed,cod,19.42,5
7877,131,2024-04-01 21:15:00,completed,paypal,3.72,20
7878,1439,2024-12-17 04:06:52,completed,paypal,11.27,5
7879,545,2023-06-01 14:41:37,completed,credit_card,16.36,0
7880,1691,2023-10-23 08:45:02,processing,paypal,4.13,15
7881,308,2023-02-14 13:57:45,completed,cod,13.1,20
7882,12,2024-10-27 16:09:26,processing,upi,8.98,0
7883,1240,2024-07-21 01:12:25,completed,debit_card,3.77,10
7884,72,2024-04-15 12:08:11,completed,upi,7.72,0
7885,1435,2023-11-26 22:22:10,returned,debit_card,13.91,0
7886,389,2023-08-14 16:37:12,cancelled,cod,0.0,10
7887,1439,2024-06-24 11:33:15,shipped,paypal,4.89,0
7888,1833,2024-09-23 13:04:52,shipped,wallet,19.79,0
7889,565,2025-02-10 13:31:44,shipped,debit_card,19.72,20
7890,1678,2024-08-19 22:36:21,completed,upi,3.55,10
7891,1855,2023-10-26 08:59:07,processing,debit_card,20.33,15
7892,1796,2024-08-29 16:29:52,shipped,cod,11.91,5
7893,420,2023-09-20 23:39:19,completed,debit_card,18.81,0
7894,705,2024-10-14 07:50:51,completed,cod,14.2,20
7895,315,2023-07-30 02:41:37,cancelled,wallet,0.0,0
7896,1792,2023-10-31 18:45:15,shipped,paypal,7.75,15
7897,1822,2023-11-02 13:16:44,shipped,credit_card,8.13,0
7898,415,2023-05-16 23:52:23,CANCEL,paypal,5.14,0
7899,1323,2023-09-29 05:13:18,completed,upi,4.18,0
7900,1457,2025-04-14 05:36:08,completed,credit_card,3.27,0
7901,789,2023-03-04 00:26:44,returned,upi,19.26,15
7902,1936,2024-11-03 23:49:54,completed,cod,16.12,0
7903,916,2024-03-08 13:16:02,completed,upi,3.94,5
7904,1932,2023-11-15 16:01:44,unknown,upi,17.42,20
7905,1562,2024-01-13 15:44:04,shipped,credit_card,3.08,0
7906,445,2024-05-16 15:21:33,processing,paypal,19.24,0
7907,1955,2025-02-15 15:19:38,shipped,upi,5.54,20
7908,1704,2025-04-12 07:15:02,completed,upi,8.15,20
7909,333,2024-01-23 19:17:58,completed,paypal,13.53,10
7910,58,2023-07-10 15:33:52,completed,paypal,10.9,0
7911,1817,2023-12-03 21:15:32,completed,credit_card,3.72,10
7912,1755,2024-02-01 18:23:20,completed,wallet,7.23,20
7913,1226,2025-01-26 01:47:31,completed,paypal,0.79,5
7914,314,2023-03-03 23:47:29,completed,debit_card,20.67,5
7915,1078,2025-02-23 09:38:13,completed,credit_card,14.09,5
7916,78,2023-05-15 20:24:23,shipped,credit_card,0.24,15
7917,917,2023-05-02 13:34:51,completed,wallet,1.62,20
7918,1582,2024-06-23 20:58:53,processing,wallet,17.69,0
7919,1664,2024-02-11 05:35:50,cancelled,credit_card,0.0,10
7920,936,2024-01-29 09:17:24,shipped,credit_card,10.07,10
7921,745,2024-02-28 03:48:17,shipped,debit_card,19.27,20
7922,132,2024-03-17 07:28:33,completed,upi,10.12,0
7923,1021,2024-04-08 08:53:43,shipped,upi,12.36,15
7924,478,2023-03-15 09:08:25,completed,cod,14.06,15
7925,1027,2025-04-27 01:37:40,completed,upi,20.92,10
7926,346,2023-03-30 12:26:23,completed,wallet,6.46,5
7927,257,2024-07-11 08:17:24,completed,credit_card,17.07,0
7928,527,2025-05-10 15:52:26,completed,wallet,11.76,10
7929,149,2023-02-19 12:30:43,shipped,cod,17.51,5
7930,1105,2024-05-14 20:00:49,completed,wallet,1.82,15
7931,1090,2024-02-24 03:26:04,shipped,debit_card,7.76,10
7932,933,2024-10-21 04:23:53,completed,cod,10.28,5
7933,97,2024-08-25 13:39:17,processing,wallet,10.52,5
7934,573,2024-08-22 18:32:10,cancelled,wallet,0.0,20
7935,1316,2025-04-03 13:01:58,shipped,debit_card,21.72,20
7936,1062,2024-12-20 13:35:14,processing,cod,4.01,0
7937,865,2024-09-16 09:35:59,completed,debit_card,7.63,20
7938,853,2025-06-23 20:58:29,completed,paypal,6.91,5
7939,183,2024-07-11 05:23:04,completed,debit_card,15.02,10
7940,1623,2024-03-18 01:40:26,completed,credit_card,0.26,20
7941,2270,2024-05-21 05:52:58,processing,wallet,10.94,0
7942,824,2023-12-05 08:15:25,completed,wallet,3.32,10
7943,820,2024-02-09 14:59:40,shipped,cod,0.17,0
7944,394,2025-02-11 01:45:45,completed,paypal,15.38,10
7945,1710,2024-03-24 12:53:31,shipped,debit_card,2.3,0
7946,900,2023-02-09 15:07:00,processing,cod,2.13,0
7947,1779,2024-07-09 01:49:33,completed,paypal,11.79,10
7948,916,2023-01-13 13:40:06,completed,paypal,11.09,0
7949,1753,2024-11-27 07:56:41,completed,credit_card,18.01,15
7950,1634,2025-06-18 12:58:12,completed,credit_card,6.44,10
7951,548,2025-04-11 01:27:35,completed,wallet,12.84,0
7952,1311,2024-12-03 07:19:46,completed,cod,1.69,10
7953,384,2023-10-21 23:06:55,shipped,upi,2.2,20
7954,1040,2026-11-20 00:00:00,shipped,debit_card,20.02,15
7955,162,2023-03-29 02:24:41,completed,wallet,13.76,10
7956,17,2023-07-02 22:05:22,shipped,upi,9.02,20
7957,542,2024-12-11 13:56:55,shipped,wallet,11.72,0
7958,1878,2024-11-06 22:58:32,completed,wallet,2.42,0
7959,1391,2023-04-15 13:13:13,processing,credit_card,17.91,0
7960,1514,2023-11-15 08:48:29,completed,upi,0.05,0
7961,1219,2024-04-30 09:21:37,completed,paypal,10.39,0
7962,425,2024-02-18 13:14:44,completed,upi,12.78,15
7963,1037,2023-10-11 13:40:46,completed,upi,3.46,0
7964,1704,2023-02-10 18:27:43,completed,cod,6.67,0
7965,1721,2024-03-18 21:36:55,completed,wallet,1.51,0
7966,1849,2023-08-18 14:02:25,shipped,credit_card,17.09,5
7967,1699,2024-12-31 08:23:58,completed,cod,8.59,0
7968,696,2025-06-09 20:58:31,shipped,wallet,12.6,0
7969,753,2025-04-13 16:43:56,completed,upi,6.88,15
7970,1135,2024-03-19 12:30:24,processing,debit_card,5.62,5
7971,1416,2023-04-04 02:00:41,completed,upi,13.75,0
7972,1308,2025-06-11 00:25:35,shipped,wallet,10.06,0
7973,934,2024-04-16 06:05:41,processing,paypal,2.41,0
7974,113,2023-01-25 03:06:28,completed,debit_card,19.22,0
7975,1449,2023-01-20 15:54:09,completed,upi,15.41,0
7976,593,2023-06-22 20:44:09,completed,wallet,7.66,20
7977,440,2024-06-26 08:08:50,completed,debit_card,14.72,15
7978,1700,2023-02-21 06:27:59,cancelled,debit_card,0.0,15
7979,97,2023-10-07 12:04:38,completed,paypal,7.41,15
7980,1721,2023-06-13 05:11:13,completed,debit_card,12.56,15
7981,1767,2024-12-13 00:06:42,completed,debit_card,15.51,0
7982,196,2024-11-18 05:12:47,shipped,paypal,8.44,15
7983,116,2023-05-19 12:42:07,completed,debit_card,18.33,5
7984,1574,2023-03-18 23:10:53,completed,debit_card,3.25,5
7985,375,2024-05-25 08:55:25,shipped,upi,18.85,0
7986,1476,2023-07-03 12:37:02,completed,paypal,8.97,10
7987,260,2024-10-01 17:01:17,completed,debit_card,4.71,15
7988,106,2024-02-23 02:48:49,completed,wallet,11.89,0
7989,507,2024-02-23 10:21:44,returned,upi,8.08,5
7990,922,2024-08-13 08:21:34,cancelled,upi,0.0,20
7991,468,2023-04-20 02:58:21,completed,cod,18.55,0
7992,1660,2023-05-19 16:06:16,processing,paypal,1.94,10
7993,1288,2024-08-02 17:23:49,completed,wallet,6.96,5
7994,980,2025-01-10 18:23:33,completed,wallet,9.34,0
7995,59,2025-02-15 23:20:21,shipped,credit_card,8.12,15
7996,1250,2025-04-17 10:47:18,completed,wallet,2.64,5
7997,1877,2023-12-22 07:02:32,processing,cod,7.2,10
7998,94,2025-06-12 05:01:51,processing,upi,8.95,0
7999,818,2023-10-29 00:41:23,completed,wallet,17.82,0
8000,291,2024-03-27 03:30:14,completed,debit_card,20.02,15
8001,801,2024-08-18 09:35:09,,paypal,12.86,0
8002,1739,2024-09-04 19:01:26,returned,cod,7.93,0
8003,1512,2023-01-19 19:53:03,shipped,cod,10.13,0
8004,1107,2023-08-19 03:03:21,shipped,debit_card,6.53,0
8005,777,2024-12-12 18:52:07,processing,upi,8.81,20
8006,1042,2024-07-10 02:53:39,shipped,upi,16.14,20
8007,84,2023-01-14 09:34:23,shipped,upi,9.28,5
8008,612,2024-07-08 03:55:55,completed,upi,13.71,0
8009,1799,2024-07-31 01:54:23,completed,credit_card,8.61,0
8010,1010,2024-05-12 00:45:20,shipped,cod,17.26,0
8011,66,2025-01-30 03:12:30,completed,upi,14.38,0
8012,1729,2024-06-26 05:38:42,completed,wallet,12.81,15
8013,1378,2023-09-12 10:53:39,shipped,debit_card,8.94,20
8014,209,2024-06-11 01:25:12,completed,debit_card,2.96,0
8015,1368,2023-12-13 18:48:36,completed,credit_card,9.9,0
8016,742,2023-03-09 12:37:19,completed,upi,7.83,0
8017,61,2023-07-02 15:16:19,processing,paypal,5.06,0
8018,1497,2024-05-28 21:52:02,completed,wallet,7.93,15
8019,1995,2023-03-21 05:25:38,shipped,debit_card,21.51,5
8020,167,2025-02-06 13:39:53,completed,upi,12.82,0
8021,611,2023-08-09 23:37:19,shipped,upi,16.94,5
8022,157,2024-08-19 16:03:30,processing,debit_card,3.14,0
8023,833,2024-01-05 07:44:52,completed,credit_card,1.68,15
8024,1970,2025-04-11 17:54:56,completed,debit_card,14.16,0
8025,208,2023-12-02 05:02:40,completed,credit_card,5.36,0
8026,244,2025-03-21 04:35:36,shippd,upi,11.5,0
8027,1905,2023-03-26 00:21:05,completed,credit_card,9.37,5
8028,1147,2024-11-10 22:03:57,completed,upi,16.39,0
8029,967,2023-11-17 11:19:56,completed,paypal,5.89,0
8030,1265,2024-01-31 07:20:47,completed,credit_card,7.63,0
8031,248,2025-06-08 00:29:01,completed,paypal,19.89,0
8032,652,2023-12-31 16:21:22,completed,cod,0.78,15
8033,2381,2024-06-05 08:07:04,completed,paypal,7.09,0
8034,1918,2024-01-28 09:34:57,returned,debit_card,10.88,0
8035,1422,2025-05-23 08:46:55,cancelled,debit_card,0.0,0
8036,497,2023-07-26 13:23:37,completed,cod,9.05,20
8037,590,2025-05-10 17:31:50,completed,debit_card,2.82,0
8038,121,2025-02-09 10:37:36,completed,wallet,8.51,20
8039,11,2024-07-31 15:06:09,cancelled,cod,0.0,15
8040,1280,2023-06-06 01:07:56,completed,upi,15.75,20
8041,1444,2024-05-04 20:36:21,shipped,wallet,0.25,0
8042,1797,2023-12-01 00:01:17,completed,wallet,15.82,10
8043,1823,2023-12-07 14:41:43,processing,paypal,14.39,0
8044,1635,2025-06-19 19:13:21,shippd,debit_card,2.23,5
8045,702,2023-07-25 21:19:25,shipped,paypal,21.25,5
8046,997,2025-06-29 23:12:34,completed,wallet,20.51,0
8047,830,2025-01-12 07:03:25,completed,paypal,15.41,15
8048,942,2025-01-27 13:37:21,completed,credit_card,17.65,20
8049,210,2024-01-18 07:11:45,completed,credit_card,1.09,15
8050,1540,2023-08-22 08:42:11,completed,credit_card,0.25,20
8051,649,2023-04-10 09:51:31,shipped,paypal,21.24,20
8052,117,2024-04-22 11:27:45,completed,cod,18.92,20
8053,1969,2024-04-27 12:28:30,completed,paypal,11.97,20
8054,1348,2023-01-05 15:07:27,shipped,upi,5.88,0
8055,1118,2023-02-21 01:07:54,shipped,credit_card,7.31,20
8056,1056,2024-12-03 14:14:35,processing,credit_card,21.92,5
8057,1042,2025-06-05 05:46:22,completed,credit_card,7.72,0
8058,1374,2024-08-10 08:39:22,completed,cod,9.15,0
8059,1644,2023-05-18 03:39:22,completed,wallet,8.42,15
8060,1008,2024-01-11 11:59:54,completed,upi,7.45,0
8061,1570,2023-12-24 03:24:22,completed,paypal,21.11,10
8062,390,2023-02-15 19:46:28,returned,debit_card,3.4,10
8063,884,2024-05-30 18:17:53,completed,credit_card,5.45,5
8064,1148,2024-12-11 02:05:21,completed,wallet,6.26,0
8065,228,2024-07-29 19:14:36,completed,wallet,3.23,5
8066,1054,2023-06-20 02:46:31,completed,cod,14.97,0
8067,1698,2023-05-06 11:25:12,completed,wallet,17.43,0
8068,26,2023-04-25 11:15:06,cancelled,credit_card,0.0,0
8069,941,2023-12-22 15:17:01,completed,paypal,18.46,10
8070,658,2024-02-09 06:23:28,shipped,paypal,17.24,5
8071,1213,2023-07-14 14:15:55,shipped,paypal,1.1,10
8072,1589,2023-06-20 04:08:37,completed,upi,19.25,10
8073,136,2023-03-02 09:36:42,completed,wallet,9.18,0
8074,734,2023-10-08 08:10:02,completed,cod,18.15,10
8075,1075,2024-03-23 06:25:12,completed,paypal,12.78,10
8076,79,2025-01-24 21:10:21,returned,paypal,20.21,15
8077,104,2024-03-16 17:52:30,completed,paypal,0.67,10
8078,298,2025-01-18 15:52:36,completed,upi,3.33,0
8079,621,2023-08-20 23:49:40,shipped,upi,20.15,0
8080,5,2025-01-07 15:36:54,completed,cod,17.34,10
8081,1612,2025-03-21 04:57:57,shipped,debit_card,5.92,20
8082,1723,2023-12-03 05:48:43,completed,credit_card,5.96,10
8083,277,2024-03-02 21:38:25,cancelled,paypal,0.0,5
8084,1760,2023-12-29 11:29:20,completed,wallet,5.15,20
8085,1905,2024-03-06 09:05:08,cancelled,cod,0.0,0
8086,1184,2023-02-28 17:50:36,completed,credit_card,17.75,10
8087,1887,2024-04-09 19:10:00,completed,credit_card,9.07,15
8088,923,2024-04-27 12:49:12,cancelled,wallet,0.0,0
8089,1946,2025-04-11 14:13:07,completed,credit_card,1.82,0
8090,853,2023-12-14 02:31:53,returned,upi,9.11,0
8091,1531,2024-10-16 20:09:47,shipped,cod,1.65,20
8092,1962,2024-03-20 19:23:51,processing,upi,14.66,15
8093,406,2025-03-19 21:56:08,completed,wallet,20.28,0
8094,978,2024-12-20 18:49:09,completed,paypal,21.75,15
8095,1761,2023-12-27 09:24:27,shipped,cod,13.46,0
8096,757,2025-03-03 22:31:54,completed,credit_card,19.99,10
8097,834,2025-01-20 02:12:53,completed,paypal,15.36,15
8098,1527,2023-08-13 18:39:57,completed,upi,8.14,15
8099,734,2023-07-22 00:03:51,shipped,credit_card,4.63,0
8100,1363,2023-01-25 10:01:27,cancelled,cod,0.0,20
8101,1332,2023-07-22 11:45:56,completed,cod,14.91,0
8102,1980,2025-02-01 10:01:35,shipped,paypal,20.64,20
8103,1452,2024-08-18 12:08:38,completed,cod,16.11,0
8104,904,2024-06-04 01:34:30,completed,upi,4.16,15
8105,936,2024-07-29 09:39:09,completed,wallet,8.51,0
8106,1857,2023-03-23 13:41:09,returned,wallet,19.45,15
8107,1354,2025-06-07 04:02:53,completed,debit_card,16.77,10
8108,850,2024-07-11 07:05:02,completed,cod,14.5,0
8109,1667,2024-11-01 08:40:58,completed,cod,10.97,0
8110,1603,2024-09-28 01:10:55,completed,upi,20.64,15
8111,178,2024-02-01 02:23:50,complet,cod,13.38,5
8112,1020,2023-09-29 09:57:54,completed,credit_card,19.35,0
8113,1329,2024-06-05 08:26:59,cancelled,upi,0.0,10
8114,871,2023-02-21 13:03:05,completed,credit_card,4.17,20
8115,1762,2025-04-26 12:59:51,completed,upi,8.77,0
8116,936,2023-08-19 03:10:47,shipped,credit_card,18.19,0
8117,967,2024-05-19 03:57:19,completed,cod,19.96,10
8118,647,2023-11-07 05:21:54,shipped,cod,17.01,0
8119,926,2025-01-12 07:42:31,cancelled,upi,0.0,5
8120,1247,2024-06-11 00:06:48,completed,paypal,21.22,0
8121,817,2023-12-25 15:48:31,completed,debit_card,14.13,5
8122,467,2024-05-12 22:27:15,completed,credit_card,6.63,0
8123,1749,2024-01-03 03:50:15,completed,wallet,5.92,0
8124,67,2024-04-17 03:13:36,shipped,debit_card,14.97,0
8125,1499,2023-08-10 12:11:47,shipped,credit_card,17.72,0
8126,534,2023-12-28 10:23:48,completed,cod,4.33,10
8127,1810,2023-06-20 23:38:20,completed,credit_card,6.88,5
8128,1001,2023-06-09 08:30:22,completed,wallet,2.68,0
8129,1689,2024-05-30 19:52:39,completed,wallet,15.28,0
8130,144,2024-04-02 18:04:18,completed,cod,18.16,15
8131,956,2025-03-29 00:46:08,cancelled,wallet,0.0,0
8132,703,2025-01-03 15:00:15,cancelled,debit_card,0.0,5
8133,1866,2024-01-15 13:10:38,completed,paypal,15.78,0
8134,157,2023-11-01 07:36:15,cancelled,paypal,0.0,0
8135,1191,2023-04-03 00:57:42,completed,paypal,20.01,10
8136,385,2024-06-14 09:46:31,shipped,paypal,21.81,5
8137,340,2024-06-13 16:08:54,returned,paypal,1.82,10
8138,1396,2023-03-06 01:58:38,shipped,upi,18.84,15
8139,1523,2023-07-03 15:46:32,completed,paypal,20.98,20
8140,2252,2025-03-24 18:40:37,completed,upi,8.09,0
8141,1874,2023-01-20 17:53:46,shipped,credit_card,15.79,0
8142,112,2024-12-11 17:32:29,completed,credit_card,18.19,0
8143,443,2023-01-17 00:38:32,completed,upi,15.16,5
8144,484,2024-09-13 23:31:33,completed,cod,2.83,5
8145,1640,2023-12-21 17:03:29,shipped,wallet,6.07,0
8146,1387,2023-06-26 18:12:10,shipped,upi,0.98,0
8147,1315,2024-07-19 00:58:28,completed,debit_card,19.69,10
8148,60,2023-08-25 08:07:17,completed,wallet,6.21,20
8149,2329,2025-03-11 05:07:30,cancelled,credit_card,0.0,0
8150,928,2023-02-03 05:44:56,processing,cod,15.65,15
8151,928,2025-02-18 22:55:08,completed,paypal,4.55,5
8152,1841,2024-06-15 04:38:33,completed,upi,14.52,15
8153,172,2023-02-18 03:07:27,completed,paypal,13.58,20
8154,330,2024-06-12 03:12:16,completed,upi,5.26,0
8155,169,2023-08-06 19:09:04,completed,credit_card,1.63,20
8156,1098,2023-04-28 19:53:58,completed,debit_card,14.82,0
8157,668,2024-08-22 14:29:21,completed,paypal,18.44,20
8158,1969,2023-07-04 18:06:52,cancelled,credit_card,0.0,0
8159,1565,2025-03-12 15:19:11,shipped,upi,10.65,20
8160,59,2023-01-06 22:49:57,completed,credit_card,14.39,0
8161,459,2023-03-28 16:57:49,cancelled,cod,0.0,0
8162,382,2024-10-28 06:38:26,completed,paypal,14.13,0
8163,1610,2023-06-25 00:47:39,completed,credit_card,14.66,0
8164,10,2023-07-01 17:34:43,completed,debit_card,21.32,0
8165,1617,2025-03-01 19:15:58,completed,credit_card,12.29,0
8166,945,2024-10-18 23:26:16,completed,upi,9.99,0
8167,887,2024-03-27 16:32:47,cancelled,debit_card,0.0,0
8168,1701,2024-09-01 12:03:02,shipped,upi,18.47,10
8169,1889,2023-03-29 09:17:40,completed,upi,12.39,15
8170,2344,2025-06-28 10:52:22,completed,paypal,21.73,0
8171,1105,2026-12-03 00:00:00,completed,paypal,2.23,0
8172,1032,2024-09-11 18:25:11,cancelled,wallet,0.0,15
8173,703,2024-04-05 03:30:05,completed,wallet,12.16,0
8174,552,2023-09-24 12:01:54,completed,debit_card,13.49,15
8175,1510,2025-05-12 05:07:30,completed,credit_card,17.35,15
8176,1839,2024-04-02 10:41:25,completed,wallet,16.08,0
8177,1053,2023-02-13 06:08:15,completed,paypal,11.24,10
8178,1592,2024-09-01 03:08:52,completed,upi,4.55,0
8179,1979,2023-03-13 11:38:37,cancelled,cod,0.0,0
8180,896,2025-05-13 22:48:37,shipped,cod,10.06,15
8181,338,2023-03-09 06:39:46,cancelled,paypal,0.0,0
8182,1573,2025-05-27 13:36:12,processing,wallet,10.18,10
8183,1245,2023-12-02 00:12:11,completed,credit_card,1.53,15
8184,859,2025-06-15 18:31:03,completed,debit_card,1.92,0
8185,1768,2024-03-25 05:22:26,completed,paypal,6.28,15
8186,162,2025-04-22 02:25:44,processing,wallet,8.17,15
8187,1686,2023-06-15 00:08:38,completed,wallet,16.55,0
8188,1527,2023-05-14 06:01:13,completed,credit_card,17.36,0
8189,1078,2024-05-06 06:39:36,completed,upi,4.21,10
8190,1900,2025-02-22 21:28:57,completed,wallet,14.89,0
8191,151,2023-02-25 16:11:00,completed,paypal,18.55,0
8192,1941,2023-02-02 02:56:45,completed,paypal,19.24,10
8193,1193,2025-03-19 16:27:05,shipped,wallet,6.6,0
8194,481,2023-12-19 16:52:39,shipped,paypal,17.35,0
8195,64,2025-04-29 14:00:36,completed,wallet,16.15,10
8196,797,2024-10-08 06:42:01,completed,credit_card,10.17,0
8197,378,2025-01-30 22:45:57,shipped,credit_card,9.4,5
8198,922,2024-01-06 01:51:07,returned,wallet,17.77,20
8199,474,2024-06-24 06:11:15,completed,cod,10.94,0
8200,1648,2024-10-05 22:34:29,shipped,upi,9.0,5
8201,671,2025-03-21 01:41:43,returned,debit_card,15.56,0
8202,293,2025-02-13 03:52:09,completed,cod,3.26,0
8203,808,2023-12-31 16:35:21,completed,upi,16.06,5
8204,883,2025-04-14 20:14:12,completed,debit_card,8.86,0
8205,1816,2024-06-29 09:53:52,completed,upi,21.93,0
8206,68,2024-11-10 02:46:29,completed,credit_card,5.31,0
8207,1199,2025-05-29 07:57:22,completed,debit_card,12.79,15
8208,45,2023-01-17 00:17:13,cancelled,credit_card,0.0,15
8209,1765,2023-02-18 15:14:35,completed,paypal,16.58,0
8210,966,2024-03-31 20:09:14,completed,credit_card,4.64,0
8211,513,2025-04-10 00:48:22,completed,debit_card,15.24,20
8212,1160,2023-08-06 09:23:36,completed,upi,11.81,10
8213,1204,2023-09-09 04:15:11,returned,cod,9.59,0
8214,1922,2023-03-30 21:41:04,completed,credit_card,12.51,20
8215,1296,2024-01-03 15:13:11,returned,paypal,14.17,0
8216,1681,2023-10-25 07:17:30,cancelled,debit_card,0.0,20
8217,530,2025-05-11 00:39:51,completed,debit_card,12.74,0
8218,917,2024-03-18 09:44:24,completed,wallet,17.31,10
8219,469,2024-07-07 16:09:01,cancelled,credit_card,0.0,0
8220,74,2023-07-16 21:54:43,shipped,cod,0.49,5
8221,211,2023-04-12 21:34:42,completed,credit_card,8.14,0
8222,1051,2025-01-27 18:35:10,returned,paypal,3.17,0
8223,1577,2024-01-28 23:49:03,completed,cod,21.2,5
8224,1496,2024-04-07 21:53:43,completed,wallet,3.27,0
8225,1949,2025-01-06 07:06:19,completed,paypal,0.2,5
8226,1607,2023-04-06 11:52:16,cancelled,upi,0.0,0
8227,759,2024-07-06 17:46:05,completed,paypal,3.38,10
8228,959,2023-05-12 21:37:51,cancelled,cod,0.0,0
8229,193,2025-05-23 06:12:05,shipped,paypal,6.19,0
8230,1720,2025-03-10 22:54:12,completed,paypal,17.64,5
8231,1979,2025-03-19 13:07:31,shipped,credit_card,1.78,0
8232,1368,2023-06-24 16:37:04,completed,paypal,14.4,0
8233,381,2023-06-18 18:11:44,completed,debit_card,13.37,0
8234,1615,2025-02-11 14:41:46,completed,paypal,13.4,10
8235,857,2024-08-15 11:46:44,completed,credit_card,20.77,0
8236,389,2023-09-10 02:06:09,completed,upi,12.18,15
8237,456,2023-06-26 03:10:57,shipped,credit_card,12.8,0
8238,389,2023-05-11 00:13:40,completed,wallet,12.85,0
8239,27,2023-03-22 14:21:36,cancelled,paypal,0.0,20
8240,879,2024-12-26 03:49:34,completed,cod,1.43,0
8241,958,2023-07-28 17:04:53,completed,cod,18.22,5
8242,1258,2023-01-06 16:57:08,completed,credit_card,10.01,10
8243,182,2024-09-14 23:10:38,completed,wallet,18.95,0
8244,417,2023-10-15 23:30:21,completed,debit_card,17.38,15
8245,1953,2023-09-20 09:27:40,shipped,paypal,2.62,5
8246,1940,2024-05-28 03:09:22,completed,wallet,7.65,0
8247,1647,2025-01-16 03:51:26,completed,cod,4.37,15
8248,1292,2024-07-11 07:32:06,completed,debit_card,19.4,20
8249,1443,2025-04-26 02:31:53,completed,paypal,8.94,0
8250,1657,2023-09-21 04:48:28,completed,cod,3.26,0
8251,616,2024-08-22 21:44:16,completed,upi,4.0,10
8252,1989,2024-02-24 10:48:05,completed,upi,12.97,0
8253,109,2023-12-15 10:59:22,completed,paypal,14.39,0
8254,823,2024-02-11 19:49:43,returned,upi,6.96,15
8255,136,2023-08-05 04:56:10,completed,wallet,15.73,5
8256,334,2024-02-05 12:54:09,completed,credit_card,20.9,0
8257,1536,2023-08-15 21:35:44,shipped,cod,21.06,20
8258,1367,2023-08-03 17:40:07,shipped,upi,9.87,10
8259,239,2023-11-06 16:03:49,completed,credit_card,6.51,15
8260,425,2024-05-04 08:18:24,cancelled,credit_card,0.0,20
8261,1344,2024-03-23 15:06:21,completed,upi,6.27,0
8262,1647,2025-01-09 11:42:33,completed,paypal,15.94,5
8263,1804,2023-03-30 12:20:38,completed,paypal,17.12,0
8264,816,2024-03-14 11:44:05,returned,debit_card,0.83,20
8265,57,2023-08-25 22:16:38,completed,upi,12.64,0
8266,386,2023-10-03 17:14:52,shipped,paypal,6.02,0
8267,707,2024-10-28 05:13:23,completed,upi,21.62,0
8268,296,2025-02-26 22:37:39,completed,wallet,20.47,20
8269,1152,2024-10-23 04:27:57,completed,debit_card,12.08,20
8270,1920,2023-07-27 18:05:51,completed,wallet,8.28,0
8271,1006,2025-03-16 09:57:50,cancelled,cod,0.0,0
8272,1757,2023-07-21 12:37:54,completed,debit_card,15.15,0
8273,305,2023-05-22 21:46:23,processing,credit_card,0.32,0
8274,805,2024-09-21 18:18:59,completed,upi,10.86,10
8275,1033,2024-07-20 13:14:11,completed,cod,14.63,10
8276,1947,2023-10-19 22:14:11,processing,paypal,18.7,10
8277,106,2025-02-19 09:13:59,completed,upi,3.87,10
8278,515,2024-01-06 08:01:50,returned,cod,16.56,0
8279,1313,2023-10-12 13:37:25,completed,credit_card,3.97,0
8280,1516,2024-02-20 05:22:08,shipped,cod,5.19,15
8281,185,2026-11-11 00:00:00,completed,debit_card,2.84,20
8282,1400,2024-10-13 12:12:37,completed,cod,19.56,5
8283,797,2023-09-16 19:35:51,pendingg,upi,15.19,0
8284,1545,2024-10-28 00:23:30,completed,wallet,17.27,0
8285,1197,2025-03-26 17:53:35,completed,upi,10.27,0
8286,89,2023-07-02 05:58:18,shipped,wallet,17.28,15
8287,1991,2024-12-07 20:35:44,returned,cod,17.87,15
8288,1161,2023-10-06 05:47:27,completed,upi,9.46,0
8289,1437,2024-10-18 05:40:04,cancelled,cod,0.0,10
8290,1520,2025-02-26 12:32:44,shipped,debit_card,17.29,15
8291,1414,2023-06-30 22:14:48,completed,upi,7.0,0
8292,1099,2023-05-15 12:52:32,completed,wallet,7.39,0
8293,1460,2024-06-08 05:28:40,returned,debit_card,13.42,5
8294,1390,2024-09-11 19:51:11,shipped,cod,10.48,15
8295,632,2024-08-26 19:41:15,shipped,debit_card,10.82,20
8296,269,2023-05-17 10:21:11,completed,cod,10.37,0
8297,1193,2023-06-14 13:29:39,completed,wallet,21.97,0
8298,1411,2023-11-24 20:38:48,cancelled,wallet,0.0,0
8299,294,2024-03-13 21:45:09,completed,upi,10.39,15
8300,1857,2023-10-01 10:55:20,completed,upi,18.24,20
8301,1902,2024-01-25 12:55:36,completed,debit_card,10.16,0
8302,843,2024-08-10 14:52:28,shipped,paypal,9.98,10
8303,938,2023-02-28 16:12:09,completed,wallet,3.82,20
8304,1786,2023-01-20 01:16:32,completed,cod,18.03,20
8305,1389,2025-02-09 12:47:47,completed,cod,4.06,15
8306,66,2025-04-03 16:28:27,completed,credit_card,19.46,5
8307,1921,2024-06-15 03:53:18,completed,wallet,15.54,10
8308,457,2024-03-12 08:40:14,completed,paypal,18.31,10
8309,1490,2025-05-02 03:21:08,cancelled,upi,0.0,0
8310,1567,2024-11-13 18:42:53,processing,upi,19.16,10
8311,1169,2023-10-31 19:19:13,processing,debit_card,1.24,10
8312,1164,2026-11-24 00:00:00,shipped,upi,16.24,10
8313,1094,2024-02-04 14:05:37,completed,cod,4.41,15
8314,728,2023-06-30 12:01:00,completed,debit_card,16.94,0
8315,242,2024-04-05 14:10:11,completed,paypal,1.27,0
8316,64,2024-08-02 05:43:51,shipped,paypal,8.35,0
8317,1742,2024-05-25 15:46:59,completed,credit_card,0.22,5
8318,862,2024-10-20 11:55:35,completed,upi,21.11,0
8319,70,2023-09-28 16:17:34,completed,wallet,12.12,15
8320,531,2024-07-13 13:43:50,completed,credit_card,5.79,5
8321,1623,2024-01-19 08:01:59,completed,cod,7.25,0
8322,1336,2024-10-21 14:25:51,shipped,credit_card,10.54,5
8323,1557,2025-05-06 14:06:01,returned,cod,9.97,15
8324,1654,2023-09-01 19:03:47,processing,credit_card,11.47,20
8325,370,2025-02-12 00:06:34,completed,debit_card,9.7,0
8326,170,2024-09-22 04:39:58,returned,credit_card,13.94,20
8327,1289,2025-01-15 03:42:14,completed,credit_card,21.71,0
8328,79,2024-11-20 21:11:39,completed,paypal,16.98,10
8329,237,2024-01-29 17:17:52,shipped,cod,19.55,0
8330,53,2024-11-01 03:12:48,shipped,credit_card,1.22,0
8331,1767,2023-11-17 00:54:51,returned,upi,18.09,0
8332,1243,2023-02-10 12:49:28,completed,paypal,8.87,0
8333,1343,2023-01-09 22:54:25,completed,upi,14.76,20
8334,1067,2024-08-15 04:14:27,completed,wallet,10.18,5
8335,238,2024-02-07 12:28:00,completed,debit_card,11.44,5
8336,1438,2025-05-29 12:32:14,completed,credit_card,5.41,0
8337,1169,2024-09-08 10:23:34,completed,credit_card,11.98,20
8338,1451,2024-05-24 00:37:48,processing,credit_card,9.32,10
8339,1828,2025-01-28 15:53:02,completed,credit_card,4.95,20
8340,82,2023-02-21 12:42:08,completed,credit_card,13.58,5
8341,923,2023-05-09 00:51:52,shipped,upi,0.15,5
8342,263,2023-02-06 07:24:01,completed,credit_card,14.85,10
8343,1247,2025-01-08 01:39:26,completed,credit_card,2.47,20
8344,1148,2024-03-10 09:31:59,completed,cod,3.96,15
8345,157,2025-05-25 09:03:58,returned,upi,6.48,5
8346,1198,2024-08-31 13:24:34,cancelled,cod,0.0,20
8347,1398,2025-04-17 06:01:23,shipped,credit_card,20.18,0
8348,1953,2023-06-24 07:15:26,processing,upi,9.85,10
8349,886,2023-08-14 15:50:15,completed,cod,15.1,15
8350,1570,2024-02-17 01:59:41,completed,wallet,0.35,20
8351,1340,2024-04-20 18:04:30,completed,paypal,6.16,15
8352,1235,2025-03-24 12:56:45,cancelled,debit_card,0.0,10
8353,1761,2024-05-22 04:20:58,completed,debit_card,18.73,10
8354,588,2023-08-26 17:45:25,completed,cod,3.43,5
8355,1007,2024-08-31 05:52:26,completed,credit_card,3.87,10
8356,728,2024-09-15 09:15:28,completed,paypal,14.21,0
8357,68,2023-09-19 04:21:30,completed,credit_card,0.9,15
8358,1421,2025-01-31 04:48:50,completed,debit_card,20.55,10
8359,533,2023-09-29 04:41:37,completed,wallet,13.54,10
8360,376,2023-01-07 00:06:40,completed,upi,4.06,0
8361,380,2024-10-15 21:10:38,completed,upi,18.71,0
8362,1181,2024-12-11 17:35:19,processing,wallet,3.33,20
8363,1586,2023-04-15 19:05:01,shipped,upi,4.72,0
8364,137,2025-06-15 07:22:23,processing,credit_card,17.8,20
8365,1309,2024-09-19 00:44:22,completed,credit_card,16.22,0
8366,1094,2025-04-12 11:47:25,processing,cod,20.21,20
8367,1023,2023-03-17 17:28:02,processing,wallet,15.94,20
8368,1567,2023-10-01 08:20:07,cancelled,wallet,0.0,0
8369,1931,2025-05-14 02:13:18,shipped,cod,20.79,10
8370,333,2024-09-28 00:37:07,completed,upi,5.16,10
8371,586,2023-10-13 19:04:50,processing,paypal,15.48,5
8372,1871,2024-05-23 04:57:43,completed,debit_card,15.28,20
8373,1505,2025-04-17 13:10:37,completed,debit_card,16.41,15
8374,1953,2024-01-24 23:45:22,returned,paypal,16.35,20
8375,788,2023-02-09 03:55:06,completed,wallet,21.39,5
8376,16,2024-07-19 05:52:49,completed,credit_card,15.19,0
8377,1766,2024-04-14 04:24:54,cancelled,upi,0.0,10
8378,1949,2023-05-23 09:53:58,completed,upi,5.93,10
8379,1476,2025-04-04 09:44:24,completed,wallet,20.32,0
8380,300,2024-06-05 23:30:56,returned,debit_card,8.95,0
8381,1285,2023-06-21 17:50:20,completed,paypal,7.49,0
8382,1597,2023-12-03 01:14:51,completed,paypal,21.5,10
8383,1588,2023-06-27 06:38:49,completed,debit_card,6.25,0
8384,736,2024-09-27 11:50:56,processing,paypal,13.09,0
8385,809,2024-08-11 21:35:11,completed,cod,7.91,5
8386,1118,2023-01-29 16:21:56,completed,paypal,20.27,0
8387,16,2024-05-19 12:42:10,completed,debit_card,9.91,10
8388,600,2025-03-17 01:31:17,completed,debit_card,10.73,10
8389,887,2023-09-10 16:00:13,completed,upi,11.59,0
8390,1834,2024-12-20 04:33:10,processing,cod,18.61,0
8391,957,2025-05-14 15:02:50,completed,debit_card,1.16,10
8392,1303,2023-11-21 14:27:54,completed,paypal,20.54,0
8393,101,2024-01-09 11:03:27,processing,upi,7.31,15
8394,72,2024-02-23 00:49:38,shipped,paypal,19.26,15
8395,1156,2023-12-11 12:26:09,completed,upi,10.77,0
8396,700,2025-05-03 08:09:15,completed,debit_card,7.08,0
8397,739,2023-05-31 06:53:06,processing,credit_card,16.77,10
8398,1824,2025-02-06 11:49:05,cancelled,debit_card,0.0,15
8399,849,2024-12-27 19:44:59,completed,paypal,1.65,0
8400,117,2024-03-20 14:18:02,completed,debit_card,11.11,15
8401,631,2025-03-16 21:50:41,completed,paypal,17.54,10
8402,540,2024-11-29 03:00:26,completed,wallet,2.99,0
8403,1258,2023-08-10 23:10:54,pendingg,upi,3.63,0
8404,333,2024-06-30 16:50:05,completed,debit_card,12.32,15
8405,1208,2024-08-11 03:10:55,completed,upi,1.4,0
8406,1040,2025-01-27 00:45:42,cancelled,paypal,0.0,15
8407,221,2023-10-11 22:31:31,returned,cod,2.45,0
8408,497,2024-05-04 06:36:15,completed,upi,8.6,0
8409,338,2024-01-26 11:26:00,completed,cod,10.92,0
8410,1917,2023-10-05 04:38:55,completed,paypal,9.06,10
8411,1260,2024-12-16 15:51:01,processing,upi,10.95,5
8412,1535,2025-01-02 19:27:03,completed,cod,20.49,15
8413,381,2023-06-06 07:03:50,completed,wallet,8.24,20
8414,971,2024-04-04 11:16:11,completed,paypal,17.43,5
8415,446,2025-05-09 21:03:51,shipped,cod,15.8,5
8416,1363,2025-06-24 06:02:48,completed,cod,12.43,10
8417,76,2024-02-23 08:17:12,cancelled,debit_card,0.0,10
8418,888,2025-05-17 18:39:52,completed,upi,0.72,20
8419,808,2024-08-05 17:41:36,completed,credit_card,1.19,20
8420,575,2023-02-22 02:57:33,completed,credit_card,1.13,0
8421,97,2023-10-21 20:37:12,completed,credit_card,8.93,20
8422,1181,2023-09-05 03:16:08,completed,debit_card,7.19,5
8423,175,2024-08-23 20:43:51,completed,debit_card,2.13,0
8424,490,2024-10-10 14:53:36,completed,wallet,2.19,10
8425,1322,2024-02-25 11:45:59,completed,cod,18.01,20
8426,1988,2023-10-25 02:12:43,returned,cod,19.92,10
8427,337,2024-11-13 22:46:27,completed,debit_card,9.58,15
8428,394,2023-08-01 20:28:05,shipped,cod,16.85,20
8429,33,2023-09-13 00:43:07,completed,wallet,20.15,20
8430,1047,2024-10-11 16:04:16,completed,debit_card,19.45,0
8431,667,2023-08-19 18:08:21,shipped,upi,10.2,15
8432,1810,2023-12-04 00:15:19,completed,cod,18.23,0
8433,569,2024-11-03 13:08:04,,wallet,14.62,5
8434,1409,2023-12-10 02:03:48,completed,paypal,4.63,15
8435,395,2025-02-14 06:08:31,completed,wallet,6.96,10
8436,837,2024-12-30 17:20:55,completed,upi,3.71,0
8437,450,2025-03-15 16:54:43,cancelled,wallet,0.0,0
8438,1894,2023-06-08 03:28:42,completed,debit_card,0.91,15
8439,1735,2023-04-17 04:58:20,completed,credit_card,8.08,15
8440,1610,2024-03-26 00:19:06,completed,cod,10.39,0
8441,1449,2025-05-13 15:05:30,completed,debit_card,0.17,5
8442,984,2023-11-06 14:36:27,completed,credit_card,17.92,10
8443,539,2025-04-04 16:05:42,shipped,credit_card,16.89,20
8444,1957,2024-12-30 11:43:45,completed,debit_card,6.5,0
8445,1709,2023-11-02 19:00:28,shipped,paypal,9.86,20
8446,217,2025-04-22 19:00:02,completed,paypal,13.91,5
8447,1289,2024-11-29 03:19:33,returned,paypal,14.04,0
8448,376,2023-01-01 17:26:19,completed,cod,4.25,5
8449,1341,2024-06-02 08:08:10,cancelled,debit_card,0.0,10
8450,647,2024-10-04 16:53:15,completed,upi,2.56,0
8451,775,2024-06-05 16:51:52,completed,paypal,17.79,15
8452,1039,2024-11-22 17:32:11,completed,debit_card,14.44,0
8453,265,2023-11-17 03:34:52,completed,debit_card,7.48,0
8454,197,2025-01-14 23:57:07,completed,cod,17.59,5
8455,807,2025-01-28 09:36:21,completed,upi,13.86,20
8456,936,2024-04-01 09:49:39,completed,credit_card,4.68,5
8457,1967,2024-05-29 18:49:18,completed,credit_card,4.53,20
8458,1165,2025-04-28 15:30:14,shipped,debit_card,20.31,5
8459,1604,2023-04-28 12:05:13,shipped,wallet,13.61,0
8460,379,2024-07-12 07:59:05,completed,upi,12.96,15
8461,1788,2023-02-17 21:46:16,shipped,wallet,16.9,0
8462,1306,2023-08-03 05:53:52,completed,credit_card,1.53,15
8463,823,2025-05-17 14:43:46,completed,debit_card,13.07,5
8464,1450,2026-11-12 00:00:00,completed,wallet,7.32,20
8465,151,2025-02-07 15:21:42,processing,credit_card,11.67,0
8466,197,2023-05-28 03:26:05,processing,credit_card,12.16,20
8467,1461,2024-11-15 10:37:27,shipped,debit_card,4.6,20
8468,1003,2023-01-02 02:12:20,completed,cod,20.66,5
8469,17,2023-04-04 04:28:50,CANCEL,wallet,11.32,0
8470,652,2026-11-01 00:00:00,completed,cod,14.09,0
8471,1068,2023-12-30 16:53:51,processing,paypal,11.89,5
8472,611,2024-02-25 17:08:32,completed,credit_card,9.13,15
8473,1542,2025-05-27 13:32:24,completed,wallet,2.06,5
8474,1967,2024-12-20 08:28:26,completed,wallet,16.1,15
8475,1419,2024-01-22 05:23:54,completed,paypal,19.64,0
8476,1324,2023-12-13 10:03:46,completed,paypal,19.85,10
8477,550,2023-05-02 14:31:23,completed,debit_card,6.49,0
8478,1177,2024-02-16 15:46:04,processing,credit_card,15.47,0
8479,1082,2023-08-08 13:29:20,processing,debit_card,9.78,10
8480,1235,2023-07-12 16:42:25,completed,cod,16.73,20
8481,1564,2024-08-12 20:41:03,returned,debit_card,9.9,0
8482,1910,2023-06-30 10:08:27,shipped,upi,6.47,15
8483,484,2023-03-10 10:51:56,cancelled,credit_card,0.0,0
8484,307,2024-01-15 18:53:49,completed,cod,9.98,0
8485,317,2024-12-08 10:58:35,completed,paypal,7.28,0
8486,765,2025-03-04 10:26:25,shipped,credit_card,1.15,0
8487,1364,2024-03-01 03:29:20,completed,cod,12.79,0
8488,1919,2024-08-04 09:39:54,completed,debit_card,7.37,5
8489,1009,2024-06-15 18:04:34,processing,debit_card,10.9,15
8490,1322,2024-08-15 22:22:02,cancelled,debit_card,0.0,5
8491,816,2023-11-21 04:12:53,completed,cod,14.87,20
8492,66,2024-06-15 17:54:30,completed,paypal,6.41,15
8493,621,2024-05-02 10:12:45,processing,credit_card,9.46,0
8494,1847,2023-06-27 09:37:30,completed,upi,7.06,10
8495,1308,2023-10-30 02:13:43,completed,cod,12.69,0
8496,490,2023-06-18 18:32:26,shipped,debit_card,9.86,0
8497,1695,2024-04-02 06:27:50,cancelled,debit_card,0.0,20
8498,945,2024-01-17 02:42:20,processing,wallet,9.59,0
8499,413,2023-11-05 11:54:38,shipped,debit_card,15.28,5
8500,891,2024-10-26 07:54:05,completed,wallet,5.33,15
8501,1327,2023-06-30 09:35:05,cancelled,cod,0.0,15
8502,1235,2023-09-13 15:01:50,completed,credit_card,13.65,20
8503,716,2023-06-26 14:42:45,cancelled,cod,0.0,20
8504,1388,2025-05-30 01:23:49,completed,credit_card,8.29,0
8505,326,2023-05-02 04:12:12,returned,debit_card,4.5,15
8506,986,2023-08-21 03:05:56,completed,wallet,18.06,5
8507,294,2023-03-22 13:01:26,completed,paypal,9.33,0
8508,435,2024-07-03 23:32:22,completed,debit_card,10.35,0
8509,293,2025-03-27 07:21:50,processing,upi,7.81,20
8510,71,2023-08-15 22:04:05,completed,paypal,12.35,0
8511,1355,2023-11-15 00:48:54,completed,cod,7.34,15
8512,502,2023-04-18 18:15:49,completed,upi,2.17,0
8513,1374,2025-02-21 00:33:45,completed,paypal,14.23,0
8514,871,2024-02-11 19:53:15,cancelled,debit_card,0.0,0
8515,2336,2023-05-12 18:44:18,shipped,debit_card,3.68,0
8516,538,2023-06-27 12:24:42,completed,credit_card,11.05,0
8517,287,2024-05-10 19:24:19,completed,paypal,6.04,0
8518,291,2023-07-27 04:12:29,completed,debit_card,2.76,10
8519,410,2024-12-13 02:07:55,completed,upi,18.15,20
8520,1059,2025-04-02 18:33:03,shipped,debit_card,19.14,10
8521,993,2023-08-19 05:39:43,shipped,cod,0.86,0
8522,1975,2023-08-28 23:17:21,completed,wallet,15.87,10
8523,121,2023-07-10 22:29:26,completed,debit_card,20.36,10
8524,886,2023-01-29 09:03:50,shipped,wallet,16.01,10
8525,653,2023-07-09 00:15:48,completed,credit_card,18.89,0
8526,1001,2024-04-13 17:15:33,completed,cod,1.67,0
8527,714,2025-05-24 17:51:29,completed,cod,7.87,5
8528,1051,2024-03-30 12:07:23,processing,upi,9.08,20
8529,44,2025-02-23 16:36:31,shipped,paypal,20.12,15
8530,1140,2023-08-27 10:50:01,CANCEL,credit_card,7.63,5
8531,1739,2024-03-08 22:45:22,completed,credit_card,7.31,0
8532,2239,2024-06-16 17:52:50,completed,paypal,19.81,20
8533,1909,2023-10-31 13:39:04,completed,wallet,16.8,15
8534,1739,2024-07-23 02:12:28,completed,debit_card,0.38,5
8535,651,2023-01-30 18:58:38,shipped,credit_card,20.27,0
8536,1456,2024-04-17 10:26:16,cancelled,credit_card,0.0,10
8537,381,2025-05-05 11:09:50,completed,debit_card,6.22,5
8538,854,2023-08-19 08:08:51,completed,debit_card,3.18,0
8539,98,2023-05-21 02:32:34,processing,debit_card,12.24,15
8540,520,2023-01-13 23:43:51,shipped,paypal,5.27,5
8541,279,2025-02-08 21:10:43,shipped,credit_card,2.57,0
8542,308,2023-03-28 00:35:44,completed,credit_card,17.88,0
8543,790,2024-06-09 19:19:26,completed,paypal,16.76,10
8544,643,2025-01-20 20:07:58,completed,wallet,8.65,0
8545,1376,2023-02-13 23:20:39,cancelled,upi,0.0,0
8546,379,2024-09-24 07:01:23,completed,debit_card,17.24,0
8547,1455,2025-05-26 08:24:46,completed,cod,4.51,0
8548,1291,2024-03-09 18:07:55,completed,paypal,21.38,15
8549,312,2024-07-15 18:16:14,completed,paypal,19.12,0
8550,579,2023-05-04 03:10:35,returned,credit_card,17.31,0
8551,807,2024-07-17 19:06:24,completed,upi,11.11,0
8552,1154,2024-09-03 18:41:27,processing,upi,20.51,0
8553,1400,2025-03-18 21:06:19,completed,paypal,20.59,0
8554,242,2024-06-24 21:23:50,completed,cod,16.25,20
8555,1133,2023-06-03 19:12:26,completed,cod,2.89,0
8556,187,2023-05-01 11:17:05,completed,paypal,17.22,15
8557,1532,2024-10-01 11:39:39,returned,credit_card,21.23,0
8558,1235,2023-10-05 14:20:59,completed,paypal,10.44,0
8559,1291,2023-08-14 11:02:30,processing,credit_card,8.29,0
8560,1687,2023-02-02 19:43:01,completed,cod,17.07,5
8561,1393,2023-07-19 16:19:14,shipped,wallet,11.49,15
8562,1742,2024-11-04 22:43:20,completed,credit_card,17.35,0
8563,396,2025-05-04 13:23:41,cancelled,credit_card,0.0,5
8564,369,2023-02-18 09:50:04,shipped,credit_card,9.33,5
8565,541,2023-12-10 14:49:29,cancelled,upi,0.0,20
8566,1944,2025-03-30 05:00:25,completed,upi,9.42,15
8567,1236,2023-02-03 02:47:53,shipped,upi,7.29,0
8568,167,2024-05-24 22:33:36,shipped,upi,2.77,0
8569,870,2024-10-09 09:46:43,completed,upi,3.13,0
8570,1939,2023-05-13 09:18:59,completed,cod,14.2,15
8571,1390,2023-12-08 23:17:16,shipped,paypal,6.99,10
8572,1645,2023-09-28 01:28:09,completed,credit_card,18.5,15
8573,1992,2023-02-13 07:02:43,completed,paypal,6.18,10
8574,692,2024-02-01 06:26:14,shipped,cod,15.58,20
8575,1807,2023-11-12 15:57:26,completed,upi,13.67,20
8576,1859,2023-07-14 08:56:39,completed,paypal,21.58,10
8577,1528,2025-01-13 02:08:47,completed,debit_card,3.36,15
8578,776,2024-07-28 09:22:15,completed,wallet,16.12,0
8579,1481,2023-01-12 18:43:31,completed,debit_card,1.46,10
8580,769,2024-08-23 17:33:57,completed,cod,5.27,5
8581,1189,2025-06-21 09:06:47,completed,credit_card,8.59,15
8582,566,2024-10-14 04:13:34,completed,wallet,13.72,0
8583,1475,2023-10-25 11:52:32,completed,cod,3.5,0
8584,1913,2023-04-09 09:24:53,shipped,credit_card,6.5,0
8585,660,2025-02-20 23:59:54,completed,paypal,8.81,15
8586,1862,2023-02-06 18:49:54,cancelled,paypal,0.0,10
8587,621,2024-02-14 09:07:45,processing,cod,15.06,5
8588,927,2024-04-30 15:55:34,processing,cod,0.88,20
8589,1181,2023-08-17 02:38:46,completed,credit_card,5.96,0
8590,303,2024-03-09 16:22:12,processing,cod,9.62,15
8591,1972,2024-04-27 03:57:56,shipped,debit_card,7.33,15
8592,1685,2024-12-25 08:15:14,completed,upi,20.23,0
8593,1309,2023-08-20 17:48:35,completed,cod,8.38,20
8594,1775,2025-01-03 17:20:48,completed,wallet,5.52,0
8595,198,2024-05-17 16:04:45,completed,wallet,17.68,0
8596,631,2024-11-15 05:39:23,completed,wallet,13.79,10
8597,51,2023-02-13 09:46:40,cancelled,wallet,0.0,5
8598,1844,2024-07-01 23:06:38,completed,cod,12.54,10
8599,18,2025-04-13 20:13:06,returned,wallet,2.94,0
8600,967,2024-03-07 14:04:57,completed,cod,0.49,5
8601,1937,2025-04-02 00:59:16,completed,cod,19.59,10
8602,1439,2023-10-24 14:13:12,completed,cod,4.57,5
8603,1753,2023-10-25 11:29:40,completed,cod,16.32,10
8604,721,2023-02-24 22:50:39,cancelled,debit_card,0.0,5
8605,782,2023-08-05 02:03:50,shipped,credit_card,0.12,0
8606,1985,2023-01-27 01:22:15,completed,wallet,11.08,0
8607,819,2023-11-26 23:27:19,completed,cod,2.46,0
8608,1011,2023-05-11 10:39:15,returned,credit_card,16.56,15
8609,377,2025-02-09 06:16:19,cancelled,upi,0.0,5
8610,297,2024-10-30 11:43:09,completed,wallet,6.24,10
8611,1253,2024-08-04 19:50:05,shipped,wallet,16.52,15
8612,1521,2024-09-11 10:52:18,cancelled,paypal,0.0,10
8613,802,2023-10-29 03:13:49,completed,paypal,10.62,10
8614,1212,2025-03-06 04:24:35,cancelled,paypal,0.0,0
8615,591,2023-01-16 01:48:16,completed,cod,14.66,0
8616,1124,2025-05-28 20:11:34,completed,paypal,5.89,0
8617,969,2024-11-14 02:51:37,completed,wallet,17.62,20
8618,1382,2023-03-04 03:20:15,completed,paypal,3.79,0
8619,522,2025-04-12 14:00:57,completed,upi,4.27,20
8620,1376,2024-02-12 18:21:03,completed,cod,6.3,10
8621,1864,2025-03-07 01:30:07,cancelled,paypal,0.0,15
8622,629,2025-06-26 18:01:47,shipped,debit_card,20.61,10
8623,587,2023-06-24 16:11:37,processing,upi,11.3,15
8624,791,2025-04-14 06:29:50,completed,paypal,0.72,15
8625,1619,2025-06-13 05:31:24,completed,cod,5.59,0
8626,702,2024-10-11 10:40:43,completed,cod,17.4,0
8627,832,2023-10-19 13:55:37,completed,credit_card,4.05,20
8628,983,2024-01-15 03:01:08,completed,credit_card,6.98,0
8629,1087,2025-06-27 17:09:06,completed,credit_card,3.84,0
8630,1231,2023-01-10 05:19:02,processing,wallet,16.17,0
8631,1876,2024-02-14 16:21:27,shipped,wallet,3.19,0
8632,32,2023-10-09 15:54:17,completed,paypal,20.23,0
8633,1908,2023-07-14 09:58:54,completed,paypal,5.24,5
8634,1981,2023-12-07 18:08:20,cancelled,debit_card,0.0,15
8635,28,2023-05-06 15:45:34,completed,cod,16.29,0
8636,1510,2024-09-25 01:20:30,completed,upi,20.89,5
8637,1715,2024-12-15 13:24:23,,credit_card,21.42,10
8638,297,2023-10-31 23:39:50,processing,debit_card,17.46,15
8639,193,2024-11-23 08:20:42,completed,credit_card,4.86,5
8640,1133,2025-03-20 23:16:20,cancelled,credit_card,0.0,15
8641,415,2025-05-25 04:05:41,completed,cod,7.75,20
8642,1317,2024-10-09 06:36:42,cancelled,wallet,0.0,0
8643,494,2024-02-09 07:03:37,shipped,credit_card,12.73,0
8644,1426,2023-11-21 07:11:43,shipped,upi,16.07,20
8645,887,2025-06-03 19:03:16,shipped,credit_card,20.78,5
8646,609,2025-02-15 03:42:29,shipped,upi,19.28,0
8647,1983,2024-07-01 20:52:03,processing,credit_card,6.06,5
8648,1646,2023-10-30 08:20:58,completed,wallet,8.8,5
8649,1705,2024-06-28 22:40:58,completed,paypal,12.13,0
8650,509,2023-02-07 03:54:42,completed,cod,21.64,15
8651,869,2025-02-09 13:02:49,completed,wallet,21.49,20
8652,1918,2024-12-24 13:35:29,completed,wallet,16.59,15
8653,881,2024-07-11 02:35:41,completed,cod,17.31,15
8654,1241,2024-12-03 23:23:34,shipped,cod,1.24,20
8655,161,2024-08-21 08:45:16,completed,paypal,11.27,15
8656,693,2023-06-07 08:37:01,shipped,debit_card,5.98,10
8657,1239,2024-02-15 21:14:19,shipped,cod,19.76,15
8658,2275,2023-12-20 05:52:12,completed,cod,1.32,5
8659,1056,2023-12-11 06:27:02,completed,credit_card,12.49,0
8660,1955,2024-03-29 13:52:48,completed,upi,18.85,5
8661,313,2024-05-11 21:50:13,completed,wallet,20.83,10
8662,1806,2023-07-06 04:30:00,shipped,wallet,17.36,10
8663,1533,2025-02-09 01:57:44,processing,cod,18.62,0
8664,571,2024-06-08 11:38:43,shipped,debit_card,1.16,5
8665,921,2024-08-29 14:11:32,shipped,cod,8.15,0
8666,1729,2023-07-28 23:27:22,shipped,paypal,11.37,0
8667,1754,2024-05-01 21:41:49,processing,debit_card,14.91,20
8668,17,2024-10-27 03:15:15,completed,cod,14.49,15
8669,226,2024-02-14 05:51:57,processing,wallet,15.71,5
8670,1016,2025-06-20 23:43:00,completed,debit_card,8.35,5
8671,1493,2024-06-17 05:39:25,processing,debit_card,2.33,0
8672,1823,2024-01-16 23:27:10,returned,credit_card,7.87,10
8673,782,2024-07-05 14:58:54,completed,paypal,10.67,15
8674,1998,2023-01-06 21:46:26,returned,debit_card,13.44,15
8675,1027,2025-05-26 10:18:38,completed,paypal,11.05,15
8676,1701,2023-07-20 15:45:22,completed,debit_card,5.13,10
8677,768,2023-07-03 20:49:27,shipped,paypal,5.58,20
8678,159,2025-04-12 04:09:14,shipped,wallet,15.71,0
8679,1331,2024-03-29 15:32:47,completed,paypal,5.14,20
8680,1508,2024-01-10 03:37:06,completed,wallet,9.59,10
8681,936,2023-08-27 12:42:47,completed,debit_card,9.67,10
8682,17,2025-04-17 13:11:19,completed,wallet,9.48,20
8683,152,2023-04-07 14:59:35,processing,credit_card,4.42,0
8684,881,2023-11-30 16:19:51,completed,wallet,19.51,5
8685,858,2024-06-25 16:25:55,cancelled,credit_card,0.0,0
8686,373,2023-07-25 19:51:54,cancelled,debit_card,0.0,15
8687,320,2025-02-22 15:21:48,completed,credit_card,13.12,0
8688,1205,2024-07-06 18:58:21,completed,debit_card,9.28,0
8689,1687,2025-03-18 14:21:21,completed,paypal,20.51,0
8690,1604,2023-01-22 00:53:17,completed,upi,12.3,0
8691,158,2025-04-17 15:13:32,pendingg,cod,13.79,20
8692,1575,2025-04-01 04:53:47,completed,debit_card,3.25,5
8693,1089,2024-05-28 19:01:00,completed,upi,13.2,0
8694,319,2025-02-18 18:33:35,completed,wallet,8.3,15
8695,1275,2023-12-16 14:44:38,processing,credit_card,3.56,0
8696,206,2023-09-14 17:44:29,completed,credit_card,12.58,10
8697,42,2025-05-27 02:53:12,completed,wallet,13.89,15
8698,808,2025-01-25 12:31:36,completed,wallet,6.23,0
8699,1528,2023-12-18 12:29:50,completed,credit_card,8.46,20
8700,1175,2025-02-15 11:44:58,shipped,cod,16.58,20
8701,204,2023-11-13 20:59:17,completed,credit_card,6.45,20
8702,10,2023-08-20 15:36:24,completed,wallet,14.71,20
8703,1640,2023-05-15 01:04:38,completed,credit_card,19.44,0
8704,1893,2023-07-12 10:44:54,completed,wallet,19.23,0
8705,1889,2023-11-08 01:10:14,cancelled,wallet,0.0,10
8706,187,2024-04-24 07:27:42,completed,paypal,7.78,0
8707,821,2023-04-08 00:40:03,shipped,debit_card,5.93,10
8708,283,2025-03-26 19:13:49,completed,cod,16.44,5
8709,437,2023-12-06 15:19:20,completed,paypal,4.57,15
8710,1285,2024-10-27 04:28:12,completed,credit_card,5.75,15
8711,634,2024-05-17 05:14:02,completed,cod,13.38,5
8712,868,2025-04-16 20:42:53,completed,cod,12.12,0
8713,1880,2023-10-05 18:09:46,processing,credit_card,6.1,15
8714,215,2024-11-04 18:33:56,shipped,wallet,15.31,0
8715,635,2024-06-20 22:55:19,completed,debit_card,17.39,0
8716,1222,2025-03-10 19:12:57,completed,cod,3.72,5
8717,1152,2024-08-16 22:00:34,cancelled,paypal,0.0,20
8718,489,2024-03-02 11:51:28,cancelled,debit_card,0.0,0
8719,1212,2025-03-22 18:50:08,completed,upi,13.85,20
8720,1027,2023-07-02 17:19:25,completed,wallet,18.44,0
8721,1647,2023-04-05 09:37:44,completed,cod,8.37,0
8722,1900,2024-10-21 00:22:13,completed,credit_card,12.69,20
8723,1038,2025-04-13 17:56:30,returned,cod,1.27,15
8724,70,2025-05-10 07:54:18,cancelled,upi,0.0,0
8725,683,2026-12-10 00:00:00,completed,upi,18.87,0
8726,202,2025-05-29 00:47:42,processing,debit_card,9.27,0
8727,222,2024-07-23 23:57:39,completed,wallet,10.26,5
8728,199,2024-08-16 20:21:21,completed,debit_card,7.27,0
8729,741,2025-03-07 19:32:14,shipped,debit_card,17.91,0
8730,1289,2025-04-09 14:40:13,completed,paypal,9.18,0
8731,1711,2024-02-07 12:40:12,completed,cod,9.81,20
8732,170,2024-06-12 06:00:33,processing,wallet,20.65,0
8733,1868,2025-04-12 18:12:15,completed,debit_card,15.51,0
8734,1074,2023-03-07 05:32:47,completed,cod,2.17,10
8735,1997,2023-01-06 14:51:49,shipped,upi,13.04,0
8736,836,2024-11-04 23:55:42,completed,debit_card,18.95,0
8737,1928,2025-04-11 16:51:54,returned,upi,21.29,0
8738,1025,2023-06-11 14:41:05,cancelled,debit_card,0.0,0
8739,1796,2024-08-07 23:21:35,completed,cod,2.7,0
8740,1867,2024-07-21 17:35:57,completed,credit_card,14.5,0
8741,1876,2024-10-20 10:30:42,processing,upi,5.54,10
8742,1861,2024-09-29 07:33:11,completed,cod,7.21,10
8743,441,2024-03-31 12:40:31,processing,upi,5.48,0
8744,1248,2023-08-14 02:31:41,shipped,wallet,8.0,20
8745,1261,2024-06-22 18:06:34,cancelled,upi,0.0,15
8746,1494,2023-01-05 14:50:33,completed,paypal,13.55,0
8747,1866,2024-04-17 15:23:42,cancelled,credit_card,0.0,10
8748,1093,2025-06-26 20:40:10,completed,debit_card,3.44,15
8749,1197,2023-12-28 21:18:23,completed,paypal,4.98,0
8750,671,2024-09-12 13:51:27,completed,wallet,14.94,15
8751,1914,2024-03-30 03:28:49,returned,paypal,4.24,10
8752,422,2023-07-08 07:59:13,returned,upi,5.74,10
8753,833,2023-05-22 05:02:52,completed,cod,2.27,10
8754,482,2023-02-26 11:36:38,processing,cod,17.12,0
8755,909,2023-03-01 17:11:48,shipped,wallet,7.95,10
8756,430,2023-12-30 11:55:13,shipped,paypal,6.1,10
8757,549,2025-01-06 16:28:10,shipped,upi,10.11,0
8758,1755,2023-08-04 13:28:24,completed,upi,8.14,10
8759,39,2023-03-08 14:52:05,shipped,cod,10.31,15
8760,1025,2024-08-28 02:58:28,shipped,debit_card,21.56,0
8761,1145,2024-04-13 23:21:08,shipped,cod,0.01,20
8762,1867,2023-06-30 10:05:49,completed,debit_card,0.74,20
8763,722,2025-01-11 04:41:44,completed,credit_card,2.17,15
8764,316,2024-07-24 15:27:46,completed,upi,16.44,20
8765,1571,2023-08-08 10:13:41,completed,upi,8.4,5
8766,1927,2023-10-21 00:53:14,processing,paypal,1.66,10
8767,1650,2025-02-18 21:27:48,completed,cod,18.45,15
8768,30,2023-03-08 20:10:23,completed,credit_card,19.31,0
8769,516,2024-09-25 08:28:19,completed,cod,14.55,0
8770,1538,2024-07-27 00:42:13,cancelled,wallet,0.0,0
8771,2195,2024-12-22 03:15:27,completed,wallet,9.22,0
8772,1436,2024-04-17 22:12:38,completed,cod,19.12,15
8773,226,2023-03-12 14:48:51,completed,cod,21.06,10
8774,557,2023-10-02 07:55:24,completed,credit_card,0.59,20
8775,1467,2025-04-09 18:42:10,completed,paypal,0.93,0
8776,287,2023-07-20 11:31:52,completed,wallet,2.95,5
8777,1201,2023-05-21 04:54:55,completed,credit_card,4.44,15
8778,1978,2023-06-16 17:23:30,completed,cod,14.8,0
8779,229,2024-08-04 04:01:04,completed,debit_card,0.62,0
8780,1220,2026-11-17 00:00:00,completed,cod,6.96,20
8781,1054,2024-11-23 23:23:56,completed,wallet,2.24,10
8782,1678,2024-06-23 23:06:07,shipped,paypal,7.87,5
8783,790,2025-06-10 11:53:38,completed,wallet,2.83,0
8784,1050,2023-08-18 02:39:06,completed,upi,9.32,0
8785,889,2024-09-29 01:54:23,completed,cod,1.07,5
8786,859,2025-05-10 07:45:58,cancelled,cod,0.0,0
8787,1053,2023-10-03 13:04:48,completed,debit_card,10.19,20
8788,314,2023-10-27 11:14:47,completed,cod,10.46,0
8789,1078,2024-09-10 19:47:27,shipped,cod,17.33,0
8790,1758,2023-05-29 02:13:45,completed,credit_card,19.9,10
8791,47,2023-05-28 12:44:58,processing,upi,3.27,10
8792,1931,2024-12-16 16:26:27,cancelled,cod,0.0,0
8793,1207,2023-09-12 17:49:22,completed,debit_card,1.17,20
8794,1811,2024-12-04 04:12:08,completed,cod,5.85,20
8795,1138,2024-05-17 19:53:00,cancelled,paypal,0.0,0
8796,687,2024-03-04 00:19:57,completed,paypal,4.34,0
8797,1365,2024-07-30 19:20:28,completed,upi,5.68,0
8798,925,2023-02-24 02:38:59,shipped,wallet,13.05,0
8799,100,2023-03-15 14:48:32,cancelled,upi,0.0,5
8800,398,2023-09-07 13:02:12,processing,wallet,15.4,0
8801,1285,2025-02-14 14:22:32,completed,credit_card,3.63,5
8802,776,2024-03-11 10:00:08,completed,upi,6.06,0
8803,192,2025-06-10 15:55:43,completed,upi,3.25,20
8804,1624,2024-07-11 21:59:07,completed,debit_card,14.24,10
8805,1980,2025-04-13 03:10:17,shipped,upi,6.53,20
8806,824,2023-12-20 04:02:02,completed,wallet,20.44,0
8807,1856,2025-01-14 02:11:35,completed,debit_card,3.78,10
8808,1811,2023-03-16 22:55:52,completed,wallet,5.62,15
8809,1976,2023-10-19 02:49:44,shipped,debit_card,16.69,10
8810,1884,2024-03-06 09:19:50,shipped,debit_card,20.48,0
8811,184,2023-09-11 19:20:38,shipped,wallet,18.32,5
8812,208,2025-03-27 03:00:02,completed,cod,21.02,10
8813,79,2024-05-16 20:59:33,completed,paypal,8.76,10
8814,2000,2024-08-15 12:59:51,completed,credit_card,2.09,20
8815,1141,2024-10-03 07:58:45,returned,upi,8.25,5
8816,146,2025-02-03 13:08:02,returned,credit_card,6.02,0
8817,343,2023-01-09 12:36:43,completed,cod,16.5,0
8818,1612,2024-05-20 00:33:38,shipped,credit_card,16.78,15
8819,1724,2024-10-07 21:13:52,completed,paypal,18.37,5
8820,1203,2023-03-06 08:53:37,shipped,debit_card,2.17,20
8821,119,2024-07-12 17:43:53,shipped,debit_card,14.94,0
8822,516,2023-11-12 04:55:25,completed,cod,17.57,0
8823,1217,2023-08-15 21:25:57,completed,upi,19.69,15
8824,292,2023-04-21 04:42:21,returned,debit_card,9.86,0
8825,491,2024-08-30 11:06:11,processing,wallet,2.83,5
8826,1247,2024-04-17 10:42:00,completed,debit_card,7.72,15
8827,1535,2024-01-27 20:56:59,cancelled,cod,0.0,15
8828,1366,2024-12-06 07:07:03,completed,credit_card,11.61,0
8829,861,2023-12-01 11:22:42,completed,cod,9.07,5
8830,1026,2023-07-03 03:53:46,processing,wallet,15.57,20
8831,1975,2024-09-21 02:50:27,completed,credit_card,6.69,20
8832,640,2024-03-06 17:36:14,cancelled,upi,0.0,0
8833,417,2024-08-19 14:25:14,processing,paypal,8.13,0
8834,189,2024-11-03 22:27:06,completed,credit_card,11.38,5
8835,1000,2024-11-20 11:27:17,processing,credit_card,3.93,0
8836,501,2024-02-24 04:01:12,completed,credit_card,11.03,0
8837,1807,2023-04-20 19:28:46,completed,credit_card,6.19,0
8838,1037,2023-05-21 00:58:59,cancelled,credit_card,0.0,5
8839,1789,2023-11-10 17:57:27,returned,debit_card,10.13,0
8840,1860,2023-12-20 21:09:51,completed,wallet,7.28,0
8841,920,2023-10-16 06:50:49,completed,debit_card,19.53,5
8842,687,2025-04-11 07:44:44,shipped,wallet,14.93,0
8843,1712,2023-05-30 01:20:26,cancelled,paypal,0.0,15
8844,977,2023-09-22 06:05:49,shipped,credit_card,3.55,5
8845,1781,2023-07-05 05:34:59,returned,upi,4.14,0
8846,62,2024-10-12 05:59:20,completed,wallet,19.97,10
8847,1505,2025-03-04 20:05:24,completed,wallet,18.07,15
8848,201,2024-01-21 19:26:18,processing,upi,3.38,0
8849,1169,2024-10-04 12:27:01,completed,paypal,2.59,5
8850,1684,2023-01-29 00:48:56,shipped,cod,15.18,0
8851,1137,2024-07-13 23:50:17,completed,upi,5.73,15
8852,462,2024-06-08 15:03:08,completed,paypal,18.66,15
8853,1065,2024-02-09 06:19:29,completed,cod,8.52,0
8854,1598,2024-11-04 05:31:57,complet,cod,21.82,10
8855,52,2025-06-03 19:17:36,shipped,upi,7.17,5
8856,732,2023-07-14 04:04:05,completed,paypal,20.11,5
8857,239,2023-03-02 15:02:40,completed,paypal,3.41,0
8858,1852,2025-05-04 13:26:20,completed,wallet,1.52,0
8859,1046,2024-11-17 19:53:24,completed,debit_card,13.12,10
8860,978,2025-06-27 04:12:55,processing,credit_card,12.76,10
8861,1572,2023-06-06 08:11:25,completed,wallet,12.55,0
8862,1000,2024-11-16 15:51:28,processing,paypal,14.78,0
8863,1530,2024-04-09 07:23:52,completed,cod,18.54,0
8864,767,2025-02-12 14:21:54,completed,cod,4.75,0
8865,1306,2025-02-26 23:46:50,completed,upi,17.47,0
8866,161,2025-04-04 16:32:52,processing,wallet,12.93,0
8867,235,2023-05-17 12:48:36,returned,credit_card,21.57,15
8868,447,2023-02-22 06:10:54,processing,debit_card,8.32,0
8869,188,2025-02-10 11:10:11,processing,credit_card,0.5,20
8870,1272,2023-09-21 14:58:57,completed,upi,19.54,15
8871,1179,2025-03-31 00:23:31,shipped,wallet,6.47,0
8872,912,2025-03-29 09:30:39,completed,paypal,3.87,5
8873,1882,2024-05-26 00:28:51,completed,debit_card,5.92,20
8874,1090,2023-09-05 09:01:00,completed,cod,7.47,20
8875,1055,2023-12-27 15:13:45,completed,wallet,12.37,5
8876,628,2024-08-19 22:54:28,completed,debit_card,18.17,5
8877,1707,2024-06-08 10:35:36,completed,debit_card,13.12,5
8878,179,2024-07-22 22:10:33,completed,credit_card,6.65,15
8879,61,2023-10-30 03:29:47,completed,paypal,3.47,5
8880,1036,2024-04-26 02:49:27,completed,wallet,16.23,0
8881,146,2025-05-13 09:10:09,shipped,upi,0.11,0
8882,1798,2024-02-26 07:50:28,shipped,paypal,20.75,0
8883,1505,2025-05-04 18:01:22,completed,credit_card,19.14,10
8884,1364,2024-11-28 07:20:33,completed,paypal,12.95,15
8885,1201,2025-01-17 22:11:52,completed,paypal,20.08,0
8886,643,2023-02-17 09:48:30,completed,wallet,0.59,5
8887,1755,2024-01-28 06:08:33,cancelled,wallet,0.0,10
8888,564,2025-03-25 10:48:07,completed,credit_card,11.49,5
8889,1724,2023-04-10 05:27:15,completed,upi,4.88,0
8890,1326,2025-02-09 03:45:58,completed,cod,1.01,0
8891,1857,2023-06-14 20:31:17,cancelled,cod,0.0,0
8892,1954,2024-03-22 11:52:44,completed,cod,5.84,0
8893,1731,2023-09-15 10:01:38,shipped,cod,18.25,5
8894,805,2023-10-22 00:10:42,completed,paypal,7.95,15
8895,1037,2024-04-18 19:26:56,completed,paypal,0.78,15
8896,449,2023-01-26 00:48:33,completed,credit_card,0.14,20
8897,237,2024-06-10 05:44:43,completed,credit_card,12.27,15
8898,1897,2025-01-15 17:53:37,completed,upi,10.07,0
8899,1926,2024-06-27 09:54:35,cancelled,credit_card,0.0,0
8900,1761,2025-01-08 10:32:52,returned,wallet,10.1,15
8901,31,2023-08-14 08:51:52,processing,wallet,1.92,0
8902,1145,2025-01-28 02:22:47,completed,debit_card,7.17,10
8903,715,2023-09-14 22:40:25,completed,debit_card,16.05,10
8904,2356,2023-12-02 22:55:22,cancelled,wallet,0.0,15
8905,693,2025-02-07 08:46:03,completed,paypal,18.39,20
8906,26,2025-01-23 04:48:38,cancelled,cod,0.0,0
8907,1372,2023-12-18 14:08:29,shipped,credit_card,4.49,20
8908,64,2025-05-24 18:22:53,returned,wallet,0.87,15
8909,1647,2025-01-31 01:05:58,completed,debit_card,0.44,0
8910,708,2023-01-25 18:14:32,completed,paypal,11.76,0
8911,688,2023-12-02 11:00:37,returned,upi,4.02,0
8912,1807,2023-08-28 10:12:54,completed,cod,16.43,20
8913,1568,2025-03-08 16:49:50,shipped,credit_card,14.34,0
8914,1377,2024-07-18 21:50:22,completed,credit_card,2.35,0
8915,209,2024-11-15 05:21:55,completed,wallet,7.33,15
8916,1916,2023-05-10 13:17:01,processing,credit_card,16.07,10
8917,805,2024-07-07 00:11:44,completed,debit_card,3.94,10
8918,1086,2024-03-17 20:37:28,completed,debit_card,4.99,15
8919,1234,2025-01-25 18:13:18,shipped,cod,19.35,0
8920,44,2023-04-12 05:25:23,shipped,upi,7.98,20
8921,1056,2023-02-09 11:11:32,completed,paypal,14.43,20
8922,740,2025-02-16 17:40:06,completed,credit_card,9.14,0
8923,202,2024-08-28 20:33:48,completed,debit_card,18.36,15
8924,438,2023-01-29 04:14:00,cancelled,upi,0.0,5
8925,813,2023-06-21 09:49:28,cancelled,wallet,0.0,0
8926,1545,2024-10-17 11:30:32,completed,cod,7.16,0
8927,1404,2023-11-22 01:13:17,completed,cod,9.7,5
8928,1916,2024-09-13 16:39:15,shipped,wallet,0.15,0
8929,1658,2023-10-23 05:01:56,completed,cod,8.61,20
8930,1615,2023-03-18 08:15:35,processing,debit_card,12.12,10
8931,72,2024-02-03 20:51:29,completed,credit_card,2.58,0
8932,1294,2024-01-16 16:49:19,completed,cod,0.58,20
8933,646,2023-12-17 01:32:47,completed,credit_card,8.93,20
8934,1221,2025-01-23 00:15:36,completed,upi,1.19,0
8935,1179,2025-01-31 14:26:18,processing,debit_card,7.92,20
8936,585,2024-06-10 19:41:38,completed,cod,2.83,0
8937,603,2023-03-30 04:02:37,completed,cod,14.09,0
8938,1796,2024-09-25 17:56:30,shipped,debit_card,17.37,0
8939,1649,2023-05-25 16:11:53,completed,cod,17.53,0
8940,440,2025-05-02 06:07:25,cancelled,credit_card,0.0,10
8941,970,2024-03-07 16:47:03,completed,paypal,16.86,10
8942,82,2024-08-28 07:03:52,shipped,wallet,2.94,10
8943,2249,2026-11-11 00:00:00,completed,paypal,8.47,10
8944,1263,2025-02-20 05:17:48,completed,paypal,20.55,10
8945,1508,2023-04-26 17:09:01,processing,upi,14.88,20
8946,1828,2023-11-28 19:31:03,completed,credit_card,18.85,5
8947,1479,2025-02-10 21:31:25,completed,credit_card,3.84,15
8948,254,2024-04-15 17:27:39,cancelled,credit_card,0.0,15
8949,533,2023-02-04 14:10:32,completed,cod,16.13,0
8950,1413,2023-06-06 01:37:13,completed,wallet,16.37,0
8951,284,2023-03-06 19:59:27,completed,upi,15.23,5
8952,2133,2023-10-24 10:19:48,completed,paypal,13.04,20
8953,1036,2023-08-17 04:14:57,cancelled,wallet,0.0,0
8954,879,2024-12-05 13:30:57,processing,wallet,11.98,10
8955,1834,2023-05-01 01:51:50,returned,debit_card,15.53,20
8956,773,2023-05-24 13:51:18,completed,paypal,18.15,0
8957,1201,2024-12-23 19:46:00,cancelled,paypal,0.0,20
8958,868,2024-12-23 21:36:33,returned,paypal,8.2,0
8959,1751,2026-12-05 00:00:00,completed,credit_card,3.94,10
8960,1314,2023-12-24 03:25:32,returned,paypal,7.47,0
8961,57,2024-09-21 04:44:59,completed,wallet,9.85,0
8962,956,2024-12-02 04:15:32,completed,paypal,4.02,0
8963,693,2025-03-06 01:00:45,completed,paypal,17.44,0
8964,1919,2023-03-13 01:07:20,completed,wallet,0.72,20
8965,1217,2024-04-29 14:35:42,completed,cod,10.07,15
8966,1738,2023-07-08 23:34:50,completed,debit_card,11.2,0
8967,1385,2023-01-25 06:55:13,completed,cod,10.18,5
8968,961,2025-05-07 19:46:44,shipped,cod,4.3,0
8969,703,2024-04-12 23:36:19,completed,upi,3.22,0
8970,1075,2023-11-20 16:07:25,completed,paypal,11.6,20
8971,610,2023-03-20 09:56:46,completed,wallet,14.12,0
8972,165,2024-03-16 04:18:58,completed,debit_card,16.84,0
8973,1248,2025-04-18 20:23:31,shipped,paypal,18.59,15
8974,1754,2023-01-05 06:54:58,completed,wallet,18.37,10
8975,403,2024-06-06 10:05:20,shipped,wallet,0.31,20
8976,703,2024-02-28 04:36:14,completed,cod,18.23,0
8977,752,2023-07-18 08:29:47,completed,cod,2.08,10
8978,685,2025-02-21 23:02:34,shipped,cod,8.79,0
8979,1755,2023-11-10 12:19:09,processing,cod,5.15,20
8980,195,2024-05-16 23:44:43,completed,debit_card,16.19,5
8981,729,2023-11-22 14:17:23,completed,cod,17.57,0
8982,185,2023-06-03 10:22:15,shipped,upi,19.79,20
8983,1994,2024-10-25 03:50:38,completed,credit_card,16.41,15
8984,257,2024-06-03 08:31:25,completed,paypal,19.95,10
8985,824,2023-02-07 17:40:53,completed,wallet,17.71,10
8986,1007,2024-12-17 17:54:13,completed,paypal,5.61,15
8987,968,2025-06-22 05:13:13,completed,cod,7.78,5
8988,731,2023-12-05 19:01:08,completed,paypal,11.08,0
8989,1604,2024-06-06 17:24:21,processing,wallet,10.27,0
8990,862,2024-02-21 20:52:16,completed,debit_card,11.47,15
8991,990,2024-08-06 04:09:38,cancelled,paypal,0.0,5
8992,1204,2025-02-24 13:36:04,processing,paypal,13.97,15
8993,1814,2023-01-21 22:37:42,returned,wallet,14.0,20
8994,1272,2023-11-12 12:42:11,returned,wallet,18.19,0
8995,114,2024-12-25 10:45:34,shipped,debit_card,18.92,5
8996,829,2024-04-21 15:20:33,completed,upi,16.93,0
8997,1961,2025-03-26 18:51:01,completed,credit_card,16.04,10
8998,1933,2023-10-07 14:08:12,completed,cod,11.78,0
8999,373,2023-08-25 13:28:18,shipped,debit_card,13.64,0
9000,763,2023-11-03 14:32:55,processing,paypal,1.12,15
9001,1159,2025-06-21 15:42:53,shipped,cod,9.26,0
9002,888,2025-02-11 16:37:52,processing,upi,11.6,0
9003,1623,2024-03-24 00:54:24,processing,credit_card,10.19,0
9004,741,2024-11-09 09:14:52,processing,credit_card,15.21,5
9005,1145,2023-01-10 02:55:59,shipped,debit_card,14.15,0
9006,1717,2023-02-16 10:35:11,processing,wallet,5.44,5
9007,1247,2023-03-02 17:32:00,shipped,wallet,20.58,15
9008,9,2024-02-03 11:49:38,returned,paypal,16.32,0
9009,61,2024-07-13 14:37:49,completed,upi,10.99,20
9010,1328,2025-04-21 08:28:46,completed,credit_card,1.48,15
9011,329,2024-11-16 00:29:51,cancelled,debit_card,0.0,0
9012,1080,2024-12-15 12:01:34,completed,paypal,12.76,15
9013,1073,2023-03-19 16:17:10,completed,wallet,13.56,20
9014,954,2024-12-05 11:42:58,cancelled,paypal,0.0,0
9015,1968,2024-09-16 08:50:06,completed,upi,6.29,0
9016,1650,2024-07-07 01:51:01,completed,credit_card,11.77,0
9017,1781,2023-03-29 15:18:55,completed,upi,17.72,20
9018,1417,2024-02-15 03:57:40,shipped,credit_card,12.61,0
9019,854,2023-07-02 15:07:07,cancelled,debit_card,0.0,0
9020,1554,2025-04-24 12:28:45,shipped,upi,3.27,0
9021,1493,2023-03-20 11:31:13,pendingg,paypal,1.42,20
9022,43,2024-10-10 05:10:07,shipped,credit_card,6.77,20
9023,1692,2024-10-13 08:17:36,completed,wallet,7.81,0
9024,979,2025-05-17 03:24:20,completed,wallet,10.93,15
9025,1641,2025-01-02 13:20:51,completed,debit_card,0.29,0
9026,466,2024-11-15 14:23:33,completed,credit_card,14.24,10
9027,1594,2024-08-10 01:57:45,shipped,paypal,16.54,5
9028,1655,2025-04-01 09:16:31,shipped,wallet,5.83,10
9029,845,2023-10-10 07:35:45,completed,cod,21.0,10
9030,1645,2024-05-14 04:43:14,completed,paypal,9.91,0
9031,14,2023-07-25 20:00:17,returned,paypal,5.79,20
9032,63,2023-10-14 04:38:09,completed,wallet,4.43,15
9033,421,2025-03-04 17:03:25,completed,cod,9.73,5
9034,1505,2023-12-29 13:53:12,completed,wallet,1.91,5
9035,695,2023-06-24 11:49:20,completed,cod,11.56,0
9036,1624,2024-12-14 23:43:58,cancelled,debit_card,0.0,0
9037,88,2023-09-02 20:02:44,completed,cod,19.25,20
9038,1519,2023-08-23 01:22:45,completed,paypal,0.29,5
9039,282,2023-04-13 18:20:39,shipped,upi,4.27,10
9040,405,2024-06-13 19:48:36,returned,paypal,1.33,10
9041,1264,2024-02-13 18:41:18,completed,debit_card,12.37,20
9042,20,2023-02-04 16:46:40,completed,upi,9.61,10
9043,55,2023-12-14 09:45:26,completed,credit_card,6.93,0
9044,383,2024-06-01 21:06:03,completed,paypal,19.67,10
9045,1871,2023-07-05 06:06:34,processing,cod,18.28,20
9046,459,2023-04-22 06:10:32,completed,credit_card,0.85,5
9047,8,2025-06-19 00:43:54,processing,paypal,10.29,10
9048,1355,2023-09-05 11:25:53,completed,cod,19.17,0
9049,76,2024-01-16 05:20:10,completed,upi,20.32,15
9050,2,2024-12-23 16:57:29,shipped,wallet,19.58,0
9051,1163,2024-09-29 19:49:22,completed,cod,1.86,0
9052,619,2023-03-03 17:22:23,completed,credit_card,14.26,5
9053,508,2025-05-24 08:00:12,shipped,upi,16.05,20
9054,1026,2024-04-27 16:51:04,processing,wallet,14.93,20
9055,1249,2023-02-14 08:53:52,cancelled,paypal,0.0,20
9056,1848,2024-11-29 10:03:50,shipped,credit_card,6.88,20
9057,1497,2023-05-24 03:08:34,completed,wallet,14.92,15
9058,321,2025-03-03 13:01:37,completed,cod,7.1,0
9059,1336,2023-02-24 22:35:44,shipped,debit_card,3.45,10
9060,1468,2024-10-08 19:14:55,returned,wallet,13.73,0
9061,1732,2023-03-05 22:46:21,completed,wallet,7.25,20
9062,174,2024-02-03 17:59:33,completed,upi,5.19,15
9063,921,2024-05-30 04:48:00,returned,credit_card,17.73,10
9064,152,2023-10-16 10:35:44,completed,wallet,17.08,0
9065,1822,2025-04-28 22:18:04,completed,paypal,0.24,0
9066,1224,2023-08-26 14:42:34,shipped,paypal,13.64,10
9067,1260,2024-09-12 20:28:51,processing,paypal,21.6,0
9068,975,2025-05-09 13:30:49,completed,cod,0.94,20
9069,1825,2024-04-17 18:04:33,shipped,wallet,5.45,10
9070,1874,2023-03-04 10:04:35,completed,paypal,17.56,0
9071,1662,2023-02-17 20:33:23,completed,debit_card,20.26,5
9072,1318,2024-06-05 17:20:23,completed,wallet,6.83,5
9073,1691,2025-01-30 16:46:35,completed,cod,8.84,0
9074,1568,2024-04-18 17:25:38,completed,wallet,19.72,15
9075,575,2023-09-15 14:29:11,completed,cod,17.6,0
9076,1046,2024-10-07 19:22:12,completed,paypal,4.75,10
9077,401,2023-02-18 22:50:15,returned,paypal,21.04,15
9078,1898,2024-12-12 18:52:47,completed,cod,19.59,10
9079,1149,2024-02-19 16:15:48,completed,upi,21.64,0
9080,1101,2024-03-10 16:56:42,completed,paypal,13.41,10
9081,1084,2023-10-26 14:12:08,shipped,upi,9.7,10
9082,829,2024-12-09 22:24:01,completed,wallet,8.36,5
9083,1574,2024-11-11 16:24:39,shipped,cod,2.96,15
9084,399,2023-02-11 09:19:47,completed,paypal,14.07,15
9085,262,2023-08-18 20:40:18,completed,upi,21.38,10
9086,396,2025-06-19 03:45:49,completed,debit_card,16.32,10
9087,1922,2024-10-07 18:31:51,completed,paypal,21.5,10
9088,161,2025-01-04 17:59:16,completed,upi,17.88,15
9089,1142,2023-10-11 00:09:10,completed,wallet,16.58,15
9090,1401,2025-06-03 17:05:10,completed,upi,0.14,5
9091,1715,2023-02-02 15:26:05,shipped,wallet,15.6,0
9092,1595,2023-11-03 00:24:51,processing,debit_card,18.12,5
9093,1090,2024-05-27 21:20:16,completed,paypal,13.1,15
9094,422,2023-10-17 00:09:43,completed,debit_card,20.29,20
9095,1805,2024-08-21 01:57:02,processing,debit_card,6.92,0
9096,1134,2025-04-23 12:41:24,shipped,wallet,9.66,15
9097,1042,2025-01-30 04:16:12,completed,upi,6.63,5
9098,1795,2024-10-22 18:47:22,completed,wallet,9.69,10
9099,951,2023-06-01 15:54:22,processing,wallet,7.98,0
9100,1114,2024-10-30 07:48:15,completed,debit_card,1.69,0
9101,1863,2024-08-31 19:44:42,completed,debit_card,1.05,0
9102,1719,2024-11-24 03:52:55,completed,debit_card,21.06,5
9103,892,2024-04-29 18:51:19,shipped,credit_card,12.16,0
9104,887,2025-03-21 10:47:30,completed,paypal,17.32,15
9105,293,2025-06-24 06:05:20,cancelled,upi,0.0,10
9106,197,2024-06-14 07:41:05,completed,cod,11.45,5
9107,1935,2025-06-01 15:56:20,completed,credit_card,16.23,15
9108,1523,2024-12-22 21:56:40,completed,cod,19.9,15
9109,1935,2024-12-05 08:14:55,completed,debit_card,14.37,0
9110,817,2025-03-08 08:14:37,cancelled,paypal,0.0,20
9111,1845,2024-01-29 13:16:20,shipped,credit_card,13.18,0
9112,665,2025-02-21 22:57:38,completed,credit_card,6.19,10
9113,177,2025-03-20 14:18:50,completed,debit_card,13.31,10
9114,1972,2023-02-10 14:40:00,completed,debit_card,4.58,0
9115,966,2025-04-18 05:05:23,completed,paypal,14.76,20
9116,1418,2023-09-07 00:45:57,completed,credit_card,21.99,0
9117,37,2023-09-22 01:21:14,completed,upi,7.78,0
9118,655,2023-06-12 09:23:54,completed,cod,2.85,10
9119,965,2023-06-26 20:53:07,complet,credit_card,1.39,5
9120,1275,2024-05-08 05:58:32,completed,debit_card,7.82,0
9121,339,2024-03-28 07:39:02,completed,debit_card,6.58,0
9122,1197,2023-05-27 14:13:11,completed,debit_card,17.13,0
9123,1943,2023-11-28 21:30:48,completed,wallet,8.91,5
9124,1742,2024-03-01 02:31:07,processing,paypal,20.86,20
9125,1569,2023-12-15 09:55:38,cancelled,debit_card,0.0,5
9126,1162,2024-08-31 04:50:22,returned,upi,9.73,0
9127,669,2023-10-08 00:36:28,shippd,wallet,16.49,10
9128,313,2023-05-03 00:15:05,shipped,cod,6.55,5
9129,468,2025-03-07 12:00:02,shipped,debit_card,21.33,0
9130,1517,2024-09-29 08:29:28,completed,paypal,1.69,0
9131,441,2023-05-29 04:41:54,completed,debit_card,17.61,20
9132,1393,2024-10-26 20:34:45,completed,credit_card,21.27,5
9133,1898,2025-05-22 02:21:35,processing,cod,5.17,5
9134,285,2026-11-02 00:00:00,completed,cod,13.72,5
9135,519,2023-08-15 06:04:11,completed,paypal,10.31,10
9136,1794,2025-02-05 13:00:08,completed,credit_card,13.35,10
9137,650,2023-07-23 14:05:47,completed,paypal,20.71,5
9138,719,2023-04-21 18:04:57,completed,paypal,0.07,20
9139,1520,2025-06-10 08:55:57,completed,paypal,19.08,0
9140,1458,2023-07-21 11:50:24,completed,upi,16.59,0
9141,1932,2023-05-10 21:12:23,shipped,paypal,10.44,5
9142,1142,2023-02-16 02:07:32,shipped,credit_card,4.35,0
9143,149,2024-05-08 23:03:07,cancelled,cod,0.0,0
9144,392,2023-10-07 02:00:06,processing,cod,8.76,0
9145,390,2023-07-28 07:36:41,completed,debit_card,16.38,10
9146,463,2025-01-15 00:45:47,returned,credit_card,13.49,0
9147,538,2025-01-31 18:06:31,completed,upi,11.64,0
9148,51,2024-03-20 14:13:44,completed,paypal,16.45,15
9149,1973,2024-08-16 09:34:01,completed,cod,4.06,5
9150,1052,2023-08-22 13:54:32,returned,paypal,0.71,10
9151,992,2025-03-17 02:10:57,cancelled,paypal,0.0,15
9152,1745,2026-11-27 00:00:00,completed,wallet,11.91,15
9153,1216,2023-12-25 20:14:34,processing,debit_card,9.43,0
9154,1389,2024-05-05 22:02:54,completed,upi,4.54,10
9155,1559,2023-01-31 03:56:51,completed,upi,5.38,15
9156,2228,2023-04-10 00:15:13,shipped,upi,11.76,5
9157,191,2023-07-18 20:12:27,shipped,paypal,9.8,0
9158,1919,2025-01-26 08:57:52,completed,wallet,19.71,0
9159,833,2025-04-10 22:33:55,processing,debit_card,8.92,20
9160,1635,2023-06-25 22:47:04,completed,credit_card,21.18,5
9161,679,2025-01-28 18:05:47,completed,debit_card,21.11,10
9162,231,2024-12-23 00:10:08,processing,wallet,9.98,0
9163,1759,2024-03-10 01:50:44,completed,cod,9.24,20
9164,1511,2023-08-15 12:55:37,shipped,cod,19.84,0
9165,1073,2023-07-28 18:06:31,completed,wallet,21.69,0
9166,569,2024-10-27 22:18:58,completed,debit_card,19.06,10
9167,1030,2024-02-10 15:06:06,completed,cod,5.31,20
9168,1972,2023-09-03 08:34:02,processing,upi,15.18,20
9169,975,2023-05-04 19:13:19,shipped,credit_card,1.63,0
9170,1271,2024-02-03 11:27:12,processing,debit_card,12.74,5
9171,1576,2023-08-30 09:14:43,completed,cod,19.66,0
9172,1372,2024-11-24 02:57:32,processing,paypal,16.02,20
9173,1953,2025-04-14 21:39:18,completed,upi,21.61,15
9174,1769,2023-05-19 03:52:45,completed,credit_card,8.88,5
9175,1918,2025-01-29 08:24:53,completed,wallet,16.83,5
9176,1254,2023-09-07 18:12:07,completed,debit_card,2.96,0
9177,854,2023-07-28 10:10:49,processing,credit_card,6.27,15
9178,1446,2025-03-26 09:52:06,returned,debit_card,5.43,15
9179,903,2023-09-06 17:46:16,completed,wallet,7.53,5
9180,77,2024-07-18 20:16:51,returned,wallet,19.48,10
9181,1273,2024-11-09 14:31:21,processing,cod,10.91,20
9182,2158,2025-03-22 23:43:41,processing,debit_card,12.58,10
9183,1691,2023-12-06 02:40:54,processing,credit_card,17.18,0
9184,408,2025-01-22 21:39:06,completed,wallet,9.93,20
9185,551,2024-01-10 06:34:48,completed,debit_card,20.22,0
9186,581,2023-01-21 13:29:53,completed,upi,15.25,0
9187,1406,2025-01-14 08:14:31,completed,credit_card,10.81,0
9188,309,2024-01-18 17:06:40,shipped,wallet,19.34,10
9189,734,2024-01-28 17:58:59,completed,upi,12.11,10
9190,1103,2025-03-16 08:28:17,cancelled,upi,0.0,20
9191,504,2025-04-15 10:01:07,completed,cod,1.23,5
9192,524,2023-08-22 10:20:17,completed,upi,20.35,10
9193,863,2023-12-07 08:46:34,shipped,upi,13.92,20
9194,4,2024-10-24 07:24:29,shipped,wallet,19.48,0
9195,61,2023-05-06 05:36:35,completed,cod,17.74,15
9196,1349,2024-10-03 23:13:57,shipped,upi,19.1,20
9197,1414,2024-02-28 03:55:00,completed,wallet,19.6,0
9198,112,2023-10-24 18:07:11,completed,cod,17.01,15
9199,1189,2024-10-30 22:10:56,completed,upi,4.14,0
9200,304,2024-06-09 21:44:28,completed,wallet,15.13,5
9201,770,2024-04-26 13:49:36,processing,credit_card,12.17,0
9202,138,2024-05-25 04:29:34,completed,paypal,8.7,0
9203,1633,2023-11-10 10:07:14,processing,credit_card,8.03,10
9204,20,2024-02-22 05:15:30,shipped,credit_card,2.34,10
9205,1364,2023-03-29 21:13:11,processing,debit_card,20.23,0
9206,203,2026-11-04 00:00:00,CANCEL,paypal,16.33,10
9207,919,2024-03-29 20:58:15,shippd,upi,15.28,0
9208,192,2024-10-18 17:38:06,processing,debit_card,4.3,15
9209,1059,2024-07-09 14:42:23,shipped,paypal,10.78,0
9210,1347,2024-09-08 15:42:38,completed,paypal,2.59,0
9211,1409,2024-03-20 13:09:13,completed,debit_card,17.81,0
9212,1415,2025-06-10 13:53:38,completed,upi,2.88,5
9213,328,2024-12-08 10:54:13,completed,debit_card,1.66,0
9214,1308,2023-04-08 15:29:50,completed,credit_card,7.06,5
9215,1260,2025-05-28 12:03:15,completed,credit_card,21.66,15
9216,925,2025-03-29 16:36:10,completed,cod,3.41,5
9217,1690,2024-10-23 06:51:30,returned,debit_card,13.71,0
9218,1517,2024-08-01 11:35:36,cancelled,cod,0.0,10
9219,1639,2023-05-02 18:12:29,completed,credit_card,1.32,0
9220,1357,2024-07-15 11:12:38,completed,credit_card,6.61,0
9221,969,2023-04-05 00:30:10,completed,credit_card,21.06,20
9222,580,2023-06-29 01:47:00,completed,credit_card,11.08,0
9223,1265,2023-09-17 17:43:31,shipped,paypal,9.45,20
9224,1890,2023-07-06 15:32:55,completed,credit_card,14.83,0
9225,447,2024-05-09 09:13:08,completed,wallet,14.14,5
9226,770,2025-04-12 08:05:55,processing,upi,16.49,10
9227,736,2023-02-23 15:16:10,completed,upi,3.12,15
9228,1564,2025-06-08 15:48:39,cancelled,paypal,0.0,20
9229,1481,2023-02-21 17:14:11,processing,credit_card,9.48,10
9230,18,2024-11-12 08:16:57,completed,upi,7.93,0
9231,1302,2025-05-07 12:14:09,completed,cod,18.46,20
9232,250,2023-07-13 02:44:43,processing,paypal,8.49,20
9233,108,2024-08-07 13:28:24,completed,wallet,10.03,0
9234,718,2024-06-11 15:41:43,completed,upi,9.63,10
9235,1868,2024-06-21 21:07:34,shipped,paypal,12.15,0
9236,1057,2024-08-03 13:06:26,shipped,credit_card,9.52,0
9237,848,2023-08-10 18:30:07,completed,paypal,21.48,0
9238,1590,2024-11-15 10:06:06,completed,debit_card,21.51,0
9239,1964,2023-10-11 16:19:09,completed,paypal,21.25,0
9240,1359,2025-04-16 01:00:04,shipped,upi,18.59,20
9241,439,2024-12-08 18:06:51,pendingg,debit_card,16.65,0
9242,1211,2023-09-10 11:45:29,shipped,cod,14.97,0
9243,569,2023-08-13 02:11:07,completed,wallet,1.74,20
9244,1687,2023-11-01 04:42:49,completed,wallet,20.41,5
9245,607,2024-08-02 08:24:47,completed,debit_card,3.41,5
9246,1432,2025-06-27 13:11:01,completed,credit_card,0.12,5
9247,674,2024-08-26 00:33:19,completed,wallet,15.63,5
9248,322,2024-10-30 05:53:19,completed,credit_card,13.97,0
9249,39,2023-01-22 22:11:08,cancelled,paypal,0.0,20
9250,1872,2025-05-31 02:39:50,completed,cod,17.79,15
9251,688,2024-04-05 00:38:23,cancelled,credit_card,0.0,0
9252,1534,2024-02-20 11:29:23,returned,upi,8.58,5
9253,991,2024-09-01 13:18:30,returned,debit_card,1.81,5
9254,79,2025-01-24 12:09:28,cancelled,paypal,0.0,0
9255,1845,2023-10-16 23:15:21,completed,cod,3.48,0
9256,294,2025-05-25 06:17:40,completed,wallet,17.94,0
9257,1896,2024-09-09 11:57:42,completed,paypal,10.76,0
9258,1131,2024-09-25 08:03:50,completed,debit_card,8.56,0
9259,250,2024-12-11 07:13:59,shipped,upi,6.66,5
9260,1213,2023-04-17 02:38:59,completed,upi,18.04,5
9261,1406,2025-06-28 16:04:23,completed,cod,16.39,0
9262,1963,2023-02-14 05:10:23,completed,upi,11.48,0
9263,1372,2024-02-25 15:50:48,processing,credit_card,21.89,0
9264,992,2023-01-17 14:22:01,completed,credit_card,1.45,0
9265,256,2025-06-22 04:49:20,completed,debit_card,10.08,0
9266,563,2024-01-07 13:31:19,returned,wallet,18.0,0
9267,26,2023-05-19 22:27:42,completed,upi,0.33,5
9268,1353,2024-09-06 02:09:37,pendingg,credit_card,19.48,0
9269,902,2025-04-01 21:56:28,returned,paypal,19.06,0
9270,550,2024-12-13 14:35:58,shipped,debit_card,4.94,0
9271,831,2023-11-04 19:19:16,processing,debit_card,18.75,0
9272,351,2023-10-06 08:28:09,shipped,debit_card,10.81,20
9273,998,2024-10-02 03:03:15,cancelled,upi,0.0,0
9274,1512,2025-04-30 15:21:04,completed,debit_card,19.52,0
9275,240,2024-07-31 15:21:20,completed,cod,6.48,0
9276,607,2023-09-16 05:13:15,completed,wallet,12.93,5
9277,1033,2023-07-19 14:59:19,completed,upi,6.68,0
9278,411,2026-11-30 00:00:00,completed,credit_card,2.69,5
9279,396,2023-05-15 08:49:28,completed,credit_card,17.16,0
9280,1031,2024-03-08 22:28:31,completed,wallet,17.16,20
9281,214,2023-06-13 10:57:47,shipped,debit_card,18.16,0
9282,721,2024-04-16 10:37:04,completed,upi,3.43,0
9283,21,2025-05-20 05:18:31,shipped,upi,3.74,0
9284,825,2023-11-06 17:03:17,completed,debit_card,7.86,15
9285,661,2023-05-20 07:29:03,completed,upi,13.72,5
9286,575,2024-04-23 20:31:09,shipped,paypal,20.52,0
9287,134,2025-02-25 17:48:15,completed,paypal,9.12,0
9288,1816,2024-07-23 17:04:15,shipped,cod,11.67,10
9289,222,2023-11-09 17:19:01,completed,paypal,3.38,10
9290,44,2023-09-21 04:33:22,shippd,credit_card,8.39,5
9291,722,2023-10-19 12:42:21,processing,paypal,6.82,0
9292,1953,2025-01-08 11:09:18,processing,cod,16.62,10
9293,1685,2024-12-03 22:49:55,completed,cod,15.45,20
9294,117,2023-04-12 00:47:27,completed,upi,21.27,0
9295,1961,2023-03-13 09:56:58,processing,debit_card,13.34,0
9296,703,2024-10-11 08:42:07,completed,paypal,10.09,20
9297,140,2023-08-20 00:13:05,completed,upi,15.1,15
9298,1746,2024-08-26 21:00:04,shipped,wallet,8.13,20
9299,1943,2024-02-22 14:16:04,completed,paypal,13.11,10
9300,1735,2024-06-06 15:29:53,shipped,debit_card,6.2,0
9301,1023,2024-02-26 08:46:33,completed,debit_card,13.76,15
9302,399,2024-04-07 14:12:38,completed,wallet,17.07,20
9303,495,2023-09-14 04:10:50,cancelled,paypal,0.0,5
9304,734,2025-01-10 11:49:56,processing,wallet,0.2,5
9305,606,2023-02-16 00:30:29,completed,upi,15.94,15
9306,989,2023-11-09 22:24:26,cancelled,upi,0.0,0
9307,1608,2023-10-01 23:10:21,completed,paypal,19.56,5
9308,567,2025-05-13 02:27:45,completed,paypal,21.19,20
9309,1205,2023-05-17 15:09:08,completed,cod,6.33,0
9310,515,2024-09-24 14:39:25,cancelled,credit_card,0.0,0
9311,1122,2024-06-16 02:23:25,pendingg,wallet,6.8,0
9312,382,2023-06-23 04:35:18,processing,wallet,5.9,5
9313,715,2023-01-21 03:22:02,shipped,wallet,8.44,0
9314,93,2024-12-31 22:53:28,,debit_card,1.27,0
9315,1810,2023-08-03 16:59:02,cancelled,upi,0.0,15
9316,597,2024-01-15 22:04:48,shipped,debit_card,11.79,0
9317,170,2025-01-23 14:37:32,processing,paypal,10.71,10
9318,1573,2023-06-07 18:11:29,shipped,credit_card,20.96,5
9319,1183,2024-10-13 14:51:34,completed,paypal,5.97,0
9320,2273,2024-10-14 21:18:04,completed,wallet,16.25,20
9321,698,2024-04-15 13:06:08,completed,debit_card,7.06,0
9322,1474,2023-01-19 08:24:22,completed,wallet,8.42,0
9323,1329,2023-06-12 06:04:32,shipped,upi,18.06,0
9324,1726,2023-01-02 01:00:11,completed,cod,15.9,5
9325,281,2023-04-25 15:27:05,processing,cod,9.46,5
9326,65,2023-09-04 05:44:14,completed,credit_card,8.23,0
9327,1639,2023-05-05 06:38:20,completed,debit_card,21.28,20
9328,263,2023-06-21 20:39:39,completed,cod,5.38,20
9329,689,2024-05-25 11:13:11,shipped,credit_card,19.58,20
9330,1818,2024-01-08 17:50:37,completed,wallet,3.65,10
9331,464,2023-04-11 10:48:31,completed,credit_card,10.65,10
9332,921,2025-02-16 17:46:01,completed,paypal,13.49,0
9333,1875,2025-05-24 07:20:25,processing,paypal,0.83,15
9334,870,2023-09-27 16:07:15,shipped,credit_card,12.75,0
9335,703,2023-06-08 16:51:41,completed,debit_card,3.44,10
9336,1925,2025-03-08 10:38:46,processing,debit_card,12.24,0
9337,1141,2024-09-13 18:01:24,shipped,cod,18.67,0
9338,1154,2023-07-22 10:19:31,shipped,debit_card,18.93,0
9339,1015,2023-06-27 19:22:21,completed,debit_card,3.89,5
9340,566,2024-03-05 06:33:31,shipped,credit_card,10.33,0
9341,1864,2023-10-03 16:32:07,completed,credit_card,4.09,10
9342,520,2023-03-01 12:13:25,shipped,paypal,13.75,10
9343,21,2023-01-17 05:06:00,shipped,cod,9.48,10
9344,135,2023-08-15 23:01:30,completed,debit_card,0.11,0
9345,808,2023-08-22 23:02:57,shipped,wallet,17.34,20
9346,388,2023-12-24 14:02:48,cancelled,upi,0.0,5
9347,452,2023-04-08 08:38:55,processing,wallet,6.42,0
9348,1756,2023-05-16 23:25:20,completed,paypal,13.66,15
9349,1549,2024-07-29 21:58:18,completed,cod,2.77,0
9350,1619,2024-07-09 10:00:12,shipped,paypal,2.66,20
9351,295,2025-06-25 00:37:56,completed,debit_card,12.47,0
9352,860,2024-08-25 14:14:45,cancelled,cod,0.0,0
9353,1250,2023-01-11 04:36:20,cancelled,paypal,0.0,0
9354,1726,2025-01-13 08:17:16,shipped,cod,4.27,5
9355,1987,2025-04-16 16:00:45,returned,credit_card,12.72,0
9356,418,2023-11-29 10:54:37,completed,upi,17.33,0
9357,1012,2024-02-01 21:31:56,completed,upi,9.2,0
9358,1790,2023-08-18 21:26:30,completed,upi,13.25,5
9359,939,2024-03-29 19:39:08,shipped,debit_card,18.9,0
9360,581,2025-02-03 04:39:15,completed,cod,7.07,20
9361,816,2024-06-30 20:53:58,completed,wallet,1.86,20
9362,1416,2024-07-26 08:10:11,completed,debit_card,20.11,10
9363,876,2024-04-10 08:37:53,shipped,debit_card,0.83,10
9364,1894,2024-03-16 07:41:48,processing,paypal,7.88,0
9365,478,2023-03-02 13:00:13,shipped,wallet,9.17,10
9366,1982,2025-06-26 11:39:52,completed,wallet,7.73,20
9367,1486,2023-01-17 08:51:04,cancelled,paypal,0.0,0
9368,1862,2023-12-29 16:26:56,processing,paypal,9.02,0
9369,119,2024-05-21 09:01:13,returned,debit_card,21.06,10
9370,28,2025-06-19 23:56:31,completed,upi,12.71,0
9371,763,2023-11-06 11:08:39,shipped,upi,6.01,15
9372,744,2024-05-07 05:37:45,completed,paypal,7.27,15
9373,1240,2025-02-23 23:20:38,completed,wallet,7.8,15
9374,995,2025-05-21 09:36:52,shipped,cod,11.24,5
9375,1200,2023-07-21 12:42:46,completed,credit_card,12.93,20
9376,1629,2024-03-19 22:04:15,completed,credit_card,4.41,0
9377,791,2024-04-29 15:00:12,completed,paypal,9.42,0
9378,685,2023-08-27 01:05:27,completed,credit_card,16.68,0
9379,1107,2025-02-04 21:04:10,processing,credit_card,21.74,0
9380,1970,2023-06-23 13:38:57,completed,paypal,9.5,0
9381,1176,2025-02-22 17:59:34,completed,debit_card,7.22,20
9382,1387,2023-03-31 06:56:40,shipped,cod,8.41,10
9383,1167,2023-09-23 22:31:03,completed,paypal,8.04,0
9384,1364,2025-06-20 02:33:45,completed,debit_card,12.35,15
9385,1141,2023-05-29 22:39:20,completed,cod,5.7,0
9386,1424,2023-06-22 20:53:55,completed,credit_card,15.05,0
9387,706,2024-04-03 14:08:36,completed,credit_card,20.63,0
9388,1950,2023-05-31 09:03:00,completed,wallet,3.82,20
9389,537,2023-05-06 23:04:59,shipped,wallet,9.57,5
9390,1088,2024-11-15 17:46:45,shipped,debit_card,20.66,0
9391,1994,2023-06-15 14:27:46,completed,cod,18.0,20
9392,335,2024-06-28 16:36:23,shipped,wallet,6.26,10
9393,639,2023-03-05 17:41:08,complet,credit_card,8.99,15
9394,1338,2023-08-12 06:51:03,completed,paypal,21.34,5
9395,1151,2024-11-06 08:20:40,completed,credit_card,8.15,0
9396,1560,2025-06-18 23:15:06,completed,wallet,7.33,0
9397,1747,2024-10-18 00:51:00,completed,wallet,4.8,0
9398,1394,2024-01-12 03:15:05,completed,paypal,13.47,15
9399,1376,2023-08-13 12:13:20,completed,wallet,6.66,5
9400,1242,2024-08-07 04:53:44,completed,upi,9.66,20
9401,1314,2025-01-31 06:51:34,returned,debit_card,4.16,15
9402,171,2024-06-06 17:21:22,completed,cod,4.25,5
9403,1460,2023-12-23 23:47:54,completed,wallet,2.84,0
9404,373,2024-10-04 17:50:27,completed,debit_card,7.33,0
9405,567,2024-04-01 14:20:54,completed,upi,11.4,5
9406,551,2023-06-12 01:54:21,completed,upi,15.29,10
9407,308,2025-02-25 08:55:57,shipped,debit_card,13.52,0
9408,661,2023-03-08 05:11:37,completed,cod,2.96,0
9409,1454,2025-03-23 08:53:33,completed,wallet,6.63,20
9410,1653,2026-11-24 00:00:00,returned,cod,6.92,0
9411,1442,2025-04-25 21:34:22,returned,upi,10.62,20
9412,1488,2023-04-10 16:57:12,shipped,paypal,1.21,5
9413,1779,2025-02-16 14:48:41,completed,paypal,9.81,15
9414,387,2025-04-15 12:55:36,completed,credit_card,3.75,5
9415,242,2024-02-23 16:38:30,completed,upi,5.74,0
9416,371,2023-07-04 03:56:44,completed,wallet,0.66,0
9417,1395,2023-02-18 01:41:18,completed,paypal,15.68,5
9418,255,2024-09-14 22:53:08,processing,credit_card,6.41,0
9419,82,2024-10-16 00:47:19,completed,upi,11.95,0
9420,1002,2023-12-05 09:06:19,shipped,upi,8.57,5
9421,282,2024-05-19 22:03:21,completed,credit_card,3.78,20
9422,1615,2023-07-30 12:05:15,unknown,upi,1.29,20
9423,1779,2024-07-06 03:55:43,returned,credit_card,20.95,10
9424,1128,2025-04-12 19:00:09,completed,debit_card,8.67,5
9425,171,2024-04-12 03:38:03,completed,paypal,10.32,20
9426,298,2023-07-31 17:33:12,returned,credit_card,18.56,0
9427,925,2025-03-08 01:46:22,cancelled,upi,0.0,0
9428,1330,2023-03-07 22:20:51,completed,paypal,17.49,0
9429,1648,2023-12-29 03:46:26,completed,cod,19.52,0
9430,2147,2025-05-12 10:08:21,cancelled,cod,0.0,0
9431,1377,2023-08-21 03:23:32,cancelled,paypal,0.0,0
9432,1120,2025-05-26 08:28:31,completed,credit_card,20.59,15
9433,352,2023-03-01 14:23:03,unknown,credit_card,2.96,5
9434,1738,2025-04-05 12:25:42,processing,upi,3.7,20
9435,1984,2025-04-21 07:50:34,processing,cod,6.36,0
9436,1693,2025-01-30 00:32:32,completed,cod,1.71,20
9437,455,2023-04-21 20:25:12,shipped,cod,21.2,15
9438,1909,2024-09-10 09:41:14,completed,wallet,4.53,5
9439,2250,2025-03-28 13:24:20,completed,paypal,16.1,0
9440,987,2023-05-08 10:00:54,completed,wallet,20.15,5
9441,581,2025-01-18 23:08:38,completed,debit_card,17.52,0
9442,1357,2023-07-02 11:14:47,completed,credit_card,13.99,20
9443,1524,2023-12-10 15:01:10,completed,cod,19.02,0
9444,1737,2024-11-27 17:19:25,completed,credit_card,15.33,10
9445,819,2024-11-25 15:20:50,completed,paypal,9.74,15
9446,1580,2024-10-13 19:16:46,shipped,debit_card,4.67,0
9447,281,2024-06-30 01:01:36,completed,debit_card,18.55,0
9448,1114,2023-01-07 15:41:36,completed,cod,19.11,0
9449,1774,2025-06-06 05:16:02,completed,upi,18.22,20
9450,182,2023-12-07 16:59:10,completed,credit_card,11.83,0
9451,405,2023-05-08 17:19:55,completed,cod,14.48,20
9452,359,2025-02-28 15:07:49,completed,upi,8.67,5
9453,1542,2025-06-17 02:22:54,completed,debit_card,18.73,0
9454,1978,2023-11-27 02:32:42,completed,cod,10.09,10
9455,229,2023-11-19 05:00:12,completed,credit_card,17.27,20
9456,1363,2024-06-11 22:04:06,completed,upi,12.37,0
9457,1411,2024-07-06 15:28:29,completed,debit_card,7.07,0
9458,2,2023-09-02 01:51:44,completed,debit_card,19.08,0
9459,644,2023-01-19 19:07:25,completed,debit_card,16.83,0
9460,1989,2024-10-12 17:48:00,processing,credit_card,13.23,0
9461,194,2023-02-22 00:03:52,completed,upi,15.27,0
9462,1485,2024-07-01 20:17:50,completed,debit_card,19.07,5
9463,144,2024-03-31 02:29:02,shipped,cod,0.82,0
9464,1053,2025-03-29 08:58:08,completed,cod,9.94,5
9465,1025,2024-07-23 09:14:25,cancelled,cod,0.0,0
9466,52,2025-04-13 17:58:06,completed,debit_card,11.43,5
9467,873,2023-03-26 03:07:24,cancelled,debit_card,0.0,5
9468,1701,2023-03-24 06:31:44,completed,credit_card,2.19,20
9469,1665,2024-01-22 05:40:34,completed,credit_card,14.81,5
9470,1381,2023-05-24 05:18:56,processing,cod,11.1,20
9471,685,2023-09-07 03:08:51,returned,paypal,1.62,0
9472,45,2024-03-11 13:35:39,processing,debit_card,17.38,0
9473,330,2023-01-30 05:56:00,completed,upi,21.07,0
9474,1087,2023-04-24 10:36:13,completed,credit_card,2.9,0
9475,1524,2025-03-24 06:28:58,completed,paypal,9.08,20
9476,813,2024-05-07 01:45:12,shipped,paypal,20.5,20
9477,1466,2025-01-07 01:53:21,pendingg,wallet,3.58,10
9478,410,2024-08-21 19:34:10,cancelled,paypal,0.0,0
9479,74,2025-04-29 02:32:05,completed,cod,12.16,20
9480,633,2023-08-11 16:44:50,completed,cod,7.63,15
9481,647,2024-10-10 20:37:32,shipped,credit_card,5.49,10
9482,193,2023-04-30 19:23:54,shipped,upi,17.58,5
9483,694,2024-08-05 16:41:23,completed,paypal,1.35,15
9484,1239,2024-02-21 09:41:13,completed,credit_card,21.2,20
9485,718,2025-03-06 10:55:22,shipped,cod,4.01,0
9486,1018,2024-03-03 13:11:13,completed,debit_card,11.69,10
9487,850,2025-01-22 12:54:35,completed,debit_card,17.66,5
9488,1306,2023-06-04 13:00:14,cancelled,upi,0.0,0
9489,169,2024-03-01 13:48:55,processing,debit_card,14.9,0
9490,1310,2026-11-29 00:00:00,shipped,cod,20.8,5
9491,155,2025-04-02 06:14:20,processing,cod,16.88,0
9492,331,2023-07-31 06:18:17,completed,paypal,18.98,10
9493,1160,2023-04-27 00:35:36,completed,upi,18.74,0
9494,1935,2024-12-01 08:57:34,shipped,credit_card,2.13,0
9495,1328,2025-06-04 19:19:28,completed,paypal,15.63,0
9496,1433,2024-08-02 23:36:54,shipped,upi,13.53,0
9497,422,2023-04-24 16:47:38,completed,paypal,3.11,5
9498,1872,2025-03-03 08:42:36,completed,wallet,2.83,0
9499,532,2023-08-26 10:59:33,completed,credit_card,0.92,0
9500,787,2024-01-18 13:03:36,completed,cod,5.78,15
9501,650,2024-01-24 13:19:19,completed,cod,7.57,15
9502,119,2024-10-14 10:09:39,completed,wallet,15.62,0
9503,861,2023-02-13 00:31:16,shipped,paypal,19.53,0
9504,740,2023-03-19 14:19:39,processing,wallet,20.44,5
9505,1886,2025-02-18 15:35:30,completed,debit_card,8.46,20
9506,501,2024-05-06 22:04:45,shipped,wallet,13.35,0
9507,1082,2024-03-17 17:44:13,processing,credit_card,15.62,20
9508,305,2025-01-08 16:38:08,completed,paypal,17.72,0
9509,1830,2025-01-30 08:42:52,processing,paypal,12.21,0
9510,770,2023-11-25 00:31:33,completed,debit_card,11.59,5
9511,1423,2023-06-24 15:52:07,completed,credit_card,0.62,5
9512,541,2024-01-15 09:18:54,completed,upi,3.08,0
9513,1752,2024-01-12 06:44:09,completed,paypal,14.88,15
9514,116,2023-06-04 10:17:15,completed,paypal,5.08,15
9515,1565,2024-07-11 14:21:14,completed,wallet,8.52,15
9516,1317,2023-04-30 09:01:04,completed,credit_card,15.44,10
9517,1475,2024-12-22 07:40:05,completed,credit_card,10.71,0
9518,1975,2023-01-06 01:33:26,cancelled,wallet,0.0,5
9519,143,2023-05-19 23:59:16,completed,debit_card,18.84,5
9520,625,2024-11-12 11:55:16,completed,credit_card,7.53,0
9521,1658,2024-05-20 06:48:17,completed,wallet,8.23,10
9522,33,2024-04-01 19:46:09,shipped,credit_card,17.2,0
9523,338,2023-01-01 15:23:02,cancelled,cod,0.0,20
9524,419,2023-10-16 21:32:03,processing,credit_card,12.82,10
9525,1149,2025-04-22 01:08:58,completed,upi,0.39,10
9526,1600,2025-01-19 07:02:21,shipped,debit_card,20.77,0
9527,372,2024-03-09 12:37:56,completed,paypal,15.01,5
9528,1799,2024-11-04 22:58:44,processing,upi,9.04,0
9529,718,2023-03-22 17:49:52,completed,cod,17.49,0
9530,618,2024-07-19 03:38:24,shipped,paypal,1.56,20
9531,1127,2023-09-05 23:54:11,shipped,wallet,12.71,0
9532,1360,2023-07-24 19:44:58,completed,cod,20.41,15
9533,1432,2023-02-16 17:18:41,completed,wallet,10.38,5
9534,1485,2023-04-19 12:35:34,completed,credit_card,4.61,10
9535,402,2024-06-06 15:23:16,completed,wallet,20.76,5
9536,1371,2025-04-10 20:43:49,processing,cod,6.05,5
9537,1154,2024-12-12 00:24:47,completed,cod,19.19,15
9538,1345,2026-12-03 00:00:00,cancelled,credit_card,0.0,0
9539,748,2024-03-31 08:04:00,completed,upi,1.39,20
9540,1372,2023-11-05 09:25:00,processing,cod,12.51,0
9541,1934,2025-06-05 07:12:31,completed,paypal,16.88,10
9542,88,2023-10-25 07:08:46,shipped,wallet,18.11,15
9543,951,2024-02-22 07:01:03,processing,wallet,16.95,0
9544,1571,2023-06-23 06:39:44,shipped,credit_card,11.47,15
9545,20,2024-01-04 20:06:25,cancelled,cod,0.0,0
9546,1405,2023-07-15 00:44:53,processing,paypal,11.19,0
9547,1558,2025-01-12 08:30:48,processing,upi,10.98,5
9548,1009,2023-02-20 18:42:12,completed,paypal,13.59,0
9549,1633,2023-12-29 03:41:53,completed,credit_card,4.85,0
9550,1837,2023-05-10 05:24:22,completed,paypal,14.05,5
9551,1573,2025-01-10 07:43:11,completed,wallet,16.53,10
9552,1099,2023-06-14 12:12:59,completed,cod,7.84,20
9553,815,2024-11-11 10:18:45,completed,wallet,11.43,5
9554,1431,2023-08-29 03:26:44,processing,debit_card,8.81,15
9555,1645,2023-03-12 03:37:29,shipped,cod,6.28,0
9556,275,2023-10-23 17:18:02,completed,cod,4.07,0
9557,790,2023-03-31 18:04:34,completed,upi,20.6,0
9558,625,2024-04-13 07:23:54,returned,cod,17.21,0
9559,104,2024-01-11 04:25:15,shipped,wallet,3.47,0
9560,1577,2025-03-11 02:30:50,processing,paypal,16.58,20
9561,678,2024-01-10 01:41:40,shipped,upi,6.97,20
9562,410,2023-02-25 06:45:50,processing,debit_card,10.11,15
9563,1085,2024-10-30 09:52:05,processing,paypal,16.82,15
9564,1911,2025-04-22 16:18:19,processing,wallet,8.57,10
9565,64,2025-02-22 09:02:55,completed,cod,18.02,10
9566,236,2023-06-30 15:46:49,processing,upi,6.61,10
9567,1536,2026-11-01 00:00:00,completed,wallet,18.95,5
9568,1182,2025-03-24 05:18:40,completed,debit_card,13.76,15
9569,318,2024-12-19 08:31:24,completed,upi,14.28,0
9570,1368,2024-12-01 15:33:53,completed,debit_card,3.15,15
9571,846,2025-03-28 12:42:49,completed,cod,0.81,5
9572,121,2025-05-31 05:46:15,completed,upi,9.61,10
9573,552,2023-08-17 16:34:52,completed,wallet,0.66,0
9574,127,2025-03-30 06:10:12,returned,credit_card,8.58,0
9575,1663,2024-09-20 13:39:32,completed,paypal,21.37,10
9576,593,2025-03-26 16:38:45,completed,cod,12.93,10
9577,55,2023-04-29 04:02:10,completed,cod,7.6,5
9578,631,2024-01-13 00:55:17,cancelled,paypal,0.0,20
9579,1767,2025-06-17 14:45:13,completed,cod,14.09,20
9580,74,2024-07-19 09:53:49,completed,paypal,16.84,20
9581,1784,2024-04-02 03:21:52,returned,cod,5.11,0
9582,1473,2025-06-24 00:58:52,completed,wallet,2.11,15
9583,826,2023-04-19 14:22:03,completed,wallet,0.25,20
9584,1742,2025-03-26 06:37:25,shipped,credit_card,0.27,5
9585,5,2024-08-10 05:31:45,completed,debit_card,17.79,20
9586,1996,2023-02-25 14:54:14,completed,cod,19.44,0
9587,1238,2025-01-21 20:15:36,completed,paypal,19.96,0
9588,1864,2023-02-28 08:33:16,cancelled,wallet,0.0,10
9589,237,2024-09-25 09:30:15,completed,cod,18.1,10
9590,1551,2023-09-13 07:50:07,completed,upi,13.6,0
9591,660,2025-05-06 17:45:50,cancelled,debit_card,0.0,5
9592,1247,2023-02-23 12:30:47,completed,cod,15.66,0
9593,1167,2023-09-05 11:46:11,completed,credit_card,20.05,20
9594,1525,2024-12-02 03:11:46,completed,debit_card,3.33,0
9595,1314,2025-04-26 06:40:22,processing,wallet,17.21,10
9596,406,2024-11-26 18:03:35,shipped,credit_card,10.17,5
9597,947,2025-01-29 19:30:17,completed,debit_card,21.97,10
9598,909,2024-10-31 05:33:34,shipped,paypal,6.73,15
9599,1936,2024-10-31 07:12:25,completed,wallet,15.72,5
9600,366,2025-05-20 06:28:49,completed,cod,5.69,0
9601,1346,2024-03-16 14:16:48,processing,wallet,14.27,0
9602,1827,2023-04-03 22:50:53,shipped,upi,11.75,0
9603,1967,2023-07-14 04:35:19,completed,upi,10.16,0
9604,551,2024-11-08 00:22:13,shipped,wallet,14.9,5
9605,486,2023-12-27 06:55:01,completed,paypal,15.01,15
9606,634,2023-11-25 20:42:44,completed,paypal,7.01,10
9607,1210,2024-03-19 01:35:42,completed,paypal,6.29,5
9608,1208,2023-02-22 05:41:41,shipped,wallet,7.33,10
9609,913,2024-07-18 00:10:06,processing,cod,5.89,20
9610,697,2025-04-09 18:40:27,completed,upi,5.3,0
9611,307,2023-06-18 02:47:24,returned,wallet,9.18,0
9612,727,2023-08-03 23:18:10,completed,debit_card,17.19,5
9613,1274,2023-09-17 06:44:51,completed,cod,13.63,10
9614,790,2024-02-06 01:58:00,completed,debit_card,14.79,0
9615,1825,2023-03-26 01:55:36,completed,upi,7.53,5
9616,907,2024-10-15 05:12:55,completed,cod,15.03,0
9617,1001,2024-07-12 00:39:40,shipped,paypal,21.03,15
9618,746,2023-10-07 22:01:33,completed,wallet,16.14,0
9619,1809,2024-03-05 13:28:29,processing,cod,9.81,0
9620,131,2024-07-10 20:10:55,completed,wallet,4.89,0
9621,572,2025-02-24 19:09:42,completed,upi,3.22,0
9622,574,2024-04-11 23:04:25,completed,cod,3.24,20
9623,887,2025-01-26 21:35:39,completed,credit_card,21.1,0
9624,1725,2025-04-06 13:33:26,completed,wallet,13.47,10
9625,962,2024-07-29 07:05:24,processing,debit_card,0.44,15
9626,406,2023-09-09 16:09:38,completed,debit_card,15.68,0
9627,1737,2025-04-22 16:19:29,completed,wallet,17.38,20
9628,681,2024-08-24 06:13:02,completed,paypal,13.83,0
9629,1466,2024-01-10 00:41:50,shipped,wallet,8.73,0
9630,260,2024-05-15 23:08:28,returned,wallet,9.63,20
9631,1883,2024-03-28 14:19:40,completed,debit_card,13.51,0
9632,1612,2023-11-18 11:30:39,shipped,credit_card,21.35,0
9633,1444,2024-04-13 22:01:35,processing,paypal,2.81,20
9634,835,2024-12-12 13:54:58,processing,wallet,9.34,0
9635,1879,2025-03-06 20:20:25,completed,debit_card,18.56,0
9636,1367,2023-12-21 21:02:19,completed,paypal,17.42,0
9637,1730,2023-09-11 00:13:15,completed,cod,16.44,0
9638,840,2024-12-02 14:55:38,completed,upi,18.62,15
9639,191,2024-02-16 18:57:16,completed,upi,0.5,10
9640,1681,2024-08-29 23:08:06,completed,wallet,7.01,20
9641,796,2023-01-18 21:16:06,processing,wallet,2.96,5
9642,661,2025-05-31 10:10:39,shipped,debit_card,15.25,0
9643,1658,2024-08-30 18:21:05,processing,cod,16.06,0
9644,22,2024-12-01 16:17:22,completed,cod,19.46,20
9645,249,2024-06-10 14:27:23,completed,upi,8.72,15
9646,479,2023-04-01 17:39:05,processing,upi,11.34,0
9647,1677,2023-09-04 02:02:23,shipped,cod,10.98,10
9648,1144,2026-12-03 00:00:00,cancelled,paypal,0.0,20
9649,1891,2024-04-08 04:47:04,completed,debit_card,11.47,0
9650,13,2023-07-06 23:54:29,completed,wallet,19.61,0
9651,451,2024-01-27 00:11:21,shipped,debit_card,16.97,0
9652,976,2025-06-07 08:39:36,completed,cod,1.28,0
9653,254,2024-08-02 06:59:47,shipped,wallet,1.82,0
9654,1011,2025-02-22 02:06:02,completed,credit_card,19.68,15
9655,347,2023-10-03 06:55:01,completed,credit_card,11.09,10
9656,1068,2024-05-16 00:58:57,completed,credit_card,2.49,5
9657,1151,2024-07-18 17:26:39,completed,credit_card,1.01,0
9658,80,2023-02-25 14:47:02,processing,cod,13.88,0
9659,1415,2024-01-20 01:52:28,completed,wallet,10.09,5
9660,56,2024-08-04 03:30:31,completed,upi,1.23,0
9661,1907,2023-08-12 12:12:39,completed,debit_card,0.12,15
9662,489,2023-10-06 19:21:23,shipped,debit_card,11.43,5
9663,213,2023-11-05 03:33:56,returned,cod,17.5,20
9664,218,2024-09-30 11:47:35,completed,upi,17.67,15
9665,335,2023-05-21 21:56:41,cancelled,paypal,0.0,20
9666,925,2024-11-29 13:36:55,completed,upi,10.22,0
9667,1268,2023-01-22 19:26:22,cancelled,credit_card,0.0,20
9668,356,2023-12-23 18:29:14,cancelled,credit_card,0.0,15
9669,868,2024-01-04 18:01:08,completed,credit_card,14.44,0
9670,231,2023-07-31 10:46:56,completed,upi,8.38,0
9671,1445,2024-09-08 07:54:32,completed,debit_card,19.77,15
9672,1697,2024-08-09 21:28:01,completed,upi,10.77,0
9673,1111,2025-03-29 03:50:09,shipped,upi,21.74,0
9674,1455,2023-04-09 18:34:11,completed,cod,14.7,15
9675,1108,2023-09-23 20:56:42,returned,paypal,2.11,0
9676,621,2023-05-21 17:51:26,completed,wallet,16.4,5
9677,1202,2023-09-02 00:21:47,shipped,credit_card,0.65,15
9678,1743,2023-01-17 07:25:19,completed,debit_card,16.48,15
9679,292,2023-03-20 03:36:46,completed,credit_card,11.06,0
9680,114,2023-06-25 19:16:07,completed,cod,5.03,15
9681,1960,2024-03-30 22:38:40,completed,credit_card,8.65,5
9682,636,2024-03-12 16:23:16,cancelled,cod,0.0,0
9683,1315,2023-12-19 16:03:14,completed,paypal,11.21,0
9684,1624,2025-01-13 22:24:32,completed,credit_card,19.97,0
9685,1274,2025-05-25 10:44:43,completed,cod,12.11,5
9686,631,2025-05-03 15:05:51,completed,credit_card,4.13,15
9687,1375,2024-09-13 15:03:20,completed,paypal,19.0,0
9688,1522,2025-02-22 15:14:16,processing,debit_card,14.09,0
9689,1409,2024-10-20 06:00:44,shipped,upi,6.35,0
9690,1153,2023-06-28 20:17:13,completed,upi,14.98,10
9691,979,2024-04-29 16:32:38,shipped,wallet,0.06,5
9692,1709,2024-01-18 08:44:27,completed,cod,0.91,20
9693,1759,2025-01-16 08:20:24,processing,wallet,8.41,0
9694,1105,2025-05-11 03:37:12,completed,paypal,13.16,0
9695,576,2023-12-10 15:41:06,completed,paypal,6.1,0
9696,1945,2024-03-23 18:13:30,completed,debit_card,1.13,0
9697,1285,2025-04-02 18:41:17,shipped,upi,8.51,10
9698,186,2023-05-30 08:45:06,completed,upi,21.52,0
9699,573,2024-01-25 11:34:59,completed,credit_card,21.39,0
9700,583,2024-04-21 13:53:54,completed,paypal,0.84,15
9701,768,2025-03-02 13:57:23,shipped,cod,9.55,0
9702,1971,2023-05-25 13:02:44,completed,wallet,14.74,5
9703,994,2025-06-09 08:52:46,completed,wallet,1.59,5
9704,398,2023-03-06 23:19:22,cancelled,paypal,0.0,5
9705,718,2024-03-21 10:59:29,cancelled,wallet,0.0,20
9706,1459,2023-03-19 18:12:37,completed,cod,19.67,0
9707,827,2024-04-27 06:24:51,completed,cod,21.74,0
9708,24,2024-04-19 21:29:51,returned,wallet,1.85,0
9709,361,2025-06-18 14:15:37,completed,credit_card,13.69,5
9710,1537,2023-02-09 22:33:59,completed,paypal,16.36,0
9711,1137,2024-03-03 00:46:05,cancelled,debit_card,0.0,20
9712,1475,2023-07-27 06:46:03,completed,credit_card,16.38,10
9713,320,2024-09-08 13:04:06,returned,paypal,13.7,20
9714,976,2023-03-07 03:29:41,completed,credit_card,21.31,5
9715,170,2025-06-18 01:09:22,completed,credit_card,9.66,15
9716,1150,2024-12-29 01:50:02,complet,paypal,20.21,0
9717,764,2024-09-24 13:19:53,completed,debit_card,0.53,15
9718,1633,2024-10-15 09:48:44,completed,wallet,21.98,0
9719,938,2024-02-09 04:17:29,processing,debit_card,5.45,20
9720,1841,2024-10-02 20:25:43,completed,wallet,16.27,0
9721,1511,2023-09-01 00:55:52,completed,wallet,2.91,0
9722,628,2024-02-08 03:49:39,shipped,cod,16.07,20
9723,292,2024-04-25 14:34:14,shipped,credit_card,13.76,0
9724,79,2023-09-18 07:17:11,cancelled,wallet,0.0,20
9725,528,2023-08-22 12:47:30,cancelled,debit_card,0.0,0
9726,740,2024-11-19 23:36:48,completed,debit_card,9.31,0
9727,587,2023-10-24 13:33:19,completed,credit_card,10.92,0
9728,435,2024-05-22 19:52:28,completed,cod,3.59,5
9729,1938,2024-10-21 19:39:13,completed,cod,7.23,20
9730,210,2024-05-03 11:10:18,cancelled,paypal,0.0,20
9731,299,2024-10-16 16:29:04,completed,paypal,9.21,5
9732,370,2025-04-15 04:46:28,completed,wallet,21.64,15
9733,1266,2024-07-18 00:01:38,cancelled,paypal,0.0,0
9734,1573,2024-07-20 21:33:50,completed,credit_card,5.31,0
9735,1463,2024-02-11 03:21:38,completed,paypal,16.7,20
9736,111,2023-04-10 20:59:32,shipped,credit_card,0.26,20
9737,451,2024-02-18 20:26:52,processing,debit_card,5.27,0
9738,589,2024-09-30 09:49:19,completed,credit_card,7.31,20
9739,1638,2024-10-13 03:40:43,returned,debit_card,8.79,0
9740,485,2023-12-12 18:23:59,completed,credit_card,17.53,20
9741,316,2025-02-10 04:41:17,completed,upi,10.57,20
9742,329,2023-01-24 05:35:03,completed,credit_card,11.96,10
9743,709,2025-04-05 14:49:44,completed,paypal,8.24,10
9744,1514,2023-02-06 22:21:58,completed,upi,18.05,15
9745,1847,2023-12-13 02:12:42,completed,cod,7.39,0
9746,1500,2023-12-10 02:28:27,processing,debit_card,8.48,15
9747,1317,2023-08-17 11:10:59,completed,credit_card,13.78,10
9748,1134,2023-05-18 16:46:04,completed,cod,0.26,0
9749,1594,2025-03-14 09:46:35,shipped,debit_card,17.5,10
9750,794,2023-01-11 09:25:56,completed,wallet,12.91,15
9751,1365,2025-06-13 08:25:27,completed,wallet,18.7,10
9752,266,2023-03-17 18:35:20,shipped,upi,9.81,20
9753,91,2023-10-17 06:18:07,completed,upi,14.92,5
9754,1512,2023-01-06 09:02:30,processing,paypal,10.06,0
9755,787,2024-10-11 10:32:34,completed,wallet,17.99,10
9756,24,2025-05-03 18:54:28,completed,cod,10.06,20
9757,1194,2024-11-07 12:21:09,completed,cod,14.26,10
9758,1861,2024-10-03 04:14:15,completed,cod,15.41,20
9759,1977,2024-08-06 19:12:40,processing,credit_card,1.55,15
9760,1978,2024-10-01 01:12:09,shipped,credit_card,7.77,5
9761,1371,2024-03-19 06:03:43,completed,paypal,14.42,20
9762,1542,2024-07-19 07:12:45,cancelled,wallet,0.0,5
9763,796,2024-03-14 16:27:37,shipped,paypal,3.18,10
9764,397,2025-05-13 16:07:14,completed,debit_card,17.42,20
9765,1029,2023-11-23 15:11:52,processing,debit_card,17.93,5
9766,1179,2023-10-23 07:27:40,completed,paypal,20.08,15
9767,1109,2023-07-20 21:39:51,completed,wallet,10.61,15
9768,483,2024-09-05 06:42:21,cancelled,credit_card,0.0,5
9769,1533,2024-11-10 05:59:22,completed,upi,14.79,15
9770,561,2023-03-20 07:07:22,completed,credit_card,17.29,15
9771,517,2023-02-16 19:33:37,returned,upi,15.29,15
9772,1961,2024-04-05 00:46:09,shipped,wallet,18.98,0
9773,1332,2023-08-06 22:22:46,completed,upi,6.24,10
9774,941,2025-01-21 18:41:14,completed,cod,9.89,5
9775,866,2025-03-19 07:20:13,shipped,paypal,7.68,5
9776,669,2023-07-06 08:32:47,completed,wallet,17.25,5
9777,685,2023-09-30 07:02:30,completed,debit_card,12.94,15
9778,746,2025-05-06 03:20:30,completed,upi,17.17,0
9779,1699,2024-03-12 12:45:08,completed,upi,16.78,10
9780,1594,2023-10-11 22:07:35,completed,paypal,9.4,10
9781,917,2023-01-09 19:35:16,completed,cod,1.97,0
9782,1829,2023-03-18 03:34:45,CANCEL,paypal,15.19,5
9783,739,2023-02-05 23:17:11,cancelled,paypal,0.0,15
9784,1239,2025-02-27 03:35:27,completed,debit_card,4.35,0
9785,1896,2024-10-05 02:55:05,completed,wallet,15.12,5
9786,1274,2024-06-13 02:07:06,returned,debit_card,3.7,10
9787,342,2025-03-28 20:08:07,processing,debit_card,6.21,20
9788,318,2024-02-04 23:14:58,shipped,credit_card,17.32,0
9789,1478,2023-04-15 18:23:26,completed,debit_card,17.74,15
9790,297,2024-04-19 18:29:40,completed,credit_card,15.26,5
9791,954,2023-11-30 16:37:22,completed,paypal,12.23,5
9792,599,2024-05-15 00:42:13,CANCEL,debit_card,20.76,0
9793,1150,2025-01-01 16:12:39,cancelled,debit_card,0.0,5
9794,303,2023-09-13 07:55:09,completed,paypal,16.95,0
9795,1619,2023-01-20 08:28:21,completed,upi,3.05,20
9796,1227,2023-12-17 09:06:22,completed,debit_card,3.53,0
9797,757,2023-08-25 03:07:28,returned,paypal,3.64,0
9798,692,2026-11-23 00:00:00,completed,debit_card,12.68,20
9799,1527,2024-09-05 13:56:07,cancelled,debit_card,0.0,0
9800,1598,2023-06-03 20:28:57,CANCEL,wallet,9.57,10
9801,1259,2023-08-28 22:37:54,completed,paypal,10.22,0
9802,1017,2024-05-15 14:44:32,completed,upi,3.88,0
9803,1864,2023-09-11 13:10:15,completed,credit_card,9.72,5
9804,929,2023-11-08 14:46:01,shipped,wallet,2.29,0
9805,105,2024-05-18 01:48:22,completed,upi,9.42,0
9806,1258,2024-10-24 23:50:43,completed,wallet,8.92,20
9807,235,2023-07-21 03:14:22,cancelled,wallet,0.0,0
9808,643,2023-09-30 15:39:01,completed,credit_card,11.84,0
9809,1048,2023-10-31 10:38:18,processing,cod,7.8,15
9810,1570,2025-02-18 17:01:08,processing,debit_card,16.89,0
9811,317,2023-01-17 17:15:03,cancelled,cod,0.0,15
9812,1319,2023-03-05 10:04:40,cancelled,upi,0.0,5
9813,811,2024-01-05 15:14:48,unknown,wallet,13.7,15
9814,1094,2024-07-08 01:37:58,completed,cod,8.12,0
9815,1518,2023-07-02 20:07:02,completed,wallet,20.14,0
9816,956,2025-01-17 14:40:56,completed,cod,15.72,10
9817,742,2023-07-25 17:18:25,completed,paypal,9.79,15
9818,287,2025-01-11 07:34:28,shipped,credit_card,3.11,0
9819,41,2025-06-08 19:20:08,shipped,paypal,18.26,20
9820,354,2023-01-16 08:22:16,completed,paypal,1.23,15
9821,652,2025-03-28 02:49:02,cancelled,cod,0.0,0
9822,616,2024-09-26 10:42:44,completed,cod,0.92,5
9823,1430,2023-12-25 19:22:29,completed,credit_card,12.17,10
9824,1879,2025-03-18 14:07:50,completed,paypal,0.16,10
9825,1410,2024-01-27 16:20:52,completed,debit_card,8.19,15
9826,1721,2024-01-02 04:57:33,completed,debit_card,12.25,15
9827,644,2025-05-17 10:25:42,returned,upi,4.84,5
9828,833,2023-08-02 15:16:02,cancelled,cod,0.0,10
9829,307,2024-01-19 22:46:40,shipped,cod,11.9,20
9830,179,2024-12-18 13:24:37,completed,paypal,8.21,0
9831,1369,2025-02-24 11:34:32,processing,wallet,9.23,0
9832,1630,2025-06-21 06:40:50,completed,upi,13.94,0
9833,1936,2023-06-25 07:18:09,shipped,wallet,20.46,15
9834,1828,2024-04-04 08:33:04,completed,upi,10.95,20
9835,1197,2024-03-19 09:40:59,completed,cod,0.3,10
9836,598,2023-01-17 13:46:01,completed,cod,14.55,15
9837,1868,2025-02-22 19:16:19,completed,paypal,21.76,20
9838,1402,2023-05-04 17:08:04,shipped,cod,21.72,20
9839,764,2023-04-15 09:40:31,shipped,debit_card,5.41,20
9840,1415,2023-03-18 07:33:27,shipped,wallet,20.74,0
9841,1813,2023-09-11 05:22:51,completed,upi,11.75,15
9842,1455,2023-08-30 23:14:22,completed,debit_card,13.62,10
9843,1798,2023-04-21 07:45:42,completed,paypal,18.43,10
9844,410,2023-07-09 14:52:24,shipped,upi,17.09,20
9845,273,2025-01-12 14:33:33,completed,credit_card,11.73,0
9846,1311,2023-04-27 19:36:15,shipped,cod,2.96,5
9847,1915,2023-05-12 15:33:23,cancelled,upi,0.0,0
9848,323,2023-02-06 21:57:36,completed,paypal,15.92,0
9849,1809,2024-05-14 13:41:39,completed,upi,16.68,5
9850,1058,2024-11-10 06:14:05,completed,wallet,20.66,10
9851,1450,2023-07-01 07:48:05,completed,upi,20.78,10
9852,1613,2024-02-10 16:30:21,completed,credit_card,4.93,0
9853,182,2023-10-26 14:05:36,returned,upi,0.11,0
9854,88,2025-03-03 04:38:16,processing,upi,7.4,0
9855,1869,2023-11-05 22:20:50,completed,credit_card,18.48,0
9856,291,2023-03-20 00:02:26,completed,debit_card,6.61,0
9857,1324,2024-11-10 03:34:45,completed,wallet,21.94,0
9858,418,2025-04-20 14:43:24,completed,cod,3.43,0
9859,71,2024-06-16 01:39:18,completed,cod,5.51,20
9860,1734,2023-09-01 07:30:11,shipped,paypal,15.74,5
9861,773,2023-11-20 19:43:32,completed,upi,12.18,20
9862,316,2024-08-01 17:26:36,processing,credit_card,6.29,20
9863,1232,2025-06-03 21:05:06,processing,upi,21.37,0
9864,984,2024-02-22 00:29:50,shipped,wallet,9.01,5
9865,1057,2024-06-22 04:18:16,processing,paypal,20.25,20
9866,1182,2025-05-01 22:19:30,cancelled,paypal,0.0,0
9867,1853,2023-12-25 23:04:04,cancelled,credit_card,0.0,20
9868,699,2024-11-12 08:38:53,completed,upi,6.48,20
9869,1219,2024-11-05 00:34:53,completed,debit_card,2.14,0
9870,852,2024-05-04 04:55:18,completed,cod,17.27,10
9871,355,2024-06-14 10:46:50,completed,credit_card,16.58,0
9872,1350,2024-07-09 23:12:22,shipped,wallet,10.79,0
9873,216,2024-01-26 05:16:26,returned,paypal,19.44,10
9874,837,2023-05-07 07:40:12,completed,credit_card,2.06,10
9875,953,2024-05-11 19:45:48,shipped,debit_card,6.85,0
9876,1327,2025-01-05 05:34:02,completed,wallet,14.09,20
9877,247,2023-05-19 06:54:26,completed,wallet,9.52,0
9878,1467,2025-03-19 12:18:52,completed,cod,10.5,0
9879,1696,2024-06-22 15:39:47,completed,upi,9.52,15
9880,479,2023-11-26 02:06:06,completed,wallet,0.29,15
9881,1727,2024-02-05 16:41:19,shipped,debit_card,14.37,10
9882,1682,2023-03-26 06:44:09,completed,wallet,11.38,5
9883,1308,2023-06-06 04:19:52,completed,wallet,13.84,10
9884,210,2024-07-22 10:34:40,completed,credit_card,20.97,0
9885,1525,2024-04-16 04:21:11,completed,wallet,0.19,0
9886,1470,2024-07-11 23:42:44,completed,upi,6.91,0
9887,1789,2025-01-11 17:58:35,shipped,credit_card,6.89,15
9888,1065,2024-01-12 21:34:40,shipped,cod,4.91,0
9889,1933,2025-03-07 07:41:17,completed,cod,12.1,0
9890,212,2024-10-05 16:34:00,completed,paypal,15.04,10
9891,1717,2025-01-01 19:25:25,completed,paypal,8.13,15
9892,1837,2025-02-08 02:38:35,complet,debit_card,16.57,15
9893,708,2025-01-11 06:48:29,completed,debit_card,2.86,10
9894,1220,2023-03-05 02:18:36,shipped,cod,20.07,0
9895,330,2024-10-29 11:21:03,completed,cod,4.99,15
9896,42,2024-02-13 07:04:44,shipped,cod,13.12,0
9897,594,2023-11-04 21:46:49,processing,upi,12.7,20
9898,376,2025-04-02 09:23:58,completed,upi,0.04,0
9899,529,2023-12-25 19:22:58,processing,cod,15.28,0
9900,1841,2024-07-14 18:26:17,processing,paypal,13.54,0
9901,89,2023-07-19 00:23:17,completed,credit_card,7.38,10
9902,731,2025-03-23 14:13:19,completed,cod,9.81,15
9903,656,2024-01-13 10:04:02,completed,credit_card,9.36,0
9904,1560,2023-06-26 06:36:03,processing,upi,7.54,0
9905,1827,2023-12-24 10:07:23,returned,cod,16.09,10
9906,1097,2024-11-10 21:04:11,completed,debit_card,4.29,0
9907,973,2025-01-20 06:53:08,completed,debit_card,15.27,20
9908,448,2023-06-01 13:43:49,completed,credit_card,21.58,0
9909,202,2024-06-16 00:19:27,completed,wallet,7.9,20
9910,1225,2023-10-18 12:27:32,completed,debit_card,13.92,5
9911,1561,2024-12-16 02:32:02,completed,debit_card,3.88,5
9912,812,2023-12-30 01:26:55,completed,wallet,1.76,5
9913,1094,2023-09-20 02:21:19,completed,credit_card,20.26,10
9914,1219,2023-10-07 09:08:24,processing,paypal,17.38,20
9915,474,2023-08-24 10:28:48,processing,wallet,2.6,5
9916,244,2025-03-08 10:54:21,completed,credit_card,9.92,20
9917,1250,2023-10-22 06:18:14,completed,upi,8.46,5
9918,443,2023-07-04 17:08:57,shipped,paypal,4.62,15
9919,1075,2024-11-20 05:14:55,shipped,cod,6.71,10
9920,1477,2024-03-01 00:54:51,completed,upi,6.72,20
9921,1850,2024-03-19 11:24:27,completed,wallet,19.93,5
9922,959,2024-08-13 09:48:35,completed,upi,5.61,20
9923,801,2024-04-03 02:50:34,shipped,debit_card,21.99,0
9924,1279,2025-05-24 09:12:10,completed,paypal,2.23,0
9925,1681,2024-02-03 20:57:25,shipped,wallet,4.09,5
9926,1773,2023-03-07 05:13:29,processing,wallet,15.2,0
9927,1382,2023-03-18 21:15:23,completed,cod,3.41,15
9928,1326,2025-06-24 12:50:59,shipped,upi,2.55,5
9929,234,2025-06-08 09:48:12,completed,cod,19.67,0
9930,1766,2023-06-05 16:47:19,completed,upi,4.05,20
9931,486,2023-09-01 18:16:07,shipped,wallet,9.01,5
9932,1156,2024-05-22 05:45:51,shipped,wallet,10.8,0
9933,1686,2026-12-02 00:00:00,completed,credit_card,14.26,0
9934,225,2023-09-15 13:01:54,cancelled,cod,0.0,0
9935,664,2023-09-02 13:02:29,completed,paypal,19.21,0
9936,1932,2024-10-01 06:53:03,completed,cod,21.56,0
9937,446,2023-10-31 18:45:35,completed,wallet,21.36,10
9938,1457,2024-08-11 08:26:10,shipped,debit_card,18.39,20
9939,1333,2025-04-06 12:05:59,completed,upi,20.44,0
9940,1623,2023-11-03 19:29:42,completed,credit_card,17.06,0
9941,1566,2023-03-17 07:07:57,shipped,debit_card,13.34,5
9942,377,2025-05-15 18:50:19,cancelled,credit_card,0.0,0
9943,347,2025-04-04 17:41:23,completed,paypal,19.99,10
9944,1907,2024-06-03 08:48:55,completed,paypal,15.02,0
9945,459,2024-09-26 05:12:29,completed,upi,22.0,0
9946,990,2024-05-06 05:38:18,completed,paypal,5.12,10
9947,1702,2024-03-04 21:57:58,completed,upi,8.7,20
9948,89,2024-06-28 07:03:59,processing,paypal,20.45,20
9949,1223,2024-02-18 00:20:13,cancelled,upi,0.0,0
9950,1323,2024-02-27 21:14:30,completed,debit_card,1.89,0
9951,263,2024-01-15 20:39:06,returned,upi,21.06,0
9952,1894,2023-04-28 15:23:33,shipped,credit_card,8.58,5
9953,1366,2023-11-23 21:50:25,shipped,upi,1.35,15
9954,1249,2023-02-19 23:34:01,shipped,wallet,14.83,20
9955,1570,2023-04-10 10:26:06,completed,upi,15.8,20
9956,1534,2023-04-25 15:38:53,processing,cod,1.34,0
9957,1829,2023-02-25 04:32:26,completed,debit_card,9.85,20
9958,361,2025-01-30 22:41:04,shipped,debit_card,17.64,0
9959,238,2023-08-14 22:00:46,completed,paypal,19.52,5
9960,394,2023-04-30 12:30:18,completed,paypal,1.17,10
9961,731,2024-04-13 22:40:40,completed,credit_card,14.75,20
9962,618,2023-10-27 18:20:32,returned,paypal,17.8,10
9963,76,2024-05-29 12:42:31,completed,credit_card,3.25,20
9964,1337,2023-05-16 14:41:50,completed,cod,21.33,0
9965,382,2023-01-06 09:05:50,completed,credit_card,12.58,20
9966,1984,2024-10-31 23:40:33,completed,cod,7.23,15
9967,40,2024-07-01 14:38:14,cancelled,wallet,0.0,0
9968,1437,2025-04-25 02:27:51,completed,upi,4.58,0
9969,1689,2024-02-16 16:32:56,completed,debit_card,20.62,20
9970,1052,2024-05-25 09:32:13,processing,wallet,15.95,20
9971,1370,2024-05-31 05:04:59,cancelled,debit_card,0.0,20
9972,171,2024-08-31 20:24:39,completed,credit_card,4.8,15
9973,777,2024-09-16 21:31:55,cancelled,paypal,0.0,20
9974,723,2024-05-11 09:52:18,shipped,cod,20.98,5
9975,1852,2023-05-12 03:52:07,completed,wallet,4.19,20
9976,547,2024-11-07 05:04:21,shipped,wallet,18.49,0
9977,1179,2024-06-06 14:05:23,completed,cod,21.78,10
9978,237,2023-04-21 12:58:17,completed,cod,21.67,20
9979,784,2023-02-25 01:31:41,shipped,cod,11.22,10
9980,1971,2024-07-02 18:53:15,processing,cod,1.28,0
9981,1532,2024-11-18 00:04:42,shipped,debit_card,8.27,20
9982,1405,2023-05-11 06:09:35,completed,paypal,20.1,5
9983,952,2023-06-29 11:56:13,completed,paypal,10.62,0
9984,442,2025-06-27 13:46:37,completed,cod,17.21,20
9985,22,2024-03-28 21:03:22,shipped,paypal,12.72,20
9986,518,2023-08-04 20:28:08,completed,cod,12.48,20
9987,1817,2024-03-29 07:54:54,completed,debit_card,3.5,20
9988,1809,2023-06-05 00:53:52,completed,upi,6.26,10
9989,857,2024-11-01 07:54:14,completed,cod,9.21,5
9990,230,2023-04-06 11:00:11,completed,cod,18.03,15
9991,1337,2024-06-18 08:50:20,completed,cod,1.19,20
9992,1562,2023-02-18 20:14:44,completed,wallet,12.88,0
9993,697,2026-11-26 00:00:00,processing,credit_card,10.3,20
9994,1747,2023-12-27 11:15:02,completed,paypal,12.12,5
9995,1581,2023-04-21 04:01:02,completed,upi,20.09,0
9996,1638,2023-01-26 11:53:33,shipped,paypal,21.2,10
9997,706,2024-02-06 03:06:31,shipped,paypal,6.22,10
9998,605,2023-09-01 05:40:47,completed,cod,12.65,0
9999,1442,2025-04-30 01:48:51,completed,paypal,21.85,0
10000,541,2024-01-05 15:39:44,completed,paypal,20.98,5
